version 1
nodes
  0 "bone_root"  -1
  1 "pos_center"   0
  2 "rot_center"   0
  3 "Hips"   2
  4 "Spine"   3
  5 "Spine1"   4
  6 "Head"   5
  7 "nose"   6
  8 "Hair0"   6
  9 "Hair1"   8
 10 "LeftShoulder"   5
 11 "LeftArm"  10
 12 "LeftForeArm"  11
 13 "LeftHand"  12
 14 "LeftHandItem"  13
 15 "LeftHandThumb1"  13
 16 "LeftHandThumb2"  15
 17 "LeftHandThumb3"  16
 18 "LeftHandMiddle1"  13
 19 "LeftHandMiddle2"  18
 20 "LeftHandMiddle3"  19
 21 "RightShoulder"   5
 22 "RightArm"  21
 23 "RightForeArm"  22
 24 "RightHand"  23
 25 "RightHandItem"  24
 26 "RightHandThumb1"  24
 27 "RightHandThumb2"  26
 28 "RightHandThumb3"  27
 29 "RightHandMiddle1"  24
 30 "RightHandMiddle2"  29
 31 "RightHandMiddle3"  30
 32 "Pelvis"   3
 33 "LeftUpLeg"  32
 34 "LeftLeg"  33
 35 "LeftFoot"  34
 36 "LeftToeBase"  35
 37 "RightUpLeg"  32
 38 "RightLeg"  37
 39 "RightFoot"  38
 40 "RightToeBase"  39
 41 "LeftSkirtA"  32
 42 "LeftSkirtB"  32
 43 "LeftSkirtC"  32
 44 "RightSkirtA"  32
 45 "RightSkirtB"  32
 46 "RightSkirtC"  32
 47 "Pianta"  -1
end
skeleton
time 0
  0 0.000000 0.000000 0.000000 1.570796 -0.000000 0.000000
  1 0.000000 0.000000 0.000000 0.000000 -0.000000 0.000000
  2 0.000000 7.970000 0.000000 0.000000 -0.000000 0.000000
  3 0.000000 0.000000 0.000000 -1.570701 0.000000 0.000000
  4 0.000000 0.000000 0.000000 0.000000 -0.000000 0.000000
  5 0.000000 -0.000000 4.210001 0.000000 -0.000000 0.000000
  6 0.000000 -0.000000 4.280003 0.000000 -0.000000 0.000000
  7 0.000000 -3.360000 1.000000 1.658042 -0.000000 0.000000
  8 0.000000 0.000000 3.700001 0.000000 -0.000000 0.000000
  9 0.000000 0.000000 4.399998 0.000000 -0.000000 0.000000
 10 1.400000 -0.000000 3.600002 -0.000000 1.570451 0.000000
 11 0.000002 -0.000001 2.839999 0.000000 -0.000000 0.000000
 12 0.000000 -0.000001 3.300000 0.000000 -0.000000 0.000000
 13 -0.000002 -0.000001 4.130001 0.000000 -0.000000 1.570701
 14 0.000000 -0.900003 3.399998 0.000000 -0.000000 0.000000
 15 -1.000000 -0.699997 0.600000 -0.628261 -0.610812 1.570701
 16 0.000000 -0.000001 2.080001 0.000000 -0.000000 -0.000000
 17 0.000000 0.000001 1.079998 -0.000000 0.000000 0.000000
 18 0.000000 0.549997 3.200000 0.000000 -0.000000 0.000000
 19 -0.000000 0.000000 1.080004 0.000000 -0.000000 0.000000
 20 0.000000 0.000000 1.079993 0.000000 -0.000000 0.000000
 21 -1.400000 -0.000000 3.600002 0.000000 -1.570451 0.000000
 22 -0.000003 -0.000001 2.839999 0.000000 -0.000000 0.000000
 23 0.000002 -0.000001 3.300001 0.000000 -0.000000 0.000000
 24 0.000000 -0.000001 4.130000 0.000000 -0.000000 -1.570701
 25 -0.000000 -0.900002 3.400001 0.000000 -0.000000 0.000000
 26 1.000000 -0.699999 0.600001 -0.628261 0.610812 -1.570701
 27 0.000004 -0.000001 2.080000 0.000000 0.000000 0.000000
 28 -0.000002 -0.000001 1.079999 0.000000 -0.000000 -0.000000
 29 0.000000 0.550000 3.200002 0.000000 -0.000000 0.000000
 30 0.000000 -0.000006 1.079999 0.000000 -0.000000 0.000000
 31 0.000000 0.000000 1.079994 0.000000 -0.000000 0.000000
 32 0.000000 0.000000 0.000000 3.141497 -0.000000 0.000000
 33 3.370000 0.000000 1.070000 0.000000 -0.000000 0.000000
 34 0.000000 0.000000 1.980000 0.000000 -0.000000 0.000000
 35 0.000000 0.000000 1.849999 0.000000 -0.000000 0.000000
 36 0.000000 2.900000 2.400000 -1.570701 0.000000 0.000000
 37 -3.370000 0.000000 1.070000 0.000000 -0.000000 0.000000
 38 0.000000 0.000000 1.980000 0.000000 -0.000000 0.000000
 39 0.000000 0.000000 1.849999 0.000000 -0.000000 0.000000
 40 0.000000 2.900000 2.400000 -1.570701 0.000000 0.000000
 41 2.980001 5.160001 -2.450003 0.348981 -0.000000 2.617930
 42 5.960000 0.000000 -2.449999 0.348787 0.000078 1.570741
 43 2.980000 -5.159997 -2.449998 0.348981 -0.000000 0.523567
 44 -2.980001 5.160001 -2.450003 0.348981 0.000000 -2.617930
 45 -5.960000 0.000000 -2.449999 0.348787 -0.000078 -1.570741
 46 -2.980000 -5.159997 -2.449998 0.348981 -0.000000 -0.523567
 47 0.000000 0.000000 0.000000 0.000000 -0.000000 0.000000
end
triangles
mnt_body_m.png
 47 -0.000000 7.148748 8.792109 0.000000 -0.709602 -0.704603 0.391602 0.697021 3 32 0.200000 43 0.400000 46 0.400000
 47 4.993318 5.073288 8.793763 -0.502501 -0.501508 -0.704261 0.490479 0.697021 3 32 0.200787 42 0.086614 43 0.712599
 47 0.000000 0.010292 10.702818 0.000000 -0.000738 -1.000000 0.438721 0.730957 2 4 0.299213 32 0.700787
mnt_body_m.png
 47 -4.993319 5.073289 8.793762 0.502501 -0.501508 -0.704260 0.490479 0.697021 3 32 0.200000 45 0.200000 46 0.600000
 47 -0.000000 7.148748 8.792109 0.000000 -0.709602 -0.704603 0.391602 0.697021 3 32 0.200000 43 0.400000 46 0.400000
 47 0.000000 0.010292 10.702818 0.000000 -0.000738 -1.000000 0.438721 0.730957 2 4 0.299213 32 0.700787
mnt_body_m.png
 47 11.360506 -0.072266 14.684742 -0.276713 0.129248 -0.952221 0.003334 0.922546 2 12 0.700787 13 0.299213
 47 11.359619 1.132330 14.911642 -0.257637 0.539551 -0.801566 0.003334 0.894775 2 12 0.700787 13 0.299213
 47 12.481237 0.347215 14.446083 -0.125527 0.381695 -0.915725 0.013191 0.918152 2 12 0.098425 13 0.901575
mnt_body_m.png
 47 11.359619 1.132330 14.911642 -0.257637 0.539551 -0.801566 0.003334 0.894775 2 12 0.700787 13 0.299213
 47 12.409986 1.643692 14.728316 -0.235416 0.547817 -0.802793 0.014275 0.894104 2 12 0.098425 13 0.901575
 47 12.481237 0.347215 14.446083 -0.125527 0.381695 -0.915725 0.013191 0.918152 2 12 0.098425 13 0.901575
mnt_body_m.png
 47 12.481237 0.347215 14.446083 -0.125527 0.381695 -0.915725 0.013191 0.918152 2 12 0.098425 13 0.901575
 47 12.409986 1.643692 14.728316 -0.235416 0.547817 -0.802793 0.014275 0.894104 2 12 0.098425 13 0.901575
 47 13.553347 0.317460 14.532540 0.265653 0.320570 -0.909210 0.023331 0.924133 1 13 1.000000
mnt_body_m.png
 47 12.409986 1.643692 14.728316 -0.235416 0.547817 -0.802793 0.014275 0.894104 2 12 0.098425 13 0.901575
 47 13.473491 1.946337 14.782491 0.020580 0.565516 -0.824480 0.024155 0.893188 1 13 1.000000
 47 13.553347 0.317460 14.532540 0.265653 0.320570 -0.909210 0.023331 0.924133 1 13 1.000000
mnt_body_m.png
 47 13.473491 1.946337 14.782491 0.020580 0.565516 -0.824480 0.024155 0.893188 1 13 1.000000
 47 14.444393 2.014823 15.027590 0.170724 0.541363 -0.823273 0.033813 0.891541 2 13 0.901575 18 0.098425
 47 13.553347 0.317460 14.532540 0.265653 0.320570 -0.909210 0.023331 0.924133 1 13 1.000000
mnt_body_m.png
 47 14.444393 2.014823 15.027590 0.170724 0.541363 -0.823273 0.033813 0.891541 2 13 0.901575 18 0.098425
 47 14.568964 0.244758 14.875556 0.247821 0.104826 -0.963118 0.034668 0.926514 2 13 0.901575 18 0.098425
 47 13.553347 0.317460 14.532540 0.265653 0.320570 -0.909210 0.023331 0.924133 1 13 1.000000
mnt_body_m.png
 47 13.553347 0.317460 14.532540 0.265653 0.320570 -0.909210 0.023331 0.924133 1 13 1.000000
 47 14.568964 0.244758 14.875556 0.247821 0.104826 -0.963118 0.034668 0.926514 2 13 0.901575 18 0.098425
 47 14.541285 -1.218454 14.704181 0.726181 0.122615 -0.676481 0.034454 0.958008 3 13 0.541502 15 0.359684 18 0.098814
mnt_body_m.png
 47 14.568964 0.244758 14.875556 0.247821 0.104826 -0.963118 0.034668 0.926514 2 13 0.901575 18 0.098425
 47 15.101388 0.161283 14.960213 0.164257 0.058207 -0.984699 0.040405 0.928772 3 13 0.602362 18 0.307087 19 0.090551
 47 14.541285 -1.218454 14.704181 0.726181 0.122615 -0.676481 0.034454 0.958008 3 13 0.541502 15 0.359684 18 0.098814
mnt_body_m.png
 47 15.101388 0.161283 14.960213 0.164257 0.058207 -0.984699 0.040405 0.928772 3 13 0.602362 18 0.307087 19 0.090551
 47 15.054802 -1.976019 15.049676 0.391383 -0.511583 -0.764920 0.041565 0.974945 3 13 0.602362 18 0.307087 19 0.090551
 47 14.541285 -1.218454 14.704181 0.726181 0.122615 -0.676481 0.034454 0.958008 3 13 0.541502 15 0.359684 18 0.098814
mnt_body_m.png
 47 14.541285 -1.218454 14.704181 0.726181 0.122615 -0.676481 0.034454 0.958008 3 13 0.541502 15 0.359684 18 0.098814
 47 15.054802 -1.976019 15.049676 0.391383 -0.511583 -0.764920 0.041565 0.974945 3 13 0.602362 18 0.307087 19 0.090551
 47 14.521805 -2.256450 14.854445 0.787644 -0.609249 0.091828 0.035431 0.980362 3 13 0.401575 15 0.098425 16 0.500000
mnt_body_m.png
 47 14.521805 -2.256450 14.854445 0.787644 -0.609249 0.091828 0.035431 0.980362 3 13 0.401575 15 0.098425 16 0.500000
 47 15.054802 -1.976019 15.049676 0.391383 -0.511583 -0.764920 0.041565 0.974945 3 13 0.602362 18 0.307087 19 0.090551
 47 15.069942 -2.411858 16.024923 0.166570 -0.985066 0.043580 0.046997 0.996395 3 13 0.350394 18 0.500000 19 0.149606
mnt_body_m.png
 47 15.054802 -1.976019 15.049676 0.391383 -0.511583 -0.764920 0.041565 0.974945 3 13 0.602362 18 0.307087 19 0.090551
 47 15.903089 -1.832190 15.141078 0.218374 -0.543795 -0.810309 0.049957 0.968872 3 13 0.249012 18 0.300395 19 0.450593
 47 15.069942 -2.411858 16.024923 0.166570 -0.985066 0.043580 0.046997 0.996395 3 13 0.350394 18 0.500000 19 0.149606
mnt_body_m.png
 47 15.069942 -2.411858 16.024923 0.166570 -0.985066 0.043580 0.046997 0.996395 3 13 0.350394 18 0.500000 19 0.149606
 47 15.903089 -1.832190 15.141078 0.218374 -0.543795 -0.810309 0.049957 0.968872 3 13 0.249012 18 0.300395 19 0.450593
 47 15.894503 -2.265652 16.093901 0.202561 -0.979145 -0.015599 0.055267 0.988701 3 13 0.047244 18 0.350394 19 0.602362
mnt_body_m.png
 47 15.903089 -1.832190 15.141078 0.218374 -0.543795 -0.810309 0.049957 0.968872 3 13 0.249012 18 0.300395 19 0.450593
 47 16.648949 -1.672225 15.280193 0.306267 -0.529920 -0.790813 0.057434 0.963379 3 18 0.200787 19 0.500000 20 0.299213
 47 15.894503 -2.265652 16.093901 0.202561 -0.979145 -0.015599 0.055267 0.988701 3 13 0.047244 18 0.350394 19 0.602362
mnt_body_m.png
 47 15.894503 -2.265652 16.093901 0.202561 -0.979145 -0.015599 0.055267 0.988701 3 13 0.047244 18 0.350394 19 0.602362
 47 16.648949 -1.672225 15.280193 0.306267 -0.529920 -0.790813 0.057434 0.963379 3 18 0.200787 19 0.500000 20 0.299213
 47 16.620195 -2.095789 16.170856 0.274526 -0.961372 -0.019972 0.062195 0.982208 3 18 0.200787 19 0.500000 20 0.299213
mnt_body_m.png
 47 16.620195 -2.095789 16.170856 0.274526 -0.961372 -0.019972 0.062195 0.982208 3 18 0.200787 19 0.500000 20 0.299213
 47 16.648949 -1.672225 15.280193 0.306267 -0.529920 -0.790813 0.057434 0.963379 3 18 0.200787 19 0.500000 20 0.299213
 47 17.367546 -1.830836 16.241529 0.426597 -0.904191 -0.021319 0.069214 0.974014 2 19 0.299213 20 0.700787
mnt_body_m.png
 47 16.648949 -1.672225 15.280193 0.306267 -0.529920 -0.790813 0.057434 0.963379 3 18 0.200787 19 0.500000 20 0.299213
 47 17.399858 -1.455848 15.490973 0.468000 -0.483441 -0.739770 0.065247 0.957520 2 19 0.299213 20 0.700787
 47 17.367546 -1.830836 16.241529 0.426597 -0.904191 -0.021319 0.069214 0.974014 2 19 0.299213 20 0.700787
mnt_body_m.png
 47 17.367546 -1.830836 16.241529 0.426597 -0.904191 -0.021319 0.069214 0.974014 2 19 0.299213 20 0.700787
 47 17.399858 -1.455848 15.490973 0.468000 -0.483441 -0.739770 0.065247 0.957520 2 19 0.299213 20 0.700787
 47 17.947996 -1.478819 16.329811 0.683813 -0.729140 0.027470 0.075317 0.963501 2 19 0.098425 20 0.901575
mnt_body_m.png
 47 17.399858 -1.455848 15.490973 0.468000 -0.483441 -0.739770 0.065247 0.957520 2 19 0.299213 20 0.700787
 47 18.008661 -1.132151 15.854300 0.746926 -0.339216 -0.571869 0.072998 0.950317 2 19 0.098425 20 0.901575
 47 17.947996 -1.478819 16.329811 0.683813 -0.729140 0.027470 0.075317 0.963501 2 19 0.098425 20 0.901575
mnt_body_m.png
 47 17.947996 -1.478819 16.329811 0.683813 -0.729140 0.027470 0.075317 0.963501 2 19 0.098425 20 0.901575
 47 18.008661 -1.132151 15.854300 0.746926 -0.339216 -0.571869 0.072998 0.950317 2 19 0.098425 20 0.901575
 47 18.293669 -0.948100 16.469994 0.942568 -0.324210 0.080330 0.080078 0.948425 1 20 1.000000
mnt_body_m.png
 47 18.008661 -1.132151 15.854300 0.746926 -0.339216 -0.571869 0.072998 0.950317 2 19 0.098425 20 0.901575
 47 18.134644 0.091121 15.822758 0.762596 0.023004 -0.646466 0.073059 0.925659 2 19 0.098425 20 0.901575
 47 18.293669 -0.948100 16.469994 0.942568 -0.324210 0.080330 0.080078 0.948425 1 20 1.000000
mnt_body_m.png
 47 18.293669 -0.948100 16.469994 0.942568 -0.324210 0.080330 0.080078 0.948425 1 20 1.000000
 47 18.134644 0.091121 15.822758 0.762596 0.023004 -0.646466 0.073059 0.925659 2 19 0.098425 20 0.901575
 47 18.436344 0.083322 16.525810 0.998478 0.018311 0.052018 0.081543 0.925232 1 20 1.000000
mnt_body_m.png
 47 18.436344 0.083322 16.525810 0.998478 0.018311 0.052018 0.081543 0.925232 1 20 1.000000
 47 18.134644 0.091121 15.822758 0.762596 0.023004 -0.646466 0.073059 0.925659 2 19 0.098425 20 0.901575
 47 18.257942 1.048341 16.442829 0.934402 0.353599 0.043140 0.078369 0.903442 1 20 1.000000
mnt_body_m.png
 47 18.134644 0.091121 15.822758 0.762596 0.023004 -0.646466 0.073059 0.925659 2 19 0.098425 20 0.901575
 47 18.022478 1.265635 15.944865 0.763916 0.404547 -0.502766 0.072510 0.903015 2 19 0.098425 20 0.901575
 47 18.257942 1.048341 16.442829 0.934402 0.353599 0.043140 0.078369 0.903442 1 20 1.000000
mnt_body_m.png
 47 18.257942 1.048341 16.442829 0.934402 0.353599 0.043140 0.078369 0.903442 1 20 1.000000
 47 18.022478 1.265635 15.944865 0.763916 0.404547 -0.502766 0.072510 0.903015 2 19 0.098425 20 0.901575
 47 17.873116 1.561652 16.365124 0.693643 0.718634 0.049243 0.072693 0.887390 2 19 0.098425 20 0.901575
mnt_body_m.png
 47 18.022478 1.265635 15.944865 0.763916 0.404547 -0.502766 0.072510 0.903015 2 19 0.098425 20 0.901575
 47 17.447357 1.583724 15.577555 0.497593 0.491997 -0.714381 0.064575 0.897644 2 19 0.299213 20 0.700787
 47 17.873116 1.561652 16.365124 0.693643 0.718634 0.049243 0.072693 0.887390 2 19 0.098425 20 0.901575
mnt_body_m.png
 47 17.873116 1.561652 16.365124 0.693643 0.718634 0.049243 0.072693 0.887390 2 19 0.098425 20 0.901575
 47 17.447357 1.583724 15.577555 0.497593 0.491997 -0.714381 0.064575 0.897644 2 19 0.299213 20 0.700787
 47 17.392279 1.947031 16.252167 0.492854 0.869393 -0.035368 0.066345 0.875671 2 19 0.299213 20 0.700787
mnt_body_m.png
 47 17.447357 1.583724 15.577555 0.497593 0.491997 -0.714381 0.064575 0.897644 2 19 0.299213 20 0.700787
 47 16.699842 1.821843 15.379698 0.300485 0.547838 -0.780758 0.056702 0.894531 3 18 0.200787 19 0.500000 20 0.299213
 47 17.392279 1.947031 16.252167 0.492854 0.869393 -0.035368 0.066345 0.875671 2 19 0.299213 20 0.700787
mnt_body_m.png
 47 16.699842 1.821843 15.379698 0.300485 0.547838 -0.780758 0.056702 0.894531 3 18 0.200787 19 0.500000 20 0.299213
 47 16.651775 2.243466 16.181297 0.309625 0.949674 -0.047459 0.058105 0.874512 3 18 0.200787 19 0.500000 20 0.299213
 47 17.392279 1.947031 16.252167 0.492854 0.869393 -0.035368 0.066345 0.875671 2 19 0.299213 20 0.700787
mnt_body_m.png
 47 16.651775 2.243466 16.181297 0.309625 0.949674 -0.047459 0.058105 0.874512 3 18 0.200787 19 0.500000 20 0.299213
 47 16.807919 1.887762 17.004496 0.249520 0.765602 0.592954 0.057648 0.848389 3 18 0.200787 19 0.500000 20 0.299213
 47 17.392279 1.947031 16.252167 0.492854 0.869393 -0.035368 0.066345 0.875671 2 19 0.299213 20 0.700787
mnt_body_m.png
 47 16.807919 1.887762 17.004496 0.249520 0.765602 0.592954 0.057648 0.848389 3 18 0.200787 19 0.500000 20 0.299213
 47 17.472729 1.598786 16.986773 0.459426 0.670199 0.582891 0.064087 0.844482 2 19 0.299213 20 0.700787
 47 17.392279 1.947031 16.252167 0.492854 0.869393 -0.035368 0.066345 0.875671 2 19 0.299213 20 0.700787
mnt_body_m.png
 47 17.392279 1.947031 16.252167 0.492854 0.869393 -0.035368 0.066345 0.875671 2 19 0.299213 20 0.700787
 47 17.472729 1.598786 16.986773 0.459426 0.670199 0.582891 0.064087 0.844482 2 19 0.299213 20 0.700787
 47 17.873116 1.561652 16.365124 0.693643 0.718634 0.049243 0.070190 0.851196 2 19 0.098425 20 0.901575
mnt_body_m.png
 47 17.472729 1.598786 16.986773 0.459426 0.670199 0.582891 0.064087 0.844482 2 19 0.299213 20 0.700787
 47 18.004688 1.090042 16.943989 0.704315 0.382205 0.598213 0.068848 0.832764 2 19 0.098425 20 0.901575
 47 17.873116 1.561652 16.365124 0.693643 0.718634 0.049243 0.070190 0.851196 2 19 0.098425 20 0.901575
mnt_body_m.png
 47 17.873116 1.561652 16.365124 0.693643 0.718634 0.049243 0.070190 0.851196 2 19 0.098425 20 0.901575
 47 18.004688 1.090042 16.943989 0.704315 0.382205 0.598213 0.068848 0.832764 2 19 0.098425 20 0.901575
 47 18.257942 1.048341 16.442829 0.934402 0.353599 0.043140 0.073181 0.838379 1 20 1.000000
mnt_body_m.png
 47 18.004688 1.090042 16.943989 0.704315 0.382205 0.598213 0.068848 0.832764 2 19 0.098425 20 0.901575
 47 18.194117 0.116999 16.992867 0.750662 0.014193 0.660534 0.070007 0.818359 2 19 0.098425 20 0.901575
 47 18.257942 1.048341 16.442829 0.934402 0.353599 0.043140 0.073181 0.838379 1 20 1.000000
mnt_body_m.png
 47 18.257942 1.048341 16.442829 0.934402 0.353599 0.043140 0.073181 0.838379 1 20 1.000000
 47 18.194117 0.116999 16.992867 0.750662 0.014193 0.660534 0.070007 0.818359 2 19 0.098425 20 0.901575
 47 18.436344 0.083322 16.525810 0.998478 0.018311 0.052018 0.074219 0.817749 1 20 1.000000
mnt_body_m.png
 47 18.436344 0.083322 16.525810 0.998478 0.018311 0.052018 0.074219 0.817749 1 20 1.000000
 47 18.194117 0.116999 16.992867 0.750662 0.014193 0.660534 0.070007 0.818359 2 19 0.098425 20 0.901575
 47 18.293669 -0.948100 16.469994 0.942568 -0.324210 0.080330 0.072876 0.796509 1 20 1.000000
mnt_body_m.png
 47 18.194117 0.116999 16.992867 0.750662 0.014193 0.660534 0.070007 0.818359 2 19 0.098425 20 0.901575
 47 18.008745 -1.014021 16.900122 0.679098 -0.392909 0.620039 0.068909 0.797363 2 19 0.098425 20 0.901575
 47 18.293669 -0.948100 16.469994 0.942568 -0.324210 0.080330 0.072876 0.796509 1 20 1.000000
mnt_body_m.png
 47 18.293669 -0.948100 16.469994 0.942568 -0.324210 0.080330 0.072876 0.796509 1 20 1.000000
 47 18.008745 -1.014021 16.900122 0.679098 -0.392909 0.620039 0.068909 0.797363 2 19 0.098425 20 0.901575
 47 17.947996 -1.478819 16.329811 0.683813 -0.729140 0.027470 0.070435 0.782715 2 19 0.098425 20 0.901575
mnt_body_m.png
 47 18.008745 -1.014021 16.900122 0.679098 -0.392909 0.620039 0.068909 0.797363 2 19 0.098425 20 0.901575
 47 17.404976 -1.516202 16.939039 0.393181 -0.711181 0.582778 0.062805 0.789307 2 19 0.299213 20 0.700787
 47 17.947996 -1.478819 16.329811 0.683813 -0.729140 0.027470 0.070435 0.782715 2 19 0.098425 20 0.901575
mnt_body_m.png
 47 17.947996 -1.478819 16.329811 0.683813 -0.729140 0.027470 0.070435 0.782715 2 19 0.098425 20 0.901575
 47 17.404976 -1.516202 16.939039 0.393181 -0.711181 0.582778 0.062805 0.789307 2 19 0.299213 20 0.700787
 47 17.367546 -1.830836 16.241529 0.426597 -0.904191 -0.021319 0.064392 0.775513 2 19 0.299213 20 0.700787
mnt_body_m.png
 47 17.404976 -1.516202 16.939039 0.393181 -0.711181 0.582778 0.062805 0.789307 2 19 0.299213 20 0.700787
 47 16.787331 -1.736755 16.975992 0.220222 -0.765190 0.604968 0.056793 0.786743 3 18 0.200787 19 0.500000 20 0.299213
 47 17.367546 -1.830836 16.241529 0.426597 -0.904191 -0.021319 0.064392 0.775513 2 19 0.299213 20 0.700787
mnt_body_m.png
 47 17.367546 -1.830836 16.241529 0.426597 -0.904191 -0.021319 0.064392 0.775513 2 19 0.299213 20 0.700787
 47 16.787331 -1.736755 16.975992 0.220222 -0.765190 0.604968 0.056793 0.786743 3 18 0.200787 19 0.500000 20 0.299213
 47 16.620195 -2.095789 16.170856 0.274526 -0.961372 -0.019972 0.057098 0.770264 3 18 0.200787 19 0.500000 20 0.299213
mnt_body_m.png
 47 16.787331 -1.736755 16.975992 0.220222 -0.765190 0.604968 0.056793 0.786743 3 18 0.200787 19 0.500000 20 0.299213
 47 16.105160 -1.869549 16.955193 0.128235 -0.786956 0.603536 0.050415 0.783936 3 13 0.047244 18 0.350394 19 0.602362
 47 16.620195 -2.095789 16.170856 0.274526 -0.961372 -0.019972 0.057098 0.770264 3 18 0.200787 19 0.500000 20 0.299213
mnt_body_m.png
 47 16.620195 -2.095789 16.170856 0.274526 -0.961372 -0.019972 0.057098 0.770264 3 18 0.200787 19 0.500000 20 0.299213
 47 16.105160 -1.869549 16.955193 0.128235 -0.786956 0.603536 0.050415 0.783936 3 13 0.047244 18 0.350394 19 0.602362
 47 15.894503 -2.265652 16.093901 0.202561 -0.979145 -0.015599 0.049744 0.767212 3 13 0.047244 18 0.350394 19 0.602362
mnt_body_m.png
 47 16.105160 -1.869549 16.955193 0.128235 -0.786956 0.603536 0.050415 0.783936 3 13 0.047244 18 0.350394 19 0.602362
 47 15.489374 -1.963398 16.955322 0.084252 -0.785980 0.612484 0.044617 0.782104 3 13 0.229249 18 0.482213 19 0.288538
 47 15.894503 -2.265652 16.093901 0.202561 -0.979145 -0.015599 0.049744 0.767212 3 13 0.047244 18 0.350394 19 0.602362
mnt_body_m.png
 47 15.894503 -2.265652 16.093901 0.202561 -0.979145 -0.015599 0.049744 0.767212 3 13 0.047244 18 0.350394 19 0.602362
 47 15.489374 -1.963398 16.955322 0.084252 -0.785980 0.612484 0.044617 0.782104 3 13 0.229249 18 0.482213 19 0.288538
 47 15.069942 -2.411858 16.024923 0.166570 -0.985066 0.043580 0.041718 0.764038 3 13 0.350394 18 0.500000 19 0.149606
mnt_body_m.png
 47 15.489374 -1.963398 16.955322 0.084252 -0.785980 0.612484 0.044617 0.782104 3 13 0.229249 18 0.482213 19 0.288538
 47 14.930811 -1.997702 16.940813 -0.004550 -0.779321 0.626609 0.039490 0.781128 3 13 0.551181 18 0.350394 19 0.098425
 47 15.069942 -2.411858 16.024923 0.166570 -0.985066 0.043580 0.041718 0.764038 3 13 0.350394 18 0.500000 19 0.149606
mnt_body_m.png
 47 14.930811 -1.997702 16.940813 -0.004550 -0.779321 0.626609 0.039490 0.781128 3 13 0.551181 18 0.350394 19 0.098425
 47 14.406506 -2.484504 15.963048 0.041212 -0.991190 0.125873 0.036163 0.762329 2 13 0.800000 15 0.200000
 47 15.069942 -2.411858 16.024923 0.166570 -0.985066 0.043580 0.041718 0.764038 3 13 0.350394 18 0.500000 19 0.149606
mnt_body_m.png
 47 15.069942 -2.411858 16.024923 0.166570 -0.985066 0.043580 0.041718 0.764038 3 13 0.350394 18 0.500000 19 0.149606
 47 14.406506 -2.484504 15.963048 0.041212 -0.991190 0.125873 0.036163 0.762329 2 13 0.800000 15 0.200000
 47 14.521805 -2.256450 14.854445 0.787644 -0.609249 0.091828 0.038116 0.753540 3 13 0.401575 15 0.098425 16 0.500000
mnt_body_m.png
 47 14.406506 -2.484504 15.963048 0.041212 -0.991190 0.125873 0.036163 0.762329 2 13 0.800000 15 0.200000
 47 13.476339 -2.490960 15.917099 -0.074790 -0.936695 0.342066 0.027206 0.759521 2 13 0.600000 15 0.400000
 47 14.521805 -2.256450 14.854445 0.787644 -0.609249 0.091828 0.038116 0.753540 3 13 0.401575 15 0.098425 16 0.500000
mnt_body_m.png
 47 13.476339 -2.490960 15.917099 -0.074790 -0.936695 0.342066 0.027206 0.759521 2 13 0.600000 15 0.400000
 47 13.253569 -2.834254 14.825526 -0.206694 -0.918493 0.337118 0.028717 0.738281 2 15 0.600000 16 0.400000
 47 14.521805 -2.256450 14.854445 0.787644 -0.609249 0.091828 0.038116 0.753540 3 13 0.401575 15 0.098425 16 0.500000
mnt_body_m.png
 47 14.521805 -2.256450 14.854445 0.787644 -0.609249 0.091828 0.038116 0.753540 3 13 0.401575 15 0.098425 16 0.500000
 47 13.253569 -2.834254 14.825526 -0.206694 -0.918493 0.337118 0.028717 0.738281 2 15 0.600000 16 0.400000
 47 14.970146 -2.848292 14.415921 0.710339 -0.128357 0.692057 0.046082 0.749756 2 16 0.700787 17 0.299213
mnt_body_m.png
 47 13.253569 -2.834254 14.825526 -0.206694 -0.918493 0.337118 0.028717 0.738281 2 15 0.600000 16 0.400000
 47 14.082403 -3.408772 14.297621 -0.141588 -0.802923 0.579023 0.040497 0.734863 2 16 0.700787 17 0.299213
 47 14.970146 -2.848292 14.415921 0.710339 -0.128357 0.692057 0.046082 0.749756 2 16 0.700787 17 0.299213
mnt_body_m.png
 47 14.970146 -2.848292 14.415921 0.710339 -0.128357 0.692057 0.046082 0.749756 2 16 0.700787 17 0.299213
 47 14.082403 -3.408772 14.297621 -0.141588 -0.802923 0.579023 0.040497 0.734863 2 16 0.700787 17 0.299213
 47 15.193067 -3.387271 13.882546 0.783923 -0.410653 0.465649 0.052734 0.737793 1 17 1.000000
mnt_body_m.png
 47 14.082403 -3.408772 14.297621 -0.141588 -0.802923 0.579023 0.040497 0.734863 2 16 0.700787 17 0.299213
 47 14.714320 -3.917161 13.733723 0.117452 -0.938459 0.324807 0.048889 0.727295 1 17 1.000000
 47 15.193067 -3.387271 13.882546 0.783923 -0.410653 0.465649 0.052734 0.737793 1 17 1.000000
mnt_body_m.png
 47 15.193067 -3.387271 13.882546 0.783923 -0.410653 0.465649 0.052734 0.737793 1 17 1.000000
 47 14.714320 -3.917161 13.733723 0.117452 -0.938459 0.324807 0.048889 0.727295 1 17 1.000000
 47 15.040133 -3.712852 13.132613 0.601657 -0.672411 -0.431130 0.054047 0.716553 1 17 1.000000
mnt_body_m.png
 47 14.714320 -3.917161 13.733723 0.117452 -0.938459 0.324807 0.048889 0.727295 1 17 1.000000
 47 14.575556 -3.825221 13.136571 -0.229819 -0.853548 -0.467589 0.049622 0.717773 1 17 1.000000
 47 15.040133 -3.712852 13.132613 0.601657 -0.672411 -0.431130 0.054047 0.716553 1 17 1.000000
mnt_body_m.png
 47 14.575556 -3.825221 13.136571 -0.229819 -0.853548 -0.467589 0.049622 0.717773 1 17 1.000000
 47 14.573309 -3.360084 12.769032 -0.134497 -0.274346 -0.952179 0.048584 0.708008 1 17 1.000000
 47 15.040133 -3.712852 13.132613 0.601657 -0.672411 -0.431130 0.054047 0.716553 1 17 1.000000
mnt_body_m.png
 47 15.040133 -3.712852 13.132613 0.601657 -0.672411 -0.431130 0.054047 0.716553 1 17 1.000000
 47 14.573309 -3.360084 12.769032 -0.134497 -0.274346 -0.952179 0.048584 0.708008 1 17 1.000000
 47 15.091894 -2.968061 12.875779 0.609859 0.197883 -0.767408 0.052734 0.697266 1 17 1.000000
mnt_body_m.png
 47 14.573309 -3.360084 12.769032 -0.134497 -0.274346 -0.952179 0.048584 0.708008 1 17 1.000000
 47 14.650322 -2.202632 13.092035 0.395022 0.598217 -0.697204 0.044006 0.689209 2 16 0.700787 17 0.299213
 47 15.091894 -2.968061 12.875779 0.609859 0.197883 -0.767408 0.052734 0.697266 1 17 1.000000
mnt_body_m.png
 47 14.650322 -2.202632 13.092035 0.395022 0.598217 -0.697204 0.044006 0.689209 2 16 0.700787 17 0.299213
 47 15.022143 -2.423262 13.838951 0.859280 0.504885 0.082032 0.049805 0.674561 2 16 0.700787 17 0.299213
 47 15.091894 -2.968061 12.875779 0.609859 0.197883 -0.767408 0.052734 0.697266 1 17 1.000000
mnt_body_m.png
 47 15.022143 -2.423262 13.838951 0.859280 0.504885 0.082032 0.049805 0.674561 2 16 0.700787 17 0.299213
 47 15.342309 -3.150336 13.364464 0.992019 0.008367 -0.125809 0.057343 0.688721 1 17 1.000000
 47 15.091894 -2.968061 12.875779 0.609859 0.197883 -0.767408 0.052734 0.697266 1 17 1.000000
mnt_body_m.png
 47 15.091894 -2.968061 12.875779 0.609859 0.197883 -0.767408 0.052734 0.697266 1 17 1.000000
 47 15.342309 -3.150336 13.364464 0.992019 0.008367 -0.125809 0.057343 0.688721 1 17 1.000000
 47 15.040133 -3.712852 13.132613 0.601657 -0.672411 -0.431130 0.062012 0.699951 1 17 1.000000
mnt_body_m.png
 47 15.040133 -3.712852 13.132613 0.601657 -0.672411 -0.431130 0.062012 0.699951 1 17 1.000000
 47 15.342309 -3.150336 13.364464 0.992019 0.008367 -0.125809 0.057343 0.688721 1 17 1.000000
 47 15.193067 -3.387271 13.882546 0.783923 -0.410653 0.465649 0.061279 0.678711 1 17 1.000000
mnt_body_m.png
 47 15.193067 -3.387271 13.882546 0.783923 -0.410653 0.465649 0.061279 0.678711 1 17 1.000000
 47 15.342309 -3.150336 13.364464 0.992019 0.008367 -0.125809 0.057343 0.688721 1 17 1.000000
 47 14.970146 -2.848292 14.415921 0.710339 -0.128357 0.692057 0.055267 0.663086 2 16 0.700787 17 0.299213
mnt_body_m.png
 47 15.342309 -3.150336 13.364464 0.992019 0.008367 -0.125809 0.057343 0.688721 1 17 1.000000
 47 15.022143 -2.423262 13.838951 0.859280 0.504885 0.082032 0.049805 0.674561 2 16 0.700787 17 0.299213
 47 14.970146 -2.848292 14.415921 0.710339 -0.128357 0.692057 0.055267 0.663086 2 16 0.700787 17 0.299213
mnt_body_m.png
 47 15.022143 -2.423262 13.838951 0.859280 0.504885 0.082032 0.049805 0.674561 2 16 0.700787 17 0.299213
 47 14.526623 -1.857672 14.194645 0.911016 0.402910 -0.087829 0.041168 0.665771 3 13 0.200787 15 0.299213 16 0.500000
 47 14.970146 -2.848292 14.415921 0.710339 -0.128357 0.692057 0.055267 0.663086 2 16 0.700787 17 0.299213
mnt_body_m.png
 47 14.970146 -2.848292 14.415921 0.710339 -0.128357 0.692057 0.055267 0.663086 2 16 0.700787 17 0.299213
 47 14.526623 -1.857672 14.194645 0.911016 0.402910 -0.087829 0.041168 0.665771 3 13 0.200787 15 0.299213 16 0.500000
 47 14.521805 -2.256450 14.854445 0.787644 -0.609249 0.091828 0.045746 0.651123 3 13 0.401575 15 0.098425 16 0.500000
mnt_body_m.png
 47 14.521805 -2.256450 14.854445 0.787644 -0.609249 0.091828 0.045746 0.651123 3 13 0.401575 15 0.098425 16 0.500000
 47 14.526623 -1.857672 14.194645 0.911016 0.402910 -0.087829 0.041168 0.665771 3 13 0.200787 15 0.299213 16 0.500000
 47 14.541285 -1.218454 14.704181 0.726181 0.122615 -0.676481 0.034607 0.653809 3 13 0.541502 15 0.359684 18 0.098814
mnt_body_m.png
 47 14.526623 -1.857672 14.194645 0.911016 0.402910 -0.087829 0.041168 0.665771 3 13 0.200787 15 0.299213 16 0.500000
 47 14.156651 -0.876531 14.074009 0.705595 0.477838 -0.523265 0.029709 0.666504 2 13 0.400000 15 0.600000
 47 14.541285 -1.218454 14.704181 0.726181 0.122615 -0.676481 0.034607 0.653809 3 13 0.541502 15 0.359684 18 0.098814
mnt_body_m.png
 47 14.541285 -1.218454 14.704181 0.726181 0.122615 -0.676481 0.034607 0.653809 3 13 0.541502 15 0.359684 18 0.098814
 47 14.156651 -0.876531 14.074009 0.705595 0.477838 -0.523265 0.029709 0.666504 2 13 0.400000 15 0.600000
 47 13.553347 0.317460 14.532540 0.265653 0.320570 -0.909210 0.017395 0.657227 1 13 1.000000
mnt_body_m.png
 47 14.156651 -0.876531 14.074009 0.705595 0.477838 -0.523265 0.029709 0.666504 2 13 0.400000 15 0.600000
 47 13.189310 -0.638711 13.734870 0.048896 0.436588 -0.898332 0.022278 0.678955 2 13 0.600000 15 0.400000
 47 13.553347 0.317460 14.532540 0.265653 0.320570 -0.909210 0.017395 0.657227 1 13 1.000000
mnt_body_m.png
 47 13.553347 0.317460 14.532540 0.265653 0.320570 -0.909210 0.017395 0.657227 1 13 1.000000
 47 13.189310 -0.638711 13.734870 0.048896 0.436588 -0.898332 0.022278 0.678955 2 13 0.600000 15 0.400000
 47 12.481237 0.347215 14.446083 -0.125527 0.381695 -0.915725 0.010422 0.669678 2 12 0.098425 13 0.901575
mnt_body_m.png
 47 13.189310 -0.638711 13.734870 0.048896 0.436588 -0.898332 0.022278 0.678955 2 13 0.600000 15 0.400000
 47 12.338859 -0.395164 14.003042 -0.313995 0.372146 -0.873450 0.014015 0.683594 3 12 0.098425 13 0.500000 15 0.401575
 47 12.481237 0.347215 14.446083 -0.125527 0.381695 -0.915725 0.010422 0.669678 2 12 0.098425 13 0.901575
mnt_body_m.png
 47 12.481237 0.347215 14.446083 -0.125527 0.381695 -0.915725 0.010422 0.669678 2 12 0.098425 13 0.901575
 47 12.338859 -0.395164 14.003042 -0.313995 0.372146 -0.873450 0.014015 0.683594 3 12 0.098425 13 0.500000 15 0.401575
 47 11.360506 -0.072266 14.684742 -0.276713 0.129248 -0.952221 0.003334 0.682861 2 12 0.700787 13 0.299213
mnt_body_m.png
 47 12.338859 -0.395164 14.003042 -0.313995 0.372146 -0.873450 0.014015 0.683594 3 12 0.098425 13 0.500000 15 0.401575
 47 12.165335 -1.478714 13.823328 -0.600913 -0.059665 -0.797085 0.016891 0.705322 3 12 0.200000 15 0.600000 16 0.200000
 47 11.360506 -0.072266 14.684742 -0.276713 0.129248 -0.952221 0.003334 0.682861 2 12 0.700787 13 0.299213
mnt_body_m.png
 47 11.360506 -0.072266 14.684742 -0.276713 0.129248 -0.952221 0.003334 0.682861 2 12 0.700787 13 0.299213
 47 12.165335 -1.478714 13.823328 -0.600913 -0.059665 -0.797085 0.016891 0.705322 3 12 0.200000 15 0.600000 16 0.200000
 47 11.364677 -1.102042 14.802504 -0.574463 -0.425307 -0.699361 0.003334 0.710205 2 12 0.700787 13 0.299213
mnt_body_m.png
 47 12.165335 -1.478714 13.823328 -0.600913 -0.059665 -0.797085 0.016891 0.705322 3 12 0.200000 15 0.600000 16 0.200000
 47 12.123214 -2.155323 14.294668 -0.716943 -0.608896 -0.339468 0.018005 0.721191 3 12 0.200000 15 0.600000 16 0.200000
 47 11.364677 -1.102042 14.802504 -0.574463 -0.425307 -0.699361 0.003334 0.710205 2 12 0.700787 13 0.299213
mnt_body_m.png
 47 11.364677 -1.102042 14.802504 -0.574463 -0.425307 -0.699361 0.003334 0.710205 2 12 0.700787 13 0.299213
 47 12.123214 -2.155323 14.294668 -0.716943 -0.608896 -0.339468 0.018005 0.721191 3 12 0.200000 15 0.600000 16 0.200000
 47 11.404756 -1.712387 15.686211 -0.456915 -0.886149 0.077259 0.003334 0.753052 2 12 0.700787 13 0.299213
mnt_body_m.png
 47 12.123214 -2.155323 14.294668 -0.716943 -0.608896 -0.339468 0.018005 0.721191 3 12 0.200000 15 0.600000 16 0.200000
 47 12.325275 -2.379321 15.178896 -0.462989 -0.879750 0.108081 0.017410 0.741943 3 12 0.200000 15 0.600000 16 0.200000
 47 11.404756 -1.712387 15.686211 -0.456915 -0.886149 0.077259 0.003334 0.753052 2 12 0.700787 13 0.299213
mnt_body_m.png
 47 12.325275 -2.379321 15.178896 -0.462989 -0.879750 0.108081 0.017410 0.741943 3 12 0.200000 15 0.600000 16 0.200000
 47 12.469244 -2.190157 15.921082 -0.338703 -0.848413 0.406786 0.016663 0.757813 2 13 0.500000 15 0.500000
 47 11.404756 -1.712387 15.686211 -0.456915 -0.886149 0.077259 0.003334 0.753052 2 12 0.700787 13 0.299213
mnt_body_m.png
 47 11.404756 -1.712387 15.686211 -0.456915 -0.886149 0.077259 0.003334 0.753052 2 12 0.700787 13 0.299213
 47 12.469244 -2.190157 15.921082 -0.338703 -0.848413 0.406786 0.016663 0.757813 2 13 0.500000 15 0.500000
 47 11.378736 -1.179987 16.636829 -0.254593 -0.606181 0.753476 0.003334 0.780762 2 12 0.700787 13 0.299213
mnt_body_m.png
 47 12.469244 -2.190157 15.921082 -0.338703 -0.848413 0.406786 0.016663 0.757813 2 13 0.500000 15 0.500000
 47 12.513116 -1.557294 16.911072 -0.290899 -0.587359 0.755240 0.015625 0.781616 2 12 0.098425 13 0.901575
 47 11.378736 -1.179987 16.636829 -0.254593 -0.606181 0.753476 0.003334 0.780762 2 12 0.700787 13 0.299213
mnt_body_m.png
 47 12.513116 -1.557294 16.911072 -0.290899 -0.587359 0.755240 0.015625 0.781616 2 12 0.098425 13 0.901575
 47 12.515498 0.075331 17.438595 -0.273335 -0.009556 0.961871 0.014488 0.816895 2 12 0.098425 13 0.901575
 47 11.378736 -1.179987 16.636829 -0.254593 -0.606181 0.753476 0.003334 0.780762 2 12 0.700787 13 0.299213
mnt_body_m.png
 47 11.378736 -1.179987 16.636829 -0.254593 -0.606181 0.753476 0.003334 0.780762 2 12 0.700787 13 0.299213
 47 12.515498 0.075331 17.438595 -0.273335 -0.009556 0.961871 0.014488 0.816895 2 12 0.098425 13 0.901575
 47 11.441083 0.034959 17.018370 -0.224503 -0.010626 0.974415 0.003334 0.815186 2 12 0.700787 13 0.299213
mnt_body_m.png
 47 11.441083 0.034959 17.018370 -0.224503 -0.010626 0.974415 0.003334 0.815186 2 12 0.700787 13 0.299213
 47 12.515498 0.075331 17.438595 -0.273335 -0.009556 0.961871 0.014488 0.816895 2 12 0.098425 13 0.901575
 47 11.359615 1.133747 16.692818 -0.286538 0.592015 0.753269 0.003334 0.845825 2 12 0.700787 13 0.299213
mnt_body_m.png
 47 12.515498 0.075331 17.438595 -0.273335 -0.009556 0.961871 0.014488 0.816895 2 12 0.098425 13 0.901575
 47 12.405240 1.622713 16.924698 -0.343457 0.618744 0.706536 0.013969 0.850708 2 12 0.098425 13 0.901575
 47 11.359615 1.133747 16.692818 -0.286538 0.592015 0.753269 0.003334 0.845825 2 12 0.700787 13 0.299213
mnt_body_m.png
 47 11.359615 1.133747 16.692818 -0.286538 0.592015 0.753269 0.003334 0.845825 2 12 0.700787 13 0.299213
 47 12.405240 1.622713 16.924698 -0.343457 0.618744 0.706536 0.013969 0.850708 2 12 0.098425 13 0.901575
 47 11.295837 1.601535 15.770462 -0.356678 0.934157 -0.011473 0.003233 0.872070 2 12 0.700787 13 0.299213
mnt_body_m.png
 47 12.405240 1.622713 16.924698 -0.343457 0.618744 0.706536 0.013969 0.850708 2 12 0.098425 13 0.901575
 47 12.252405 2.158919 15.689382 -0.404329 0.912503 -0.062104 0.013573 0.875183 2 12 0.098425 13 0.901575
 47 11.295837 1.601535 15.770462 -0.356678 0.934157 -0.011473 0.003233 0.872070 2 12 0.700787 13 0.299213
mnt_body_m.png
 47 12.252405 2.158919 15.689382 -0.404329 0.912503 -0.062104 0.013573 0.875183 2 12 0.098425 13 0.901575
 47 12.409986 1.643692 14.728316 -0.235416 0.547817 -0.802793 0.014275 0.894104 2 12 0.098425 13 0.901575
 47 11.295837 1.601535 15.770462 -0.356678 0.934157 -0.011473 0.003233 0.872070 2 12 0.700787 13 0.299213
mnt_body_m.png
 47 11.295837 1.601535 15.770462 -0.356678 0.934157 -0.011473 0.003233 0.872070 2 12 0.700787 13 0.299213
 47 12.409986 1.643692 14.728316 -0.235416 0.547817 -0.802793 0.014275 0.894104 2 12 0.098425 13 0.901575
 47 11.359619 1.132330 14.911642 -0.257637 0.539551 -0.801566 0.003334 0.894775 2 12 0.700787 13 0.299213
mnt_body_m.png
 47 12.409986 1.643692 14.728316 -0.235416 0.547817 -0.802793 0.014275 0.894104 2 12 0.098425 13 0.901575
 47 12.252405 2.158919 15.689382 -0.404329 0.912503 -0.062104 0.013573 0.875183 2 12 0.098425 13 0.901575
 47 13.473491 1.946337 14.782491 0.020580 0.565516 -0.824480 0.024155 0.893188 1 13 1.000000
mnt_body_m.png
 47 12.252405 2.158919 15.689382 -0.404329 0.912503 -0.062104 0.013573 0.875183 2 12 0.098425 13 0.901575
 47 13.268044 2.504656 15.707819 -0.205785 0.973757 -0.097209 0.023697 0.875916 1 13 1.000000
 47 13.473491 1.946337 14.782491 0.020580 0.565516 -0.824480 0.024155 0.893188 1 13 1.000000
mnt_body_m.png
 47 13.473491 1.946337 14.782491 0.020580 0.565516 -0.824480 0.024155 0.893188 1 13 1.000000
 47 13.268044 2.504656 15.707819 -0.205785 0.973757 -0.097209 0.023697 0.875916 1 13 1.000000
 47 14.444393 2.014823 15.027590 0.170724 0.541363 -0.823273 0.033813 0.891541 2 13 0.901575 18 0.098425
mnt_body_m.png
 47 13.268044 2.504656 15.707819 -0.205785 0.973757 -0.097209 0.023697 0.875916 1 13 1.000000
 47 14.208695 2.622842 15.894875 -0.032370 0.996217 -0.080644 0.032654 0.873535 2 13 0.901575 18 0.098425
 47 14.444393 2.014823 15.027590 0.170724 0.541363 -0.823273 0.033813 0.891541 2 13 0.901575 18 0.098425
mnt_body_m.png
 47 14.208695 2.622842 15.894875 -0.032370 0.996217 -0.080644 0.032654 0.873535 2 13 0.901575 18 0.098425
 47 15.147547 1.985720 15.156452 0.143766 0.511792 -0.846995 0.040863 0.891907 3 13 0.602362 18 0.307087 19 0.090551
 47 14.444393 2.014823 15.027590 0.170724 0.541363 -0.823273 0.033813 0.891541 2 13 0.901575 18 0.098425
mnt_body_m.png
 47 14.444393 2.014823 15.027590 0.170724 0.541363 -0.823273 0.033813 0.891541 2 13 0.901575 18 0.098425
 47 15.147547 1.985720 15.156452 0.143766 0.511792 -0.846995 0.040863 0.891907 3 13 0.602362 18 0.307087 19 0.090551
 47 14.568964 0.244758 14.875556 0.247821 0.104826 -0.963118 0.034668 0.926514 2 13 0.901575 18 0.098425
mnt_body_m.png
 47 14.568964 0.244758 14.875556 0.247821 0.104826 -0.963118 0.034668 0.926514 2 13 0.901575 18 0.098425
 47 15.147547 1.985720 15.156452 0.143766 0.511792 -0.846995 0.040863 0.891907 3 13 0.602362 18 0.307087 19 0.090551
 47 15.101388 0.161283 14.960213 0.164257 0.058207 -0.984699 0.040405 0.928772 3 13 0.602362 18 0.307087 19 0.090551
mnt_body_m.png
 47 15.147547 1.985720 15.156452 0.143766 0.511792 -0.846995 0.040863 0.891907 3 13 0.602362 18 0.307087 19 0.090551
 47 15.973211 1.944557 15.248072 0.195207 0.535050 -0.821959 0.049194 0.892639 3 13 0.249012 18 0.300395 19 0.450593
 47 15.101388 0.161283 14.960213 0.164257 0.058207 -0.984699 0.040405 0.928772 3 13 0.602362 18 0.307087 19 0.090551
mnt_body_m.png
 47 15.973211 1.944557 15.248072 0.195207 0.535050 -0.821959 0.049194 0.892639 3 13 0.249012 18 0.300395 19 0.450593
 47 15.974884 0.153295 15.053235 0.148443 0.029359 -0.988485 0.049255 0.927612 3 13 0.249012 18 0.300395 19 0.450593
 47 15.101388 0.161283 14.960213 0.164257 0.058207 -0.984699 0.040405 0.928772 3 13 0.602362 18 0.307087 19 0.090551
mnt_body_m.png
 47 15.974884 0.153295 15.053235 0.148443 0.029359 -0.988485 0.049255 0.927612 3 13 0.249012 18 0.300395 19 0.450593
 47 15.903089 -1.832190 15.141078 0.218374 -0.543795 -0.810309 0.049957 0.968872 3 13 0.249012 18 0.300395 19 0.450593
 47 15.101388 0.161283 14.960213 0.164257 0.058207 -0.984699 0.040405 0.928772 3 13 0.602362 18 0.307087 19 0.090551
mnt_body_m.png
 47 15.101388 0.161283 14.960213 0.164257 0.058207 -0.984699 0.040405 0.928772 3 13 0.602362 18 0.307087 19 0.090551
 47 15.903089 -1.832190 15.141078 0.218374 -0.543795 -0.810309 0.049957 0.968872 3 13 0.249012 18 0.300395 19 0.450593
 47 15.054802 -1.976019 15.049676 0.391383 -0.511583 -0.764920 0.041565 0.974945 3 13 0.602362 18 0.307087 19 0.090551
mnt_body_m.png
 47 15.903089 -1.832190 15.141078 0.218374 -0.543795 -0.810309 0.049957 0.968872 3 13 0.249012 18 0.300395 19 0.450593
 47 15.974884 0.153295 15.053235 0.148443 0.029359 -0.988485 0.049255 0.927612 3 13 0.249012 18 0.300395 19 0.450593
 47 16.648949 -1.672225 15.280193 0.306267 -0.529920 -0.790813 0.057434 0.963379 3 18 0.200787 19 0.500000 20 0.299213
mnt_body_m.png
 47 15.974884 0.153295 15.053235 0.148443 0.029359 -0.988485 0.049255 0.927612 3 13 0.249012 18 0.300395 19 0.450593
 47 16.742176 0.130070 15.199961 0.237080 0.026654 -0.971125 0.057190 0.927002 3 18 0.200787 19 0.500000 20 0.299213
 47 16.648949 -1.672225 15.280193 0.306267 -0.529920 -0.790813 0.057434 0.963379 3 18 0.200787 19 0.500000 20 0.299213
mnt_body_m.png
 47 16.648949 -1.672225 15.280193 0.306267 -0.529920 -0.790813 0.057434 0.963379 3 18 0.200787 19 0.500000 20 0.299213
 47 16.742176 0.130070 15.199961 0.237080 0.026654 -0.971125 0.057190 0.927002 3 18 0.200787 19 0.500000 20 0.299213
 47 17.399858 -1.455848 15.490973 0.468000 -0.483441 -0.739770 0.065247 0.957520 2 19 0.299213 20 0.700787
mnt_body_m.png
 47 16.742176 0.130070 15.199961 0.237080 0.026654 -0.971125 0.057190 0.927002 3 18 0.200787 19 0.500000 20 0.299213
 47 17.496866 0.092005 15.421402 0.417251 0.023801 -0.908479 0.065308 0.927063 2 19 0.299213 20 0.700787
 47 17.399858 -1.455848 15.490973 0.468000 -0.483441 -0.739770 0.065247 0.957520 2 19 0.299213 20 0.700787
mnt_body_m.png
 47 17.399858 -1.455848 15.490973 0.468000 -0.483441 -0.739770 0.065247 0.957520 2 19 0.299213 20 0.700787
 47 17.496866 0.092005 15.421402 0.417251 0.023801 -0.908479 0.065308 0.927063 2 19 0.299213 20 0.700787
 47 18.008661 -1.132151 15.854300 0.746926 -0.339216 -0.571869 0.072998 0.950317 2 19 0.098425 20 0.901575
mnt_body_m.png
 47 18.008661 -1.132151 15.854300 0.746926 -0.339216 -0.571869 0.072998 0.950317 2 19 0.098425 20 0.901575
 47 17.496866 0.092005 15.421402 0.417251 0.023801 -0.908479 0.065308 0.927063 2 19 0.299213 20 0.700787
 47 18.134644 0.091121 15.822758 0.762596 0.023004 -0.646466 0.073059 0.925659 2 19 0.098425 20 0.901575
mnt_body_m.png
 47 18.134644 0.091121 15.822758 0.762596 0.023004 -0.646466 0.073059 0.925659 2 19 0.098425 20 0.901575
 47 17.496866 0.092005 15.421402 0.417251 0.023801 -0.908479 0.065308 0.927063 2 19 0.299213 20 0.700787
 47 18.022478 1.265635 15.944865 0.763916 0.404547 -0.502766 0.072510 0.903015 2 19 0.098425 20 0.901575
mnt_body_m.png
 47 18.022478 1.265635 15.944865 0.763916 0.404547 -0.502766 0.072510 0.903015 2 19 0.098425 20 0.901575
 47 17.496866 0.092005 15.421402 0.417251 0.023801 -0.908479 0.065308 0.927063 2 19 0.299213 20 0.700787
 47 17.447357 1.583724 15.577555 0.497593 0.491997 -0.714381 0.064575 0.897644 2 19 0.299213 20 0.700787
mnt_body_m.png
 47 17.496866 0.092005 15.421402 0.417251 0.023801 -0.908479 0.065308 0.927063 2 19 0.299213 20 0.700787
 47 16.742176 0.130070 15.199961 0.237080 0.026654 -0.971125 0.057190 0.927002 3 18 0.200787 19 0.500000 20 0.299213
 47 17.447357 1.583724 15.577555 0.497593 0.491997 -0.714381 0.064575 0.897644 2 19 0.299213 20 0.700787
mnt_body_m.png
 47 17.447357 1.583724 15.577555 0.497593 0.491997 -0.714381 0.064575 0.897644 2 19 0.299213 20 0.700787
 47 16.742176 0.130070 15.199961 0.237080 0.026654 -0.971125 0.057190 0.927002 3 18 0.200787 19 0.500000 20 0.299213
 47 16.699842 1.821843 15.379698 0.300485 0.547838 -0.780758 0.056702 0.894531 3 18 0.200787 19 0.500000 20 0.299213
mnt_body_m.png
 47 16.742176 0.130070 15.199961 0.237080 0.026654 -0.971125 0.057190 0.927002 3 18 0.200787 19 0.500000 20 0.299213
 47 15.974884 0.153295 15.053235 0.148443 0.029359 -0.988485 0.049255 0.927612 3 13 0.249012 18 0.300395 19 0.450593
 47 16.699842 1.821843 15.379698 0.300485 0.547838 -0.780758 0.056702 0.894531 3 18 0.200787 19 0.500000 20 0.299213
mnt_body_m.png
 47 15.974884 0.153295 15.053235 0.148443 0.029359 -0.988485 0.049255 0.927612 3 13 0.249012 18 0.300395 19 0.450593
 47 15.973211 1.944557 15.248072 0.195207 0.535050 -0.821959 0.049194 0.892639 3 13 0.249012 18 0.300395 19 0.450593
 47 16.699842 1.821843 15.379698 0.300485 0.547838 -0.780758 0.056702 0.894531 3 18 0.200787 19 0.500000 20 0.299213
mnt_body_m.png
 47 16.699842 1.821843 15.379698 0.300485 0.547838 -0.780758 0.056702 0.894531 3 18 0.200787 19 0.500000 20 0.299213
 47 15.973211 1.944557 15.248072 0.195207 0.535050 -0.821959 0.049194 0.892639 3 13 0.249012 18 0.300395 19 0.450593
 47 16.651775 2.243466 16.181297 0.309625 0.949674 -0.047459 0.058105 0.874512 3 18 0.200787 19 0.500000 20 0.299213
mnt_body_m.png
 47 15.973211 1.944557 15.248072 0.195207 0.535050 -0.821959 0.049194 0.892639 3 13 0.249012 18 0.300395 19 0.450593
 47 15.964892 2.438798 16.095152 0.229798 0.970734 -0.069775 0.050415 0.873657 3 13 0.047244 18 0.350394 19 0.602362
 47 16.651775 2.243466 16.181297 0.309625 0.949674 -0.047459 0.058105 0.874512 3 18 0.200787 19 0.500000 20 0.299213
mnt_body_m.png
 47 15.964892 2.438798 16.095152 0.229798 0.970734 -0.069775 0.050415 0.873657 3 13 0.047244 18 0.350394 19 0.602362
 47 16.169174 2.033899 16.989801 0.159254 0.783705 0.600371 0.051453 0.852173 3 13 0.047244 18 0.350394 19 0.602362
 47 16.651775 2.243466 16.181297 0.309625 0.949674 -0.047459 0.058105 0.874512 3 18 0.200787 19 0.500000 20 0.299213
mnt_body_m.png
 47 16.651775 2.243466 16.181297 0.309625 0.949674 -0.047459 0.058105 0.874512 3 18 0.200787 19 0.500000 20 0.299213
 47 16.169174 2.033899 16.989801 0.159254 0.783705 0.600371 0.051453 0.852173 3 13 0.047244 18 0.350394 19 0.602362
 47 16.807919 1.887762 17.004496 0.249520 0.765602 0.592954 0.057648 0.848389 3 18 0.200787 19 0.500000 20 0.299213
mnt_body_m.png
 47 16.169174 2.033899 16.989801 0.159254 0.783705 0.600371 0.051453 0.852173 3 13 0.047244 18 0.350394 19 0.602362
 47 16.152271 1.372242 17.485455 0.108815 0.382814 0.917394 0.050293 0.839478 3 13 0.047244 18 0.350394 19 0.602362
 47 16.807919 1.887762 17.004496 0.249520 0.765602 0.592954 0.057648 0.848389 3 18 0.200787 19 0.500000 20 0.299213
mnt_body_m.png
 47 16.152271 1.372242 17.485455 0.108815 0.382814 0.917394 0.050293 0.839478 3 13 0.047244 18 0.350394 19 0.602362
 47 16.840038 1.278710 17.424236 0.215138 0.354929 0.909802 0.056976 0.837891 3 18 0.200787 19 0.500000 20 0.299213
 47 16.807919 1.887762 17.004496 0.249520 0.765602 0.592954 0.057648 0.848389 3 18 0.200787 19 0.500000 20 0.299213
mnt_body_m.png
 47 16.807919 1.887762 17.004496 0.249520 0.765602 0.592954 0.057648 0.848389 3 18 0.200787 19 0.500000 20 0.299213
 47 16.840038 1.278710 17.424236 0.215138 0.354929 0.909802 0.056976 0.837891 3 18 0.200787 19 0.500000 20 0.299213
 47 17.472729 1.598786 16.986773 0.459426 0.670199 0.582891 0.064087 0.844482 2 19 0.299213 20 0.700787
mnt_body_m.png
 47 16.840038 1.278710 17.424236 0.215138 0.354929 0.909802 0.056976 0.837891 3 18 0.200787 19 0.500000 20 0.299213
 47 17.528320 1.158528 17.223442 0.410544 0.315347 0.855576 0.063782 0.836060 2 19 0.299213 20 0.700787
 47 17.472729 1.598786 16.986773 0.459426 0.670199 0.582891 0.064087 0.844482 2 19 0.299213 20 0.700787
mnt_body_m.png
 47 17.472729 1.598786 16.986773 0.459426 0.670199 0.582891 0.064087 0.844482 2 19 0.299213 20 0.700787
 47 17.528320 1.158528 17.223442 0.410544 0.315347 0.855576 0.063782 0.836060 2 19 0.299213 20 0.700787
 47 18.004688 1.090042 16.943989 0.704315 0.382205 0.598213 0.068848 0.832764 2 19 0.098425 20 0.901575
mnt_body_m.png
 47 17.528320 1.158528 17.223442 0.410544 0.315347 0.855576 0.063782 0.836060 2 19 0.299213 20 0.700787
 47 17.596243 0.098673 17.393950 0.415357 0.002457 0.909655 0.063599 0.818481 2 19 0.299213 20 0.700787
 47 18.004688 1.090042 16.943989 0.704315 0.382205 0.598213 0.068848 0.832764 2 19 0.098425 20 0.901575
mnt_body_m.png
 47 18.004688 1.090042 16.943989 0.704315 0.382205 0.598213 0.068848 0.832764 2 19 0.098425 20 0.901575
 47 17.596243 0.098673 17.393950 0.415357 0.002457 0.909655 0.063599 0.818481 2 19 0.299213 20 0.700787
 47 18.194117 0.116999 16.992867 0.750662 0.014193 0.660534 0.070007 0.818359 2 19 0.098425 20 0.901575
mnt_body_m.png
 47 18.194117 0.116999 16.992867 0.750662 0.014193 0.660534 0.070007 0.818359 2 19 0.098425 20 0.901575
 47 17.596243 0.098673 17.393950 0.415357 0.002457 0.909655 0.063599 0.818481 2 19 0.299213 20 0.700787
 47 18.008745 -1.014021 16.900122 0.679098 -0.392909 0.620039 0.068909 0.797363 2 19 0.098425 20 0.901575
mnt_body_m.png
 47 17.596243 0.098673 17.393950 0.415357 0.002457 0.909655 0.063599 0.818481 2 19 0.299213 20 0.700787
 47 17.509010 -1.064415 17.241095 0.392132 -0.364852 0.844462 0.063660 0.797485 2 19 0.299213 20 0.700787
 47 18.008745 -1.014021 16.900122 0.679098 -0.392909 0.620039 0.068909 0.797363 2 19 0.098425 20 0.901575
mnt_body_m.png
 47 18.008745 -1.014021 16.900122 0.679098 -0.392909 0.620039 0.068909 0.797363 2 19 0.098425 20 0.901575
 47 17.509010 -1.064415 17.241095 0.392132 -0.364852 0.844462 0.063660 0.797485 2 19 0.299213 20 0.700787
 47 17.404976 -1.516202 16.939039 0.393181 -0.711181 0.582778 0.062805 0.789307 2 19 0.299213 20 0.700787
mnt_body_m.png
 47 17.509010 -1.064415 17.241095 0.392132 -0.364852 0.844462 0.063660 0.797485 2 19 0.299213 20 0.700787
 47 16.811947 -1.142695 17.379091 0.184029 -0.373126 0.909346 0.056824 0.796875 3 18 0.200787 19 0.500000 20 0.299213
 47 17.404976 -1.516202 16.939039 0.393181 -0.711181 0.582778 0.062805 0.789307 2 19 0.299213 20 0.700787
mnt_body_m.png
 47 17.404976 -1.516202 16.939039 0.393181 -0.711181 0.582778 0.062805 0.789307 2 19 0.299213 20 0.700787
 47 16.811947 -1.142695 17.379091 0.184029 -0.373126 0.909346 0.056824 0.796875 3 18 0.200787 19 0.500000 20 0.299213
 47 16.787331 -1.736755 16.975992 0.220222 -0.765190 0.604968 0.056793 0.786743 3 18 0.200787 19 0.500000 20 0.299213
mnt_body_m.png
 47 16.811947 -1.142695 17.379091 0.184029 -0.373126 0.909346 0.056824 0.796875 3 18 0.200787 19 0.500000 20 0.299213
 47 16.130062 -1.201054 17.464302 0.101986 -0.388314 0.915866 0.050232 0.796387 3 13 0.047244 18 0.350394 19 0.602362
 47 16.787331 -1.736755 16.975992 0.220222 -0.765190 0.604968 0.056793 0.786743 3 18 0.200787 19 0.500000 20 0.299213
mnt_body_m.png
 47 16.787331 -1.736755 16.975992 0.220222 -0.765190 0.604968 0.056793 0.786743 3 18 0.200787 19 0.500000 20 0.299213
 47 16.130062 -1.201054 17.464302 0.101986 -0.388314 0.915866 0.050232 0.796387 3 13 0.047244 18 0.350394 19 0.602362
 47 16.105160 -1.869549 16.955193 0.128235 -0.786956 0.603536 0.050415 0.783936 3 13 0.047244 18 0.350394 19 0.602362
mnt_body_m.png
 47 16.130062 -1.201054 17.464302 0.101986 -0.388314 0.915866 0.050232 0.796387 3 13 0.047244 18 0.350394 19 0.602362
 47 15.502687 -1.245061 17.492666 0.060385 -0.396449 0.916068 0.044250 0.795532 3 13 0.229249 18 0.482213 19 0.288538
 47 16.105160 -1.869549 16.955193 0.128235 -0.786956 0.603536 0.050415 0.783936 3 13 0.047244 18 0.350394 19 0.602362
mnt_body_m.png
 47 16.105160 -1.869549 16.955193 0.128235 -0.786956 0.603536 0.050415 0.783936 3 13 0.047244 18 0.350394 19 0.602362
 47 15.502687 -1.245061 17.492666 0.060385 -0.396449 0.916068 0.044250 0.795532 3 13 0.229249 18 0.482213 19 0.288538
 47 15.489374 -1.963398 16.955322 0.084252 -0.785980 0.612484 0.044617 0.782104 3 13 0.229249 18 0.482213 19 0.288538
mnt_body_m.png
 47 15.502687 -1.245061 17.492666 0.060385 -0.396449 0.916068 0.044250 0.795532 3 13 0.229249 18 0.482213 19 0.288538
 47 14.932536 -1.282338 17.506382 -0.028948 -0.399800 0.916145 0.038788 0.794434 3 13 0.551181 18 0.350394 19 0.098425
 47 15.489374 -1.963398 16.955322 0.084252 -0.785980 0.612484 0.044617 0.782104 3 13 0.229249 18 0.482213 19 0.288538
mnt_body_m.png
 47 15.489374 -1.963398 16.955322 0.084252 -0.785980 0.612484 0.044617 0.782104 3 13 0.229249 18 0.482213 19 0.288538
 47 14.932536 -1.282338 17.506382 -0.028948 -0.399800 0.916145 0.038788 0.794434 3 13 0.551181 18 0.350394 19 0.098425
 47 14.930811 -1.997702 16.940813 -0.004550 -0.779321 0.626609 0.039490 0.781128 3 13 0.551181 18 0.350394 19 0.098425
mnt_body_m.png
 47 14.932536 -1.282338 17.506382 -0.028948 -0.399800 0.916145 0.038788 0.794434 3 13 0.551181 18 0.350394 19 0.098425
 47 14.163347 -1.352447 17.390026 -0.135435 -0.430250 0.892492 0.031342 0.791382 2 13 0.649606 18 0.350394
 47 14.930811 -1.997702 16.940813 -0.004550 -0.779321 0.626609 0.039490 0.781128 3 13 0.551181 18 0.350394 19 0.098425
mnt_body_m.png
 47 14.163347 -1.352447 17.390026 -0.135435 -0.430250 0.892492 0.031342 0.791382 2 13 0.649606 18 0.350394
 47 14.138680 -2.055369 16.794716 -0.098437 -0.780684 0.617125 0.032166 0.778442 2 13 0.649606 18 0.350394
 47 14.930811 -1.997702 16.940813 -0.004550 -0.779321 0.626609 0.039490 0.781128 3 13 0.551181 18 0.350394 19 0.098425
mnt_body_m.png
 47 14.930811 -1.997702 16.940813 -0.004550 -0.779321 0.626609 0.039490 0.781128 3 13 0.551181 18 0.350394 19 0.098425
 47 14.138680 -2.055369 16.794716 -0.098437 -0.780684 0.617125 0.032166 0.778442 2 13 0.649606 18 0.350394
 47 14.406506 -2.484504 15.963048 0.041212 -0.991190 0.125873 0.036163 0.762329 2 13 0.800000 15 0.200000
mnt_body_m.png
 47 14.406506 -2.484504 15.963048 0.041212 -0.991190 0.125873 0.036163 0.762329 2 13 0.800000 15 0.200000
 47 14.138680 -2.055369 16.794716 -0.098437 -0.780684 0.617125 0.032166 0.778442 2 13 0.649606 18 0.350394
 47 13.476339 -2.490960 15.917099 -0.074790 -0.936695 0.342066 0.027206 0.759521 2 13 0.600000 15 0.400000
mnt_body_m.png
 47 14.138680 -2.055369 16.794716 -0.098437 -0.780684 0.617125 0.032166 0.778442 2 13 0.649606 18 0.350394
 47 12.513116 -1.557294 16.911072 -0.290899 -0.587359 0.755240 0.015625 0.781616 2 12 0.098425 13 0.901575
 47 13.476339 -2.490960 15.917099 -0.074790 -0.936695 0.342066 0.027206 0.759521 2 13 0.600000 15 0.400000
mnt_body_m.png
 47 12.513116 -1.557294 16.911072 -0.290899 -0.587359 0.755240 0.015625 0.781616 2 12 0.098425 13 0.901575
 47 12.469244 -2.190157 15.921082 -0.338703 -0.848413 0.406786 0.016663 0.757813 2 13 0.500000 15 0.500000
 47 13.476339 -2.490960 15.917099 -0.074790 -0.936695 0.342066 0.027206 0.759521 2 13 0.600000 15 0.400000
mnt_body_m.png
 47 12.469244 -2.190157 15.921082 -0.338703 -0.848413 0.406786 0.016663 0.757813 2 13 0.500000 15 0.500000
 47 12.325275 -2.379321 15.178896 -0.462989 -0.879750 0.108081 0.017410 0.741943 3 12 0.200000 15 0.600000 16 0.200000
 47 13.476339 -2.490960 15.917099 -0.074790 -0.936695 0.342066 0.027206 0.759521 2 13 0.600000 15 0.400000
mnt_body_m.png
 47 13.476339 -2.490960 15.917099 -0.074790 -0.936695 0.342066 0.027206 0.759521 2 13 0.600000 15 0.400000
 47 12.325275 -2.379321 15.178896 -0.462989 -0.879750 0.108081 0.017410 0.741943 3 12 0.200000 15 0.600000 16 0.200000
 47 13.253569 -2.834254 14.825526 -0.206694 -0.918493 0.337118 0.028717 0.738281 2 15 0.600000 16 0.400000
mnt_body_m.png
 47 12.325275 -2.379321 15.178896 -0.462989 -0.879750 0.108081 0.017410 0.741943 3 12 0.200000 15 0.600000 16 0.200000
 47 12.123214 -2.155323 14.294668 -0.716943 -0.608896 -0.339468 0.018005 0.721191 3 12 0.200000 15 0.600000 16 0.200000
 47 13.253569 -2.834254 14.825526 -0.206694 -0.918493 0.337118 0.028717 0.738281 2 15 0.600000 16 0.400000
mnt_body_m.png
 47 12.123214 -2.155323 14.294668 -0.716943 -0.608896 -0.339468 0.018005 0.721191 3 12 0.200000 15 0.600000 16 0.200000
 47 12.960405 -2.855741 13.860138 -0.637953 -0.720464 -0.271933 0.028946 0.720459 3 13 0.098425 15 0.401575 16 0.500000
 47 13.253569 -2.834254 14.825526 -0.206694 -0.918493 0.337118 0.028717 0.738281 2 15 0.600000 16 0.400000
mnt_body_m.png
 47 13.253569 -2.834254 14.825526 -0.206694 -0.918493 0.337118 0.028717 0.738281 2 15 0.600000 16 0.400000
 47 12.960405 -2.855741 13.860138 -0.637953 -0.720464 -0.271933 0.028946 0.720459 3 13 0.098425 15 0.401575 16 0.500000
 47 14.082403 -3.408772 14.297621 -0.141588 -0.802923 0.579023 0.040497 0.734863 2 16 0.700787 17 0.299213
mnt_body_m.png
 47 12.960405 -2.855741 13.860138 -0.637953 -0.720464 -0.271933 0.028946 0.720459 3 13 0.098425 15 0.401575 16 0.500000
 47 13.716160 -3.299937 13.553832 -0.598707 -0.744371 -0.295741 0.039398 0.720459 2 16 0.700787 17 0.299213
 47 14.082403 -3.408772 14.297621 -0.141588 -0.802923 0.579023 0.040497 0.734863 2 16 0.700787 17 0.299213
mnt_body_m.png
 47 14.082403 -3.408772 14.297621 -0.141588 -0.802923 0.579023 0.040497 0.734863 2 16 0.700787 17 0.299213
 47 13.716160 -3.299937 13.553832 -0.598707 -0.744371 -0.295741 0.039398 0.720459 2 16 0.700787 17 0.299213
 47 14.714320 -3.917161 13.733723 0.117452 -0.938459 0.324807 0.048889 0.727295 1 17 1.000000
mnt_body_m.png
 47 14.714320 -3.917161 13.733723 0.117452 -0.938459 0.324807 0.048889 0.727295 1 17 1.000000
 47 13.716160 -3.299937 13.553832 -0.598707 -0.744371 -0.295741 0.039398 0.720459 2 16 0.700787 17 0.299213
 47 14.575556 -3.825221 13.136571 -0.229819 -0.853548 -0.467589 0.049622 0.717773 1 17 1.000000
mnt_body_m.png
 47 14.575556 -3.825221 13.136571 -0.229819 -0.853548 -0.467589 0.049622 0.717773 1 17 1.000000
 47 13.716160 -3.299937 13.553832 -0.598707 -0.744371 -0.295741 0.039398 0.720459 2 16 0.700787 17 0.299213
 47 14.573309 -3.360084 12.769032 -0.134497 -0.274346 -0.952179 0.048584 0.708008 1 17 1.000000
mnt_body_m.png
 47 13.716160 -3.299937 13.553832 -0.598707 -0.744371 -0.295741 0.039398 0.720459 2 16 0.700787 17 0.299213
 47 13.780225 -2.717930 13.059622 -0.410272 -0.080072 -0.908441 0.038391 0.706055 2 16 0.700787 17 0.299213
 47 14.573309 -3.360084 12.769032 -0.134497 -0.274346 -0.952179 0.048584 0.708008 1 17 1.000000
mnt_body_m.png
 47 14.573309 -3.360084 12.769032 -0.134497 -0.274346 -0.952179 0.048584 0.708008 1 17 1.000000
 47 13.780225 -2.717930 13.059622 -0.410272 -0.080072 -0.908441 0.038391 0.706055 2 16 0.700787 17 0.299213
 47 14.650322 -2.202632 13.092035 0.395022 0.598217 -0.697204 0.044006 0.689209 2 16 0.700787 17 0.299213
mnt_body_m.png
 47 13.780225 -2.717930 13.059622 -0.410272 -0.080072 -0.908441 0.038391 0.706055 2 16 0.700787 17 0.299213
 47 14.026436 -1.581048 13.441772 0.332538 0.500126 -0.799557 0.034393 0.684326 3 13 0.200787 15 0.299213 16 0.500000
 47 14.650322 -2.202632 13.092035 0.395022 0.598217 -0.697204 0.044006 0.689209 2 16 0.700787 17 0.299213
mnt_body_m.png
 47 14.026436 -1.581048 13.441772 0.332538 0.500126 -0.799557 0.034393 0.684326 3 13 0.200787 15 0.299213 16 0.500000
 47 14.526623 -1.857672 14.194645 0.911016 0.402910 -0.087829 0.041168 0.665771 3 13 0.200787 15 0.299213 16 0.500000
 47 14.650322 -2.202632 13.092035 0.395022 0.598217 -0.697204 0.044006 0.689209 2 16 0.700787 17 0.299213
mnt_body_m.png
 47 14.650322 -2.202632 13.092035 0.395022 0.598217 -0.697204 0.044006 0.689209 2 16 0.700787 17 0.299213
 47 14.526623 -1.857672 14.194645 0.911016 0.402910 -0.087829 0.041168 0.665771 3 13 0.200787 15 0.299213 16 0.500000
 47 15.022143 -2.423262 13.838951 0.859280 0.504885 0.082032 0.049805 0.674561 2 16 0.700787 17 0.299213
mnt_body_m.png
 47 14.526623 -1.857672 14.194645 0.911016 0.402910 -0.087829 0.041168 0.665771 3 13 0.200787 15 0.299213 16 0.500000
 47 14.026436 -1.581048 13.441772 0.332538 0.500126 -0.799557 0.034393 0.684326 3 13 0.200787 15 0.299213 16 0.500000
 47 14.156651 -0.876531 14.074009 0.705595 0.477838 -0.523265 0.029709 0.666504 2 13 0.400000 15 0.600000
mnt_body_m.png
 47 14.156651 -0.876531 14.074009 0.705595 0.477838 -0.523265 0.029709 0.666504 2 13 0.400000 15 0.600000
 47 14.026436 -1.581048 13.441772 0.332538 0.500126 -0.799557 0.034393 0.684326 3 13 0.200787 15 0.299213 16 0.500000
 47 13.189310 -0.638711 13.734870 0.048896 0.436588 -0.898332 0.022278 0.678955 2 13 0.600000 15 0.400000
mnt_body_m.png
 47 14.026436 -1.581048 13.441772 0.332538 0.500126 -0.799557 0.034393 0.684326 3 13 0.200787 15 0.299213 16 0.500000
 47 12.946909 -2.131793 13.390738 -0.453031 -0.083608 -0.887565 0.027054 0.706787 3 13 0.098425 15 0.401575 16 0.500000
 47 13.189310 -0.638711 13.734870 0.048896 0.436588 -0.898332 0.022278 0.678955 2 13 0.600000 15 0.400000
mnt_body_m.png
 47 12.946909 -2.131793 13.390738 -0.453031 -0.083608 -0.887565 0.027054 0.706787 3 13 0.098425 15 0.401575 16 0.500000
 47 12.165335 -1.478714 13.823328 -0.600913 -0.059665 -0.797085 0.016891 0.705322 3 12 0.200000 15 0.600000 16 0.200000
 47 13.189310 -0.638711 13.734870 0.048896 0.436588 -0.898332 0.022278 0.678955 2 13 0.600000 15 0.400000
mnt_body_m.png
 47 13.189310 -0.638711 13.734870 0.048896 0.436588 -0.898332 0.022278 0.678955 2 13 0.600000 15 0.400000
 47 12.165335 -1.478714 13.823328 -0.600913 -0.059665 -0.797085 0.016891 0.705322 3 12 0.200000 15 0.600000 16 0.200000
 47 12.338859 -0.395164 14.003042 -0.313995 0.372146 -0.873450 0.014015 0.683594 3 12 0.098425 13 0.500000 15 0.401575
mnt_body_m.png
 47 12.165335 -1.478714 13.823328 -0.600913 -0.059665 -0.797085 0.016891 0.705322 3 12 0.200000 15 0.600000 16 0.200000
 47 12.946909 -2.131793 13.390738 -0.453031 -0.083608 -0.887565 0.027054 0.706787 3 13 0.098425 15 0.401575 16 0.500000
 47 12.123214 -2.155323 14.294668 -0.716943 -0.608896 -0.339468 0.018005 0.721191 3 12 0.200000 15 0.600000 16 0.200000
mnt_body_m.png
 47 12.123214 -2.155323 14.294668 -0.716943 -0.608896 -0.339468 0.018005 0.721191 3 12 0.200000 15 0.600000 16 0.200000
 47 12.946909 -2.131793 13.390738 -0.453031 -0.083608 -0.887565 0.027054 0.706787 3 13 0.098425 15 0.401575 16 0.500000
 47 12.960405 -2.855741 13.860138 -0.637953 -0.720464 -0.271933 0.028946 0.720459 3 13 0.098425 15 0.401575 16 0.500000
mnt_body_m.png
 47 12.946909 -2.131793 13.390738 -0.453031 -0.083608 -0.887565 0.027054 0.706787 3 13 0.098425 15 0.401575 16 0.500000
 47 13.780225 -2.717930 13.059622 -0.410272 -0.080072 -0.908441 0.038391 0.706055 2 16 0.700787 17 0.299213
 47 12.960405 -2.855741 13.860138 -0.637953 -0.720464 -0.271933 0.028946 0.720459 3 13 0.098425 15 0.401575 16 0.500000
mnt_body_m.png
 47 12.960405 -2.855741 13.860138 -0.637953 -0.720464 -0.271933 0.028946 0.720459 3 13 0.098425 15 0.401575 16 0.500000
 47 13.780225 -2.717930 13.059622 -0.410272 -0.080072 -0.908441 0.038391 0.706055 2 16 0.700787 17 0.299213
 47 13.716160 -3.299937 13.553832 -0.598707 -0.744371 -0.295741 0.039398 0.720459 2 16 0.700787 17 0.299213
mnt_body_m.png
 47 12.946909 -2.131793 13.390738 -0.453031 -0.083608 -0.887565 0.027054 0.706787 3 13 0.098425 15 0.401575 16 0.500000
 47 14.026436 -1.581048 13.441772 0.332538 0.500126 -0.799557 0.034393 0.684326 3 13 0.200787 15 0.299213 16 0.500000
 47 13.780225 -2.717930 13.059622 -0.410272 -0.080072 -0.908441 0.038391 0.706055 2 16 0.700787 17 0.299213
mnt_body_m.png
 47 14.138680 -2.055369 16.794716 -0.098437 -0.780684 0.617125 0.032166 0.778442 2 13 0.649606 18 0.350394
 47 14.163347 -1.352447 17.390026 -0.135435 -0.430250 0.892492 0.031342 0.791382 2 13 0.649606 18 0.350394
 47 12.513116 -1.557294 16.911072 -0.290899 -0.587359 0.755240 0.015625 0.781616 2 12 0.098425 13 0.901575
mnt_body_m.png
 47 12.513116 -1.557294 16.911072 -0.290899 -0.587359 0.755240 0.015625 0.781616 2 12 0.098425 13 0.901575
 47 14.163347 -1.352447 17.390026 -0.135435 -0.430250 0.892492 0.031342 0.791382 2 13 0.649606 18 0.350394
 47 12.515498 0.075331 17.438595 -0.273335 -0.009556 0.961871 0.014488 0.816895 2 12 0.098425 13 0.901575
mnt_body_m.png
 47 14.163347 -1.352447 17.390026 -0.135435 -0.430250 0.892492 0.031342 0.791382 2 13 0.649606 18 0.350394
 47 14.152237 0.140009 17.667419 -0.119651 -0.011196 0.992753 0.030411 0.818481 2 13 0.649606 18 0.350394
 47 12.515498 0.075331 17.438595 -0.273335 -0.009556 0.961871 0.014488 0.816895 2 12 0.098425 13 0.901575
mnt_body_m.png
 47 14.152237 0.140009 17.667419 -0.119651 -0.011196 0.992753 0.030411 0.818481 2 13 0.649606 18 0.350394
 47 14.097626 1.447316 17.466801 -0.142599 0.383855 0.912316 0.030411 0.842041 2 13 0.649606 18 0.350394
 47 12.515498 0.075331 17.438595 -0.273335 -0.009556 0.961871 0.014488 0.816895 2 12 0.098425 13 0.901575
mnt_body_m.png
 47 12.515498 0.075331 17.438595 -0.273335 -0.009556 0.961871 0.014488 0.816895 2 12 0.098425 13 0.901575
 47 14.097626 1.447316 17.466801 -0.142599 0.383855 0.912316 0.030411 0.842041 2 13 0.649606 18 0.350394
 47 12.405240 1.622713 16.924698 -0.343457 0.618744 0.706536 0.013969 0.850708 2 12 0.098425 13 0.901575
mnt_body_m.png
 47 14.097626 1.447316 17.466801 -0.142599 0.383855 0.912316 0.030411 0.842041 2 13 0.649606 18 0.350394
 47 14.043804 2.105442 16.967579 -0.152563 0.771045 0.618235 0.030640 0.854126 2 13 0.649606 18 0.350394
 47 12.405240 1.622713 16.924698 -0.343457 0.618744 0.706536 0.013969 0.850708 2 12 0.098425 13 0.901575
mnt_body_m.png
 47 14.043804 2.105442 16.967579 -0.152563 0.771045 0.618235 0.030640 0.854126 2 13 0.649606 18 0.350394
 47 13.268044 2.504656 15.707819 -0.205785 0.973757 -0.097209 0.023697 0.875916 1 13 1.000000
 47 12.405240 1.622713 16.924698 -0.343457 0.618744 0.706536 0.013969 0.850708 2 12 0.098425 13 0.901575
mnt_body_m.png
 47 12.405240 1.622713 16.924698 -0.343457 0.618744 0.706536 0.013969 0.850708 2 12 0.098425 13 0.901575
 47 13.268044 2.504656 15.707819 -0.205785 0.973757 -0.097209 0.023697 0.875916 1 13 1.000000
 47 12.252405 2.158919 15.689382 -0.404329 0.912503 -0.062104 0.013573 0.875183 2 12 0.098425 13 0.901575
mnt_body_m.png
 47 13.268044 2.504656 15.707819 -0.205785 0.973757 -0.097209 0.023697 0.875916 1 13 1.000000
 47 14.043804 2.105442 16.967579 -0.152563 0.771045 0.618235 0.030640 0.854126 2 13 0.649606 18 0.350394
 47 14.208695 2.622842 15.894875 -0.032370 0.996217 -0.080644 0.032654 0.873535 2 13 0.901575 18 0.098425
mnt_body_m.png
 47 14.043804 2.105442 16.967579 -0.152563 0.771045 0.618235 0.030640 0.854126 2 13 0.649606 18 0.350394
 47 15.022401 2.179405 16.979893 -0.009373 0.798507 0.601913 0.040192 0.854980 3 13 0.551181 18 0.350394 19 0.098425
 47 14.208695 2.622842 15.894875 -0.032370 0.996217 -0.080644 0.032654 0.873535 2 13 0.901575 18 0.098425
mnt_body_m.png
 47 15.022401 2.179405 16.979893 -0.009373 0.798507 0.601913 0.040192 0.854980 3 13 0.551181 18 0.350394 19 0.098425
 47 15.185993 2.576677 16.014729 0.103466 0.990337 -0.092341 0.042023 0.872803 3 13 0.350394 18 0.500000 19 0.149606
 47 14.208695 2.622842 15.894875 -0.032370 0.996217 -0.080644 0.032654 0.873535 2 13 0.901575 18 0.098425
mnt_body_m.png
 47 14.208695 2.622842 15.894875 -0.032370 0.996217 -0.080644 0.032654 0.873535 2 13 0.901575 18 0.098425
 47 15.185993 2.576677 16.014729 0.103466 0.990337 -0.092341 0.042023 0.872803 3 13 0.350394 18 0.500000 19 0.149606
 47 15.147547 1.985720 15.156452 0.143766 0.511792 -0.846995 0.040863 0.891907 3 13 0.602362 18 0.307087 19 0.090551
mnt_body_m.png
 47 15.147547 1.985720 15.156452 0.143766 0.511792 -0.846995 0.040863 0.891907 3 13 0.602362 18 0.307087 19 0.090551
 47 15.185993 2.576677 16.014729 0.103466 0.990337 -0.092341 0.042023 0.872803 3 13 0.350394 18 0.500000 19 0.149606
 47 15.973211 1.944557 15.248072 0.195207 0.535050 -0.821959 0.049194 0.892639 3 13 0.249012 18 0.300395 19 0.450593
mnt_body_m.png
 47 15.973211 1.944557 15.248072 0.195207 0.535050 -0.821959 0.049194 0.892639 3 13 0.249012 18 0.300395 19 0.450593
 47 15.185993 2.576677 16.014729 0.103466 0.990337 -0.092341 0.042023 0.872803 3 13 0.350394 18 0.500000 19 0.149606
 47 15.964892 2.438798 16.095152 0.229798 0.970734 -0.069775 0.050415 0.873657 3 13 0.047244 18 0.350394 19 0.602362
mnt_body_m.png
 47 15.185993 2.576677 16.014729 0.103466 0.990337 -0.092341 0.042023 0.872803 3 13 0.350394 18 0.500000 19 0.149606
 47 15.567175 2.145585 16.992168 0.098120 0.791963 0.602633 0.045532 0.854004 3 13 0.229249 18 0.482213 19 0.288538
 47 15.964892 2.438798 16.095152 0.229798 0.970734 -0.069775 0.050415 0.873657 3 13 0.047244 18 0.350394 19 0.602362
mnt_body_m.png
 47 15.964892 2.438798 16.095152 0.229798 0.970734 -0.069775 0.050415 0.873657 3 13 0.047244 18 0.350394 19 0.602362
 47 15.567175 2.145585 16.992168 0.098120 0.791963 0.602633 0.045532 0.854004 3 13 0.229249 18 0.482213 19 0.288538
 47 16.169174 2.033899 16.989801 0.159254 0.783705 0.600371 0.051453 0.852173 3 13 0.047244 18 0.350394 19 0.602362
mnt_body_m.png
 47 15.567175 2.145585 16.992168 0.098120 0.791963 0.602633 0.045532 0.854004 3 13 0.229249 18 0.482213 19 0.288538
 47 15.547402 1.440073 17.517996 0.076392 0.388844 0.918131 0.044464 0.840698 3 13 0.229249 18 0.482213 19 0.288538
 47 16.169174 2.033899 16.989801 0.159254 0.783705 0.600371 0.051453 0.852173 3 13 0.047244 18 0.350394 19 0.602362
mnt_body_m.png
 47 16.169174 2.033899 16.989801 0.159254 0.783705 0.600371 0.051453 0.852173 3 13 0.047244 18 0.350394 19 0.602362
 47 15.547402 1.440073 17.517996 0.076392 0.388844 0.918131 0.044464 0.840698 3 13 0.229249 18 0.482213 19 0.288538
 47 16.152271 1.372242 17.485455 0.108815 0.382814 0.917394 0.050293 0.839478 3 13 0.047244 18 0.350394 19 0.602362
mnt_body_m.png
 47 15.547402 1.440073 17.517996 0.076392 0.388844 0.918131 0.044464 0.840698 3 13 0.229249 18 0.482213 19 0.288538
 47 15.536213 0.137314 17.728634 0.058047 -0.003679 0.998307 0.043823 0.818726 3 13 0.229249 18 0.482213 19 0.288538
 47 16.152271 1.372242 17.485455 0.108815 0.382814 0.917394 0.050293 0.839478 3 13 0.047244 18 0.350394 19 0.602362
mnt_body_m.png
 47 15.536213 0.137314 17.728634 0.058047 -0.003679 0.998307 0.043823 0.818726 3 13 0.229249 18 0.482213 19 0.288538
 47 16.144268 0.141556 17.681297 0.097264 -0.003956 0.995251 0.049561 0.818970 3 13 0.047244 18 0.350394 19 0.602362
 47 16.152271 1.372242 17.485455 0.108815 0.382814 0.917394 0.050293 0.839478 3 13 0.047244 18 0.350394 19 0.602362
mnt_body_m.png
 47 16.152271 1.372242 17.485455 0.108815 0.382814 0.917394 0.050293 0.839478 3 13 0.047244 18 0.350394 19 0.602362
 47 16.144268 0.141556 17.681297 0.097264 -0.003956 0.995251 0.049561 0.818970 3 13 0.047244 18 0.350394 19 0.602362
 47 16.840038 1.278710 17.424236 0.215138 0.354929 0.909802 0.056976 0.837891 3 18 0.200787 19 0.500000 20 0.299213
mnt_body_m.png
 47 16.144268 0.141556 17.681297 0.097264 -0.003956 0.995251 0.049561 0.818970 3 13 0.047244 18 0.350394 19 0.602362
 47 16.841549 0.134760 17.600924 0.188765 -0.001774 0.982021 0.056122 0.819092 3 18 0.200787 19 0.500000 20 0.299213
 47 16.840038 1.278710 17.424236 0.215138 0.354929 0.909802 0.056976 0.837891 3 18 0.200787 19 0.500000 20 0.299213
mnt_body_m.png
 47 16.840038 1.278710 17.424236 0.215138 0.354929 0.909802 0.056976 0.837891 3 18 0.200787 19 0.500000 20 0.299213
 47 16.841549 0.134760 17.600924 0.188765 -0.001774 0.982021 0.056122 0.819092 3 18 0.200787 19 0.500000 20 0.299213
 47 17.528320 1.158528 17.223442 0.410544 0.315347 0.855576 0.063782 0.836060 2 19 0.299213 20 0.700787
mnt_body_m.png
 47 17.528320 1.158528 17.223442 0.410544 0.315347 0.855576 0.063782 0.836060 2 19 0.299213 20 0.700787
 47 16.841549 0.134760 17.600924 0.188765 -0.001774 0.982021 0.056122 0.819092 3 18 0.200787 19 0.500000 20 0.299213
 47 17.596243 0.098673 17.393950 0.415357 0.002457 0.909655 0.063599 0.818481 2 19 0.299213 20 0.700787
mnt_body_m.png
 47 17.596243 0.098673 17.393950 0.415357 0.002457 0.909655 0.063599 0.818481 2 19 0.299213 20 0.700787
 47 16.841549 0.134760 17.600924 0.188765 -0.001774 0.982021 0.056122 0.819092 3 18 0.200787 19 0.500000 20 0.299213
 47 17.509010 -1.064415 17.241095 0.392132 -0.364852 0.844462 0.063660 0.797485 2 19 0.299213 20 0.700787
mnt_body_m.png
 47 17.509010 -1.064415 17.241095 0.392132 -0.364852 0.844462 0.063660 0.797485 2 19 0.299213 20 0.700787
 47 16.841549 0.134760 17.600924 0.188765 -0.001774 0.982021 0.056122 0.819092 3 18 0.200787 19 0.500000 20 0.299213
 47 16.811947 -1.142695 17.379091 0.184029 -0.373126 0.909346 0.056824 0.796875 3 18 0.200787 19 0.500000 20 0.299213
mnt_body_m.png
 47 16.841549 0.134760 17.600924 0.188765 -0.001774 0.982021 0.056122 0.819092 3 18 0.200787 19 0.500000 20 0.299213
 47 16.144268 0.141556 17.681297 0.097264 -0.003956 0.995251 0.049561 0.818970 3 13 0.047244 18 0.350394 19 0.602362
 47 16.811947 -1.142695 17.379091 0.184029 -0.373126 0.909346 0.056824 0.796875 3 18 0.200787 19 0.500000 20 0.299213
mnt_body_m.png
 47 16.811947 -1.142695 17.379091 0.184029 -0.373126 0.909346 0.056824 0.796875 3 18 0.200787 19 0.500000 20 0.299213
 47 16.144268 0.141556 17.681297 0.097264 -0.003956 0.995251 0.049561 0.818970 3 13 0.047244 18 0.350394 19 0.602362
 47 16.130062 -1.201054 17.464302 0.101986 -0.388314 0.915866 0.050232 0.796387 3 13 0.047244 18 0.350394 19 0.602362
mnt_body_m.png
 47 16.144268 0.141556 17.681297 0.097264 -0.003956 0.995251 0.049561 0.818970 3 13 0.047244 18 0.350394 19 0.602362
 47 15.536213 0.137314 17.728634 0.058047 -0.003679 0.998307 0.043823 0.818726 3 13 0.229249 18 0.482213 19 0.288538
 47 16.130062 -1.201054 17.464302 0.101986 -0.388314 0.915866 0.050232 0.796387 3 13 0.047244 18 0.350394 19 0.602362
mnt_body_m.png
 47 16.130062 -1.201054 17.464302 0.101986 -0.388314 0.915866 0.050232 0.796387 3 13 0.047244 18 0.350394 19 0.602362
 47 15.536213 0.137314 17.728634 0.058047 -0.003679 0.998307 0.043823 0.818726 3 13 0.229249 18 0.482213 19 0.288538
 47 15.502687 -1.245061 17.492666 0.060385 -0.396449 0.916068 0.044250 0.795532 3 13 0.229249 18 0.482213 19 0.288538
mnt_body_m.png
 47 15.536213 0.137314 17.728634 0.058047 -0.003679 0.998307 0.043823 0.818726 3 13 0.229249 18 0.482213 19 0.288538
 47 14.985380 0.131230 17.751858 -0.028832 -0.006104 0.999566 0.038544 0.818481 3 13 0.551181 18 0.350394 19 0.098425
 47 15.502687 -1.245061 17.492666 0.060385 -0.396449 0.916068 0.044250 0.795532 3 13 0.229249 18 0.482213 19 0.288538
mnt_body_m.png
 47 15.502687 -1.245061 17.492666 0.060385 -0.396449 0.916068 0.044250 0.795532 3 13 0.229249 18 0.482213 19 0.288538
 47 14.985380 0.131230 17.751858 -0.028832 -0.006104 0.999566 0.038544 0.818481 3 13 0.551181 18 0.350394 19 0.098425
 47 14.932536 -1.282338 17.506382 -0.028948 -0.399800 0.916145 0.038788 0.794434 3 13 0.551181 18 0.350394 19 0.098425
mnt_body_m.png
 47 14.985380 0.131230 17.751858 -0.028832 -0.006104 0.999566 0.038544 0.818481 3 13 0.551181 18 0.350394 19 0.098425
 47 14.152237 0.140009 17.667419 -0.119651 -0.011196 0.992753 0.030411 0.818481 2 13 0.649606 18 0.350394
 47 14.932536 -1.282338 17.506382 -0.028948 -0.399800 0.916145 0.038788 0.794434 3 13 0.551181 18 0.350394 19 0.098425
mnt_body_m.png
 47 14.932536 -1.282338 17.506382 -0.028948 -0.399800 0.916145 0.038788 0.794434 3 13 0.551181 18 0.350394 19 0.098425
 47 14.152237 0.140009 17.667419 -0.119651 -0.011196 0.992753 0.030411 0.818481 2 13 0.649606 18 0.350394
 47 14.163347 -1.352447 17.390026 -0.135435 -0.430250 0.892492 0.031342 0.791382 2 13 0.649606 18 0.350394
mnt_body_m.png
 47 14.985380 0.131230 17.751858 -0.028832 -0.006104 0.999566 0.038544 0.818481 3 13 0.551181 18 0.350394 19 0.098425
 47 14.999747 1.482303 17.535891 -0.015035 0.399082 0.916792 0.039124 0.841797 3 13 0.551181 18 0.350394 19 0.098425
 47 14.152237 0.140009 17.667419 -0.119651 -0.011196 0.992753 0.030411 0.818481 2 13 0.649606 18 0.350394
mnt_body_m.png
 47 14.152237 0.140009 17.667419 -0.119651 -0.011196 0.992753 0.030411 0.818481 2 13 0.649606 18 0.350394
 47 14.999747 1.482303 17.535891 -0.015035 0.399082 0.916792 0.039124 0.841797 3 13 0.551181 18 0.350394 19 0.098425
 47 14.097626 1.447316 17.466801 -0.142599 0.383855 0.912316 0.030411 0.842041 2 13 0.649606 18 0.350394
mnt_body_m.png
 47 14.097626 1.447316 17.466801 -0.142599 0.383855 0.912316 0.030411 0.842041 2 13 0.649606 18 0.350394
 47 14.999747 1.482303 17.535891 -0.015035 0.399082 0.916792 0.039124 0.841797 3 13 0.551181 18 0.350394 19 0.098425
 47 14.043804 2.105442 16.967579 -0.152563 0.771045 0.618235 0.030640 0.854126 2 13 0.649606 18 0.350394
mnt_body_m.png
 47 14.043804 2.105442 16.967579 -0.152563 0.771045 0.618235 0.030640 0.854126 2 13 0.649606 18 0.350394
 47 14.999747 1.482303 17.535891 -0.015035 0.399082 0.916792 0.039124 0.841797 3 13 0.551181 18 0.350394 19 0.098425
 47 15.022401 2.179405 16.979893 -0.009373 0.798507 0.601913 0.040192 0.854980 3 13 0.551181 18 0.350394 19 0.098425
mnt_body_m.png
 47 14.999747 1.482303 17.535891 -0.015035 0.399082 0.916792 0.039124 0.841797 3 13 0.551181 18 0.350394 19 0.098425
 47 15.567175 2.145585 16.992168 0.098120 0.791963 0.602633 0.045532 0.854004 3 13 0.229249 18 0.482213 19 0.288538
 47 15.022401 2.179405 16.979893 -0.009373 0.798507 0.601913 0.040192 0.854980 3 13 0.551181 18 0.350394 19 0.098425
mnt_body_m.png
 47 15.022401 2.179405 16.979893 -0.009373 0.798507 0.601913 0.040192 0.854980 3 13 0.551181 18 0.350394 19 0.098425
 47 15.567175 2.145585 16.992168 0.098120 0.791963 0.602633 0.045532 0.854004 3 13 0.229249 18 0.482213 19 0.288538
 47 15.185993 2.576677 16.014729 0.103466 0.990337 -0.092341 0.042023 0.872803 3 13 0.350394 18 0.500000 19 0.149606
mnt_body_m.png
 47 15.567175 2.145585 16.992168 0.098120 0.791963 0.602633 0.045532 0.854004 3 13 0.229249 18 0.482213 19 0.288538
 47 14.999747 1.482303 17.535891 -0.015035 0.399082 0.916792 0.039124 0.841797 3 13 0.551181 18 0.350394 19 0.098425
 47 15.547402 1.440073 17.517996 0.076392 0.388844 0.918131 0.044464 0.840698 3 13 0.229249 18 0.482213 19 0.288538
mnt_body_m.png
 47 14.999747 1.482303 17.535891 -0.015035 0.399082 0.916792 0.039124 0.841797 3 13 0.551181 18 0.350394 19 0.098425
 47 14.985380 0.131230 17.751858 -0.028832 -0.006104 0.999566 0.038544 0.818481 3 13 0.551181 18 0.350394 19 0.098425
 47 15.547402 1.440073 17.517996 0.076392 0.388844 0.918131 0.044464 0.840698 3 13 0.229249 18 0.482213 19 0.288538
mnt_body_m.png
 47 15.547402 1.440073 17.517996 0.076392 0.388844 0.918131 0.044464 0.840698 3 13 0.229249 18 0.482213 19 0.288538
 47 14.985380 0.131230 17.751858 -0.028832 -0.006104 0.999566 0.038544 0.818481 3 13 0.551181 18 0.350394 19 0.098425
 47 15.536213 0.137314 17.728634 0.058047 -0.003679 0.998307 0.043823 0.818726 3 13 0.229249 18 0.482213 19 0.288538
mnt_body_m.png
 47 11.359619 1.132330 14.911642 -0.257637 0.539551 -0.801566 0.098511 0.508789 2 12 0.700787 13 0.299213
 47 11.360506 -0.072266 14.684742 -0.276713 0.129248 -0.952221 0.109802 0.508789 2 12 0.700787 13 0.299213
 47 8.237166 0.618259 14.952755 -0.087801 0.504354 -0.859021 0.098511 0.572021 2 11 0.098425 12 0.901575
mnt_body_m.png
 47 11.360506 -0.072266 14.684742 -0.276713 0.129248 -0.952221 0.109802 0.508789 2 12 0.700787 13 0.299213
 47 8.326462 -0.725709 14.917827 -0.095371 -0.510215 -0.854743 0.115234 0.572021 2 11 0.200000 12 0.800000
 47 8.237166 0.618259 14.952755 -0.087801 0.504354 -0.859021 0.098511 0.572021 2 11 0.098425 12 0.901575
mnt_body_m.png
 47 8.326462 -0.725709 14.917827 -0.095371 -0.510215 -0.854743 0.115234 0.572021 2 11 0.200000 12 0.800000
 47 7.578301 -0.678557 14.948459 -0.071888 -0.516962 -0.852984 0.115295 0.587402 2 11 0.551181 12 0.448819
 47 8.237166 0.618259 14.952755 -0.087801 0.504354 -0.859021 0.098511 0.572021 2 11 0.098425 12 0.901575
mnt_body_m.png
 47 8.237166 0.618259 14.952755 -0.087801 0.504354 -0.859021 0.098511 0.572021 2 11 0.098425 12 0.901575
 47 7.578301 -0.678557 14.948459 -0.071888 -0.516962 -0.852984 0.115295 0.587402 2 11 0.551181 12 0.448819
 47 7.593689 0.591383 14.973341 -0.053515 0.520458 -0.852209 0.098511 0.587402 2 11 0.500000 12 0.500000
mnt_body_m.png
 47 7.578301 -0.678557 14.948459 -0.071888 -0.516962 -0.852984 0.115295 0.587402 2 11 0.551181 12 0.448819
 47 6.990728 -0.646341 14.979348 -0.062548 -0.521690 -0.850839 0.115295 0.601807 2 11 0.901575 12 0.098425
 47 7.593689 0.591383 14.973341 -0.053515 0.520458 -0.852209 0.098511 0.587402 2 11 0.500000 12 0.500000
mnt_body_m.png
 47 7.593689 0.591383 14.973341 -0.053515 0.520458 -0.852209 0.098511 0.587402 2 11 0.500000 12 0.500000
 47 6.990728 -0.646341 14.979348 -0.062548 -0.521690 -0.850839 0.115295 0.601807 2 11 0.901575 12 0.098425
 47 6.945291 0.599358 15.010772 -0.042183 0.555286 -0.830589 0.098511 0.601807 2 11 0.901575 12 0.098425
mnt_body_m.png
 47 6.990728 -0.646341 14.979348 -0.062548 -0.521690 -0.850839 0.115295 0.601807 2 11 0.901575 12 0.098425
 47 4.840827 -0.573509 15.061059 0.185706 -0.569217 -0.800940 0.115295 0.655762 1 11 1.000000
 47 6.945291 0.599358 15.010772 -0.042183 0.555286 -0.830589 0.098511 0.601807 2 11 0.901575 12 0.098425
mnt_body_m.png
 47 6.945291 0.599358 15.010772 -0.042183 0.555286 -0.830589 0.098511 0.601807 2 11 0.901575 12 0.098425
 47 4.840827 -0.573509 15.061059 0.185706 -0.569217 -0.800940 0.115295 0.655762 1 11 1.000000
 47 4.799708 0.629361 15.088463 0.277465 0.612374 -0.740278 0.098511 0.649170 2 10 0.200000 11 0.800000
mnt_body_m.png
 47 4.799708 0.629361 15.088463 0.277465 0.612374 -0.740278 0.098511 0.649170 2 10 0.200000 11 0.800000
 47 4.840827 -0.573509 15.061059 0.185706 -0.569217 -0.800940 0.115295 0.655762 1 11 1.000000
 47 4.562448 0.690400 14.946227 0.894672 0.428268 -0.127075 0.097412 0.655762 3 5 0.700788 10 0.200787 11 0.098425
mnt_body_m.png
 47 4.562448 0.690400 14.946227 0.894672 0.428268 -0.127075 0.097412 0.655762 3 5 0.700788 10 0.200787 11 0.098425
 47 4.840827 -0.573509 15.061059 0.185706 -0.569217 -0.800940 0.115295 0.655762 1 11 1.000000
 47 4.508789 -0.649148 14.934836 0.879527 -0.472141 -0.059292 0.115112 0.661377 3 5 0.700788 10 0.200787 11 0.098425
mnt_body_m.png
 47 4.840827 -0.573509 15.061059 0.185706 -0.569217 -0.800940 0.115295 0.655762 1 11 1.000000
 47 4.741588 -0.833167 15.781330 0.062305 -0.997707 0.026442 0.128174 0.660889 2 10 0.200000 11 0.800000
 47 4.508789 -0.649148 14.934836 0.879527 -0.472141 -0.059292 0.115112 0.661377 3 5 0.700788 10 0.200787 11 0.098425
mnt_body_m.png
 47 4.508789 -0.649148 14.934836 0.879527 -0.472141 -0.059292 0.115112 0.661377 3 5 0.700788 10 0.200787 11 0.098425
 47 4.741588 -0.833167 15.781330 0.062305 -0.997707 0.026442 0.128174 0.660889 2 10 0.200000 11 0.800000
 47 4.046211 -0.982530 15.805143 0.616564 -0.700779 0.358827 0.128174 0.682617 4 5 0.403162 6 0.007905 10 0.300395 11 0.288538
mnt_body_m.png
 47 4.741588 -0.833167 15.781330 0.062305 -0.997707 0.026442 0.128174 0.660889 2 10 0.200000 11 0.800000
 47 4.217324 -0.590261 16.498962 0.058713 -0.636298 0.769206 0.140625 0.675293 4 5 0.098814 6 0.047431 10 0.403162 11 0.450593
 47 4.046211 -0.982530 15.805143 0.616564 -0.700779 0.358827 0.128174 0.682617 4 5 0.403162 6 0.007905 10 0.300395 11 0.288538
mnt_body_m.png
 47 4.046211 -0.982530 15.805143 0.616564 -0.700779 0.358827 0.128174 0.682617 4 5 0.403162 6 0.007905 10 0.300395 11 0.288538
 47 4.217324 -0.590261 16.498962 0.058713 -0.636298 0.769206 0.140625 0.675293 4 5 0.098814 6 0.047431 10 0.403162 11 0.450593
 47 3.781178 -0.575387 16.531374 0.389349 -0.440827 0.808751 0.140625 0.686768 4 5 0.200787 6 0.098425 10 0.602363 11 0.098425
mnt_body_m.png
 47 4.217324 -0.590261 16.498962 0.058713 -0.636298 0.769206 0.140625 0.675293 4 5 0.098814 6 0.047431 10 0.403162 11 0.450593
 47 4.217816 0.021558 16.653521 0.030077 0.011108 0.999486 0.149780 0.673828 4 5 0.098814 6 0.047431 10 0.403162 11 0.450593
 47 3.781178 -0.575387 16.531374 0.389349 -0.440827 0.808751 0.140625 0.686768 4 5 0.200787 6 0.098425 10 0.602363 11 0.098425
mnt_body_m.png
 47 3.781178 -0.575387 16.531374 0.389349 -0.440827 0.808751 0.140625 0.686768 4 5 0.200787 6 0.098425 10 0.602363 11 0.098425
 47 4.217816 0.021558 16.653521 0.030077 0.011108 0.999486 0.149780 0.673828 4 5 0.098814 6 0.047431 10 0.403162 11 0.450593
 47 3.795289 0.032125 16.659061 0.372275 -0.005267 0.928108 0.149658 0.685059 4 5 0.200787 6 0.098425 10 0.602363 11 0.098425
mnt_body_m.png
 47 3.795289 0.032125 16.659061 0.372275 -0.005267 0.928108 0.149658 0.685059 4 5 0.200787 6 0.098425 10 0.602363 11 0.098425
 47 4.217816 0.021558 16.653521 0.030077 0.011108 0.999486 0.149780 0.673828 4 5 0.098814 6 0.047431 10 0.403162 11 0.450593
 47 3.808182 0.586234 16.544807 0.362285 0.442547 0.820306 0.158813 0.683350 4 5 0.200787 6 0.098425 10 0.602363 11 0.098425
mnt_body_m.png
 47 4.217816 0.021558 16.653521 0.030077 0.011108 0.999486 0.149780 0.673828 4 5 0.098814 6 0.047431 10 0.403162 11 0.450593
 47 4.217698 0.606675 16.485065 0.072877 0.615342 0.784884 0.158813 0.672607 4 5 0.098814 6 0.047431 10 0.403162 11 0.450593
 47 3.808182 0.586234 16.544807 0.362285 0.442547 0.820306 0.158813 0.683350 4 5 0.200787 6 0.098425 10 0.602363 11 0.098425
mnt_body_m.png
 47 3.808182 0.586234 16.544807 0.362285 0.442547 0.820306 0.158813 0.683350 4 5 0.200787 6 0.098425 10 0.602363 11 0.098425
 47 4.217698 0.606675 16.485065 0.072877 0.615342 0.784884 0.158813 0.672607 4 5 0.098814 6 0.047431 10 0.403162 11 0.450593
 47 4.069107 1.016043 15.821457 0.578969 0.701867 0.414943 0.170776 0.673828 3 5 0.401575 10 0.299213 11 0.299213
mnt_body_m.png
 47 4.217698 0.606675 16.485065 0.072877 0.615342 0.784884 0.158813 0.672607 4 5 0.098814 6 0.047431 10 0.403162 11 0.450593
 47 4.627213 0.627116 16.425327 0.047683 0.686328 0.725727 0.158813 0.661865 2 10 0.200000 11 0.800000
 47 4.069107 1.016043 15.821457 0.578969 0.701867 0.414943 0.170776 0.673828 3 5 0.401575 10 0.299213 11 0.299213
mnt_body_m.png
 47 4.627213 0.627116 16.425327 0.047683 0.686328 0.725727 0.158813 0.661865 2 10 0.200000 11 0.800000
 47 4.669687 0.881114 15.811607 0.118448 0.991342 0.056675 0.170410 0.657471 2 10 0.200000 11 0.800000
 47 4.069107 1.016043 15.821457 0.578969 0.701867 0.414943 0.170776 0.673828 3 5 0.401575 10 0.299213 11 0.299213
mnt_body_m.png
 47 4.069107 1.016043 15.821457 0.578969 0.701867 0.414943 0.170776 0.673828 3 5 0.401575 10 0.299213 11 0.299213
 47 4.669687 0.881114 15.811607 0.118448 0.991342 0.056675 0.170410 0.657471 2 10 0.200000 11 0.800000
 47 4.562448 0.690400 14.946227 0.894672 0.428268 -0.127075 0.179688 0.654053 3 5 0.700788 10 0.200787 11 0.098425
mnt_body_m.png
 47 4.562448 0.690400 14.946227 0.894672 0.428268 -0.127075 0.179688 0.654053 3 5 0.700788 10 0.200787 11 0.098425
 47 4.669687 0.881114 15.811607 0.118448 0.991342 0.056675 0.170410 0.657471 2 10 0.200000 11 0.800000
 47 4.799708 0.629361 15.088463 0.277465 0.612374 -0.740278 0.180176 0.649170 2 10 0.200000 11 0.800000
mnt_body_m.png
 47 4.669687 0.881114 15.811607 0.118448 0.991342 0.056675 0.170410 0.657471 2 10 0.200000 11 0.800000
 47 6.874549 0.904564 15.734726 -0.044922 0.998536 -0.030115 0.170410 0.601807 2 11 0.901575 12 0.098425
 47 4.799708 0.629361 15.088463 0.277465 0.612374 -0.740278 0.180176 0.649170 2 10 0.200000 11 0.800000
mnt_body_m.png
 47 4.799708 0.629361 15.088463 0.277465 0.612374 -0.740278 0.180176 0.649170 2 10 0.200000 11 0.800000
 47 6.874549 0.904564 15.734726 -0.044922 0.998536 -0.030115 0.170410 0.601807 2 11 0.901575 12 0.098425
 47 6.945291 0.599358 15.010772 -0.042183 0.555286 -0.830589 0.180176 0.601807 2 11 0.901575 12 0.098425
mnt_body_m.png
 47 6.874549 0.904564 15.734726 -0.044922 0.998536 -0.030115 0.170410 0.601807 2 11 0.901575 12 0.098425
 47 7.574581 0.967673 15.734649 -0.104191 0.993402 -0.047919 0.170410 0.587402 2 11 0.500000 12 0.500000
 47 6.945291 0.599358 15.010772 -0.042183 0.555286 -0.830589 0.180176 0.601807 2 11 0.901575 12 0.098425
mnt_body_m.png
 47 6.945291 0.599358 15.010772 -0.042183 0.555286 -0.830589 0.180176 0.601807 2 11 0.901575 12 0.098425
 47 7.574581 0.967673 15.734649 -0.104191 0.993402 -0.047919 0.170410 0.587402 2 11 0.500000 12 0.500000
 47 7.593689 0.591383 14.973341 -0.053515 0.520458 -0.852209 0.180176 0.587402 2 11 0.500000 12 0.500000
mnt_body_m.png
 47 7.574581 0.967673 15.734649 -0.104191 0.993402 -0.047919 0.170410 0.587402 2 11 0.500000 12 0.500000
 47 8.194563 1.052575 15.734586 -0.138473 0.988088 -0.067138 0.170410 0.572021 2 11 0.098425 12 0.901575
 47 7.593689 0.591383 14.973341 -0.053515 0.520458 -0.852209 0.180176 0.587402 2 11 0.500000 12 0.500000
mnt_body_m.png
 47 7.593689 0.591383 14.973341 -0.053515 0.520458 -0.852209 0.180176 0.587402 2 11 0.500000 12 0.500000
 47 8.194563 1.052575 15.734586 -0.138473 0.988088 -0.067138 0.170410 0.572021 2 11 0.098425 12 0.901575
 47 8.237166 0.618259 14.952755 -0.087801 0.504354 -0.859021 0.180176 0.572021 2 11 0.098425 12 0.901575
mnt_body_m.png
 47 8.237166 0.618259 14.952755 -0.087801 0.504354 -0.859021 0.180176 0.572021 2 11 0.098425 12 0.901575
 47 8.194563 1.052575 15.734586 -0.138473 0.988088 -0.067138 0.170410 0.572021 2 11 0.098425 12 0.901575
 47 11.359619 1.132330 14.911642 -0.257637 0.539551 -0.801566 0.180176 0.508789 2 12 0.700787 13 0.299213
mnt_body_m.png
 47 11.359619 1.132330 14.911642 -0.257637 0.539551 -0.801566 0.180176 0.508789 2 12 0.700787 13 0.299213
 47 8.194563 1.052575 15.734586 -0.138473 0.988088 -0.067138 0.170410 0.572021 2 11 0.098425 12 0.901575
 47 11.295837 1.601535 15.770462 -0.356678 0.934157 -0.011473 0.171265 0.508789 2 12 0.700787 13 0.299213
mnt_body_m.png
 47 11.295837 1.601535 15.770462 -0.356678 0.934157 -0.011473 0.171265 0.508789 2 12 0.700787 13 0.299213
 47 8.194563 1.052575 15.734586 -0.138473 0.988088 -0.067138 0.170410 0.572021 2 11 0.098425 12 0.901575
 47 11.359615 1.133747 16.692818 -0.286538 0.592015 0.753269 0.161865 0.508789 2 12 0.700787 13 0.299213
mnt_body_m.png
 47 8.194563 1.052575 15.734586 -0.138473 0.988088 -0.067138 0.170410 0.572021 2 11 0.098425 12 0.901575
 47 8.202093 0.726969 16.618628 -0.112978 0.660951 0.741876 0.158936 0.572021 2 11 0.098425 12 0.901575
 47 11.359615 1.133747 16.692818 -0.286538 0.592015 0.753269 0.161865 0.508789 2 12 0.700787 13 0.299213
mnt_body_m.png
 47 8.202093 0.726969 16.618628 -0.112978 0.660951 0.741876 0.158936 0.572021 2 11 0.098425 12 0.901575
 47 8.244411 -0.048854 16.823658 -0.063443 0.002676 0.997982 0.149780 0.572021 2 11 0.098425 12 0.901575
 47 11.359615 1.133747 16.692818 -0.286538 0.592015 0.753269 0.161865 0.508789 2 12 0.700787 13 0.299213
mnt_body_m.png
 47 11.359615 1.133747 16.692818 -0.286538 0.592015 0.753269 0.161865 0.508789 2 12 0.700787 13 0.299213
 47 8.244411 -0.048854 16.823658 -0.063443 0.002676 0.997982 0.149780 0.572021 2 11 0.098425 12 0.901575
 47 11.441083 0.034959 17.018370 -0.224503 -0.010626 0.974415 0.151245 0.508789 2 12 0.700787 13 0.299213
mnt_body_m.png
 47 8.244411 -0.048854 16.823658 -0.063443 0.002676 0.997982 0.149780 0.572021 2 11 0.098425 12 0.901575
 47 8.286731 -0.824676 16.624617 -0.089047 -0.669619 0.737347 0.140747 0.572021 2 11 0.200000 12 0.800000
 47 11.441083 0.034959 17.018370 -0.224503 -0.010626 0.974415 0.151245 0.508789 2 12 0.700787 13 0.299213
mnt_body_m.png
 47 11.441083 0.034959 17.018370 -0.224503 -0.010626 0.974415 0.151245 0.508789 2 12 0.700787 13 0.299213
 47 8.286731 -0.824676 16.624617 -0.089047 -0.669619 0.737347 0.140747 0.572021 2 11 0.200000 12 0.800000
 47 11.378736 -1.179987 16.636829 -0.254593 -0.606181 0.753476 0.140747 0.508789 2 12 0.700787 13 0.299213
mnt_body_m.png
 47 8.286731 -0.824676 16.624617 -0.089047 -0.669619 0.737347 0.140747 0.572021 2 11 0.200000 12 0.800000
 47 8.326135 -1.141358 15.736339 -0.119418 -0.990931 -0.061605 0.128174 0.572021 2 11 0.149606 12 0.850394
 47 11.378736 -1.179987 16.636829 -0.254593 -0.606181 0.753476 0.140747 0.508789 2 12 0.700787 13 0.299213
mnt_body_m.png
 47 11.378736 -1.179987 16.636829 -0.254593 -0.606181 0.753476 0.140747 0.508789 2 12 0.700787 13 0.299213
 47 8.326135 -1.141358 15.736339 -0.119418 -0.990931 -0.061605 0.128174 0.572021 2 11 0.149606 12 0.850394
 47 11.404756 -1.712387 15.686211 -0.456915 -0.886149 0.077259 0.128296 0.508789 2 12 0.700787 13 0.299213
mnt_body_m.png
 47 11.404756 -1.712387 15.686211 -0.456915 -0.886149 0.077259 0.128296 0.508789 2 12 0.700787 13 0.299213
 47 8.326135 -1.141358 15.736339 -0.119418 -0.990931 -0.061605 0.128174 0.572021 2 11 0.149606 12 0.850394
 47 11.364677 -1.102042 14.802504 -0.574463 -0.425307 -0.699361 0.119324 0.508789 2 12 0.700787 13 0.299213
mnt_body_m.png
 47 8.326135 -1.141358 15.736339 -0.119418 -0.990931 -0.061605 0.128174 0.572021 2 11 0.149606 12 0.850394
 47 8.326462 -0.725709 14.917827 -0.095371 -0.510215 -0.854743 0.115234 0.572021 2 11 0.200000 12 0.800000
 47 11.364677 -1.102042 14.802504 -0.574463 -0.425307 -0.699361 0.119324 0.508789 2 12 0.700787 13 0.299213
mnt_body_m.png
 47 11.364677 -1.102042 14.802504 -0.574463 -0.425307 -0.699361 0.119324 0.508789 2 12 0.700787 13 0.299213
 47 8.326462 -0.725709 14.917827 -0.095371 -0.510215 -0.854743 0.115234 0.572021 2 11 0.200000 12 0.800000
 47 11.360506 -0.072266 14.684742 -0.276713 0.129248 -0.952221 0.109802 0.508789 2 12 0.700787 13 0.299213
mnt_body_m.png
 47 8.326135 -1.141358 15.736339 -0.119418 -0.990931 -0.061605 0.128174 0.572021 2 11 0.149606 12 0.850394
 47 7.574577 -1.066752 15.736267 -0.098447 -0.993217 -0.061865 0.128174 0.587402 2 11 0.448819 12 0.551181
 47 8.326462 -0.725709 14.917827 -0.095371 -0.510215 -0.854743 0.115234 0.572021 2 11 0.200000 12 0.800000
mnt_body_m.png
 47 8.326462 -0.725709 14.917827 -0.095371 -0.510215 -0.854743 0.115234 0.572021 2 11 0.200000 12 0.800000
 47 7.574577 -1.066752 15.736267 -0.098447 -0.993217 -0.061865 0.128174 0.587402 2 11 0.448819 12 0.551181
 47 7.578301 -0.678557 14.948459 -0.071888 -0.516962 -0.852984 0.115295 0.587402 2 11 0.551181 12 0.448819
mnt_body_m.png
 47 7.574577 -1.066752 15.736267 -0.098447 -0.993217 -0.061865 0.128174 0.587402 2 11 0.448819 12 0.551181
 47 6.993138 -1.006837 15.736240 -0.079933 -0.995131 -0.057670 0.128174 0.601807 2 11 0.800000 12 0.200000
 47 7.578301 -0.678557 14.948459 -0.071888 -0.516962 -0.852984 0.115295 0.587402 2 11 0.551181 12 0.448819
mnt_body_m.png
 47 7.578301 -0.678557 14.948459 -0.071888 -0.516962 -0.852984 0.115295 0.587402 2 11 0.551181 12 0.448819
 47 6.993138 -1.006837 15.736240 -0.079933 -0.995131 -0.057670 0.128174 0.601807 2 11 0.800000 12 0.200000
 47 6.990728 -0.646341 14.979348 -0.062548 -0.521690 -0.850839 0.115295 0.601807 2 11 0.901575 12 0.098425
mnt_body_m.png
 47 6.990728 -0.646341 14.979348 -0.062548 -0.521690 -0.850839 0.115295 0.601807 2 11 0.901575 12 0.098425
 47 6.993138 -1.006837 15.736240 -0.079933 -0.995131 -0.057670 0.128174 0.601807 2 11 0.800000 12 0.200000
 47 4.840827 -0.573509 15.061059 0.185706 -0.569217 -0.800940 0.115295 0.655762 1 11 1.000000
mnt_body_m.png
 47 4.840827 -0.573509 15.061059 0.185706 -0.569217 -0.800940 0.115295 0.655762 1 11 1.000000
 47 6.993138 -1.006837 15.736240 -0.079933 -0.995131 -0.057670 0.128174 0.601807 2 11 0.800000 12 0.200000
 47 4.741588 -0.833167 15.781330 0.062305 -0.997707 0.026442 0.128174 0.660889 2 10 0.200000 11 0.800000
mnt_body_m.png
 47 6.993138 -1.006837 15.736240 -0.079933 -0.995131 -0.057670 0.128174 0.601807 2 11 0.800000 12 0.200000
 47 6.955222 -0.728115 16.554941 -0.073774 -0.687437 0.722487 0.140747 0.601807 2 11 0.901575 12 0.098425
 47 4.741588 -0.833167 15.781330 0.062305 -0.997707 0.026442 0.128174 0.660889 2 10 0.200000 11 0.800000
mnt_body_m.png
 47 6.955222 -0.728115 16.554941 -0.073774 -0.687437 0.722487 0.140747 0.601807 2 11 0.901575 12 0.098425
 47 4.653471 -0.605135 16.466553 -0.016965 -0.702450 0.711530 0.140747 0.663574 2 10 0.200000 11 0.800000
 47 4.741588 -0.833167 15.781330 0.062305 -0.997707 0.026442 0.128174 0.660889 2 10 0.200000 11 0.800000
mnt_body_m.png
 47 4.741588 -0.833167 15.781330 0.062305 -0.997707 0.026442 0.128174 0.660889 2 10 0.200000 11 0.800000
 47 4.653471 -0.605135 16.466553 -0.016965 -0.702450 0.711530 0.140747 0.663574 2 10 0.200000 11 0.800000
 47 4.217324 -0.590261 16.498962 0.058713 -0.636298 0.769206 0.140625 0.675293 4 5 0.098814 6 0.047431 10 0.403162 11 0.450593
mnt_body_m.png
 47 4.653471 -0.605135 16.466553 -0.016965 -0.702450 0.711530 0.140747 0.663574 2 10 0.200000 11 0.800000
 47 4.640343 0.010991 16.647976 -0.001166 0.024780 0.999692 0.149780 0.662842 3 5 0.007874 10 0.200787 11 0.791339
 47 4.217324 -0.590261 16.498962 0.058713 -0.636298 0.769206 0.140625 0.675293 4 5 0.098814 6 0.047431 10 0.403162 11 0.450593
mnt_body_m.png
 47 4.217324 -0.590261 16.498962 0.058713 -0.636298 0.769206 0.140625 0.675293 4 5 0.098814 6 0.047431 10 0.403162 11 0.450593
 47 4.640343 0.010991 16.647976 -0.001166 0.024780 0.999692 0.149780 0.662842 3 5 0.007874 10 0.200787 11 0.791339
 47 4.217816 0.021558 16.653521 0.030077 0.011108 0.999486 0.149780 0.673828 4 5 0.098814 6 0.047431 10 0.403162 11 0.450593
mnt_body_m.png
 47 4.217816 0.021558 16.653521 0.030077 0.011108 0.999486 0.149780 0.673828 4 5 0.098814 6 0.047431 10 0.403162 11 0.450593
 47 4.640343 0.010991 16.647976 -0.001166 0.024780 0.999692 0.149780 0.662842 3 5 0.007874 10 0.200787 11 0.791339
 47 4.217698 0.606675 16.485065 0.072877 0.615342 0.784884 0.158813 0.672607 4 5 0.098814 6 0.047431 10 0.403162 11 0.450593
mnt_body_m.png
 47 4.217698 0.606675 16.485065 0.072877 0.615342 0.784884 0.158813 0.672607 4 5 0.098814 6 0.047431 10 0.403162 11 0.450593
 47 4.640343 0.010991 16.647976 -0.001166 0.024780 0.999692 0.149780 0.662842 3 5 0.007874 10 0.200787 11 0.791339
 47 4.627213 0.627116 16.425327 0.047683 0.686328 0.725727 0.158813 0.661865 2 10 0.200000 11 0.800000
mnt_body_m.png
 47 4.640343 0.010991 16.647976 -0.001166 0.024780 0.999692 0.149780 0.662842 3 5 0.007874 10 0.200787 11 0.791339
 47 6.891605 0.620510 16.529579 -0.054738 0.688516 0.723152 0.158936 0.601807 2 11 0.901575 12 0.098425
 47 4.627213 0.627116 16.425327 0.047683 0.686328 0.725727 0.158813 0.661865 2 10 0.200000 11 0.800000
mnt_body_m.png
 47 4.627213 0.627116 16.425327 0.047683 0.686328 0.725727 0.158813 0.661865 2 10 0.200000 11 0.800000
 47 6.891605 0.620510 16.529579 -0.054738 0.688516 0.723152 0.158936 0.601807 2 11 0.901575 12 0.098425
 47 4.669687 0.881114 15.811607 0.118448 0.991342 0.056675 0.170410 0.657471 2 10 0.200000 11 0.800000
mnt_body_m.png
 47 4.669687 0.881114 15.811607 0.118448 0.991342 0.056675 0.170410 0.657471 2 10 0.200000 11 0.800000
 47 6.891605 0.620510 16.529579 -0.054738 0.688516 0.723152 0.158936 0.601807 2 11 0.901575 12 0.098425
 47 6.874549 0.904564 15.734726 -0.044922 0.998536 -0.030115 0.170410 0.601807 2 11 0.901575 12 0.098425
mnt_body_m.png
 47 6.874549 0.904564 15.734726 -0.044922 0.998536 -0.030115 0.170410 0.601807 2 11 0.901575 12 0.098425
 47 6.891605 0.620510 16.529579 -0.054738 0.688516 0.723152 0.158936 0.601807 2 11 0.901575 12 0.098425
 47 7.574581 0.967673 15.734649 -0.104191 0.993402 -0.047919 0.170410 0.587402 2 11 0.500000 12 0.500000
mnt_body_m.png
 47 6.891605 0.620510 16.529579 -0.054738 0.688516 0.723152 0.158936 0.601807 2 11 0.901575 12 0.098425
 47 7.586999 0.659214 16.576099 -0.098490 0.673205 0.732868 0.158936 0.587402 2 11 0.500000 12 0.500000
 47 7.574581 0.967673 15.734649 -0.104191 0.993402 -0.047919 0.170410 0.587402 2 11 0.500000 12 0.500000
mnt_body_m.png
 47 7.574581 0.967673 15.734649 -0.104191 0.993402 -0.047919 0.170410 0.587402 2 11 0.500000 12 0.500000
 47 7.586999 0.659214 16.576099 -0.098490 0.673205 0.732868 0.158936 0.587402 2 11 0.500000 12 0.500000
 47 8.194563 1.052575 15.734586 -0.138473 0.988088 -0.067138 0.170410 0.572021 2 11 0.098425 12 0.901575
mnt_body_m.png
 47 8.194563 1.052575 15.734586 -0.138473 0.988088 -0.067138 0.170410 0.572021 2 11 0.098425 12 0.901575
 47 7.586999 0.659214 16.576099 -0.098490 0.673205 0.732868 0.158936 0.587402 2 11 0.500000 12 0.500000
 47 8.202093 0.726969 16.618628 -0.112978 0.660951 0.741876 0.158936 0.572021 2 11 0.098425 12 0.901575
mnt_body_m.png
 47 8.202093 0.726969 16.618628 -0.112978 0.660951 0.741876 0.158936 0.572021 2 11 0.098425 12 0.901575
 47 7.586999 0.659214 16.576099 -0.098490 0.673205 0.732868 0.158936 0.587402 2 11 0.500000 12 0.500000
 47 8.244411 -0.048854 16.823658 -0.063443 0.002676 0.997982 0.149780 0.572021 2 11 0.098425 12 0.901575
mnt_body_m.png
 47 7.586999 0.659214 16.576099 -0.098490 0.673205 0.732868 0.158936 0.587402 2 11 0.500000 12 0.500000
 47 7.580790 -0.054443 16.784508 -0.061222 0.006696 0.998102 0.149902 0.587402 2 11 0.488189 12 0.511811
 47 8.244411 -0.048854 16.823658 -0.063443 0.002676 0.997982 0.149780 0.572021 2 11 0.098425 12 0.901575
mnt_body_m.png
 47 7.580790 -0.054443 16.784508 -0.061222 0.006696 0.998102 0.149902 0.587402 2 11 0.488189 12 0.511811
 47 7.574579 -0.768101 16.588837 -0.087150 -0.677609 0.730241 0.140747 0.587402 2 11 0.551181 12 0.448819
 47 8.244411 -0.048854 16.823658 -0.063443 0.002676 0.997982 0.149780 0.572021 2 11 0.098425 12 0.901575
mnt_body_m.png
 47 8.244411 -0.048854 16.823658 -0.063443 0.002676 0.997982 0.149780 0.572021 2 11 0.098425 12 0.901575
 47 7.574579 -0.768101 16.588837 -0.087150 -0.677609 0.730241 0.140747 0.587402 2 11 0.551181 12 0.448819
 47 8.286731 -0.824676 16.624617 -0.089047 -0.669619 0.737347 0.140747 0.572021 2 11 0.200000 12 0.800000
mnt_body_m.png
 47 7.574579 -0.768101 16.588837 -0.087150 -0.677609 0.730241 0.140747 0.587402 2 11 0.551181 12 0.448819
 47 7.574577 -1.066752 15.736267 -0.098447 -0.993217 -0.061865 0.128174 0.587402 2 11 0.448819 12 0.551181
 47 8.286731 -0.824676 16.624617 -0.089047 -0.669619 0.737347 0.140747 0.572021 2 11 0.200000 12 0.800000
mnt_body_m.png
 47 8.286731 -0.824676 16.624617 -0.089047 -0.669619 0.737347 0.140747 0.572021 2 11 0.200000 12 0.800000
 47 7.574577 -1.066752 15.736267 -0.098447 -0.993217 -0.061865 0.128174 0.587402 2 11 0.448819 12 0.551181
 47 8.326135 -1.141358 15.736339 -0.119418 -0.990931 -0.061605 0.128174 0.572021 2 11 0.149606 12 0.850394
mnt_body_m.png
 47 7.574577 -1.066752 15.736267 -0.098447 -0.993217 -0.061865 0.128174 0.587402 2 11 0.448819 12 0.551181
 47 7.574579 -0.768101 16.588837 -0.087150 -0.677609 0.730241 0.140747 0.587402 2 11 0.551181 12 0.448819
 47 6.993138 -1.006837 15.736240 -0.079933 -0.995131 -0.057670 0.128174 0.601807 2 11 0.800000 12 0.200000
mnt_body_m.png
 47 6.993138 -1.006837 15.736240 -0.079933 -0.995131 -0.057670 0.128174 0.601807 2 11 0.800000 12 0.200000
 47 7.574579 -0.768101 16.588837 -0.087150 -0.677609 0.730241 0.140747 0.587402 2 11 0.551181 12 0.448819
 47 6.955222 -0.728115 16.554941 -0.073774 -0.687437 0.722487 0.140747 0.601807 2 11 0.901575 12 0.098425
mnt_body_m.png
 47 7.574579 -0.768101 16.588837 -0.087150 -0.677609 0.730241 0.140747 0.587402 2 11 0.551181 12 0.448819
 47 7.580790 -0.054443 16.784508 -0.061222 0.006696 0.998102 0.149902 0.587402 2 11 0.488189 12 0.511811
 47 6.955222 -0.728115 16.554941 -0.073774 -0.687437 0.722487 0.140747 0.601807 2 11 0.901575 12 0.098425
mnt_body_m.png
 47 7.580790 -0.054443 16.784508 -0.061222 0.006696 0.998102 0.149902 0.587402 2 11 0.488189 12 0.511811
 47 6.923413 -0.053803 16.744299 -0.055295 0.009034 0.998429 0.149902 0.601807 2 11 0.889764 12 0.110236
 47 6.955222 -0.728115 16.554941 -0.073774 -0.687437 0.722487 0.140747 0.601807 2 11 0.901575 12 0.098425
mnt_body_m.png
 47 6.955222 -0.728115 16.554941 -0.073774 -0.687437 0.722487 0.140747 0.601807 2 11 0.901575 12 0.098425
 47 6.923413 -0.053803 16.744299 -0.055295 0.009034 0.998429 0.149902 0.601807 2 11 0.889764 12 0.110236
 47 4.653471 -0.605135 16.466553 -0.016965 -0.702450 0.711530 0.140747 0.663574 2 10 0.200000 11 0.800000
mnt_body_m.png
 47 4.653471 -0.605135 16.466553 -0.016965 -0.702450 0.711530 0.140747 0.663574 2 10 0.200000 11 0.800000
 47 6.923413 -0.053803 16.744299 -0.055295 0.009034 0.998429 0.149902 0.601807 2 11 0.889764 12 0.110236
 47 4.640343 0.010991 16.647976 -0.001166 0.024780 0.999692 0.149780 0.662842 3 5 0.007874 10 0.200787 11 0.791339
mnt_body_m.png
 47 4.640343 0.010991 16.647976 -0.001166 0.024780 0.999692 0.149780 0.662842 3 5 0.007874 10 0.200787 11 0.791339
 47 6.923413 -0.053803 16.744299 -0.055295 0.009034 0.998429 0.149902 0.601807 2 11 0.889764 12 0.110236
 47 6.891605 0.620510 16.529579 -0.054738 0.688516 0.723152 0.158936 0.601807 2 11 0.901575 12 0.098425
mnt_body_m.png
 47 6.891605 0.620510 16.529579 -0.054738 0.688516 0.723152 0.158936 0.601807 2 11 0.901575 12 0.098425
 47 6.923413 -0.053803 16.744299 -0.055295 0.009034 0.998429 0.149902 0.601807 2 11 0.889764 12 0.110236
 47 7.586999 0.659214 16.576099 -0.098490 0.673205 0.732868 0.158936 0.587402 2 11 0.500000 12 0.500000
mnt_body_m.png
 47 6.923413 -0.053803 16.744299 -0.055295 0.009034 0.998429 0.149902 0.601807 2 11 0.889764 12 0.110236
 47 7.580790 -0.054443 16.784508 -0.061222 0.006696 0.998102 0.149902 0.587402 2 11 0.488189 12 0.511811
 47 7.586999 0.659214 16.576099 -0.098490 0.673205 0.732868 0.158936 0.587402 2 11 0.500000 12 0.500000
mnt_body_m.png
 47 5.982882 -0.001114 10.507097 0.995760 0.014382 -0.090863 0.166016 0.770874 3 4 0.401575 5 0.098425 32 0.500000
 47 5.674080 0.002671 8.807404 0.922183 0.014624 -0.386477 0.149414 0.792725 3 4 0.240157 5 0.059055 32 0.700788
 47 4.066804 4.451207 10.489334 0.696374 0.713909 -0.073465 0.140747 0.719238 3 4 0.401575 5 0.098425 32 0.500000
mnt_body_m.png
 47 5.674080 0.002671 8.807404 0.922183 0.014624 -0.386477 0.149414 0.792725 3 4 0.240157 5 0.059055 32 0.700788
 47 3.759352 4.348968 8.855185 0.624610 0.674935 -0.392843 0.127441 0.740479 3 4 0.240157 5 0.059055 32 0.700788
 47 4.066804 4.451207 10.489334 0.696374 0.713909 -0.073465 0.140747 0.719238 3 4 0.401575 5 0.098425 32 0.500000
mnt_body_m.png
 47 4.066804 4.451207 10.489334 0.696374 0.713909 -0.073465 0.140747 0.719238 3 4 0.401575 5 0.098425 32 0.500000
 47 3.759352 4.348968 8.855185 0.624610 0.674935 -0.392843 0.127441 0.740479 3 4 0.240157 5 0.059055 32 0.700788
 47 0.000000 6.110037 10.489334 0.000000 0.999151 -0.041191 0.098328 0.681396 3 4 0.401575 5 0.098425 32 0.500000
mnt_body_m.png
 47 0.000000 6.110037 10.489334 0.000000 0.999151 -0.041191 0.098328 0.681396 3 4 0.401575 5 0.098425 32 0.500000
 47 3.759352 4.348968 8.855185 0.624610 0.674935 -0.392843 0.127441 0.740479 3 4 0.240157 5 0.059055 32 0.700788
 47 0.000000 5.857354 8.858154 -0.000000 0.919944 -0.392049 0.092651 0.710693 3 4 0.240157 5 0.059055 32 0.700788
mnt_body_m.png
 47 3.759352 4.348968 8.855185 0.624610 0.674935 -0.392843 0.127441 0.740479 3 4 0.240157 5 0.059055 32 0.700788
 47 2.723695 3.393690 7.212433 0.380844 0.501149 -0.777051 0.114075 0.762085 1 32 1.000000
 47 0.000000 5.857354 8.858154 -0.000000 0.919944 -0.392049 0.092651 0.710693 3 4 0.240157 5 0.059055 32 0.700788
mnt_body_m.png
 47 0.000000 5.857354 8.858154 -0.000000 0.919944 -0.392049 0.092651 0.710693 3 4 0.240157 5 0.059055 32 0.700788
 47 2.723695 3.393690 7.212433 0.380844 0.501149 -0.777051 0.114075 0.762085 1 32 1.000000
 47 0.000000 4.460315 7.217696 0.000000 0.602603 -0.798041 0.090088 0.740234 1 32 1.000000
mnt_body_m.png
 47 2.723695 3.393690 7.212433 0.380844 0.501149 -0.777051 0.114075 0.762085 1 32 1.000000
 47 2.826313 1.206695 6.408888 0.026639 0.655395 -0.754817 0.116821 0.815918 2 32 0.551181 33 0.448819
 47 0.000000 4.460315 7.217696 0.000000 0.602603 -0.798041 0.090088 0.740234 1 32 1.000000
mnt_body_m.png
 47 0.000000 4.460315 7.217696 0.000000 0.602603 -0.798041 0.090088 0.740234 1 32 1.000000
 47 2.826313 1.206695 6.408888 0.026639 0.655395 -0.754817 0.116821 0.815918 2 32 0.551181 33 0.448819
 47 0.000000 0.000908 5.789567 0.000000 0.000738 -1.000000 0.090088 0.836304 1 32 1.000000
mnt_body_m.png
 47 2.826313 1.206695 6.408888 0.026639 0.655395 -0.754817 0.116821 0.815918 2 32 0.551181 33 0.448819
 47 2.512446 -0.057649 6.152968 -0.665528 0.011343 -0.746286 0.113159 0.837036 2 32 0.500000 33 0.500000
 47 0.000000 0.000908 5.789567 0.000000 0.000738 -1.000000 0.090088 0.836304 1 32 1.000000
mnt_body_m.png
 47 2.512446 -0.057649 6.152968 -0.665528 0.011343 -0.746286 0.113159 0.837036 2 32 0.500000 33 0.500000
 47 2.792178 -1.390143 6.456502 -0.020133 -0.707858 -0.706068 0.116760 0.857422 2 32 0.570866 33 0.429134
 47 0.000000 0.000908 5.789567 0.000000 0.000738 -1.000000 0.090088 0.836304 1 32 1.000000
mnt_body_m.png
 47 0.000000 0.000908 5.789567 0.000000 0.000738 -1.000000 0.090088 0.836304 1 32 1.000000
 47 2.792178 -1.390143 6.456502 -0.020133 -0.707858 -0.706068 0.116760 0.857422 2 32 0.570866 33 0.429134
 47 0.000000 -4.460281 7.217696 -0.000000 -0.595312 -0.803494 0.090088 0.931763 1 32 1.000000
mnt_body_m.png
 47 2.792178 -1.390143 6.456502 -0.020133 -0.707858 -0.706068 0.116760 0.857422 2 32 0.570866 33 0.429134
 47 2.756895 -3.496324 7.302656 0.379891 -0.511223 -0.770930 0.114929 0.912598 1 32 1.000000
 47 0.000000 -4.460281 7.217696 -0.000000 -0.595312 -0.803494 0.090088 0.931763 1 32 1.000000
mnt_body_m.png
 47 0.000000 -4.460281 7.217696 -0.000000 -0.595312 -0.803494 0.090088 0.931763 1 32 1.000000
 47 2.756895 -3.496324 7.302656 0.379891 -0.511223 -0.770930 0.114929 0.912598 1 32 1.000000
 47 0.000000 -5.888052 8.858152 -0.000000 -0.914350 -0.404924 0.093079 0.959686 3 4 0.240157 5 0.059055 32 0.700788
mnt_body_m.png
 47 2.756895 -3.496324 7.302656 0.379891 -0.511223 -0.770930 0.114929 0.912598 1 32 1.000000
 47 3.908618 -4.362533 8.906109 0.625562 -0.671061 -0.397931 0.125366 0.940125 3 4 0.240157 5 0.059055 32 0.700788
 47 0.000000 -5.888052 8.858152 -0.000000 -0.914350 -0.404924 0.093079 0.959686 3 4 0.240157 5 0.059055 32 0.700788
mnt_body_m.png
 47 0.000000 -5.888052 8.858152 -0.000000 -0.914350 -0.404924 0.093079 0.959686 3 4 0.240157 5 0.059055 32 0.700788
 47 3.908618 -4.362533 8.906109 0.625562 -0.671061 -0.397931 0.125366 0.940125 3 4 0.240157 5 0.059055 32 0.700788
 47 0.000000 -6.171469 10.489330 0.000000 -0.997967 -0.063733 0.099182 0.987640 3 4 0.401575 5 0.098425 32 0.500000
mnt_body_m.png
 47 0.000000 -6.171469 10.489330 0.000000 -0.997967 -0.063733 0.099182 0.987640 3 4 0.401575 5 0.098425 32 0.500000
 47 3.908618 -4.362533 8.906109 0.625562 -0.671061 -0.397931 0.125366 0.940125 3 4 0.240157 5 0.059055 32 0.700788
 47 4.305698 -4.375223 10.489334 0.724872 -0.685191 -0.071231 0.135742 0.967682 3 4 0.401575 5 0.098425 32 0.500000
mnt_body_m.png
 47 3.908618 -4.362533 8.906109 0.625562 -0.671061 -0.397931 0.125366 0.940125 3 4 0.240157 5 0.059055 32 0.700788
 47 5.674080 0.002671 8.807404 0.922183 0.014624 -0.386477 0.146240 0.886475 3 4 0.240157 5 0.059055 32 0.700788
 47 4.305698 -4.375223 10.489334 0.724872 -0.685191 -0.071231 0.135742 0.967682 3 4 0.401575 5 0.098425 32 0.500000
mnt_body_m.png
 47 4.305698 -4.375223 10.489334 0.724872 -0.685191 -0.071231 0.135742 0.967682 3 4 0.401575 5 0.098425 32 0.500000
 47 5.674080 0.002671 8.807404 0.922183 0.014624 -0.386477 0.146240 0.886475 3 4 0.240157 5 0.059055 32 0.700788
 47 5.982882 -0.001114 10.507097 0.995760 0.014382 -0.090863 0.158936 0.915710 3 4 0.401575 5 0.098425 32 0.500000
mnt_body_m.png
 47 3.908618 -4.362533 8.906109 0.625562 -0.671061 -0.397931 0.125366 0.940125 3 4 0.240157 5 0.059055 32 0.700788
 47 3.949918 -1.175108 7.070718 0.778314 -0.470352 -0.415928 0.130127 0.862793 3 4 0.007905 32 0.561265 33 0.430830
 47 5.674080 0.002671 8.807404 0.922183 0.014624 -0.386477 0.146240 0.886475 3 4 0.240157 5 0.059055 32 0.700788
mnt_body_m.png
 47 5.674080 0.002671 8.807404 0.922183 0.014624 -0.386477 0.146240 0.886475 3 4 0.240157 5 0.059055 32 0.700788
 47 3.949918 -1.175108 7.070718 0.778314 -0.470352 -0.415928 0.130127 0.862793 3 4 0.007905 32 0.561265 33 0.430830
 47 4.261220 0.003288 7.110582 0.931479 0.021359 -0.363167 0.136963 0.851807 2 32 0.500000 33 0.500000
mnt_body_m.png
 47 3.908618 -4.362533 8.906109 0.625562 -0.671061 -0.397931 0.125366 0.940125 3 4 0.240157 5 0.059055 32 0.700788
 47 2.756895 -3.496324 7.302656 0.379891 -0.511223 -0.770930 0.114929 0.912598 1 32 1.000000
 47 3.949918 -1.175108 7.070718 0.778314 -0.470352 -0.415928 0.130127 0.862793 3 4 0.007905 32 0.561265 33 0.430830
mnt_body_m.png
 47 3.949918 -1.175108 7.070718 0.778314 -0.470352 -0.415928 0.130127 0.862793 3 4 0.007905 32 0.561265 33 0.430830
 47 2.756895 -3.496324 7.302656 0.379891 -0.511223 -0.770930 0.114929 0.912598 1 32 1.000000
 47 2.792178 -1.390143 6.456502 -0.020133 -0.707858 -0.706068 0.116760 0.857422 2 32 0.570866 33 0.429134
mnt_body_m.png
 47 2.826313 1.206695 6.408888 0.026639 0.655395 -0.754817 0.116821 0.815918 2 32 0.551181 33 0.448819
 47 2.723695 3.393690 7.212433 0.380844 0.501149 -0.777051 0.114075 0.762085 1 32 1.000000
 47 3.900287 1.079346 6.975898 0.742309 0.484128 -0.463247 0.129028 0.809937 3 4 0.007905 32 0.541502 33 0.450593
mnt_body_m.png
 47 2.723695 3.393690 7.212433 0.380844 0.501149 -0.777051 0.114075 0.762085 1 32 1.000000
 47 3.759352 4.348968 8.855185 0.624610 0.674935 -0.392843 0.127441 0.740479 3 4 0.240157 5 0.059055 32 0.700788
 47 3.900287 1.079346 6.975898 0.742309 0.484128 -0.463247 0.129028 0.809937 3 4 0.007905 32 0.541502 33 0.450593
mnt_body_m.png
 47 3.759352 4.348968 8.855185 0.624610 0.674935 -0.392843 0.127441 0.740479 3 4 0.240157 5 0.059055 32 0.700788
 47 5.674080 0.002671 8.807404 0.922183 0.014624 -0.386477 0.149414 0.792725 3 4 0.240157 5 0.059055 32 0.700788
 47 3.900287 1.079346 6.975898 0.742309 0.484128 -0.463247 0.129028 0.809937 3 4 0.007905 32 0.541502 33 0.450593
mnt_body_m.png
 47 3.900287 1.079346 6.975898 0.742309 0.484128 -0.463247 0.129028 0.809937 3 4 0.007905 32 0.541502 33 0.450593
 47 5.674080 0.002671 8.807404 0.922183 0.014624 -0.386477 0.149414 0.792725 3 4 0.240157 5 0.059055 32 0.700788
 47 4.261220 0.003288 7.110582 0.931479 0.021359 -0.363167 0.136841 0.819214 2 32 0.500000 33 0.500000
mnt_body_m.png
 47 0.000000 -4.104648 16.166344 -0.000000 -0.645518 -0.763745 0.214966 0.646240 1 6 1.000000
 47 0.000000 -4.378655 15.708987 0.000000 -0.870953 0.491367 0.216431 0.638916 3 4 0.007905 5 0.541502 6 0.450593
 47 0.510991 -3.892234 16.342636 0.801272 -0.491995 -0.340448 0.227295 0.655518 1 6 1.000000
mnt_body_m.png
 47 0.000000 -4.378655 15.708987 0.000000 -0.870953 0.491367 0.216431 0.638916 3 4 0.007905 5 0.541502 6 0.450593
 47 1.406133 -3.698007 16.340992 0.353285 -0.793414 0.495665 0.233154 0.641846 3 4 0.015748 5 0.531496 6 0.452756
 47 0.510991 -3.892234 16.342636 0.801272 -0.491995 -0.340448 0.227295 0.655518 1 6 1.000000
mnt_body_m.png
 47 0.510991 -3.892234 16.342636 0.801272 -0.491995 -0.340448 0.227295 0.655518 1 6 1.000000
 47 1.406133 -3.698007 16.340992 0.353285 -0.793414 0.495665 0.233154 0.641846 3 4 0.015748 5 0.531496 6 0.452756
 47 0.992008 -3.176620 17.364187 0.829103 -0.387508 0.403022 0.235352 0.672119 1 6 1.000000
mnt_body_m.png
 47 1.406133 -3.698007 16.340992 0.353285 -0.793414 0.495665 0.233154 0.641846 3 4 0.015748 5 0.531496 6 0.452756
 47 1.237335 -3.125212 17.364101 0.341597 -0.786685 0.514235 0.242920 0.660645 2 5 0.047244 6 0.952756
 47 0.992008 -3.176620 17.364187 0.829103 -0.387508 0.403022 0.235352 0.672119 1 6 1.000000
mnt_body_m.png
 47 1.237335 -3.125212 17.364101 0.341597 -0.786685 0.514235 0.242920 0.660645 2 5 0.047244 6 0.952756
 47 1.058435 -2.517307 18.361872 0.311532 -0.752341 0.580458 0.250000 0.682861 1 6 1.000000
 47 0.992008 -3.176620 17.364187 0.829103 -0.387508 0.403022 0.235352 0.672119 1 6 1.000000
mnt_body_m.png
 47 0.992008 -3.176620 17.364187 0.829103 -0.387508 0.403022 0.235352 0.672119 1 6 1.000000
 47 1.058435 -2.517307 18.361872 0.311532 -0.752341 0.580458 0.250000 0.682861 1 6 1.000000
 47 0.583299 -2.611183 18.362020 0.373316 -0.493557 0.785517 0.243286 0.692871 1 6 1.000000
mnt_body_m.png
 47 1.058435 -2.517307 18.361872 0.311532 -0.752341 0.580458 0.250000 0.682861 1 6 1.000000
 47 0.000000 -2.246337 18.930799 -0.000000 -0.765828 0.643046 0.249146 0.712158 1 6 1.000000
 47 0.583299 -2.611183 18.362020 0.373316 -0.493557 0.785517 0.243286 0.692871 1 6 1.000000
mnt_body_m.png
 47 0.583299 -2.611183 18.362020 0.373316 -0.493557 0.785517 0.243286 0.692871 1 6 1.000000
 47 0.000000 -2.246337 18.930799 -0.000000 -0.765828 0.643046 0.249146 0.712158 1 6 1.000000
 47 0.000000 -2.526642 18.598837 -0.000000 -0.512045 0.858959 0.244385 0.707031 1 6 1.000000
mnt_body_m.png
 47 1.058435 -2.517307 18.361872 0.311532 -0.752341 0.580458 0.250000 0.682861 1 6 1.000000
 47 0.817492 -1.814902 19.262524 0.245303 -0.627556 0.738918 0.258789 0.705322 1 6 1.000000
 47 0.000000 -2.246337 18.930799 -0.000000 -0.765828 0.643046 0.249146 0.712158 1 6 1.000000
mnt_body_m.png
 47 0.000000 -2.246337 18.930799 -0.000000 -0.765828 0.643046 0.249146 0.712158 1 6 1.000000
 47 0.817492 -1.814902 19.262524 0.245303 -0.627556 0.738918 0.258789 0.705322 1 6 1.000000
 47 0.000000 -1.966033 19.262762 0.000000 -0.669734 0.742601 0.253906 0.717285 1 6 1.000000
mnt_body_m.png
 47 0.000000 -1.966033 19.262762 0.000000 -0.669734 0.742601 0.253906 0.717285 1 6 1.000000
 47 0.817492 -1.814902 19.262524 0.245303 -0.627556 0.738918 0.258789 0.705322 1 6 1.000000
 47 0.000000 -1.024319 19.870113 -0.000000 -0.386659 0.922223 0.265625 0.721436 1 6 1.000000
mnt_body_m.png
 47 0.817492 -1.814902 19.262524 0.245303 -0.627556 0.738918 0.258789 0.705322 1 6 1.000000
 47 0.845350 -0.722619 19.869633 0.258502 -0.296586 0.919355 0.270020 0.711182 1 6 1.000000
 47 0.000000 -1.024319 19.870113 -0.000000 -0.386659 0.922223 0.265625 0.721436 1 6 1.000000
mnt_body_m.png
 47 0.000000 -1.024319 19.870113 -0.000000 -0.386659 0.922223 0.265625 0.721436 1 6 1.000000
 47 0.845350 -0.722619 19.869633 0.258502 -0.296586 0.919355 0.270020 0.711182 1 6 1.000000
 47 0.000000 0.019902 20.072508 -0.000000 0.001347 0.999999 0.280762 0.729980 1 6 1.000000
mnt_body_m.png
 47 0.845350 -0.722619 19.869633 0.258502 -0.296586 0.919355 0.270020 0.711182 1 6 1.000000
 47 0.684444 0.019804 20.009825 0.165675 0.001776 0.986179 0.279541 0.717041 1 6 1.000000
 47 0.000000 0.019902 20.072508 -0.000000 0.001347 0.999999 0.280762 0.729980 1 6 1.000000
mnt_body_m.png
 47 0.684444 0.019804 20.009825 0.165675 0.001776 0.986179 0.279541 0.717041 1 6 1.000000
 47 0.845071 0.761778 19.867268 0.258596 0.293431 0.920340 0.289063 0.708008 1 6 1.000000
 47 0.000000 0.019902 20.072508 -0.000000 0.001347 0.999999 0.280762 0.729980 1 6 1.000000
mnt_body_m.png
 47 0.000000 0.019902 20.072508 -0.000000 0.001347 0.999999 0.280762 0.729980 1 6 1.000000
 47 0.845071 0.761778 19.867268 0.258596 0.293431 0.920340 0.289063 0.708008 1 6 1.000000
 47 0.000000 1.068724 19.866779 0.000000 0.381543 0.924351 0.296387 0.719482 1 6 1.000000
mnt_body_m.png
 47 0.845071 0.761778 19.867268 0.258596 0.293431 0.920340 0.289063 0.708008 1 6 1.000000
 47 0.817403 1.887540 19.256624 0.247856 0.625239 0.740030 0.302002 0.703613 1 6 1.000000
 47 0.000000 1.068724 19.866779 0.000000 0.381543 0.924351 0.296387 0.719482 1 6 1.000000
mnt_body_m.png
 47 0.000000 1.068724 19.866779 0.000000 0.381543 0.924351 0.296387 0.719482 1 6 1.000000
 47 0.817403 1.887540 19.256624 0.247856 0.625239 0.740030 0.302002 0.703613 1 6 1.000000
 47 0.000000 2.042689 19.256374 0.000000 0.669334 0.742962 0.308350 0.714355 1 6 1.000000
mnt_body_m.png
 47 0.817403 1.887540 19.256624 0.247856 0.625239 0.740030 0.302002 0.703613 1 6 1.000000
 47 1.058320 2.584368 18.353741 0.317820 0.764032 0.561467 0.310791 0.685303 1 6 1.000000
 47 0.000000 2.042689 19.256374 0.000000 0.669334 0.742962 0.308350 0.714355 1 6 1.000000
mnt_body_m.png
 47 0.000000 2.042689 19.256374 0.000000 0.669334 0.742962 0.308350 0.714355 1 6 1.000000
 47 1.058320 2.584368 18.353741 0.317820 0.764032 0.561467 0.310791 0.685303 1 6 1.000000
 47 0.000000 2.797273 18.353401 0.000000 0.820440 0.571733 0.319092 0.696533 1 6 1.000000
mnt_body_m.png
 47 1.058320 2.584368 18.353741 0.317820 0.764032 0.561467 0.310791 0.685303 1 6 1.000000
 47 1.237199 3.132877 17.354130 0.346733 0.811314 0.470686 0.318115 0.664795 2 5 0.279528 6 0.720472
 47 0.000000 2.797273 18.353401 0.000000 0.820440 0.571733 0.319092 0.696533 1 6 1.000000
mnt_body_m.png
 47 0.000000 2.797273 18.353401 0.000000 0.820440 0.571733 0.319092 0.696533 1 6 1.000000
 47 1.237199 3.132877 17.354130 0.346733 0.811314 0.470686 0.318115 0.664795 2 5 0.279528 6 0.720472
 47 0.000000 3.391284 17.353718 0.000000 0.876984 0.480519 0.328369 0.676025 2 5 0.279528 6 0.720472
mnt_body_m.png
 47 1.237199 3.132877 17.354130 0.346733 0.811314 0.470686 0.318115 0.664795 2 5 0.279528 6 0.720472
 47 1.405981 3.614657 16.332027 0.354989 0.821461 0.446300 0.325195 0.644287 3 4 0.007874 5 0.511811 6 0.480315
 47 0.000000 3.391284 17.353718 0.000000 0.876984 0.480519 0.328369 0.676025 2 5 0.279528 6 0.720472
mnt_body_m.png
 47 0.000000 3.391284 17.353718 0.000000 0.876984 0.480519 0.328369 0.676025 2 5 0.279528 6 0.720472
 47 1.405981 3.614657 16.332027 0.354989 0.821461 0.446300 0.325195 0.644287 3 4 0.007874 5 0.511811 6 0.480315
 47 0.000000 3.913121 16.331663 0.000000 0.892504 0.451039 0.337646 0.655273 3 4 0.007874 5 0.511811 6 0.480315
mnt_body_m.png
 47 1.405981 3.614657 16.332027 0.354989 0.821461 0.446300 0.325195 0.644287 3 4 0.007874 5 0.511811 6 0.480315
 47 1.598091 4.082221 15.319251 0.351990 0.816190 0.458188 0.332275 0.619141 3 4 0.169960 5 0.581028 6 0.249012
 47 0.000000 3.913121 16.331663 0.000000 0.892504 0.451039 0.337646 0.655273 3 4 0.007874 5 0.511811 6 0.480315
mnt_body_m.png
 47 0.000000 3.913121 16.331663 0.000000 0.892504 0.451039 0.337646 0.655273 3 4 0.007874 5 0.511811 6 0.480315
 47 1.598091 4.082221 15.319251 0.351990 0.816190 0.458188 0.332275 0.619141 3 4 0.169960 5 0.581028 6 0.249012
 47 0.000000 4.419510 15.318979 -0.000000 0.890580 0.454826 0.346436 0.628174 3 4 0.169960 5 0.581028 6 0.249012
mnt_body_m.png
 47 0.000000 4.419510 15.318979 -0.000000 0.890580 0.454826 0.346436 0.628174 3 4 0.169960 5 0.581028 6 0.249012
 47 1.598091 4.082221 15.319251 0.351990 0.816190 0.458188 0.332275 0.619141 3 4 0.169960 5 0.581028 6 0.249012
 47 0.000000 4.936234 14.325735 0.000000 0.893732 0.448602 0.354980 0.600830 2 4 0.350394 5 0.649606
mnt_body_m.png
 47 1.598091 4.082221 15.319251 0.351990 0.816190 0.458188 0.332275 0.619141 3 4 0.169960 5 0.581028 6 0.249012
 47 1.826577 4.559203 14.326021 0.348899 0.818913 0.455687 0.339111 0.593994 2 4 0.350394 5 0.649606
 47 0.000000 4.936234 14.325735 0.000000 0.893732 0.448602 0.354980 0.600830 2 4 0.350394 5 0.649606
mnt_body_m.png
 47 0.000000 4.936234 14.325735 0.000000 0.893732 0.448602 0.354980 0.600830 2 4 0.350394 5 0.649606
 47 1.826577 4.559203 14.326021 0.348899 0.818913 0.455687 0.339111 0.593994 2 4 0.350394 5 0.649606
 47 0.000000 5.424729 13.315155 0.000000 0.922069 0.387025 0.365234 0.559326 3 4 0.450593 5 0.430830 32 0.118577
mnt_body_m.png
 47 1.826577 4.559203 14.326021 0.348899 0.818913 0.455687 0.339111 0.593994 2 4 0.350394 5 0.649606
 47 2.049286 4.999841 13.325106 0.357029 0.847345 0.393111 0.346436 0.554443 3 4 0.450593 5 0.430830 32 0.118577
 47 0.000000 5.424729 13.315155 0.000000 0.922069 0.387025 0.365234 0.559326 3 4 0.450593 5 0.430830 32 0.118577
mnt_body_m.png
 47 2.049286 4.999841 13.325106 0.357029 0.847345 0.393111 0.346436 0.554443 3 4 0.450593 5 0.430830 32 0.118577
 47 2.209926 5.357378 12.259039 0.378054 0.907298 0.184080 0.346924 0.532715 3 4 0.480315 5 0.259843 32 0.259843
 47 0.000000 5.424729 13.315155 0.000000 0.922069 0.387025 0.365234 0.559326 3 4 0.450593 5 0.430830 32 0.118577
mnt_body_m.png
 47 0.000000 5.424729 13.315155 0.000000 0.922069 0.387025 0.365234 0.559326 3 4 0.450593 5 0.430830 32 0.118577
 47 2.209926 5.357378 12.259039 0.378054 0.907298 0.184080 0.346924 0.532715 3 4 0.480315 5 0.259843 32 0.259843
 47 0.000000 5.813751 12.244152 0.000000 0.967776 0.251814 0.367676 0.535156 3 4 0.480315 5 0.259843 32 0.259843
mnt_body_m.png
 47 0.000000 5.813751 12.244152 0.000000 0.967776 0.251814 0.367676 0.535156 3 4 0.480315 5 0.259843 32 0.259843
 47 2.209926 5.357378 12.259039 0.378054 0.907298 0.184080 0.346924 0.532715 3 4 0.480315 5 0.259843 32 0.259843
 47 0.000000 6.110037 10.489334 0.000000 0.999151 -0.041191 0.358887 0.510742 3 4 0.401575 5 0.098425 32 0.500000
mnt_body_m.png
 47 0.000000 6.110037 10.489334 0.000000 0.999151 -0.041191 0.358887 0.510742 3 4 0.401575 5 0.098425 32 0.500000
 47 2.209926 5.357378 12.259039 0.378054 0.907298 0.184080 0.346924 0.532715 3 4 0.480315 5 0.259843 32 0.259843
 47 4.066804 4.451207 10.489334 0.696374 0.713909 -0.073465 0.312744 0.510742 3 4 0.401575 5 0.098425 32 0.500000
mnt_body_m.png
 47 2.209926 5.357378 12.259039 0.378054 0.907298 0.184080 0.346924 0.532715 3 4 0.480315 5 0.259843 32 0.259843
 47 4.095776 4.110251 12.255846 0.692688 0.680802 0.238102 0.326172 0.530273 3 4 0.480315 5 0.259843 32 0.259843
 47 4.066804 4.451207 10.489334 0.696374 0.713909 -0.073465 0.312744 0.510742 3 4 0.401575 5 0.098425 32 0.500000
mnt_body_m.png
 47 4.095776 4.110251 12.255846 0.692688 0.680802 0.238102 0.326172 0.530273 3 4 0.480315 5 0.259843 32 0.259843
 47 5.356151 2.230736 12.246336 0.912177 0.381823 0.148810 0.301758 0.530029 3 4 0.480315 5 0.259843 32 0.259843
 47 4.066804 4.451207 10.489334 0.696374 0.713909 -0.073465 0.312744 0.510742 3 4 0.401575 5 0.098425 32 0.500000
mnt_body_m.png
 47 4.066804 4.451207 10.489334 0.696374 0.713909 -0.073465 0.312744 0.510742 3 4 0.401575 5 0.098425 32 0.500000
 47 5.356151 2.230736 12.246336 0.912177 0.381823 0.148810 0.301758 0.530029 3 4 0.480315 5 0.259843 32 0.259843
 47 5.982882 -0.001114 10.507097 0.995760 0.014382 -0.090863 0.265869 0.510742 3 4 0.401575 5 0.098425 32 0.500000
mnt_body_m.png
 47 5.356151 2.230736 12.246336 0.912177 0.381823 0.148810 0.301758 0.530029 3 4 0.480315 5 0.259843 32 0.259843
 47 5.810564 -0.008855 12.244156 0.971607 0.000394 0.236601 0.277588 0.530029 3 4 0.480315 5 0.259843 32 0.259843
 47 5.982882 -0.001114 10.507097 0.995760 0.014382 -0.090863 0.265869 0.510742 3 4 0.401575 5 0.098425 32 0.500000
mnt_body_m.png
 47 5.810564 -0.008855 12.244156 0.971607 0.000394 0.236601 0.277588 0.530029 3 4 0.480315 5 0.259843 32 0.259843
 47 5.358486 -2.280524 12.242094 0.916648 -0.365290 0.162230 0.254639 0.530762 3 4 0.480315 5 0.259843 32 0.259843
 47 5.982882 -0.001114 10.507097 0.995760 0.014382 -0.090863 0.265869 0.510742 3 4 0.401575 5 0.098425 32 0.500000
mnt_body_m.png
 47 5.982882 -0.001114 10.507097 0.995760 0.014382 -0.090863 0.265869 0.510742 3 4 0.401575 5 0.098425 32 0.500000
 47 5.358486 -2.280524 12.242094 0.916648 -0.365290 0.162230 0.254639 0.530762 3 4 0.480315 5 0.259843 32 0.259843
 47 4.305698 -4.375223 10.489334 0.724872 -0.685191 -0.071231 0.231689 0.510742 3 4 0.401575 5 0.098425 32 0.500000
mnt_body_m.png
 47 5.358486 -2.280524 12.242094 0.916648 -0.365290 0.162230 0.254639 0.530762 3 4 0.480315 5 0.259843 32 0.259843
 47 4.097123 -4.216892 12.232771 0.692318 -0.680672 0.239545 0.231567 0.531738 3 4 0.480315 5 0.259843 32 0.259843
 47 4.305698 -4.375223 10.489334 0.724872 -0.685191 -0.071231 0.231689 0.510742 3 4 0.401575 5 0.098425 32 0.500000
mnt_body_m.png
 47 4.097123 -4.216892 12.232771 0.692318 -0.680672 0.239545 0.231567 0.531738 3 4 0.480315 5 0.259843 32 0.259843
 47 2.210153 -5.487240 12.229474 0.382583 -0.912154 0.146987 0.210571 0.533936 3 4 0.480315 5 0.259843 32 0.259843
 47 4.305698 -4.375223 10.489334 0.724872 -0.685191 -0.071231 0.231689 0.510742 3 4 0.401575 5 0.098425 32 0.500000
mnt_body_m.png
 47 4.305698 -4.375223 10.489334 0.724872 -0.685191 -0.071231 0.231689 0.510742 3 4 0.401575 5 0.098425 32 0.500000
 47 2.210153 -5.487240 12.229474 0.382583 -0.912154 0.146987 0.210571 0.533936 3 4 0.480315 5 0.259843 32 0.259843
 47 0.000000 -6.171469 10.489330 0.000000 -0.997967 -0.063733 0.198608 0.510742 3 4 0.401575 5 0.098425 32 0.500000
mnt_body_m.png
 47 0.000000 -6.171469 10.489330 0.000000 -0.997967 -0.063733 0.198608 0.510742 3 4 0.401575 5 0.098425 32 0.500000
 47 2.210153 -5.487240 12.229474 0.382583 -0.912154 0.146987 0.210571 0.533936 3 4 0.480315 5 0.259843 32 0.259843
 47 0.000000 -5.928203 12.244152 0.000000 -0.975435 0.220286 0.189697 0.535889 3 4 0.480315 5 0.259843 32 0.259843
mnt_body_m.png
 47 2.210153 -5.487240 12.229474 0.382583 -0.912154 0.146987 0.210571 0.533936 3 4 0.480315 5 0.259843 32 0.259843
 47 2.049500 -5.170261 13.304963 0.362312 -0.854693 0.371793 0.211548 0.556885 3 4 0.450593 5 0.430830 32 0.118577
 47 0.000000 -5.928203 12.244152 0.000000 -0.975435 0.220286 0.189697 0.535889 3 4 0.480315 5 0.259843 32 0.259843
mnt_body_m.png
 47 0.000000 -5.928203 12.244152 0.000000 -0.975435 0.220286 0.189697 0.535889 3 4 0.480315 5 0.259843 32 0.259843
 47 2.049500 -5.170261 13.304963 0.362312 -0.854693 0.371793 0.211548 0.556885 3 4 0.450593 5 0.430830 32 0.118577
 47 0.000000 -5.586531 13.315155 0.000000 -0.932715 0.360616 0.191772 0.561035 3 4 0.450593 5 0.430830 32 0.118577
mnt_body_m.png
 47 2.049500 -5.170261 13.304963 0.362312 -0.854693 0.371793 0.211548 0.556885 3 4 0.450593 5 0.430830 32 0.118577
 47 1.826770 -4.730188 14.329126 0.352205 -0.818100 0.454603 0.219604 0.596191 2 4 0.350394 5 0.649606
 47 0.000000 -5.586531 13.315155 0.000000 -0.932715 0.360616 0.191772 0.561035 3 4 0.450593 5 0.430830 32 0.118577
mnt_body_m.png
 47 1.826770 -4.730188 14.329126 0.352205 -0.818100 0.454603 0.219604 0.596191 2 4 0.350394 5 0.649606
 47 0.000000 -5.121585 14.329435 0.000000 -0.895518 0.445025 0.202271 0.603271 2 4 0.350394 5 0.649606
 47 0.000000 -5.586531 13.315155 0.000000 -0.932715 0.360616 0.191772 0.561035 3 4 0.450593 5 0.430830 32 0.118577
mnt_body_m.png
 47 0.000000 -5.121585 14.329435 0.000000 -0.895518 0.445025 0.202271 0.603271 2 4 0.350394 5 0.649606
 47 -1.826770 -4.730188 14.329126 -0.352205 -0.818100 0.454603 0.219604 0.596191 2 4 0.350394 5 0.649606
 47 0.000000 -5.586531 13.315155 0.000000 -0.932715 0.360616 0.191772 0.561035 3 4 0.450593 5 0.430830 32 0.118577
mnt_body_m.png
 47 -1.826770 -4.730188 14.329126 -0.352205 -0.818100 0.454603 0.219604 0.596191 2 4 0.350394 5 0.649606
 47 -2.049500 -5.170261 13.304963 -0.362312 -0.854693 0.371793 0.211548 0.556885 3 4 0.450593 5 0.430830 32 0.118577
 47 0.000000 -5.586531 13.315155 0.000000 -0.932715 0.360616 0.191772 0.561035 3 4 0.450593 5 0.430830 32 0.118577
mnt_body_m.png
 47 0.000000 -5.586531 13.315155 0.000000 -0.932715 0.360616 0.191772 0.561035 3 4 0.450593 5 0.430830 32 0.118577
 47 -2.049500 -5.170261 13.304963 -0.362312 -0.854693 0.371793 0.211548 0.556885 3 4 0.450593 5 0.430830 32 0.118577
 47 0.000000 -5.928203 12.244152 0.000000 -0.975435 0.220286 0.189697 0.535889 3 4 0.480315 5 0.259843 32 0.259843
mnt_body_m.png
 47 -2.049500 -5.170261 13.304963 -0.362312 -0.854693 0.371793 0.211548 0.556885 3 4 0.450593 5 0.430830 32 0.118577
 47 -2.210153 -5.487240 12.229474 -0.382583 -0.912154 0.146987 0.210693 0.533936 3 4 0.480315 5 0.259843 32 0.259843
 47 0.000000 -5.928203 12.244152 0.000000 -0.975435 0.220286 0.189697 0.535889 3 4 0.480315 5 0.259843 32 0.259843
mnt_body_m.png
 47 0.000000 -5.928203 12.244152 0.000000 -0.975435 0.220286 0.189697 0.535889 3 4 0.480315 5 0.259843 32 0.259843
 47 -2.210153 -5.487240 12.229474 -0.382583 -0.912154 0.146987 0.210693 0.533936 3 4 0.480315 5 0.259843 32 0.259843
 47 0.000000 -6.171469 10.489330 0.000000 -0.997967 -0.063733 0.198608 0.510742 3 4 0.401575 5 0.098425 32 0.500000
mnt_body_m.png
 47 0.000000 -6.171469 10.489330 0.000000 -0.997967 -0.063733 0.198608 0.510742 3 4 0.401575 5 0.098425 32 0.500000
 47 -2.210153 -5.487240 12.229474 -0.382583 -0.912154 0.146987 0.210693 0.533936 3 4 0.480315 5 0.259843 32 0.259843
 47 -4.305698 -4.375223 10.489334 -0.724872 -0.685191 -0.071231 0.231689 0.510742 3 4 0.401575 5 0.098425 32 0.500000
mnt_body_m.png
 47 -2.210153 -5.487240 12.229474 -0.382583 -0.912154 0.146987 0.210693 0.533936 3 4 0.480315 5 0.259843 32 0.259843
 47 -4.097123 -4.216892 12.232771 -0.692318 -0.680672 0.239545 0.231567 0.531738 3 4 0.480315 5 0.259843 32 0.259843
 47 -4.305698 -4.375223 10.489334 -0.724872 -0.685191 -0.071231 0.231689 0.510742 3 4 0.401575 5 0.098425 32 0.500000
mnt_body_m.png
 47 -4.097123 -4.216892 12.232771 -0.692318 -0.680672 0.239545 0.231567 0.531738 3 4 0.480315 5 0.259843 32 0.259843
 47 -5.358486 -2.280524 12.242094 -0.916648 -0.365290 0.162230 0.254639 0.530762 3 4 0.480315 5 0.259843 32 0.259843
 47 -4.305698 -4.375223 10.489334 -0.724872 -0.685191 -0.071231 0.231689 0.510742 3 4 0.401575 5 0.098425 32 0.500000
mnt_body_m.png
 47 -4.305698 -4.375223 10.489334 -0.724872 -0.685191 -0.071231 0.231689 0.510742 3 4 0.401575 5 0.098425 32 0.500000
 47 -5.358486 -2.280524 12.242094 -0.916648 -0.365290 0.162230 0.254639 0.530762 3 4 0.480315 5 0.259843 32 0.259843
 47 -5.982882 -0.001114 10.507097 -0.995760 0.014382 -0.090863 0.265869 0.510742 3 4 0.401575 5 0.098425 32 0.500000
mnt_body_m.png
 47 -5.358486 -2.280524 12.242094 -0.916648 -0.365290 0.162230 0.254639 0.530762 3 4 0.480315 5 0.259843 32 0.259843
 47 -5.810564 -0.008855 12.244156 -0.971607 0.000394 0.236601 0.277588 0.530029 3 4 0.480315 5 0.259843 32 0.259843
 47 -5.982882 -0.001114 10.507097 -0.995760 0.014382 -0.090863 0.265869 0.510742 3 4 0.401575 5 0.098425 32 0.500000
mnt_body_m.png
 47 -5.810564 -0.008855 12.244156 -0.971607 0.000394 0.236601 0.277588 0.530029 3 4 0.480315 5 0.259843 32 0.259843
 47 -5.356151 2.230736 12.246336 -0.912177 0.381823 0.148810 0.301758 0.530029 3 4 0.480315 5 0.259843 32 0.259843
 47 -5.982882 -0.001114 10.507097 -0.995760 0.014382 -0.090863 0.265869 0.510742 3 4 0.401575 5 0.098425 32 0.500000
mnt_body_m.png
 47 -5.982882 -0.001114 10.507097 -0.995760 0.014382 -0.090863 0.265869 0.510742 3 4 0.401575 5 0.098425 32 0.500000
 47 -5.356151 2.230736 12.246336 -0.912177 0.381823 0.148810 0.301758 0.530029 3 4 0.480315 5 0.259843 32 0.259843
 47 -4.066804 4.451207 10.489334 -0.696374 0.713909 -0.073465 0.312744 0.510742 3 4 0.401575 5 0.098425 32 0.500000
mnt_body_m.png
 47 -5.356151 2.230736 12.246336 -0.912177 0.381823 0.148810 0.301758 0.530029 3 4 0.480315 5 0.259843 32 0.259843
 47 -4.095776 4.110251 12.255846 -0.692687 0.680802 0.238102 0.326172 0.530273 3 4 0.480315 5 0.259843 32 0.259843
 47 -4.066804 4.451207 10.489334 -0.696374 0.713909 -0.073465 0.312744 0.510742 3 4 0.401575 5 0.098425 32 0.500000
mnt_body_m.png
 47 -4.095776 4.110251 12.255846 -0.692687 0.680802 0.238102 0.326172 0.530273 3 4 0.480315 5 0.259843 32 0.259843
 47 -2.209926 5.357378 12.259039 -0.378054 0.907298 0.184080 0.346924 0.532715 3 4 0.480315 5 0.259843 32 0.259843
 47 -4.066804 4.451207 10.489334 -0.696374 0.713909 -0.073465 0.312744 0.510742 3 4 0.401575 5 0.098425 32 0.500000
mnt_body_m.png
 47 -4.066804 4.451207 10.489334 -0.696374 0.713909 -0.073465 0.312744 0.510742 3 4 0.401575 5 0.098425 32 0.500000
 47 -2.209926 5.357378 12.259039 -0.378054 0.907298 0.184080 0.346924 0.532715 3 4 0.480315 5 0.259843 32 0.259843
 47 0.000000 6.110037 10.489334 0.000000 0.999151 -0.041191 0.358887 0.510742 3 4 0.401575 5 0.098425 32 0.500000
mnt_body_m.png
 47 0.000000 6.110037 10.489334 0.000000 0.999151 -0.041191 0.358887 0.510742 3 4 0.401575 5 0.098425 32 0.500000
 47 -2.209926 5.357378 12.259039 -0.378054 0.907298 0.184080 0.346924 0.532715 3 4 0.480315 5 0.259843 32 0.259843
 47 0.000000 5.813751 12.244152 0.000000 0.967776 0.251814 0.367676 0.535156 3 4 0.480315 5 0.259843 32 0.259843
mnt_body_m.png
 47 0.000000 5.813751 12.244152 0.000000 0.967776 0.251814 0.367676 0.535156 3 4 0.480315 5 0.259843 32 0.259843
 47 -2.209926 5.357378 12.259039 -0.378054 0.907298 0.184080 0.346924 0.532715 3 4 0.480315 5 0.259843 32 0.259843
 47 0.000000 5.424729 13.315155 0.000000 0.922069 0.387025 0.365234 0.559326 3 4 0.450593 5 0.430830 32 0.118577
mnt_body_m.png
 47 -2.209926 5.357378 12.259039 -0.378054 0.907298 0.184080 0.346924 0.532715 3 4 0.480315 5 0.259843 32 0.259843
 47 -2.049286 4.999841 13.325106 -0.357029 0.847345 0.393111 0.346436 0.554443 3 4 0.450593 5 0.430830 32 0.118577
 47 0.000000 5.424729 13.315155 0.000000 0.922069 0.387025 0.365234 0.559326 3 4 0.450593 5 0.430830 32 0.118577
mnt_body_m.png
 47 -2.049286 4.999841 13.325106 -0.357029 0.847345 0.393111 0.346436 0.554443 3 4 0.450593 5 0.430830 32 0.118577
 47 -1.826577 4.559203 14.326021 -0.348899 0.818913 0.455687 0.339111 0.593994 2 4 0.350394 5 0.649606
 47 0.000000 5.424729 13.315155 0.000000 0.922069 0.387025 0.365234 0.559326 3 4 0.450593 5 0.430830 32 0.118577
mnt_body_m.png
 47 0.000000 5.424729 13.315155 0.000000 0.922069 0.387025 0.365234 0.559326 3 4 0.450593 5 0.430830 32 0.118577
 47 -1.826577 4.559203 14.326021 -0.348899 0.818913 0.455687 0.339111 0.593994 2 4 0.350394 5 0.649606
 47 0.000000 4.936234 14.325735 0.000000 0.893732 0.448602 0.354980 0.600830 2 4 0.350394 5 0.649606
mnt_body_m.png
 47 -1.826577 4.559203 14.326021 -0.348899 0.818913 0.455687 0.339111 0.593994 2 4 0.350394 5 0.649606
 47 -1.598091 4.082221 15.319251 -0.351990 0.816190 0.458188 0.332275 0.619141 3 4 0.169960 5 0.581028 6 0.249012
 47 0.000000 4.936234 14.325735 0.000000 0.893732 0.448602 0.354980 0.600830 2 4 0.350394 5 0.649606
mnt_body_m.png
 47 0.000000 4.936234 14.325735 0.000000 0.893732 0.448602 0.354980 0.600830 2 4 0.350394 5 0.649606
 47 -1.598091 4.082221 15.319251 -0.351990 0.816190 0.458188 0.332275 0.619141 3 4 0.169960 5 0.581028 6 0.249012
 47 0.000000 4.419510 15.318979 -0.000000 0.890580 0.454826 0.346436 0.628174 3 4 0.169960 5 0.581028 6 0.249012
mnt_body_m.png
 47 0.000000 4.419510 15.318979 -0.000000 0.890580 0.454826 0.346436 0.628174 3 4 0.169960 5 0.581028 6 0.249012
 47 -1.598091 4.082221 15.319251 -0.351990 0.816190 0.458188 0.332275 0.619141 3 4 0.169960 5 0.581028 6 0.249012
 47 0.000000 3.913121 16.331663 0.000000 0.892504 0.451039 0.337646 0.655273 3 4 0.007874 5 0.511811 6 0.480315
mnt_body_m.png
 47 -1.598091 4.082221 15.319251 -0.351990 0.816190 0.458188 0.332275 0.619141 3 4 0.169960 5 0.581028 6 0.249012
 47 -1.405981 3.614657 16.332027 -0.354989 0.821461 0.446300 0.325195 0.644287 3 4 0.007874 5 0.511811 6 0.480315
 47 0.000000 3.913121 16.331663 0.000000 0.892504 0.451039 0.337646 0.655273 3 4 0.007874 5 0.511811 6 0.480315
mnt_body_m.png
 47 0.000000 3.913121 16.331663 0.000000 0.892504 0.451039 0.337646 0.655273 3 4 0.007874 5 0.511811 6 0.480315
 47 -1.405981 3.614657 16.332027 -0.354989 0.821461 0.446300 0.325195 0.644287 3 4 0.007874 5 0.511811 6 0.480315
 47 0.000000 3.391284 17.353718 0.000000 0.876984 0.480519 0.328369 0.676025 2 5 0.279528 6 0.720472
mnt_body_m.png
 47 -1.405981 3.614657 16.332027 -0.354989 0.821461 0.446300 0.325195 0.644287 3 4 0.007874 5 0.511811 6 0.480315
 47 -1.237199 3.132877 17.354130 -0.346733 0.811314 0.470686 0.318115 0.664795 2 5 0.279528 6 0.720472
 47 0.000000 3.391284 17.353718 0.000000 0.876984 0.480519 0.328369 0.676025 2 5 0.279528 6 0.720472
mnt_body_m.png
 47 0.000000 3.391284 17.353718 0.000000 0.876984 0.480519 0.328369 0.676025 2 5 0.279528 6 0.720472
 47 -1.237199 3.132877 17.354130 -0.346733 0.811314 0.470686 0.318115 0.664795 2 5 0.279528 6 0.720472
 47 0.000000 2.797273 18.353401 0.000000 0.820440 0.571733 0.319092 0.696533 1 6 1.000000
mnt_body_m.png
 47 -1.237199 3.132877 17.354130 -0.346733 0.811314 0.470686 0.318115 0.664795 2 5 0.279528 6 0.720472
 47 -1.058320 2.584368 18.353741 -0.317820 0.764032 0.561467 0.310791 0.685303 1 6 1.000000
 47 0.000000 2.797273 18.353401 0.000000 0.820440 0.571733 0.319092 0.696533 1 6 1.000000
mnt_body_m.png
 47 0.000000 2.797273 18.353401 0.000000 0.820440 0.571733 0.319092 0.696533 1 6 1.000000
 47 -1.058320 2.584368 18.353741 -0.317820 0.764032 0.561467 0.310791 0.685303 1 6 1.000000
 47 0.000000 2.042689 19.256374 0.000000 0.669334 0.742962 0.308350 0.714355 1 6 1.000000
mnt_body_m.png
 47 -1.058320 2.584368 18.353741 -0.317820 0.764032 0.561467 0.310791 0.685303 1 6 1.000000
 47 -0.817403 1.887540 19.256624 -0.247856 0.625239 0.740029 0.302002 0.703613 1 6 1.000000
 47 0.000000 2.042689 19.256374 0.000000 0.669334 0.742962 0.308350 0.714355 1 6 1.000000
mnt_body_m.png
 47 0.000000 2.042689 19.256374 0.000000 0.669334 0.742962 0.308350 0.714355 1 6 1.000000
 47 -0.817403 1.887540 19.256624 -0.247856 0.625239 0.740029 0.302002 0.703613 1 6 1.000000
 47 0.000000 1.068724 19.866779 0.000000 0.381543 0.924351 0.296387 0.719482 1 6 1.000000
mnt_body_m.png
 47 -0.817403 1.887540 19.256624 -0.247856 0.625239 0.740029 0.302002 0.703613 1 6 1.000000
 47 -0.845071 0.761778 19.867268 -0.258596 0.293431 0.920340 0.289063 0.708008 1 6 1.000000
 47 0.000000 1.068724 19.866779 0.000000 0.381543 0.924351 0.296387 0.719482 1 6 1.000000
mnt_body_m.png
 47 0.000000 1.068724 19.866779 0.000000 0.381543 0.924351 0.296387 0.719482 1 6 1.000000
 47 -0.845071 0.761778 19.867268 -0.258596 0.293431 0.920340 0.289063 0.708008 1 6 1.000000
 47 0.000000 0.019902 20.072508 -0.000000 0.001347 0.999999 0.280762 0.729980 1 6 1.000000
mnt_body_m.png
 47 -0.845071 0.761778 19.867268 -0.258596 0.293431 0.920340 0.289063 0.708008 1 6 1.000000
 47 -0.684444 0.019804 20.009825 -0.165675 0.001776 0.986179 0.279541 0.717041 1 6 1.000000
 47 0.000000 0.019902 20.072508 -0.000000 0.001347 0.999999 0.280762 0.729980 1 6 1.000000
mnt_body_m.png
 47 -0.684444 0.019804 20.009825 -0.165675 0.001776 0.986179 0.279541 0.717041 1 6 1.000000
 47 -0.845350 -0.722619 19.869633 -0.258502 -0.296586 0.919355 0.270020 0.711182 1 6 1.000000
 47 0.000000 0.019902 20.072508 -0.000000 0.001347 0.999999 0.280762 0.729980 1 6 1.000000
mnt_body_m.png
 47 0.000000 0.019902 20.072508 -0.000000 0.001347 0.999999 0.280762 0.729980 1 6 1.000000
 47 -0.845350 -0.722619 19.869633 -0.258502 -0.296586 0.919355 0.270020 0.711182 1 6 1.000000
 47 0.000000 -1.024319 19.870113 -0.000000 -0.386659 0.922223 0.265625 0.721436 1 6 1.000000
mnt_body_m.png
 47 -0.845350 -0.722619 19.869633 -0.258502 -0.296586 0.919355 0.270020 0.711182 1 6 1.000000
 47 -0.817492 -1.814902 19.262524 -0.245303 -0.627556 0.738918 0.258789 0.705322 1 6 1.000000
 47 0.000000 -1.024319 19.870113 -0.000000 -0.386659 0.922223 0.265625 0.721436 1 6 1.000000
mnt_body_m.png
 47 0.000000 -1.024319 19.870113 -0.000000 -0.386659 0.922223 0.265625 0.721436 1 6 1.000000
 47 -0.817492 -1.814902 19.262524 -0.245303 -0.627556 0.738918 0.258789 0.705322 1 6 1.000000
 47 0.000000 -1.966033 19.262762 0.000000 -0.669734 0.742601 0.253906 0.717285 1 6 1.000000
mnt_body_m.png
 47 0.000000 -1.966033 19.262762 0.000000 -0.669734 0.742601 0.253906 0.717285 1 6 1.000000
 47 -0.817492 -1.814902 19.262524 -0.245303 -0.627556 0.738918 0.258789 0.705322 1 6 1.000000
 47 0.000000 -2.246337 18.930799 -0.000000 -0.765828 0.643046 0.249146 0.712158 1 6 1.000000
mnt_body_m.png
 47 -0.817492 -1.814902 19.262524 -0.245303 -0.627556 0.738918 0.258789 0.705322 1 6 1.000000
 47 -1.058435 -2.517307 18.361872 -0.311532 -0.752341 0.580458 0.250000 0.682861 1 6 1.000000
 47 0.000000 -2.246337 18.930799 -0.000000 -0.765828 0.643046 0.249146 0.712158 1 6 1.000000
mnt_body_m.png
 47 -1.058435 -2.517307 18.361872 -0.311532 -0.752341 0.580458 0.250000 0.682861 1 6 1.000000
 47 -0.583299 -2.611183 18.362020 -0.373316 -0.493557 0.785517 0.243286 0.692871 1 6 1.000000
 47 0.000000 -2.246337 18.930799 -0.000000 -0.765828 0.643046 0.249146 0.712158 1 6 1.000000
mnt_body_m.png
 47 0.000000 -2.246337 18.930799 -0.000000 -0.765828 0.643046 0.249146 0.712158 1 6 1.000000
 47 -0.583299 -2.611183 18.362020 -0.373316 -0.493557 0.785517 0.243286 0.692871 1 6 1.000000
 47 0.000000 -2.526642 18.598837 -0.000000 -0.512045 0.858959 0.244385 0.707031 1 6 1.000000
mnt_body_m.png
 47 -0.583299 -2.611183 18.362020 -0.373316 -0.493557 0.785517 0.243286 0.692871 1 6 1.000000
 47 -1.058435 -2.517307 18.361872 -0.311532 -0.752341 0.580458 0.250000 0.682861 1 6 1.000000
 47 -0.992008 -3.176620 17.364187 -0.829103 -0.387508 0.403022 0.235352 0.672119 1 6 1.000000
mnt_body_m.png
 47 -1.058435 -2.517307 18.361872 -0.311532 -0.752341 0.580458 0.250000 0.682861 1 6 1.000000
 47 -1.237335 -3.125212 17.364101 -0.341597 -0.786685 0.514235 0.242920 0.660645 2 5 0.047244 6 0.952756
 47 -0.992008 -3.176620 17.364187 -0.829103 -0.387508 0.403022 0.235352 0.672119 1 6 1.000000
mnt_body_m.png
 47 -1.237335 -3.125212 17.364101 -0.341597 -0.786685 0.514235 0.242920 0.660645 2 5 0.047244 6 0.952756
 47 -1.406133 -3.698007 16.340992 -0.353285 -0.793414 0.495665 0.233154 0.641846 3 4 0.015748 5 0.531496 6 0.452756
 47 -0.992008 -3.176620 17.364187 -0.829103 -0.387508 0.403022 0.235352 0.672119 1 6 1.000000
mnt_body_m.png
 47 -0.992008 -3.176620 17.364187 -0.829103 -0.387508 0.403022 0.235352 0.672119 1 6 1.000000
 47 -1.406133 -3.698007 16.340992 -0.353285 -0.793414 0.495665 0.233154 0.641846 3 4 0.015748 5 0.531496 6 0.452756
 47 -0.510991 -3.892234 16.342636 -0.801272 -0.491995 -0.340448 0.227295 0.655518 1 6 1.000000
mnt_body_m.png
 47 -1.406133 -3.698007 16.340992 -0.353285 -0.793414 0.495665 0.233154 0.641846 3 4 0.015748 5 0.531496 6 0.452756
 47 0.000000 -4.378655 15.708987 0.000000 -0.870953 0.491367 0.216431 0.638916 3 4 0.007905 5 0.541502 6 0.450593
 47 -0.510991 -3.892234 16.342636 -0.801272 -0.491995 -0.340448 0.227295 0.655518 1 6 1.000000
mnt_body_m.png
 47 -0.510991 -3.892234 16.342636 -0.801272 -0.491995 -0.340448 0.227295 0.655518 1 6 1.000000
 47 0.000000 -4.378655 15.708987 0.000000 -0.870953 0.491367 0.216431 0.638916 3 4 0.007905 5 0.541502 6 0.450593
 47 0.000000 -4.104648 16.166344 -0.000000 -0.645518 -0.763745 0.214966 0.646240 1 6 1.000000
mnt_body_m.png
 47 -1.406133 -3.698007 16.340992 -0.353285 -0.793414 0.495665 0.233154 0.641846 3 4 0.015748 5 0.531496 6 0.452756
 47 -1.598264 -4.234074 15.325876 -0.352012 -0.801052 0.484152 0.232178 0.622314 3 4 0.110672 5 0.664032 6 0.225296
 47 0.000000 -4.378655 15.708987 0.000000 -0.870953 0.491367 0.216431 0.638916 3 4 0.007905 5 0.541502 6 0.450593
mnt_body_m.png
 47 0.000000 -4.378655 15.708987 0.000000 -0.870953 0.491367 0.216431 0.638916 3 4 0.007905 5 0.541502 6 0.450593
 47 -1.598264 -4.234074 15.325876 -0.352012 -0.801052 0.484152 0.232178 0.622314 3 4 0.110672 5 0.664032 6 0.225296
 47 0.000000 -4.584742 15.326157 -0.000000 -0.880466 0.474110 0.211670 0.626953 3 4 0.110672 5 0.664032 6 0.225296
mnt_body_m.png
 47 -1.598264 -4.234074 15.325876 -0.352012 -0.801052 0.484152 0.232178 0.622314 3 4 0.110672 5 0.664032 6 0.225296
 47 0.000000 -5.121585 14.329435 0.000000 -0.895518 0.445025 0.202271 0.603271 2 4 0.350394 5 0.649606
 47 0.000000 -4.584742 15.326157 -0.000000 -0.880466 0.474110 0.211670 0.626953 3 4 0.110672 5 0.664032 6 0.225296
mnt_body_m.png
 47 0.000000 -5.121585 14.329435 0.000000 -0.895518 0.445025 0.202271 0.603271 2 4 0.350394 5 0.649606
 47 1.598264 -4.234074 15.325876 0.352012 -0.801052 0.484152 0.232178 0.622314 3 4 0.110672 5 0.664032 6 0.225296
 47 0.000000 -4.584742 15.326157 -0.000000 -0.880466 0.474110 0.211670 0.626953 3 4 0.110672 5 0.664032 6 0.225296
mnt_body_m.png
 47 0.000000 -4.584742 15.326157 -0.000000 -0.880466 0.474110 0.211670 0.626953 3 4 0.110672 5 0.664032 6 0.225296
 47 1.598264 -4.234074 15.325876 0.352012 -0.801052 0.484152 0.232178 0.622314 3 4 0.110672 5 0.664032 6 0.225296
 47 0.000000 -4.378655 15.708987 0.000000 -0.870953 0.491367 0.216431 0.638916 3 4 0.007905 5 0.541502 6 0.450593
mnt_body_m.png
 47 0.000000 -4.378655 15.708987 0.000000 -0.870953 0.491367 0.216431 0.638916 3 4 0.007905 5 0.541502 6 0.450593
 47 1.598264 -4.234074 15.325876 0.352012 -0.801052 0.484152 0.232178 0.622314 3 4 0.110672 5 0.664032 6 0.225296
 47 1.406133 -3.698007 16.340992 0.353285 -0.793414 0.495665 0.233154 0.641846 3 4 0.015748 5 0.531496 6 0.452756
mnt_body_m.png
 47 1.598264 -4.234074 15.325876 0.352012 -0.801052 0.484152 0.232178 0.622314 3 4 0.110672 5 0.664032 6 0.225296
 47 2.962798 -3.262137 15.319799 0.636495 -0.598034 0.487063 0.241333 0.611816 3 4 0.110672 5 0.664032 6 0.225296
 47 1.406133 -3.698007 16.340992 0.353285 -0.793414 0.495665 0.233154 0.641846 3 4 0.015748 5 0.531496 6 0.452756
mnt_body_m.png
 47 2.962798 -3.262137 15.319799 0.636495 -0.598034 0.487063 0.241333 0.611816 3 4 0.110672 5 0.664032 6 0.225296
 47 2.606646 -2.837711 16.339935 0.643547 -0.604520 0.469471 0.245605 0.634521 3 4 0.003953 5 0.581027 6 0.415020
 47 1.406133 -3.698007 16.340992 0.353285 -0.793414 0.495665 0.233154 0.641846 3 4 0.015748 5 0.531496 6 0.452756
mnt_body_m.png
 47 1.406133 -3.698007 16.340992 0.353285 -0.793414 0.495665 0.233154 0.641846 3 4 0.015748 5 0.531496 6 0.452756
 47 2.606646 -2.837711 16.339935 0.643547 -0.604520 0.469471 0.245605 0.634521 3 4 0.003953 5 0.581027 6 0.415020
 47 1.237335 -3.125212 17.364101 0.341597 -0.786685 0.514235 0.242920 0.660645 2 5 0.047244 6 0.952756
mnt_body_m.png
 47 2.606646 -2.837711 16.339935 0.643547 -0.604520 0.469471 0.245605 0.634521 3 4 0.003953 5 0.581027 6 0.415020
 47 2.293732 -2.397357 17.362947 0.633514 -0.610024 0.475952 0.251221 0.653809 2 5 0.248031 6 0.751969
 47 1.237335 -3.125212 17.364101 0.341597 -0.786685 0.514235 0.242920 0.660645 2 5 0.047244 6 0.952756
mnt_body_m.png
 47 1.237335 -3.125212 17.364101 0.341597 -0.786685 0.514235 0.242920 0.660645 2 5 0.047244 6 0.952756
 47 2.293732 -2.397357 17.362947 0.633514 -0.610024 0.475952 0.251221 0.653809 2 5 0.248031 6 0.751969
 47 1.058435 -2.517307 18.361872 0.311532 -0.752341 0.580458 0.250000 0.682861 1 6 1.000000
mnt_body_m.png
 47 2.293732 -2.397357 17.362947 0.633514 -0.610024 0.475952 0.251221 0.653809 2 5 0.248031 6 0.751969
 47 1.962097 -1.930267 18.360937 0.589232 -0.592961 0.548820 0.256836 0.673096 1 6 1.000000
 47 1.058435 -2.517307 18.361872 0.311532 -0.752341 0.580458 0.250000 0.682861 1 6 1.000000
mnt_body_m.png
 47 1.058435 -2.517307 18.361872 0.311532 -0.752341 0.580458 0.250000 0.682861 1 6 1.000000
 47 1.962097 -1.930267 18.360937 0.589232 -0.592961 0.548820 0.256836 0.673096 1 6 1.000000
 47 0.817492 -1.814902 19.262524 0.245303 -0.627556 0.738918 0.258789 0.705322 1 6 1.000000
mnt_body_m.png
 47 1.962097 -1.930267 18.360937 0.589232 -0.592961 0.548820 0.256836 0.673096 1 6 1.000000
 47 1.515443 -1.390659 19.261847 0.472663 -0.501114 0.724896 0.263916 0.693604 1 6 1.000000
 47 0.817492 -1.814902 19.262524 0.245303 -0.627556 0.738918 0.258789 0.705322 1 6 1.000000
mnt_body_m.png
 47 0.817492 -1.814902 19.262524 0.245303 -0.627556 0.738918 0.258789 0.705322 1 6 1.000000
 47 1.515443 -1.390659 19.261847 0.472663 -0.501114 0.724896 0.263916 0.693604 1 6 1.000000
 47 0.845350 -0.722619 19.869633 0.258502 -0.296586 0.919355 0.270020 0.711182 1 6 1.000000
mnt_body_m.png
 47 1.515443 -1.390659 19.261847 0.472663 -0.501114 0.724896 0.263916 0.693604 1 6 1.000000
 47 1.981993 -0.746301 19.260817 0.637810 -0.281130 0.717053 0.272705 0.688721 1 6 1.000000
 47 0.845350 -0.722619 19.869633 0.258502 -0.296586 0.919355 0.270020 0.711182 1 6 1.000000
mnt_body_m.png
 47 1.981993 -0.746301 19.260817 0.637810 -0.281130 0.717053 0.272705 0.688721 1 6 1.000000
 47 1.198879 0.016051 19.868456 0.411064 0.000143 0.911606 0.278320 0.704102 1 6 1.000000
 47 0.845350 -0.722619 19.869633 0.258502 -0.296586 0.919355 0.270020 0.711182 1 6 1.000000
mnt_body_m.png
 47 0.845350 -0.722619 19.869633 0.258502 -0.296586 0.919355 0.270020 0.711182 1 6 1.000000
 47 1.198879 0.016051 19.868456 0.411064 0.000143 0.911606 0.278320 0.704102 1 6 1.000000
 47 0.684444 0.019804 20.009825 0.165675 0.001776 0.986179 0.279541 0.717041 1 6 1.000000
mnt_body_m.png
 47 0.684444 0.019804 20.009825 0.165675 0.001776 0.986179 0.279541 0.717041 1 6 1.000000
 47 1.198879 0.016051 19.868456 0.411064 0.000143 0.911606 0.278320 0.704102 1 6 1.000000
 47 0.845071 0.761778 19.867268 0.258596 0.293431 0.920340 0.289063 0.708008 1 6 1.000000
mnt_body_m.png
 47 1.198879 0.016051 19.868456 0.411064 0.000143 0.911606 0.278320 0.704102 1 6 1.000000
 47 1.981128 0.793919 19.258364 0.638204 0.279749 0.717242 0.288330 0.688477 1 6 1.000000
 47 0.845071 0.761778 19.867268 0.258596 0.293431 0.920340 0.289063 0.708008 1 6 1.000000
mnt_body_m.png
 47 1.981128 0.793919 19.258364 0.638204 0.279749 0.717242 0.288330 0.688477 1 6 1.000000
 47 1.514943 1.452348 19.257315 0.475946 0.496813 0.725708 0.295410 0.693115 1 6 1.000000
 47 0.845071 0.761778 19.867268 0.258596 0.293431 0.920340 0.289063 0.708008 1 6 1.000000
mnt_body_m.png
 47 0.845071 0.761778 19.867268 0.258596 0.293431 0.920340 0.289063 0.708008 1 6 1.000000
 47 1.514943 1.452348 19.257315 0.475946 0.496813 0.725708 0.295410 0.693115 1 6 1.000000
 47 0.817403 1.887540 19.256624 0.247856 0.625239 0.740030 0.302002 0.703613 1 6 1.000000
mnt_body_m.png
 47 1.514943 1.452348 19.257315 0.475946 0.496813 0.725708 0.295410 0.693115 1 6 1.000000
 47 1.961447 1.987172 18.354692 0.596406 0.596799 0.536778 0.302490 0.674072 2 6 0.972441 10 0.027559
 47 0.817403 1.887540 19.256624 0.247856 0.625239 0.740030 0.302002 0.703613 1 6 1.000000
mnt_body_m.png
 47 0.817403 1.887540 19.256624 0.247856 0.625239 0.740030 0.302002 0.703613 1 6 1.000000
 47 1.961447 1.987172 18.354692 0.596406 0.596799 0.536778 0.302490 0.674072 2 6 0.972441 10 0.027559
 47 1.058320 2.584368 18.353741 0.317820 0.764032 0.561467 0.310791 0.685303 1 6 1.000000
mnt_body_m.png
 47 1.961447 1.987172 18.354692 0.596406 0.596799 0.536778 0.302490 0.674072 2 6 0.972441 10 0.027559
 47 2.292972 2.408052 17.355288 0.641570 0.623252 0.447152 0.307617 0.653809 3 5 0.268775 6 0.683794 10 0.047431
 47 1.058320 2.584368 18.353741 0.317820 0.764032 0.561467 0.310791 0.685303 1 6 1.000000
mnt_body_m.png
 47 1.058320 2.584368 18.353741 0.317820 0.764032 0.561467 0.310791 0.685303 1 6 1.000000
 47 2.292972 2.408052 17.355288 0.641570 0.623252 0.447152 0.307617 0.653809 3 5 0.268775 6 0.683794 10 0.047431
 47 1.237199 3.132877 17.354130 0.346733 0.811314 0.470686 0.318115 0.664795 2 5 0.279528 6 0.720472
mnt_body_m.png
 47 2.292972 2.408052 17.355288 0.641570 0.623252 0.447152 0.307617 0.653809 3 5 0.268775 6 0.683794 10 0.047431
 47 2.605785 2.777420 16.333075 0.649722 0.623316 0.435130 0.312744 0.633301 4 4 0.007905 5 0.474308 6 0.438735 10 0.079051
 47 1.237199 3.132877 17.354130 0.346733 0.811314 0.470686 0.318115 0.664795 2 5 0.279528 6 0.720472
mnt_body_m.png
 47 1.237199 3.132877 17.354130 0.346733 0.811314 0.470686 0.318115 0.664795 2 5 0.279528 6 0.720472
 47 2.605785 2.777420 16.333075 0.649722 0.623316 0.435130 0.312744 0.633301 4 4 0.007905 5 0.474308 6 0.438735 10 0.079051
 47 1.405981 3.614657 16.332027 0.354989 0.821461 0.446300 0.325195 0.644287 3 4 0.007874 5 0.511811 6 0.480315
mnt_body_m.png
 47 2.605785 2.777420 16.333075 0.649722 0.623316 0.435130 0.312744 0.633301 4 4 0.007905 5 0.474308 6 0.438735 10 0.079051
 47 2.961819 3.122140 15.325949 0.624995 0.622716 0.470750 0.318115 0.610107 3 4 0.169960 5 0.581028 6 0.249012
 47 1.405981 3.614657 16.332027 0.354989 0.821461 0.446300 0.325195 0.644287 3 4 0.007874 5 0.511811 6 0.480315
mnt_body_m.png
 47 1.405981 3.614657 16.332027 0.354989 0.821461 0.446300 0.325195 0.644287 3 4 0.007874 5 0.511811 6 0.480315
 47 2.961819 3.122140 15.325949 0.624995 0.622716 0.470750 0.318115 0.610107 3 4 0.169960 5 0.581028 6 0.249012
 47 1.598091 4.082221 15.319251 0.351990 0.816190 0.458188 0.332275 0.619141 3 4 0.169960 5 0.581028 6 0.249012
mnt_body_m.png
 47 1.598091 4.082221 15.319251 0.351990 0.816190 0.458188 0.332275 0.619141 3 4 0.169960 5 0.581028 6 0.249012
 47 2.961819 3.122140 15.325949 0.624995 0.622716 0.470750 0.318115 0.610107 3 4 0.169960 5 0.581028 6 0.249012
 47 1.826577 4.559203 14.326021 0.348899 0.818913 0.455687 0.339111 0.593994 2 4 0.350394 5 0.649606
mnt_body_m.png
 47 2.961819 3.122140 15.325949 0.624995 0.622716 0.470750 0.318115 0.610107 3 4 0.169960 5 0.581028 6 0.249012
 47 3.385271 3.481080 14.337509 0.623454 0.621518 0.474363 0.323242 0.586914 2 4 0.350394 5 0.649606
 47 1.826577 4.559203 14.326021 0.348899 0.818913 0.455687 0.339111 0.593994 2 4 0.350394 5 0.649606
mnt_body_m.png
 47 1.826577 4.559203 14.326021 0.348899 0.818913 0.455687 0.339111 0.593994 2 4 0.350394 5 0.649606
 47 3.385271 3.481080 14.337509 0.623454 0.621518 0.474363 0.323242 0.586914 2 4 0.350394 5 0.649606
 47 2.049286 4.999841 13.325106 0.357029 0.847345 0.393111 0.346436 0.554443 3 4 0.450593 5 0.430830 32 0.118577
mnt_body_m.png
 47 3.385271 3.481080 14.337509 0.623454 0.621518 0.474363 0.323242 0.586914 2 4 0.350394 5 0.649606
 47 3.798052 3.829532 13.327734 0.646494 0.642818 0.410890 0.327393 0.549561 3 4 0.450593 5 0.430830 32 0.118577
 47 2.049286 4.999841 13.325106 0.357029 0.847345 0.393111 0.346436 0.554443 3 4 0.450593 5 0.430830 32 0.118577
mnt_body_m.png
 47 2.049286 4.999841 13.325106 0.357029 0.847345 0.393111 0.346436 0.554443 3 4 0.450593 5 0.430830 32 0.118577
 47 3.798052 3.829532 13.327734 0.646494 0.642818 0.410890 0.327393 0.549561 3 4 0.450593 5 0.430830 32 0.118577
 47 2.209926 5.357378 12.259039 0.378054 0.907298 0.184080 0.346924 0.532715 3 4 0.480315 5 0.259843 32 0.259843
mnt_body_m.png
 47 2.209926 5.357378 12.259039 0.378054 0.907298 0.184080 0.346924 0.532715 3 4 0.480315 5 0.259843 32 0.259843
 47 3.798052 3.829532 13.327734 0.646494 0.642818 0.410890 0.327393 0.549561 3 4 0.450593 5 0.430830 32 0.118577
 47 4.095776 4.110251 12.255846 0.692688 0.680802 0.238102 0.326172 0.530273 3 4 0.480315 5 0.259843 32 0.259843
mnt_body_m.png
 47 3.798052 3.829532 13.327734 0.646494 0.642818 0.410890 0.327393 0.549561 3 4 0.450593 5 0.430830 32 0.118577
 47 4.966803 2.067322 13.321506 0.839620 0.346106 0.418628 0.302734 0.549316 3 4 0.450593 5 0.430830 32 0.118577
 47 4.095776 4.110251 12.255846 0.692688 0.680802 0.238102 0.326172 0.530273 3 4 0.480315 5 0.259843 32 0.259843
mnt_body_m.png
 47 4.095776 4.110251 12.255846 0.692688 0.680802 0.238102 0.326172 0.530273 3 4 0.480315 5 0.259843 32 0.259843
 47 4.966803 2.067322 13.321506 0.839620 0.346106 0.418628 0.302734 0.549316 3 4 0.450593 5 0.430830 32 0.118577
 47 5.356151 2.230736 12.246336 0.912177 0.381823 0.148810 0.301758 0.530029 3 4 0.480315 5 0.259843 32 0.259843
mnt_body_m.png
 47 4.966803 2.067322 13.321506 0.839620 0.346106 0.418628 0.302734 0.549316 3 4 0.450593 5 0.430830 32 0.118577
 47 5.366287 0.080394 13.315483 0.899032 0.011967 0.437720 0.277832 0.549316 3 4 0.450593 5 0.430830 32 0.118577
 47 5.356151 2.230736 12.246336 0.912177 0.381823 0.148810 0.301758 0.530029 3 4 0.480315 5 0.259843 32 0.259843
mnt_body_m.png
 47 5.356151 2.230736 12.246336 0.912177 0.381823 0.148810 0.301758 0.530029 3 4 0.480315 5 0.259843 32 0.259843
 47 5.366287 0.080394 13.315483 0.899032 0.011967 0.437720 0.277832 0.549316 3 4 0.450593 5 0.430830 32 0.118577
 47 5.810564 -0.008855 12.244156 0.971607 0.000394 0.236601 0.277588 0.530029 3 4 0.480315 5 0.259843 32 0.259843
mnt_body_m.png
 47 5.366287 0.080394 13.315483 0.899032 0.011967 0.437720 0.277832 0.549316 3 4 0.450593 5 0.430830 32 0.118577
 47 4.968968 -2.163270 13.308985 0.842085 -0.337146 0.420981 0.254639 0.550781 3 4 0.450593 5 0.430830 32 0.118577
 47 5.810564 -0.008855 12.244156 0.971607 0.000394 0.236601 0.277588 0.530029 3 4 0.480315 5 0.259843 32 0.259843
mnt_body_m.png
 47 5.810564 -0.008855 12.244156 0.971607 0.000394 0.236601 0.277588 0.530029 3 4 0.480315 5 0.259843 32 0.259843
 47 4.968968 -2.163270 13.308985 0.842085 -0.337146 0.420981 0.254639 0.550781 3 4 0.450593 5 0.430830 32 0.118577
 47 5.358486 -2.280524 12.242094 0.916648 -0.365290 0.162230 0.254639 0.530762 3 4 0.480315 5 0.259843 32 0.259843
mnt_body_m.png
 47 5.358486 -2.280524 12.242094 0.916648 -0.365290 0.162230 0.254639 0.530762 3 4 0.480315 5 0.259843 32 0.259843
 47 4.968968 -2.163270 13.308985 0.842085 -0.337146 0.420981 0.254639 0.550781 3 4 0.450593 5 0.430830 32 0.118577
 47 4.097123 -4.216892 12.232771 0.692318 -0.680672 0.239545 0.231567 0.531738 3 4 0.480315 5 0.259843 32 0.259843
mnt_body_m.png
 47 4.968968 -2.163270 13.308985 0.842085 -0.337146 0.420981 0.254639 0.550781 3 4 0.450593 5 0.430830 32 0.118577
 47 3.799299 -3.979606 13.302601 0.657991 -0.641184 0.394880 0.231323 0.552490 3 4 0.450593 5 0.430830 32 0.118577
 47 4.097123 -4.216892 12.232771 0.692318 -0.680672 0.239545 0.231567 0.531738 3 4 0.480315 5 0.259843 32 0.259843
mnt_body_m.png
 47 4.097123 -4.216892 12.232771 0.692318 -0.680672 0.239545 0.231567 0.531738 3 4 0.480315 5 0.259843 32 0.259843
 47 3.799299 -3.979606 13.302601 0.657991 -0.641184 0.394880 0.231323 0.552490 3 4 0.450593 5 0.430830 32 0.118577
 47 2.210153 -5.487240 12.229474 0.382583 -0.912154 0.146987 0.210571 0.533936 3 4 0.480315 5 0.259843 32 0.259843
mnt_body_m.png
 47 2.210153 -5.487240 12.229474 0.382583 -0.912154 0.146987 0.210571 0.533936 3 4 0.480315 5 0.259843 32 0.259843
 47 3.799299 -3.979606 13.302601 0.657991 -0.641184 0.394880 0.231323 0.552490 3 4 0.450593 5 0.430830 32 0.118577
 47 2.049500 -5.170261 13.304963 0.362312 -0.854693 0.371793 0.211548 0.556885 3 4 0.450593 5 0.430830 32 0.118577
mnt_body_m.png
 47 3.799299 -3.979606 13.302601 0.657991 -0.641184 0.394880 0.231323 0.552490 3 4 0.450593 5 0.430830 32 0.118577
 47 3.386385 -3.651906 14.317593 0.635193 -0.608338 0.475873 0.236938 0.589355 2 4 0.350394 5 0.649606
 47 2.049500 -5.170261 13.304963 0.362312 -0.854693 0.371793 0.211548 0.556885 3 4 0.450593 5 0.430830 32 0.118577
mnt_body_m.png
 47 2.049500 -5.170261 13.304963 0.362312 -0.854693 0.371793 0.211548 0.556885 3 4 0.450593 5 0.430830 32 0.118577
 47 3.386385 -3.651906 14.317593 0.635193 -0.608338 0.475873 0.236938 0.589355 2 4 0.350394 5 0.649606
 47 1.826770 -4.730188 14.329126 0.352205 -0.818100 0.454603 0.219604 0.596191 2 4 0.350394 5 0.649606
mnt_body_m.png
 47 3.386385 -3.651906 14.317593 0.635193 -0.608338 0.475873 0.236938 0.589355 2 4 0.350394 5 0.649606
 47 1.598264 -4.234074 15.325876 0.352012 -0.801052 0.484152 0.232178 0.622314 3 4 0.110672 5 0.664032 6 0.225296
 47 1.826770 -4.730188 14.329126 0.352205 -0.818100 0.454603 0.219604 0.596191 2 4 0.350394 5 0.649606
mnt_body_m.png
 47 1.826770 -4.730188 14.329126 0.352205 -0.818100 0.454603 0.219604 0.596191 2 4 0.350394 5 0.649606
 47 1.598264 -4.234074 15.325876 0.352012 -0.801052 0.484152 0.232178 0.622314 3 4 0.110672 5 0.664032 6 0.225296
 47 0.000000 -5.121585 14.329435 0.000000 -0.895518 0.445025 0.202271 0.603271 2 4 0.350394 5 0.649606
mnt_body_m.png
 47 1.598264 -4.234074 15.325876 0.352012 -0.801052 0.484152 0.232178 0.622314 3 4 0.110672 5 0.664032 6 0.225296
 47 3.386385 -3.651906 14.317593 0.635193 -0.608338 0.475873 0.236938 0.589355 2 4 0.350394 5 0.649606
 47 2.962798 -3.262137 15.319799 0.636495 -0.598034 0.487063 0.241333 0.611816 3 4 0.110672 5 0.664032 6 0.225296
mnt_body_m.png
 47 3.386385 -3.651906 14.317593 0.635193 -0.608338 0.475873 0.236938 0.589355 2 4 0.350394 5 0.649606
 47 3.874924 -1.782448 15.318824 0.794971 -0.401261 0.454985 0.254395 0.605713 4 4 0.079051 5 0.592886 6 0.158103 10 0.169960
 47 2.962798 -3.262137 15.319799 0.636495 -0.598034 0.487063 0.241333 0.611816 3 4 0.110672 5 0.664032 6 0.225296
mnt_body_m.png
 47 2.962798 -3.262137 15.319799 0.636495 -0.598034 0.487063 0.241333 0.611816 3 4 0.110672 5 0.664032 6 0.225296
 47 3.874924 -1.782448 15.318824 0.794971 -0.401261 0.454985 0.254395 0.605713 4 4 0.079051 5 0.592886 6 0.158103 10 0.169960
 47 2.606646 -2.837711 16.339935 0.643547 -0.604520 0.469471 0.245605 0.634521 3 4 0.003953 5 0.581027 6 0.415020
mnt_body_m.png
 47 3.874924 -1.782448 15.318824 0.794971 -0.401261 0.454985 0.254395 0.605713 4 4 0.079051 5 0.592886 6 0.158103 10 0.169960
 47 3.409123 -1.544035 16.336594 0.777114 -0.410084 0.477414 0.263184 0.625732 4 4 0.007905 5 0.501976 6 0.320158 10 0.169960
 47 2.606646 -2.837711 16.339935 0.643547 -0.604520 0.469471 0.245605 0.634521 3 4 0.003953 5 0.581027 6 0.415020
mnt_body_m.png
 47 2.606646 -2.837711 16.339935 0.643547 -0.604520 0.469471 0.245605 0.634521 3 4 0.003953 5 0.581027 6 0.415020
 47 3.409123 -1.544035 16.336594 0.777114 -0.410084 0.477414 0.263184 0.625732 4 4 0.007905 5 0.501976 6 0.320158 10 0.169960
 47 2.293732 -2.397357 17.362947 0.633514 -0.610024 0.475952 0.251221 0.653809 2 5 0.248031 6 0.751969
mnt_body_m.png
 47 3.409123 -1.544035 16.336594 0.777114 -0.410084 0.477414 0.263184 0.625732 4 4 0.007905 5 0.501976 6 0.320158 10 0.169960
 47 2.999885 -1.293586 17.361120 0.836257 -0.334838 0.434233 0.262939 0.648193 3 5 0.280632 6 0.624506 10 0.094862
 47 2.293732 -2.397357 17.362947 0.633514 -0.610024 0.475952 0.251221 0.653809 2 5 0.248031 6 0.751969
mnt_body_m.png
 47 2.293732 -2.397357 17.362947 0.633514 -0.610024 0.475952 0.251221 0.653809 2 5 0.248031 6 0.751969
 47 2.999885 -1.293586 17.361120 0.836257 -0.334838 0.434233 0.262939 0.648193 3 5 0.280632 6 0.624506 10 0.094862
 47 1.962097 -1.930267 18.360937 0.589232 -0.592961 0.548820 0.256836 0.673096 1 6 1.000000
mnt_body_m.png
 47 2.999885 -1.293586 17.361120 0.836257 -0.334838 0.434233 0.262939 0.648193 3 5 0.280632 6 0.624506 10 0.094862
 47 2.566153 -1.039021 18.359514 0.791055 -0.330745 0.514626 0.268799 0.667725 1 6 1.000000
 47 1.962097 -1.930267 18.360937 0.589232 -0.592961 0.548820 0.256836 0.673096 1 6 1.000000
mnt_body_m.png
 47 1.962097 -1.930267 18.360937 0.589232 -0.592961 0.548820 0.256836 0.673096 1 6 1.000000
 47 2.566153 -1.039021 18.359514 0.791055 -0.330745 0.514626 0.268799 0.667725 1 6 1.000000
 47 1.515443 -1.390659 19.261847 0.472663 -0.501114 0.724896 0.263916 0.693604 1 6 1.000000
mnt_body_m.png
 47 1.515443 -1.390659 19.261847 0.472663 -0.501114 0.724896 0.263916 0.693604 1 6 1.000000
 47 2.566153 -1.039021 18.359514 0.791055 -0.330745 0.514626 0.268799 0.667725 1 6 1.000000
 47 1.981993 -0.746301 19.260817 0.637810 -0.281130 0.717053 0.272705 0.688721 1 6 1.000000
mnt_body_m.png
 47 2.566153 -1.039021 18.359514 0.791055 -0.330745 0.514626 0.268799 0.667725 1 6 1.000000
 47 2.782646 0.019069 18.357830 0.866386 0.001181 0.499374 0.280762 0.662598 2 6 0.972441 10 0.027559
 47 1.981993 -0.746301 19.260817 0.637810 -0.281130 0.717053 0.272705 0.688721 1 6 1.000000
mnt_body_m.png
 47 2.782646 0.019069 18.357830 0.866386 0.001181 0.499374 0.280762 0.662598 2 6 0.972441 10 0.027559
 47 2.149205 0.020296 19.259598 0.705102 0.000953 0.709105 0.281250 0.683838 1 6 1.000000
 47 1.981993 -0.746301 19.260817 0.637810 -0.281130 0.717053 0.272705 0.688721 1 6 1.000000
mnt_body_m.png
 47 1.981993 -0.746301 19.260817 0.637810 -0.281130 0.717053 0.272705 0.688721 1 6 1.000000
 47 2.149205 0.020296 19.259598 0.705102 0.000953 0.709105 0.281250 0.683838 1 6 1.000000
 47 1.198879 0.016051 19.868456 0.411064 0.000143 0.911606 0.278320 0.704102 1 6 1.000000
mnt_body_m.png
 47 1.198879 0.016051 19.868456 0.411064 0.000143 0.911606 0.278320 0.704102 1 6 1.000000
 47 2.149205 0.020296 19.259598 0.705102 0.000953 0.709105 0.281250 0.683838 1 6 1.000000
 47 1.981128 0.793919 19.258364 0.638204 0.279749 0.717242 0.288330 0.688477 1 6 1.000000
mnt_body_m.png
 47 2.149205 0.020296 19.259598 0.705102 0.000953 0.709105 0.281250 0.683838 1 6 1.000000
 47 2.782646 0.019069 18.357830 0.866386 0.001181 0.499374 0.280762 0.662598 2 6 0.972441 10 0.027559
 47 1.981128 0.793919 19.258364 0.638204 0.279749 0.717242 0.288330 0.688477 1 6 1.000000
mnt_body_m.png
 47 2.782646 0.019069 18.357830 0.866386 0.001181 0.499374 0.280762 0.662598 2 6 0.972441 10 0.027559
 47 2.565032 1.083273 18.356136 0.793699 0.331679 0.509933 0.291748 0.668213 2 6 0.972441 10 0.027559
 47 1.981128 0.793919 19.258364 0.638204 0.279749 0.717242 0.288330 0.688477 1 6 1.000000
mnt_body_m.png
 47 1.981128 0.793919 19.258364 0.638204 0.279749 0.717242 0.288330 0.688477 1 6 1.000000
 47 2.565032 1.083273 18.356136 0.793699 0.331679 0.509933 0.291748 0.668213 2 6 0.972441 10 0.027559
 47 1.514943 1.452348 19.257315 0.475946 0.496813 0.725708 0.295410 0.693115 1 6 1.000000
mnt_body_m.png
 47 1.514943 1.452348 19.257315 0.475946 0.496813 0.725708 0.295410 0.693115 1 6 1.000000
 47 2.565032 1.083273 18.356136 0.793699 0.331679 0.509933 0.291748 0.668213 2 6 0.972441 10 0.027559
 47 1.961447 1.987172 18.354692 0.596406 0.596799 0.536778 0.302490 0.674072 2 6 0.972441 10 0.027559
mnt_body_m.png
 47 2.565032 1.083273 18.356136 0.793699 0.331679 0.509933 0.291748 0.668213 2 6 0.972441 10 0.027559
 47 2.998574 1.309750 17.357107 0.840027 0.340919 0.422053 0.294678 0.647705 3 5 0.260870 6 0.573122 10 0.166008
 47 1.961447 1.987172 18.354692 0.596406 0.596799 0.536778 0.302490 0.674072 2 6 0.972441 10 0.027559
mnt_body_m.png
 47 1.961447 1.987172 18.354692 0.596406 0.596799 0.536778 0.302490 0.674072 2 6 0.972441 10 0.027559
 47 2.998574 1.309750 17.357107 0.840027 0.340919 0.422053 0.294678 0.647705 3 5 0.260870 6 0.573122 10 0.166008
 47 2.292972 2.408052 17.355288 0.641570 0.623252 0.447152 0.307617 0.653809 3 5 0.268775 6 0.683794 10 0.047431
mnt_body_m.png
 47 2.998574 1.309750 17.357107 0.840027 0.340919 0.422053 0.294678 0.647705 3 5 0.260870 6 0.573122 10 0.166008
 47 3.412335 1.489102 16.338394 0.758973 0.430182 0.488778 0.295166 0.625488 4 4 0.011905 5 0.392857 6 0.222222 10 0.373016
 47 2.292972 2.408052 17.355288 0.641570 0.623252 0.447152 0.307617 0.653809 3 5 0.268775 6 0.683794 10 0.047431
mnt_body_m.png
 47 2.292972 2.408052 17.355288 0.641570 0.623252 0.447152 0.307617 0.653809 3 5 0.268775 6 0.683794 10 0.047431
 47 3.412335 1.489102 16.338394 0.758973 0.430182 0.488778 0.295166 0.625488 4 4 0.011905 5 0.392857 6 0.222222 10 0.373016
 47 2.605785 2.777420 16.333075 0.649722 0.623316 0.435130 0.312744 0.633301 4 4 0.007905 5 0.474308 6 0.438735 10 0.079051
mnt_body_m.png
 47 2.605785 2.777420 16.333075 0.649722 0.623316 0.435130 0.312744 0.633301 4 4 0.007905 5 0.474308 6 0.438735 10 0.079051
 47 3.412335 1.489102 16.338394 0.758973 0.430182 0.488778 0.295166 0.625488 4 4 0.011905 5 0.392857 6 0.222222 10 0.373016
 47 2.961819 3.122140 15.325949 0.624995 0.622716 0.470750 0.318115 0.610107 3 4 0.169960 5 0.581028 6 0.249012
mnt_body_m.png
 47 3.412335 1.489102 16.338394 0.758973 0.430182 0.488778 0.295166 0.625488 4 4 0.011905 5 0.392857 6 0.222222 10 0.373016
 47 3.975573 1.679291 15.326699 0.749884 0.467822 0.467777 0.300049 0.602539 3 4 0.169960 5 0.581028 6 0.249012
 47 2.961819 3.122140 15.325949 0.624995 0.622716 0.470750 0.318115 0.610107 3 4 0.169960 5 0.581028 6 0.249012
mnt_body_m.png
 47 2.961819 3.122140 15.325949 0.624995 0.622716 0.470750 0.318115 0.610107 3 4 0.169960 5 0.581028 6 0.249012
 47 3.975573 1.679291 15.326699 0.749884 0.467822 0.467777 0.300049 0.602539 3 4 0.169960 5 0.581028 6 0.249012
 47 3.385271 3.481080 14.337509 0.623454 0.621518 0.474363 0.323242 0.586914 2 4 0.350394 5 0.649606
mnt_body_m.png
 47 3.975573 1.679291 15.326699 0.749884 0.467822 0.467777 0.300049 0.602539 3 4 0.169960 5 0.581028 6 0.249012
 47 4.455453 1.867571 14.332840 0.819967 0.358411 0.446314 0.305176 0.579590 2 4 0.350394 5 0.649606
 47 3.385271 3.481080 14.337509 0.623454 0.621518 0.474363 0.323242 0.586914 2 4 0.350394 5 0.649606
mnt_body_m.png
 47 3.385271 3.481080 14.337509 0.623454 0.621518 0.474363 0.323242 0.586914 2 4 0.350394 5 0.649606
 47 4.455453 1.867571 14.332840 0.819967 0.358411 0.446314 0.305176 0.579590 2 4 0.350394 5 0.649606
 47 3.798052 3.829532 13.327734 0.646494 0.642818 0.410890 0.327393 0.549561 3 4 0.450593 5 0.430830 32 0.118577
mnt_body_m.png
 47 3.798052 3.829532 13.327734 0.646494 0.642818 0.410890 0.327393 0.549561 3 4 0.450593 5 0.430830 32 0.118577
 47 4.455453 1.867571 14.332840 0.819967 0.358411 0.446314 0.305176 0.579590 2 4 0.350394 5 0.649606
 47 4.966803 2.067322 13.321506 0.839620 0.346106 0.418628 0.302734 0.549316 3 4 0.450593 5 0.430830 32 0.118577
mnt_body_m.png
 47 4.966803 2.067322 13.321506 0.839620 0.346106 0.418628 0.302734 0.549316 3 4 0.450593 5 0.430830 32 0.118577
 47 4.455453 1.867571 14.332840 0.819967 0.358411 0.446314 0.305176 0.579590 2 4 0.350394 5 0.649606
 47 5.366287 0.080394 13.315483 0.899032 0.011967 0.437720 0.277832 0.549316 3 4 0.450593 5 0.430830 32 0.118577
mnt_body_m.png
 47 4.455453 1.867571 14.332840 0.819967 0.358411 0.446314 0.305176 0.579590 2 4 0.350394 5 0.649606
 47 4.773742 0.163435 14.326147 0.915336 0.013934 0.402449 0.278809 0.579346 2 4 0.350394 5 0.649606
 47 5.366287 0.080394 13.315483 0.899032 0.011967 0.437720 0.277832 0.549316 3 4 0.450593 5 0.430830 32 0.118577
mnt_body_m.png
 47 4.773742 0.163435 14.326147 0.915336 0.013934 0.402449 0.278809 0.579346 2 4 0.350394 5 0.649606
 47 4.428932 -1.988695 14.322205 0.808893 -0.333237 0.484401 0.254639 0.582275 2 4 0.350394 5 0.649606
 47 5.366287 0.080394 13.315483 0.899032 0.011967 0.437720 0.277832 0.549316 3 4 0.450593 5 0.430830 32 0.118577
mnt_body_m.png
 47 5.366287 0.080394 13.315483 0.899032 0.011967 0.437720 0.277832 0.549316 3 4 0.450593 5 0.430830 32 0.118577
 47 4.428932 -1.988695 14.322205 0.808893 -0.333237 0.484401 0.254639 0.582275 2 4 0.350394 5 0.649606
 47 4.968968 -2.163270 13.308985 0.842085 -0.337146 0.420981 0.254639 0.550781 3 4 0.450593 5 0.430830 32 0.118577
mnt_body_m.png
 47 4.968968 -2.163270 13.308985 0.842085 -0.337146 0.420981 0.254639 0.550781 3 4 0.450593 5 0.430830 32 0.118577
 47 4.428932 -1.988695 14.322205 0.808893 -0.333237 0.484401 0.254639 0.582275 2 4 0.350394 5 0.649606
 47 3.799299 -3.979606 13.302601 0.657991 -0.641184 0.394880 0.231323 0.552490 3 4 0.450593 5 0.430830 32 0.118577
mnt_body_m.png
 47 3.799299 -3.979606 13.302601 0.657991 -0.641184 0.394880 0.231323 0.552490 3 4 0.450593 5 0.430830 32 0.118577
 47 4.428932 -1.988695 14.322205 0.808893 -0.333237 0.484401 0.254639 0.582275 2 4 0.350394 5 0.649606
 47 3.386385 -3.651906 14.317593 0.635193 -0.608338 0.475873 0.236938 0.589355 2 4 0.350394 5 0.649606
mnt_body_m.png
 47 3.386385 -3.651906 14.317593 0.635193 -0.608338 0.475873 0.236938 0.589355 2 4 0.350394 5 0.649606
 47 4.428932 -1.988695 14.322205 0.808893 -0.333237 0.484401 0.254639 0.582275 2 4 0.350394 5 0.649606
 47 3.874924 -1.782448 15.318824 0.794971 -0.401261 0.454985 0.254395 0.605713 4 4 0.079051 5 0.592886 6 0.158103 10 0.169960
mnt_body_m.png
 47 4.428932 -1.988695 14.322205 0.808893 -0.333237 0.484401 0.254639 0.582275 2 4 0.350394 5 0.649606
 47 4.204377 -1.111139 15.082657 0.838159 -0.354435 0.414567 0.261719 0.592041 3 4 0.047431 5 0.853755 10 0.098814
 47 3.874924 -1.782448 15.318824 0.794971 -0.401261 0.454985 0.254395 0.605713 4 4 0.079051 5 0.592886 6 0.158103 10 0.169960
mnt_body_m.png
 47 4.204377 -1.111139 15.082657 0.838159 -0.354435 0.414567 0.261719 0.592041 3 4 0.047431 5 0.853755 10 0.098814
 47 4.046211 -0.982530 15.805143 0.616564 -0.700779 0.358827 0.266602 0.610840 4 5 0.403162 6 0.007905 10 0.300395 11 0.288538
 47 3.874924 -1.782448 15.318824 0.794971 -0.401261 0.454985 0.254395 0.605713 4 4 0.079051 5 0.592886 6 0.158103 10 0.169960
mnt_body_m.png
 47 3.874924 -1.782448 15.318824 0.794971 -0.401261 0.454985 0.254395 0.605713 4 4 0.079051 5 0.592886 6 0.158103 10 0.169960
 47 4.046211 -0.982530 15.805143 0.616564 -0.700779 0.358827 0.266602 0.610840 4 5 0.403162 6 0.007905 10 0.300395 11 0.288538
 47 3.409123 -1.544035 16.336594 0.777114 -0.410084 0.477414 0.263184 0.625732 4 4 0.007905 5 0.501976 6 0.320158 10 0.169960
mnt_body_m.png
 47 4.046211 -0.982530 15.805143 0.616564 -0.700779 0.358827 0.266602 0.610840 4 5 0.403162 6 0.007905 10 0.300395 11 0.288538
 47 3.781178 -0.575387 16.531374 0.389349 -0.440827 0.808751 0.273438 0.622314 4 5 0.200787 6 0.098425 10 0.602363 11 0.098425
 47 3.409123 -1.544035 16.336594 0.777114 -0.410084 0.477414 0.263184 0.625732 4 4 0.007905 5 0.501976 6 0.320158 10 0.169960
mnt_body_m.png
 47 3.781178 -0.575387 16.531374 0.389349 -0.440827 0.808751 0.273438 0.622314 4 5 0.200787 6 0.098425 10 0.602363 11 0.098425
 47 3.412428 -0.000686 16.991766 0.811882 -0.005005 0.583800 0.280762 0.633789 3 5 0.229249 6 0.391304 10 0.379447
 47 3.409123 -1.544035 16.336594 0.777114 -0.410084 0.477414 0.263184 0.625732 4 4 0.007905 5 0.501976 6 0.320158 10 0.169960
mnt_body_m.png
 47 3.409123 -1.544035 16.336594 0.777114 -0.410084 0.477414 0.263184 0.625732 4 4 0.007905 5 0.501976 6 0.320158 10 0.169960
 47 3.412428 -0.000686 16.991766 0.811882 -0.005005 0.583800 0.280762 0.633789 3 5 0.229249 6 0.391304 10 0.379447
 47 2.999885 -1.293586 17.361120 0.836257 -0.334838 0.434233 0.262939 0.648193 3 5 0.280632 6 0.624506 10 0.094862
mnt_body_m.png
 47 3.412428 -0.000686 16.991766 0.811882 -0.005005 0.583800 0.280762 0.633789 3 5 0.229249 6 0.391304 10 0.379447
 47 3.252970 0.009715 17.359119 0.910623 0.002354 0.413232 0.280762 0.648193 3 5 0.259843 6 0.551181 10 0.188976
 47 2.999885 -1.293586 17.361120 0.836257 -0.334838 0.434233 0.262939 0.648193 3 5 0.280632 6 0.624506 10 0.094862
mnt_body_m.png
 47 2.999885 -1.293586 17.361120 0.836257 -0.334838 0.434233 0.262939 0.648193 3 5 0.280632 6 0.624506 10 0.094862
 47 3.252970 0.009715 17.359119 0.910623 0.002354 0.413232 0.280762 0.648193 3 5 0.259843 6 0.551181 10 0.188976
 47 2.566153 -1.039021 18.359514 0.791055 -0.330745 0.514626 0.268799 0.667725 1 6 1.000000
mnt_body_m.png
 47 2.566153 -1.039021 18.359514 0.791055 -0.330745 0.514626 0.268799 0.667725 1 6 1.000000
 47 3.252970 0.009715 17.359119 0.910623 0.002354 0.413232 0.280762 0.648193 3 5 0.259843 6 0.551181 10 0.188976
 47 2.782646 0.019069 18.357830 0.866386 0.001181 0.499374 0.280762 0.662598 2 6 0.972441 10 0.027559
mnt_body_m.png
 47 2.782646 0.019069 18.357830 0.866386 0.001181 0.499374 0.280762 0.662598 2 6 0.972441 10 0.027559
 47 3.252970 0.009715 17.359119 0.910623 0.002354 0.413232 0.280762 0.648193 3 5 0.259843 6 0.551181 10 0.188976
 47 2.565032 1.083273 18.356136 0.793699 0.331679 0.509933 0.291748 0.668213 2 6 0.972441 10 0.027559
mnt_body_m.png
 47 2.565032 1.083273 18.356136 0.793699 0.331679 0.509933 0.291748 0.668213 2 6 0.972441 10 0.027559
 47 3.252970 0.009715 17.359119 0.910623 0.002354 0.413232 0.280762 0.648193 3 5 0.259843 6 0.551181 10 0.188976
 47 2.998574 1.309750 17.357107 0.840027 0.340919 0.422053 0.294678 0.647705 3 5 0.260870 6 0.573122 10 0.166008
mnt_body_m.png
 47 3.252970 0.009715 17.359119 0.910623 0.002354 0.413232 0.280762 0.648193 3 5 0.259843 6 0.551181 10 0.188976
 47 3.412428 -0.000686 16.991766 0.811882 -0.005005 0.583800 0.280762 0.633789 3 5 0.229249 6 0.391304 10 0.379447
 47 2.998574 1.309750 17.357107 0.840027 0.340919 0.422053 0.294678 0.647705 3 5 0.260870 6 0.573122 10 0.166008
mnt_body_m.png
 47 2.998574 1.309750 17.357107 0.840027 0.340919 0.422053 0.294678 0.647705 3 5 0.260870 6 0.573122 10 0.166008
 47 3.412428 -0.000686 16.991766 0.811882 -0.005005 0.583800 0.280762 0.633789 3 5 0.229249 6 0.391304 10 0.379447
 47 3.412335 1.489102 16.338394 0.758973 0.430182 0.488778 0.295166 0.625488 4 4 0.011905 5 0.392857 6 0.222222 10 0.373016
mnt_body_m.png
 47 3.412428 -0.000686 16.991766 0.811882 -0.005005 0.583800 0.280762 0.633789 3 5 0.229249 6 0.391304 10 0.379447
 47 3.808182 0.586234 16.544807 0.362285 0.442547 0.820306 0.285400 0.620850 4 5 0.200787 6 0.098425 10 0.602363 11 0.098425
 47 3.412335 1.489102 16.338394 0.758973 0.430182 0.488778 0.295166 0.625488 4 4 0.011905 5 0.392857 6 0.222222 10 0.373016
mnt_body_m.png
 47 3.808182 0.586234 16.544807 0.362285 0.442547 0.820306 0.285400 0.620850 4 5 0.200787 6 0.098425 10 0.602363 11 0.098425
 47 4.069107 1.016043 15.821457 0.578969 0.701867 0.414943 0.291748 0.609375 3 5 0.401575 10 0.299213 11 0.299213
 47 3.412335 1.489102 16.338394 0.758973 0.430182 0.488778 0.295166 0.625488 4 4 0.011905 5 0.392857 6 0.222222 10 0.373016
mnt_body_m.png
 47 3.412335 1.489102 16.338394 0.758973 0.430182 0.488778 0.295166 0.625488 4 4 0.011905 5 0.392857 6 0.222222 10 0.373016
 47 4.069107 1.016043 15.821457 0.578969 0.701867 0.414943 0.291748 0.609375 3 5 0.401575 10 0.299213 11 0.299213
 47 3.975573 1.679291 15.326699 0.749884 0.467822 0.467777 0.300049 0.602539 3 4 0.169960 5 0.581028 6 0.249012
mnt_body_m.png
 47 4.069107 1.016043 15.821457 0.578969 0.701867 0.414943 0.291748 0.609375 3 5 0.401575 10 0.299213 11 0.299213
 47 4.365864 1.272484 15.016777 0.875942 0.309520 0.370031 0.297119 0.590088 3 4 0.118110 5 0.677166 10 0.204724
 47 3.975573 1.679291 15.326699 0.749884 0.467822 0.467777 0.300049 0.602539 3 4 0.169960 5 0.581028 6 0.249012
mnt_body_m.png
 47 3.975573 1.679291 15.326699 0.749884 0.467822 0.467777 0.300049 0.602539 3 4 0.169960 5 0.581028 6 0.249012
 47 4.365864 1.272484 15.016777 0.875942 0.309520 0.370031 0.297119 0.590088 3 4 0.118110 5 0.677166 10 0.204724
 47 4.455453 1.867571 14.332840 0.819967 0.358411 0.446314 0.305176 0.579590 2 4 0.350394 5 0.649606
mnt_body_m.png
 47 4.455453 1.867571 14.332840 0.819967 0.358411 0.446314 0.305176 0.579590 2 4 0.350394 5 0.649606
 47 4.365864 1.272484 15.016777 0.875942 0.309520 0.370031 0.297119 0.590088 3 4 0.118110 5 0.677166 10 0.204724
 47 4.773742 0.163435 14.326147 0.915336 0.013934 0.402449 0.278809 0.579346 2 4 0.350394 5 0.649606
mnt_body_m.png
 47 4.365864 1.272484 15.016777 0.875942 0.309520 0.370031 0.297119 0.590088 3 4 0.118110 5 0.677166 10 0.204724
 47 4.562448 0.690400 14.946227 0.894672 0.428268 -0.127075 0.286865 0.592041 3 5 0.700788 10 0.200787 11 0.098425
 47 4.773742 0.163435 14.326147 0.915336 0.013934 0.402449 0.278809 0.579346 2 4 0.350394 5 0.649606
mnt_body_m.png
 47 4.562448 0.690400 14.946227 0.894672 0.428268 -0.127075 0.286865 0.592041 3 5 0.700788 10 0.200787 11 0.098425
 47 4.508789 -0.649148 14.934836 0.879527 -0.472141 -0.059292 0.271240 0.592529 3 5 0.700788 10 0.200787 11 0.098425
 47 4.773742 0.163435 14.326147 0.915336 0.013934 0.402449 0.278809 0.579346 2 4 0.350394 5 0.649606
mnt_body_m.png
 47 4.773742 0.163435 14.326147 0.915336 0.013934 0.402449 0.278809 0.579346 2 4 0.350394 5 0.649606
 47 4.508789 -0.649148 14.934836 0.879527 -0.472141 -0.059292 0.271240 0.592529 3 5 0.700788 10 0.200787 11 0.098425
 47 4.428932 -1.988695 14.322205 0.808893 -0.333237 0.484401 0.254639 0.582275 2 4 0.350394 5 0.649606
mnt_body_m.png
 47 4.428932 -1.988695 14.322205 0.808893 -0.333237 0.484401 0.254639 0.582275 2 4 0.350394 5 0.649606
 47 4.508789 -0.649148 14.934836 0.879527 -0.472141 -0.059292 0.271240 0.592529 3 5 0.700788 10 0.200787 11 0.098425
 47 4.204377 -1.111139 15.082657 0.838159 -0.354435 0.414567 0.261719 0.592041 3 4 0.047431 5 0.853755 10 0.098814
mnt_body_m.png
 47 4.508789 -0.649148 14.934836 0.879527 -0.472141 -0.059292 0.271240 0.592529 3 5 0.700788 10 0.200787 11 0.098425
 47 4.046211 -0.982530 15.805143 0.616564 -0.700779 0.358827 0.266602 0.610840 4 5 0.403162 6 0.007905 10 0.300395 11 0.288538
 47 4.204377 -1.111139 15.082657 0.838159 -0.354435 0.414567 0.261719 0.592041 3 4 0.047431 5 0.853755 10 0.098814
mnt_body_m.png
 47 4.069107 1.016043 15.821457 0.578969 0.701867 0.414943 0.291748 0.609375 3 5 0.401575 10 0.299213 11 0.299213
 47 4.562448 0.690400 14.946227 0.894672 0.428268 -0.127075 0.286865 0.592041 3 5 0.700788 10 0.200787 11 0.098425
 47 4.365864 1.272484 15.016777 0.875942 0.309520 0.370031 0.297119 0.590088 3 4 0.118110 5 0.677166 10 0.204724
mnt_body_m.png
 47 3.808182 0.586234 16.544807 0.362285 0.442547 0.820306 0.285400 0.620850 4 5 0.200787 6 0.098425 10 0.602363 11 0.098425
 47 3.412428 -0.000686 16.991766 0.811882 -0.005005 0.583800 0.280762 0.633789 3 5 0.229249 6 0.391304 10 0.379447
 47 3.795289 0.032125 16.659061 0.372275 -0.005267 0.928108 0.279297 0.621582 4 5 0.200787 6 0.098425 10 0.602363 11 0.098425
mnt_body_m.png
 47 3.795289 0.032125 16.659061 0.372275 -0.005267 0.928108 0.279297 0.621582 4 5 0.200787 6 0.098425 10 0.602363 11 0.098425
 47 3.412428 -0.000686 16.991766 0.811882 -0.005005 0.583800 0.280762 0.633789 3 5 0.229249 6 0.391304 10 0.379447
 47 3.781178 -0.575387 16.531374 0.389349 -0.440827 0.808751 0.273438 0.622314 4 5 0.200787 6 0.098425 10 0.602363 11 0.098425
mnt_body_m.png
 47 1.813406 0.267771 3.261865 -0.880619 0.090214 0.465158 0.004406 0.510254 2 34 0.500000 35 0.500000
 47 2.489347 -1.573040 3.261864 -0.409669 -0.538662 0.736216 0.018936 0.510254 3 34 0.421260 35 0.551181 36 0.027559
 47 2.432740 -0.098560 5.131997 -0.984955 -0.008491 0.172603 0.004406 0.553955 2 33 0.500000 34 0.500000
mnt_body_m.png
 47 2.489347 -1.573040 3.261864 -0.409669 -0.538662 0.736216 0.018936 0.510254 3 34 0.421260 35 0.551181 36 0.027559
 47 2.723161 -1.543804 4.689169 -0.578965 -0.811601 0.078127 0.019577 0.543945 2 33 0.208661 34 0.791339
 47 2.432740 -0.098560 5.131997 -0.984955 -0.008491 0.172603 0.004406 0.553955 2 33 0.500000 34 0.500000
mnt_body_m.png
 47 2.723161 -1.543804 4.689169 -0.578965 -0.811601 0.078127 0.019577 0.543945 2 33 0.208661 34 0.791339
 47 2.745748 -1.556803 5.131997 -0.572685 -0.816974 0.067722 0.019806 0.555420 2 33 0.500000 34 0.500000
 47 2.432740 -0.098560 5.131997 -0.984955 -0.008491 0.172603 0.004406 0.553955 2 33 0.500000 34 0.500000
mnt_body_m.png
 47 2.745748 -1.556803 5.131997 -0.572685 -0.816974 0.067722 0.019806 0.555420 2 33 0.500000 34 0.500000
 47 2.763222 -1.508063 5.501292 -0.586013 -0.799684 0.130746 0.019760 0.565674 2 33 0.759843 34 0.240157
 47 2.432740 -0.098560 5.131997 -0.984955 -0.008491 0.172603 0.004406 0.553955 2 33 0.500000 34 0.500000
mnt_body_m.png
 47 2.432740 -0.098560 5.131997 -0.984955 -0.008491 0.172603 0.004406 0.553955 2 33 0.500000 34 0.500000
 47 2.763222 -1.508063 5.501292 -0.586013 -0.799684 0.130746 0.019760 0.565674 2 33 0.759843 34 0.240157
 47 2.512446 -0.057649 6.152968 -0.665528 0.011343 -0.746286 0.004406 0.586670 2 32 0.500000 33 0.500000
mnt_body_m.png
 47 2.512446 -0.057649 6.152968 -0.665528 0.011343 -0.746286 0.004406 0.586670 2 32 0.500000 33 0.500000
 47 2.763222 -1.508063 5.501292 -0.586013 -0.799684 0.130746 0.019760 0.565674 2 33 0.759843 34 0.240157
 47 2.792178 -1.390143 6.456502 -0.020133 -0.707858 -0.706068 0.020020 0.594482 2 32 0.570866 33 0.429134
mnt_body_m.png
 47 2.763222 -1.508063 5.501292 -0.586013 -0.799684 0.130746 0.019760 0.565674 2 33 0.759843 34 0.240157
 47 3.994329 -1.376968 5.501290 0.656763 -0.743570 0.125566 0.036407 0.564941 2 33 0.751969 34 0.248031
 47 2.792178 -1.390143 6.456502 -0.020133 -0.707858 -0.706068 0.020020 0.594482 2 32 0.570866 33 0.429134
mnt_body_m.png
 47 2.792178 -1.390143 6.456502 -0.020133 -0.707858 -0.706068 0.020020 0.594482 2 32 0.570866 33 0.429134
 47 3.994329 -1.376968 5.501290 0.656763 -0.743570 0.125566 0.036407 0.564941 2 33 0.751969 34 0.248031
 47 3.949918 -1.175108 7.070718 0.778314 -0.470352 -0.415928 0.037811 0.611328 3 4 0.007905 32 0.561265 33 0.430830
mnt_body_m.png
 47 3.949918 -1.175108 7.070718 0.778314 -0.470352 -0.415928 0.037811 0.611328 3 4 0.007905 32 0.561265 33 0.430830
 47 3.994329 -1.376968 5.501290 0.656763 -0.743570 0.125566 0.036407 0.564941 2 33 0.751969 34 0.248031
 47 4.261220 0.003288 7.110582 0.931479 0.021359 -0.363167 0.050110 0.612793 2 32 0.500000 33 0.500000
mnt_body_m.png
 47 3.994329 -1.376968 5.501290 0.656763 -0.743570 0.125566 0.036407 0.564941 2 33 0.751969 34 0.248031
 47 4.324806 -0.098554 5.131996 0.987382 0.002458 0.158337 0.049530 0.554443 2 33 0.500000 34 0.500000
 47 4.261220 0.003288 7.110582 0.931479 0.021359 -0.363167 0.050110 0.612793 2 32 0.500000 33 0.500000
mnt_body_m.png
 47 4.324806 -0.098554 5.131996 0.987382 0.002458 0.158337 0.049530 0.554443 2 33 0.500000 34 0.500000
 47 3.968188 0.913188 5.334997 0.668852 0.734383 0.115406 0.061096 0.560791 2 33 0.712598 34 0.287402
 47 4.261220 0.003288 7.110582 0.931479 0.021359 -0.363167 0.050110 0.612793 2 32 0.500000 33 0.500000
mnt_body_m.png
 47 4.261220 0.003288 7.110582 0.931479 0.021359 -0.363167 0.050110 0.612793 2 32 0.500000 33 0.500000
 47 3.968188 0.913188 5.334997 0.668852 0.734383 0.115406 0.061096 0.560791 2 33 0.712598 34 0.287402
 47 3.900287 1.079346 6.975898 0.742309 0.484128 -0.463247 0.062683 0.609619 3 4 0.007905 32 0.541502 33 0.450593
mnt_body_m.png
 47 3.900287 1.079346 6.975898 0.742309 0.484128 -0.463247 0.062683 0.609619 3 4 0.007905 32 0.541502 33 0.450593
 47 3.968188 0.913188 5.334997 0.668852 0.734383 0.115406 0.061096 0.560791 2 33 0.712598 34 0.287402
 47 2.826313 1.206695 6.408888 0.026639 0.655395 -0.754817 0.077576 0.592285 2 32 0.551181 33 0.448819
mnt_body_m.png
 47 3.968188 0.913188 5.334997 0.668852 0.734383 0.115406 0.061096 0.560791 2 33 0.712598 34 0.287402
 47 2.789355 1.126357 5.334998 -0.545627 0.834133 0.080705 0.077820 0.561035 2 33 0.759843 34 0.240157
 47 2.826313 1.206695 6.408888 0.026639 0.655395 -0.754817 0.077576 0.592285 2 32 0.551181 33 0.448819
mnt_body_m.png
 47 2.826313 1.206695 6.408888 0.026639 0.655395 -0.754817 0.077576 0.592285 2 32 0.551181 33 0.448819
 47 2.789355 1.126357 5.334998 -0.545627 0.834133 0.080705 0.077820 0.561035 2 33 0.759843 34 0.240157
 47 2.512446 -0.057649 6.152968 -0.665528 0.011343 -0.746286 0.091125 0.583496 2 32 0.500000 33 0.500000
mnt_body_m.png
 47 2.512446 -0.057649 6.152968 -0.665528 0.011343 -0.746286 0.091125 0.583496 2 32 0.500000 33 0.500000
 47 2.789355 1.126357 5.334998 -0.545627 0.834133 0.080705 0.077820 0.561035 2 33 0.759843 34 0.240157
 47 2.432740 -0.098560 5.131997 -0.984955 -0.008491 0.172603 0.091125 0.556396 2 33 0.500000 34 0.500000
mnt_body_m.png
 47 2.789355 1.126357 5.334998 -0.545627 0.834133 0.080705 0.077820 0.561035 2 33 0.759843 34 0.240157
 47 2.723664 1.168171 4.910872 -0.559461 0.751742 0.349124 0.078308 0.548584 3 33 0.189723 34 0.782609 35 0.027668
 47 2.432740 -0.098560 5.131997 -0.984955 -0.008491 0.172603 0.091125 0.556396 2 33 0.500000 34 0.500000
mnt_body_m.png
 47 2.432740 -0.098560 5.131997 -0.984955 -0.008491 0.172603 0.091125 0.556396 2 33 0.500000 34 0.500000
 47 2.723664 1.168171 4.910872 -0.559461 0.751742 0.349124 0.078308 0.548584 3 33 0.189723 34 0.782609 35 0.027668
 47 1.813406 0.267771 3.261865 -0.880619 0.090214 0.465158 0.091125 0.510254 2 34 0.500000 35 0.500000
mnt_body_m.png
 47 1.813406 0.267771 3.261865 -0.880619 0.090214 0.465158 0.091125 0.510254 2 34 0.500000 35 0.500000
 47 2.723664 1.168171 4.910872 -0.559461 0.751742 0.349124 0.078308 0.548584 3 33 0.189723 34 0.782609 35 0.027668
 47 2.335076 1.641726 3.261864 -0.635736 0.612404 0.469895 0.079834 0.510254 2 34 0.460630 35 0.539370
mnt_body_m.png
 47 2.335076 1.641726 3.261864 -0.635736 0.612404 0.469895 0.079834 0.510254 2 34 0.460630 35 0.539370
 47 2.723664 1.168171 4.910872 -0.559461 0.751742 0.349124 0.078308 0.548584 3 33 0.189723 34 0.782609 35 0.027668
 47 3.378758 2.040132 3.261863 -0.005308 0.840953 0.541083 0.070862 0.510254 2 34 0.448819 35 0.551181
mnt_body_m.png
 47 2.723664 1.168171 4.910872 -0.559461 0.751742 0.349124 0.078308 0.548584 3 33 0.189723 34 0.782609 35 0.027668
 47 4.033875 1.014820 4.910870 0.616302 0.693731 0.372705 0.061249 0.548340 3 33 0.189723 34 0.782609 35 0.027668
 47 3.378758 2.040132 3.261863 -0.005308 0.840953 0.541083 0.070862 0.510254 2 34 0.448819 35 0.551181
mnt_body_m.png
 47 3.378758 2.040132 3.261863 -0.005308 0.840953 0.541083 0.070862 0.510254 2 34 0.448819 35 0.551181
 47 4.033875 1.014820 4.910870 0.616302 0.693731 0.372705 0.061249 0.548340 3 33 0.189723 34 0.782609 35 0.027668
 47 4.422456 1.641732 3.261861 0.620705 0.587525 0.519172 0.062103 0.510254 2 34 0.448819 35 0.551181
mnt_body_m.png
 47 4.422456 1.641732 3.261861 0.620705 0.587525 0.519172 0.062103 0.510254 2 34 0.448819 35 0.551181
 47 4.033875 1.014820 4.910870 0.616302 0.693731 0.372705 0.061249 0.548340 3 33 0.189723 34 0.782609 35 0.027668
 47 4.944133 0.267781 3.261860 0.873652 0.079203 0.480062 0.052277 0.510254 2 34 0.500000 35 0.500000
mnt_body_m.png
 47 4.033875 1.014820 4.910870 0.616302 0.693731 0.372705 0.061249 0.548340 3 33 0.189723 34 0.782609 35 0.027668
 47 4.324806 -0.098554 5.131996 0.987382 0.002458 0.158337 0.049530 0.554443 2 33 0.500000 34 0.500000
 47 4.944133 0.267781 3.261860 0.873652 0.079203 0.480062 0.052277 0.510254 2 34 0.500000 35 0.500000
mnt_body_m.png
 47 4.944133 0.267781 3.261860 0.873652 0.079203 0.480062 0.052277 0.510254 2 34 0.500000 35 0.500000
 47 4.324806 -0.098554 5.131996 0.987382 0.002458 0.158337 0.049530 0.554443 2 33 0.500000 34 0.500000
 47 4.268200 -1.508433 3.261861 0.452423 -0.534940 0.713549 0.037201 0.510254 3 34 0.421260 35 0.551181 36 0.027559
mnt_body_m.png
 47 4.324806 -0.098554 5.131996 0.987382 0.002458 0.158337 0.049530 0.554443 2 33 0.500000 34 0.500000
 47 4.034389 -1.455952 4.689166 0.620260 -0.777245 0.105676 0.036224 0.543945 2 33 0.200000 34 0.800000
 47 4.268200 -1.508433 3.261861 0.452423 -0.534940 0.713549 0.037201 0.510254 3 34 0.421260 35 0.551181 36 0.027559
mnt_body_m.png
 47 4.034389 -1.455952 4.689166 0.620260 -0.777245 0.105676 0.036224 0.543945 2 33 0.200000 34 0.800000
 47 2.723161 -1.543804 4.689169 -0.578965 -0.811601 0.078127 0.019577 0.543945 2 33 0.208661 34 0.791339
 47 4.268200 -1.508433 3.261861 0.452423 -0.534940 0.713549 0.037201 0.510254 3 34 0.421260 35 0.551181 36 0.027559
mnt_body_m.png
 47 4.268200 -1.508433 3.261861 0.452423 -0.534940 0.713549 0.037201 0.510254 3 34 0.421260 35 0.551181 36 0.027559
 47 2.723161 -1.543804 4.689169 -0.578965 -0.811601 0.078127 0.019577 0.543945 2 33 0.208661 34 0.791339
 47 2.489347 -1.573040 3.261864 -0.409669 -0.538662 0.736216 0.018936 0.510254 3 34 0.421260 35 0.551181 36 0.027559
mnt_body_m.png
 47 4.034389 -1.455952 4.689166 0.620260 -0.777245 0.105676 0.036224 0.543945 2 33 0.200000 34 0.800000
 47 4.011803 -1.434824 5.131996 0.642217 -0.759951 0.100158 0.036194 0.555176 2 33 0.500000 34 0.500000
 47 2.723161 -1.543804 4.689169 -0.578965 -0.811601 0.078127 0.019577 0.543945 2 33 0.208661 34 0.791339
mnt_body_m.png
 47 2.723161 -1.543804 4.689169 -0.578965 -0.811601 0.078127 0.019577 0.543945 2 33 0.208661 34 0.791339
 47 4.011803 -1.434824 5.131996 0.642217 -0.759951 0.100158 0.036194 0.555176 2 33 0.500000 34 0.500000
 47 2.745748 -1.556803 5.131997 -0.572685 -0.816974 0.067722 0.019806 0.555420 2 33 0.500000 34 0.500000
mnt_body_m.png
 47 2.745748 -1.556803 5.131997 -0.572685 -0.816974 0.067722 0.019806 0.555420 2 33 0.500000 34 0.500000
 47 4.011803 -1.434824 5.131996 0.642217 -0.759951 0.100158 0.036194 0.555176 2 33 0.500000 34 0.500000
 47 2.763222 -1.508063 5.501292 -0.586013 -0.799684 0.130746 0.019760 0.565674 2 33 0.759843 34 0.240157
mnt_body_m.png
 47 2.763222 -1.508063 5.501292 -0.586013 -0.799684 0.130746 0.019760 0.565674 2 33 0.759843 34 0.240157
 47 4.011803 -1.434824 5.131996 0.642217 -0.759951 0.100158 0.036194 0.555176 2 33 0.500000 34 0.500000
 47 3.994329 -1.376968 5.501290 0.656763 -0.743570 0.125566 0.036407 0.564941 2 33 0.751969 34 0.248031
mnt_body_m.png
 47 3.994329 -1.376968 5.501290 0.656763 -0.743570 0.125566 0.036407 0.564941 2 33 0.751969 34 0.248031
 47 4.011803 -1.434824 5.131996 0.642217 -0.759951 0.100158 0.036194 0.555176 2 33 0.500000 34 0.500000
 47 4.324806 -0.098554 5.131996 0.987382 0.002458 0.158337 0.049530 0.554443 2 33 0.500000 34 0.500000
mnt_body_m.png
 47 4.011803 -1.434824 5.131996 0.642217 -0.759951 0.100158 0.036194 0.555176 2 33 0.500000 34 0.500000
 47 4.034389 -1.455952 4.689166 0.620260 -0.777245 0.105676 0.036224 0.543945 2 33 0.200000 34 0.800000
 47 4.324806 -0.098554 5.131996 0.987382 0.002458 0.158337 0.049530 0.554443 2 33 0.500000 34 0.500000
mnt_body_m.png
 47 2.723664 1.168171 4.910872 -0.559461 0.751742 0.349124 0.078308 0.548584 3 33 0.189723 34 0.782609 35 0.027668
 47 2.789355 1.126357 5.334998 -0.545627 0.834133 0.080705 0.077820 0.561035 2 33 0.759843 34 0.240157
 47 4.033875 1.014820 4.910870 0.616302 0.693731 0.372705 0.061249 0.548340 3 33 0.189723 34 0.782609 35 0.027668
mnt_body_m.png
 47 2.789355 1.126357 5.334998 -0.545627 0.834133 0.080705 0.077820 0.561035 2 33 0.759843 34 0.240157
 47 3.968188 0.913188 5.334997 0.668852 0.734383 0.115406 0.061096 0.560791 2 33 0.712598 34 0.287402
 47 4.033875 1.014820 4.910870 0.616302 0.693731 0.372705 0.061249 0.548340 3 33 0.189723 34 0.782609 35 0.027668
mnt_body_m.png
 47 4.033875 1.014820 4.910870 0.616302 0.693731 0.372705 0.061249 0.548340 3 33 0.189723 34 0.782609 35 0.027668
 47 3.968188 0.913188 5.334997 0.668852 0.734383 0.115406 0.061096 0.560791 2 33 0.712598 34 0.287402
 47 4.324806 -0.098554 5.131996 0.987382 0.002458 0.158337 0.049530 0.554443 2 33 0.500000 34 0.500000
mnt_body_m.png
 47 -11.360507 -0.072266 14.684742 0.276713 0.129248 -0.952221 0.003334 0.922546 2 23 0.700787 24 0.299213
 47 -12.481238 0.347216 14.446085 0.125527 0.381694 -0.915725 0.013191 0.918152 2 23 0.098425 24 0.901575
 47 -11.359619 1.132330 14.911642 0.257636 0.539552 -0.801566 0.003334 0.894775 2 23 0.700787 24 0.299213
mnt_body_m.png
 47 -12.481238 0.347216 14.446085 0.125527 0.381694 -0.915725 0.013191 0.918152 2 23 0.098425 24 0.901575
 47 -12.409988 1.643692 14.728317 0.235415 0.547817 -0.802793 0.014275 0.894104 2 23 0.098425 24 0.901575
 47 -11.359619 1.132330 14.911642 0.257636 0.539552 -0.801566 0.003334 0.894775 2 23 0.700787 24 0.299213
mnt_body_m.png
 47 -11.359619 1.132330 14.911642 0.257636 0.539552 -0.801566 0.003334 0.894775 2 23 0.700787 24 0.299213
 47 -12.409988 1.643692 14.728317 0.235415 0.547817 -0.802793 0.014275 0.894104 2 23 0.098425 24 0.901575
 47 -11.295839 1.601535 15.770464 0.356678 0.934157 -0.011472 0.003233 0.872070 2 23 0.700787 24 0.299213
mnt_body_m.png
 47 -12.409988 1.643692 14.728317 0.235415 0.547817 -0.802793 0.014275 0.894104 2 23 0.098425 24 0.901575
 47 -12.252407 2.158919 15.689384 0.404329 0.912503 -0.062104 0.013573 0.875183 2 23 0.098425 24 0.901575
 47 -11.295839 1.601535 15.770464 0.356678 0.934157 -0.011472 0.003233 0.872070 2 23 0.700787 24 0.299213
mnt_body_m.png
 47 -12.252407 2.158919 15.689384 0.404329 0.912503 -0.062104 0.013573 0.875183 2 23 0.098425 24 0.901575
 47 -12.405241 1.622713 16.924702 0.343457 0.618744 0.706536 0.013969 0.850708 2 23 0.098425 24 0.901575
 47 -11.295839 1.601535 15.770464 0.356678 0.934157 -0.011472 0.003233 0.872070 2 23 0.700787 24 0.299213
mnt_body_m.png
 47 -11.295839 1.601535 15.770464 0.356678 0.934157 -0.011472 0.003233 0.872070 2 23 0.700787 24 0.299213
 47 -12.405241 1.622713 16.924702 0.343457 0.618744 0.706536 0.013969 0.850708 2 23 0.098425 24 0.901575
 47 -11.359617 1.133747 16.692818 0.286540 0.592015 0.753269 0.003334 0.845825 2 23 0.700787 24 0.299213
mnt_body_m.png
 47 -12.405241 1.622713 16.924702 0.343457 0.618744 0.706536 0.013969 0.850708 2 23 0.098425 24 0.901575
 47 -12.515499 0.075331 17.438599 0.273336 -0.009557 0.961871 0.014488 0.816895 2 23 0.098425 24 0.901575
 47 -11.359617 1.133747 16.692818 0.286540 0.592015 0.753269 0.003334 0.845825 2 23 0.700787 24 0.299213
mnt_body_m.png
 47 -11.359617 1.133747 16.692818 0.286540 0.592015 0.753269 0.003334 0.845825 2 23 0.700787 24 0.299213
 47 -12.515499 0.075331 17.438599 0.273336 -0.009557 0.961871 0.014488 0.816895 2 23 0.098425 24 0.901575
 47 -11.441084 0.034959 17.018370 0.224505 -0.010626 0.974415 0.003334 0.815186 2 23 0.700787 24 0.299213
mnt_body_m.png
 47 -11.441084 0.034959 17.018370 0.224505 -0.010626 0.974415 0.003334 0.815186 2 23 0.700787 24 0.299213
 47 -12.515499 0.075331 17.438599 0.273336 -0.009557 0.961871 0.014488 0.816895 2 23 0.098425 24 0.901575
 47 -11.378736 -1.179987 16.636829 0.254593 -0.606182 0.753476 0.003334 0.780762 2 23 0.700787 24 0.299213
mnt_body_m.png
 47 -12.515499 0.075331 17.438599 0.273336 -0.009557 0.961871 0.014488 0.816895 2 23 0.098425 24 0.901575
 47 -12.513116 -1.557293 16.911072 0.290898 -0.587359 0.755240 0.015625 0.781616 2 23 0.098425 24 0.901575
 47 -11.378736 -1.179987 16.636829 0.254593 -0.606182 0.753476 0.003334 0.780762 2 23 0.700787 24 0.299213
mnt_body_m.png
 47 -12.513116 -1.557293 16.911072 0.290898 -0.587359 0.755240 0.015625 0.781616 2 23 0.098425 24 0.901575
 47 -12.469246 -2.190157 15.921083 0.338703 -0.848413 0.406786 0.016663 0.757813 2 24 0.500000 26 0.500000
 47 -11.378736 -1.179987 16.636829 0.254593 -0.606182 0.753476 0.003334 0.780762 2 23 0.700787 24 0.299213
mnt_body_m.png
 47 -11.378736 -1.179987 16.636829 0.254593 -0.606182 0.753476 0.003334 0.780762 2 23 0.700787 24 0.299213
 47 -12.469246 -2.190157 15.921083 0.338703 -0.848413 0.406786 0.016663 0.757813 2 24 0.500000 26 0.500000
 47 -11.404756 -1.712386 15.686211 0.456915 -0.886149 0.077259 0.003334 0.753052 2 23 0.700787 24 0.299213
mnt_body_m.png
 47 -12.469246 -2.190157 15.921083 0.338703 -0.848413 0.406786 0.016663 0.757813 2 24 0.500000 26 0.500000
 47 -12.325275 -2.379320 15.178897 0.462989 -0.879750 0.108081 0.017410 0.741943 3 23 0.200000 26 0.600000 27 0.200000
 47 -11.404756 -1.712386 15.686211 0.456915 -0.886149 0.077259 0.003334 0.753052 2 23 0.700787 24 0.299213
mnt_body_m.png
 47 -12.325275 -2.379320 15.178897 0.462989 -0.879750 0.108081 0.017410 0.741943 3 23 0.200000 26 0.600000 27 0.200000
 47 -12.123215 -2.155322 14.294669 0.716943 -0.608897 -0.339468 0.018005 0.721191 3 23 0.200000 26 0.600000 27 0.200000
 47 -11.404756 -1.712386 15.686211 0.456915 -0.886149 0.077259 0.003334 0.753052 2 23 0.700787 24 0.299213
mnt_body_m.png
 47 -11.404756 -1.712386 15.686211 0.456915 -0.886149 0.077259 0.003334 0.753052 2 23 0.700787 24 0.299213
 47 -12.123215 -2.155322 14.294669 0.716943 -0.608897 -0.339468 0.018005 0.721191 3 23 0.200000 26 0.600000 27 0.200000
 47 -11.364677 -1.102042 14.802504 0.574463 -0.425307 -0.699361 0.003334 0.710205 2 23 0.700787 24 0.299213
mnt_body_m.png
 47 -12.123215 -2.155322 14.294669 0.716943 -0.608897 -0.339468 0.018005 0.721191 3 23 0.200000 26 0.600000 27 0.200000
 47 -12.165335 -1.478714 13.823328 0.600913 -0.059666 -0.797085 0.016891 0.705322 3 23 0.200000 26 0.600000 27 0.200000
 47 -11.364677 -1.102042 14.802504 0.574463 -0.425307 -0.699361 0.003334 0.710205 2 23 0.700787 24 0.299213
mnt_body_m.png
 47 -11.364677 -1.102042 14.802504 0.574463 -0.425307 -0.699361 0.003334 0.710205 2 23 0.700787 24 0.299213
 47 -12.165335 -1.478714 13.823328 0.600913 -0.059666 -0.797085 0.016891 0.705322 3 23 0.200000 26 0.600000 27 0.200000
 47 -11.360507 -0.072266 14.684742 0.276713 0.129248 -0.952221 0.003334 0.682861 2 23 0.700787 24 0.299213
mnt_body_m.png
 47 -12.165335 -1.478714 13.823328 0.600913 -0.059666 -0.797085 0.016891 0.705322 3 23 0.200000 26 0.600000 27 0.200000
 47 -12.338860 -0.395164 14.003044 0.313996 0.372147 -0.873449 0.014015 0.683594 3 23 0.098425 24 0.500000 26 0.401575
 47 -11.360507 -0.072266 14.684742 0.276713 0.129248 -0.952221 0.003334 0.682861 2 23 0.700787 24 0.299213
mnt_body_m.png
 47 -11.360507 -0.072266 14.684742 0.276713 0.129248 -0.952221 0.003334 0.682861 2 23 0.700787 24 0.299213
 47 -12.338860 -0.395164 14.003044 0.313996 0.372147 -0.873449 0.014015 0.683594 3 23 0.098425 24 0.500000 26 0.401575
 47 -12.481238 0.347216 14.446085 0.125527 0.381694 -0.915725 0.010422 0.669678 2 23 0.098425 24 0.901575
mnt_body_m.png
 47 -12.338860 -0.395164 14.003044 0.313996 0.372147 -0.873449 0.014015 0.683594 3 23 0.098425 24 0.500000 26 0.401575
 47 -13.189310 -0.638711 13.734869 -0.048895 0.436588 -0.898332 0.022278 0.678955 2 24 0.600000 26 0.400000
 47 -12.481238 0.347216 14.446085 0.125527 0.381694 -0.915725 0.010422 0.669678 2 23 0.098425 24 0.901575
mnt_body_m.png
 47 -12.481238 0.347216 14.446085 0.125527 0.381694 -0.915725 0.010422 0.669678 2 23 0.098425 24 0.901575
 47 -13.189310 -0.638711 13.734869 -0.048895 0.436588 -0.898332 0.022278 0.678955 2 24 0.600000 26 0.400000
 47 -13.553349 0.317461 14.532542 -0.265653 0.320569 -0.909210 0.017395 0.657227 1 24 1.000000
mnt_body_m.png
 47 -13.189310 -0.638711 13.734869 -0.048895 0.436588 -0.898332 0.022278 0.678955 2 24 0.600000 26 0.400000
 47 -14.156651 -0.876531 14.074011 -0.705595 0.477838 -0.523265 0.029709 0.666504 2 24 0.400000 26 0.600000
 47 -13.553349 0.317461 14.532542 -0.265653 0.320569 -0.909210 0.017395 0.657227 1 24 1.000000
mnt_body_m.png
 47 -13.553349 0.317461 14.532542 -0.265653 0.320569 -0.909210 0.017395 0.657227 1 24 1.000000
 47 -14.156651 -0.876531 14.074011 -0.705595 0.477838 -0.523265 0.029709 0.666504 2 24 0.400000 26 0.600000
 47 -14.541285 -1.218454 14.704183 -0.726182 0.122615 -0.676480 0.034607 0.653809 3 24 0.541502 26 0.359684 29 0.098814
mnt_body_m.png
 47 -14.156651 -0.876531 14.074011 -0.705595 0.477838 -0.523265 0.029709 0.666504 2 24 0.400000 26 0.600000
 47 -14.526623 -1.857671 14.194646 -0.911015 0.402911 -0.087829 0.041168 0.665771 3 24 0.200787 26 0.299213 27 0.500000
 47 -14.541285 -1.218454 14.704183 -0.726182 0.122615 -0.676480 0.034607 0.653809 3 24 0.541502 26 0.359684 29 0.098814
mnt_body_m.png
 47 -14.541285 -1.218454 14.704183 -0.726182 0.122615 -0.676480 0.034607 0.653809 3 24 0.541502 26 0.359684 29 0.098814
 47 -14.526623 -1.857671 14.194646 -0.911015 0.402911 -0.087829 0.041168 0.665771 3 24 0.200787 26 0.299213 27 0.500000
 47 -14.521805 -2.256449 14.854446 -0.787645 -0.609248 0.091828 0.045746 0.651123 3 24 0.401575 26 0.098425 27 0.500000
mnt_body_m.png
 47 -14.521805 -2.256449 14.854446 -0.787645 -0.609248 0.091828 0.045746 0.651123 3 24 0.401575 26 0.098425 27 0.500000
 47 -14.526623 -1.857671 14.194646 -0.911015 0.402911 -0.087829 0.041168 0.665771 3 24 0.200787 26 0.299213 27 0.500000
 47 -14.970148 -2.848291 14.415922 -0.710339 -0.128355 0.692058 0.055267 0.663086 2 27 0.700787 28 0.299213
mnt_body_m.png
 47 -14.526623 -1.857671 14.194646 -0.911015 0.402911 -0.087829 0.041168 0.665771 3 24 0.200787 26 0.299213 27 0.500000
 47 -15.022144 -2.423261 13.838953 -0.859279 0.504886 0.082033 0.049805 0.674561 2 27 0.700787 28 0.299213
 47 -14.970148 -2.848291 14.415922 -0.710339 -0.128355 0.692058 0.055267 0.663086 2 27 0.700787 28 0.299213
mnt_body_m.png
 47 -15.022144 -2.423261 13.838953 -0.859279 0.504886 0.082033 0.049805 0.674561 2 27 0.700787 28 0.299213
 47 -15.342312 -3.150336 13.364466 -0.992019 0.008367 -0.125809 0.057343 0.688721 1 28 1.000000
 47 -14.970148 -2.848291 14.415922 -0.710339 -0.128355 0.692058 0.055267 0.663086 2 27 0.700787 28 0.299213
mnt_body_m.png
 47 -14.970148 -2.848291 14.415922 -0.710339 -0.128355 0.692058 0.055267 0.663086 2 27 0.700787 28 0.299213
 47 -15.342312 -3.150336 13.364466 -0.992019 0.008367 -0.125809 0.057343 0.688721 1 28 1.000000
 47 -15.193070 -3.387270 13.882549 -0.783923 -0.410652 0.465650 0.061279 0.678711 1 28 1.000000
mnt_body_m.png
 47 -15.193070 -3.387270 13.882549 -0.783923 -0.410652 0.465650 0.061279 0.678711 1 28 1.000000
 47 -15.342312 -3.150336 13.364466 -0.992019 0.008367 -0.125809 0.057343 0.688721 1 28 1.000000
 47 -15.040135 -3.712852 13.132616 -0.601655 -0.672412 -0.431130 0.062012 0.699951 1 28 1.000000
mnt_body_m.png
 47 -15.040135 -3.712852 13.132616 -0.601655 -0.672412 -0.431130 0.062012 0.699951 1 28 1.000000
 47 -15.342312 -3.150336 13.364466 -0.992019 0.008367 -0.125809 0.057343 0.688721 1 28 1.000000
 47 -15.091898 -2.968061 12.875782 -0.609860 0.197882 -0.767407 0.052734 0.697266 1 28 1.000000
mnt_body_m.png
 47 -15.342312 -3.150336 13.364466 -0.992019 0.008367 -0.125809 0.057343 0.688721 1 28 1.000000
 47 -15.022144 -2.423261 13.838953 -0.859279 0.504886 0.082033 0.049805 0.674561 2 27 0.700787 28 0.299213
 47 -15.091898 -2.968061 12.875782 -0.609860 0.197882 -0.767407 0.052734 0.697266 1 28 1.000000
mnt_body_m.png
 47 -15.022144 -2.423261 13.838953 -0.859279 0.504886 0.082033 0.049805 0.674561 2 27 0.700787 28 0.299213
 47 -14.650324 -2.202631 13.092037 -0.395024 0.598217 -0.697203 0.044006 0.689209 2 27 0.700787 28 0.299213
 47 -15.091898 -2.968061 12.875782 -0.609860 0.197882 -0.767407 0.052734 0.697266 1 28 1.000000
mnt_body_m.png
 47 -14.650324 -2.202631 13.092037 -0.395024 0.598217 -0.697203 0.044006 0.689209 2 27 0.700787 28 0.299213
 47 -14.573312 -3.360083 12.769034 0.134496 -0.274347 -0.952179 0.048584 0.708008 1 28 1.000000
 47 -15.091898 -2.968061 12.875782 -0.609860 0.197882 -0.767407 0.052734 0.697266 1 28 1.000000
mnt_body_m.png
 47 -15.091898 -2.968061 12.875782 -0.609860 0.197882 -0.767407 0.052734 0.697266 1 28 1.000000
 47 -14.573312 -3.360083 12.769034 0.134496 -0.274347 -0.952179 0.048584 0.708008 1 28 1.000000
 47 -15.040135 -3.712852 13.132616 -0.601655 -0.672412 -0.431130 0.054047 0.716553 1 28 1.000000
mnt_body_m.png
 47 -14.573312 -3.360083 12.769034 0.134496 -0.274347 -0.952179 0.048584 0.708008 1 28 1.000000
 47 -14.575560 -3.825220 13.136574 0.229818 -0.853547 -0.467590 0.049622 0.717773 1 28 1.000000
 47 -15.040135 -3.712852 13.132616 -0.601655 -0.672412 -0.431130 0.054047 0.716553 1 28 1.000000
mnt_body_m.png
 47 -14.575560 -3.825220 13.136574 0.229818 -0.853547 -0.467590 0.049622 0.717773 1 28 1.000000
 47 -14.714323 -3.917161 13.733725 -0.117452 -0.938459 0.324807 0.048889 0.727295 1 28 1.000000
 47 -15.040135 -3.712852 13.132616 -0.601655 -0.672412 -0.431130 0.054047 0.716553 1 28 1.000000
mnt_body_m.png
 47 -15.040135 -3.712852 13.132616 -0.601655 -0.672412 -0.431130 0.054047 0.716553 1 28 1.000000
 47 -14.714323 -3.917161 13.733725 -0.117452 -0.938459 0.324807 0.048889 0.727295 1 28 1.000000
 47 -15.193070 -3.387270 13.882549 -0.783923 -0.410652 0.465650 0.052734 0.737793 1 28 1.000000
mnt_body_m.png
 47 -14.714323 -3.917161 13.733725 -0.117452 -0.938459 0.324807 0.048889 0.727295 1 28 1.000000
 47 -14.082403 -3.408772 14.297622 0.141589 -0.802923 0.579023 0.040497 0.734863 2 27 0.700787 28 0.299213
 47 -15.193070 -3.387270 13.882549 -0.783923 -0.410652 0.465650 0.052734 0.737793 1 28 1.000000
mnt_body_m.png
 47 -15.193070 -3.387270 13.882549 -0.783923 -0.410652 0.465650 0.052734 0.737793 1 28 1.000000
 47 -14.082403 -3.408772 14.297622 0.141589 -0.802923 0.579023 0.040497 0.734863 2 27 0.700787 28 0.299213
 47 -14.970148 -2.848291 14.415922 -0.710339 -0.128355 0.692058 0.046082 0.749756 2 27 0.700787 28 0.299213
mnt_body_m.png
 47 -14.082403 -3.408772 14.297622 0.141589 -0.802923 0.579023 0.040497 0.734863 2 27 0.700787 28 0.299213
 47 -13.253570 -2.834254 14.825527 0.206694 -0.918493 0.337118 0.028717 0.738281 2 26 0.600000 27 0.400000
 47 -14.970148 -2.848291 14.415922 -0.710339 -0.128355 0.692058 0.046082 0.749756 2 27 0.700787 28 0.299213
mnt_body_m.png
 47 -14.970148 -2.848291 14.415922 -0.710339 -0.128355 0.692058 0.046082 0.749756 2 27 0.700787 28 0.299213
 47 -13.253570 -2.834254 14.825527 0.206694 -0.918493 0.337118 0.028717 0.738281 2 26 0.600000 27 0.400000
 47 -14.521805 -2.256449 14.854446 -0.787645 -0.609248 0.091828 0.038116 0.753540 3 24 0.401575 26 0.098425 27 0.500000
mnt_body_m.png
 47 -13.253570 -2.834254 14.825527 0.206694 -0.918493 0.337118 0.028717 0.738281 2 26 0.600000 27 0.400000
 47 -13.476340 -2.490960 15.917102 0.074790 -0.936695 0.342066 0.027206 0.759521 2 24 0.600000 26 0.400000
 47 -14.521805 -2.256449 14.854446 -0.787645 -0.609248 0.091828 0.038116 0.753540 3 24 0.401575 26 0.098425 27 0.500000
mnt_body_m.png
 47 -13.476340 -2.490960 15.917102 0.074790 -0.936695 0.342066 0.027206 0.759521 2 24 0.600000 26 0.400000
 47 -14.406506 -2.484504 15.963049 -0.041212 -0.991190 0.125873 0.036163 0.762329 2 24 0.800000 26 0.200000
 47 -14.521805 -2.256449 14.854446 -0.787645 -0.609248 0.091828 0.038116 0.753540 3 24 0.401575 26 0.098425 27 0.500000
mnt_body_m.png
 47 -14.521805 -2.256449 14.854446 -0.787645 -0.609248 0.091828 0.038116 0.753540 3 24 0.401575 26 0.098425 27 0.500000
 47 -14.406506 -2.484504 15.963049 -0.041212 -0.991190 0.125873 0.036163 0.762329 2 24 0.800000 26 0.200000
 47 -15.069940 -2.411858 16.024927 -0.166570 -0.985066 0.043581 0.041718 0.764038 3 24 0.350394 29 0.500000 30 0.149606
mnt_body_m.png
 47 -14.406506 -2.484504 15.963049 -0.041212 -0.991190 0.125873 0.036163 0.762329 2 24 0.800000 26 0.200000
 47 -14.930808 -1.997702 16.940813 0.004552 -0.779321 0.626608 0.039490 0.781128 3 24 0.551181 29 0.350394 30 0.098425
 47 -15.069940 -2.411858 16.024927 -0.166570 -0.985066 0.043581 0.041718 0.764038 3 24 0.350394 29 0.500000 30 0.149606
mnt_body_m.png
 47 -14.930808 -1.997702 16.940813 0.004552 -0.779321 0.626608 0.039490 0.781128 3 24 0.551181 29 0.350394 30 0.098425
 47 -15.489372 -1.963398 16.955326 -0.084250 -0.785980 0.612484 0.044617 0.782104 3 24 0.229249 29 0.482213 30 0.288538
 47 -15.069940 -2.411858 16.024927 -0.166570 -0.985066 0.043581 0.041718 0.764038 3 24 0.350394 29 0.500000 30 0.149606
mnt_body_m.png
 47 -15.069940 -2.411858 16.024927 -0.166570 -0.985066 0.043581 0.041718 0.764038 3 24 0.350394 29 0.500000 30 0.149606
 47 -15.489372 -1.963398 16.955326 -0.084250 -0.785980 0.612484 0.044617 0.782104 3 24 0.229249 29 0.482213 30 0.288538
 47 -15.894501 -2.265651 16.093906 -0.202561 -0.979145 -0.015599 0.049744 0.767212 3 24 0.047244 29 0.350394 30 0.602362
mnt_body_m.png
 47 -15.489372 -1.963398 16.955326 -0.084250 -0.785980 0.612484 0.044617 0.782104 3 24 0.229249 29 0.482213 30 0.288538
 47 -16.105160 -1.869548 16.955198 -0.128234 -0.786956 0.603537 0.050415 0.783936 3 24 0.047244 29 0.350394 30 0.602362
 47 -15.894501 -2.265651 16.093906 -0.202561 -0.979145 -0.015599 0.049744 0.767212 3 24 0.047244 29 0.350394 30 0.602362
mnt_body_m.png
 47 -15.894501 -2.265651 16.093906 -0.202561 -0.979145 -0.015599 0.049744 0.767212 3 24 0.047244 29 0.350394 30 0.602362
 47 -16.105160 -1.869548 16.955198 -0.128234 -0.786956 0.603537 0.050415 0.783936 3 24 0.047244 29 0.350394 30 0.602362
 47 -16.620193 -2.095789 16.170862 -0.274526 -0.961372 -0.019971 0.057098 0.770264 3 29 0.200787 30 0.500000 31 0.299213
mnt_body_m.png
 47 -16.105160 -1.869548 16.955198 -0.128234 -0.786956 0.603537 0.050415 0.783936 3 24 0.047244 29 0.350394 30 0.602362
 47 -16.787327 -1.736754 16.975998 -0.220222 -0.765190 0.604969 0.056793 0.786743 3 29 0.200787 30 0.500000 31 0.299213
 47 -16.620193 -2.095789 16.170862 -0.274526 -0.961372 -0.019971 0.057098 0.770264 3 29 0.200787 30 0.500000 31 0.299213
mnt_body_m.png
 47 -16.620193 -2.095789 16.170862 -0.274526 -0.961372 -0.019971 0.057098 0.770264 3 29 0.200787 30 0.500000 31 0.299213
 47 -16.787327 -1.736754 16.975998 -0.220222 -0.765190 0.604969 0.056793 0.786743 3 29 0.200787 30 0.500000 31 0.299213
 47 -17.367546 -1.830835 16.241533 -0.426596 -0.904191 -0.021318 0.064392 0.775513 2 30 0.299213 31 0.700787
mnt_body_m.png
 47 -16.787327 -1.736754 16.975998 -0.220222 -0.765190 0.604969 0.056793 0.786743 3 29 0.200787 30 0.500000 31 0.299213
 47 -17.404976 -1.516202 16.939043 -0.393181 -0.711181 0.582778 0.062805 0.789307 2 30 0.299213 31 0.700787
 47 -17.367546 -1.830835 16.241533 -0.426596 -0.904191 -0.021318 0.064392 0.775513 2 30 0.299213 31 0.700787
mnt_body_m.png
 47 -17.367546 -1.830835 16.241533 -0.426596 -0.904191 -0.021318 0.064392 0.775513 2 30 0.299213 31 0.700787
 47 -17.404976 -1.516202 16.939043 -0.393181 -0.711181 0.582778 0.062805 0.789307 2 30 0.299213 31 0.700787
 47 -17.947996 -1.478819 16.329813 -0.683813 -0.729140 0.027469 0.070435 0.782715 2 30 0.098425 31 0.901575
mnt_body_m.png
 47 -17.404976 -1.516202 16.939043 -0.393181 -0.711181 0.582778 0.062805 0.789307 2 30 0.299213 31 0.700787
 47 -18.008745 -1.014021 16.900124 -0.679099 -0.392909 0.620038 0.068909 0.797363 2 30 0.098425 31 0.901575
 47 -17.947996 -1.478819 16.329813 -0.683813 -0.729140 0.027469 0.070435 0.782715 2 30 0.098425 31 0.901575
mnt_body_m.png
 47 -17.947996 -1.478819 16.329813 -0.683813 -0.729140 0.027469 0.070435 0.782715 2 30 0.098425 31 0.901575
 47 -18.008745 -1.014021 16.900124 -0.679099 -0.392909 0.620038 0.068909 0.797363 2 30 0.098425 31 0.901575
 47 -18.293669 -0.948099 16.469995 -0.942568 -0.324210 0.080329 0.072876 0.796509 1 31 1.000000
mnt_body_m.png
 47 -18.008745 -1.014021 16.900124 -0.679099 -0.392909 0.620038 0.068909 0.797363 2 30 0.098425 31 0.901575
 47 -18.194117 0.116999 16.992868 -0.750663 0.014193 0.660533 0.070007 0.818359 2 30 0.098425 31 0.901575
 47 -18.293669 -0.948099 16.469995 -0.942568 -0.324210 0.080329 0.072876 0.796509 1 31 1.000000
mnt_body_m.png
 47 -18.293669 -0.948099 16.469995 -0.942568 -0.324210 0.080329 0.072876 0.796509 1 31 1.000000
 47 -18.194117 0.116999 16.992868 -0.750663 0.014193 0.660533 0.070007 0.818359 2 30 0.098425 31 0.901575
 47 -18.436344 0.083322 16.525812 -0.998478 0.018311 0.052018 0.074219 0.817749 1 31 1.000000
mnt_body_m.png
 47 -18.436344 0.083322 16.525812 -0.998478 0.018311 0.052018 0.074219 0.817749 1 31 1.000000
 47 -18.194117 0.116999 16.992868 -0.750663 0.014193 0.660533 0.070007 0.818359 2 30 0.098425 31 0.901575
 47 -18.257942 1.048341 16.442831 -0.934402 0.353599 0.043140 0.073181 0.838379 1 31 1.000000
mnt_body_m.png
 47 -18.194117 0.116999 16.992868 -0.750663 0.014193 0.660533 0.070007 0.818359 2 30 0.098425 31 0.901575
 47 -18.004688 1.090042 16.943991 -0.704316 0.382205 0.598212 0.068848 0.832764 2 30 0.098425 31 0.901575
 47 -18.257942 1.048341 16.442831 -0.934402 0.353599 0.043140 0.073181 0.838379 1 31 1.000000
mnt_body_m.png
 47 -18.257942 1.048341 16.442831 -0.934402 0.353599 0.043140 0.073181 0.838379 1 31 1.000000
 47 -18.004688 1.090042 16.943991 -0.704316 0.382205 0.598212 0.068848 0.832764 2 30 0.098425 31 0.901575
 47 -17.873116 1.561652 16.365126 -0.693643 0.718634 0.049243 0.070190 0.851196 2 30 0.098425 31 0.901575
mnt_body_m.png
 47 -18.004688 1.090042 16.943991 -0.704316 0.382205 0.598212 0.068848 0.832764 2 30 0.098425 31 0.901575
 47 -17.472729 1.598786 16.986776 -0.459426 0.670199 0.582891 0.064087 0.844482 2 30 0.299213 31 0.700787
 47 -17.873116 1.561652 16.365126 -0.693643 0.718634 0.049243 0.070190 0.851196 2 30 0.098425 31 0.901575
mnt_body_m.png
 47 -17.873116 1.561652 16.365126 -0.693643 0.718634 0.049243 0.070190 0.851196 2 30 0.098425 31 0.901575
 47 -17.472729 1.598786 16.986776 -0.459426 0.670199 0.582891 0.064087 0.844482 2 30 0.299213 31 0.700787
 47 -17.392277 1.947031 16.252171 -0.492853 0.869393 -0.035368 0.066345 0.875671 2 30 0.299213 31 0.700787
mnt_body_m.png
 47 -17.472729 1.598786 16.986776 -0.459426 0.670199 0.582891 0.064087 0.844482 2 30 0.299213 31 0.700787
 47 -16.807917 1.887762 17.004499 -0.249521 0.765601 0.592954 0.057648 0.848389 3 29 0.200787 30 0.500000 31 0.299213
 47 -17.392277 1.947031 16.252171 -0.492853 0.869393 -0.035368 0.066345 0.875671 2 30 0.299213 31 0.700787
mnt_body_m.png
 47 -16.807917 1.887762 17.004499 -0.249521 0.765601 0.592954 0.057648 0.848389 3 29 0.200787 30 0.500000 31 0.299213
 47 -16.651775 2.243466 16.181301 -0.309625 0.949674 -0.047458 0.058105 0.874512 3 29 0.200787 30 0.500000 31 0.299213
 47 -17.392277 1.947031 16.252171 -0.492853 0.869393 -0.035368 0.066345 0.875671 2 30 0.299213 31 0.700787
mnt_body_m.png
 47 -16.651775 2.243466 16.181301 -0.309625 0.949674 -0.047458 0.058105 0.874512 3 29 0.200787 30 0.500000 31 0.299213
 47 -16.699841 1.821843 15.379700 -0.300484 0.547838 -0.780758 0.056702 0.894531 3 29 0.200787 30 0.500000 31 0.299213
 47 -17.392277 1.947031 16.252171 -0.492853 0.869393 -0.035368 0.066345 0.875671 2 30 0.299213 31 0.700787
mnt_body_m.png
 47 -16.699841 1.821843 15.379700 -0.300484 0.547838 -0.780758 0.056702 0.894531 3 29 0.200787 30 0.500000 31 0.299213
 47 -17.447357 1.583724 15.577557 -0.497593 0.491998 -0.714381 0.064575 0.897644 2 30 0.299213 31 0.700787
 47 -17.392277 1.947031 16.252171 -0.492853 0.869393 -0.035368 0.066345 0.875671 2 30 0.299213 31 0.700787
mnt_body_m.png
 47 -17.392277 1.947031 16.252171 -0.492853 0.869393 -0.035368 0.066345 0.875671 2 30 0.299213 31 0.700787
 47 -17.447357 1.583724 15.577557 -0.497593 0.491998 -0.714381 0.064575 0.897644 2 30 0.299213 31 0.700787
 47 -17.873116 1.561652 16.365126 -0.693643 0.718634 0.049243 0.072693 0.887390 2 30 0.098425 31 0.901575
mnt_body_m.png
 47 -17.447357 1.583724 15.577557 -0.497593 0.491998 -0.714381 0.064575 0.897644 2 30 0.299213 31 0.700787
 47 -18.022478 1.265635 15.944868 -0.763916 0.404547 -0.502766 0.072510 0.903015 2 30 0.098425 31 0.901575
 47 -17.873116 1.561652 16.365126 -0.693643 0.718634 0.049243 0.072693 0.887390 2 30 0.098425 31 0.901575
mnt_body_m.png
 47 -17.873116 1.561652 16.365126 -0.693643 0.718634 0.049243 0.072693 0.887390 2 30 0.098425 31 0.901575
 47 -18.022478 1.265635 15.944868 -0.763916 0.404547 -0.502766 0.072510 0.903015 2 30 0.098425 31 0.901575
 47 -18.257942 1.048341 16.442831 -0.934402 0.353599 0.043140 0.078369 0.903442 1 31 1.000000
mnt_body_m.png
 47 -18.022478 1.265635 15.944868 -0.763916 0.404547 -0.502766 0.072510 0.903015 2 30 0.098425 31 0.901575
 47 -18.134644 0.091121 15.822760 -0.762596 0.023005 -0.646466 0.073059 0.925659 2 30 0.098425 31 0.901575
 47 -18.257942 1.048341 16.442831 -0.934402 0.353599 0.043140 0.078369 0.903442 1 31 1.000000
mnt_body_m.png
 47 -18.257942 1.048341 16.442831 -0.934402 0.353599 0.043140 0.078369 0.903442 1 31 1.000000
 47 -18.134644 0.091121 15.822760 -0.762596 0.023005 -0.646466 0.073059 0.925659 2 30 0.098425 31 0.901575
 47 -18.436344 0.083322 16.525812 -0.998478 0.018311 0.052018 0.081543 0.925232 1 31 1.000000
mnt_body_m.png
 47 -18.436344 0.083322 16.525812 -0.998478 0.018311 0.052018 0.081543 0.925232 1 31 1.000000
 47 -18.134644 0.091121 15.822760 -0.762596 0.023005 -0.646466 0.073059 0.925659 2 30 0.098425 31 0.901575
 47 -18.293669 -0.948099 16.469995 -0.942568 -0.324210 0.080329 0.080078 0.948425 1 31 1.000000
mnt_body_m.png
 47 -18.134644 0.091121 15.822760 -0.762596 0.023005 -0.646466 0.073059 0.925659 2 30 0.098425 31 0.901575
 47 -18.008661 -1.132151 15.854301 -0.746926 -0.339216 -0.571869 0.072998 0.950317 2 30 0.098425 31 0.901575
 47 -18.293669 -0.948099 16.469995 -0.942568 -0.324210 0.080329 0.080078 0.948425 1 31 1.000000
mnt_body_m.png
 47 -18.293669 -0.948099 16.469995 -0.942568 -0.324210 0.080329 0.080078 0.948425 1 31 1.000000
 47 -18.008661 -1.132151 15.854301 -0.746926 -0.339216 -0.571869 0.072998 0.950317 2 30 0.098425 31 0.901575
 47 -17.947996 -1.478819 16.329813 -0.683813 -0.729140 0.027469 0.075317 0.963501 2 30 0.098425 31 0.901575
mnt_body_m.png
 47 -18.008661 -1.132151 15.854301 -0.746926 -0.339216 -0.571869 0.072998 0.950317 2 30 0.098425 31 0.901575
 47 -17.399858 -1.455847 15.490975 -0.467999 -0.483442 -0.739770 0.065247 0.957520 2 30 0.299213 31 0.700787
 47 -17.947996 -1.478819 16.329813 -0.683813 -0.729140 0.027469 0.075317 0.963501 2 30 0.098425 31 0.901575
mnt_body_m.png
 47 -17.947996 -1.478819 16.329813 -0.683813 -0.729140 0.027469 0.075317 0.963501 2 30 0.098425 31 0.901575
 47 -17.399858 -1.455847 15.490975 -0.467999 -0.483442 -0.739770 0.065247 0.957520 2 30 0.299213 31 0.700787
 47 -17.367546 -1.830835 16.241533 -0.426596 -0.904191 -0.021318 0.069214 0.974014 2 30 0.299213 31 0.700787
mnt_body_m.png
 47 -17.399858 -1.455847 15.490975 -0.467999 -0.483442 -0.739770 0.065247 0.957520 2 30 0.299213 31 0.700787
 47 -16.648949 -1.672224 15.280197 -0.306267 -0.529921 -0.790813 0.057434 0.963379 3 29 0.200787 30 0.500000 31 0.299213
 47 -17.367546 -1.830835 16.241533 -0.426596 -0.904191 -0.021318 0.069214 0.974014 2 30 0.299213 31 0.700787
mnt_body_m.png
 47 -17.367546 -1.830835 16.241533 -0.426596 -0.904191 -0.021318 0.069214 0.974014 2 30 0.299213 31 0.700787
 47 -16.648949 -1.672224 15.280197 -0.306267 -0.529921 -0.790813 0.057434 0.963379 3 29 0.200787 30 0.500000 31 0.299213
 47 -16.620193 -2.095789 16.170862 -0.274526 -0.961372 -0.019971 0.062195 0.982208 3 29 0.200787 30 0.500000 31 0.299213
mnt_body_m.png
 47 -16.620193 -2.095789 16.170862 -0.274526 -0.961372 -0.019971 0.062195 0.982208 3 29 0.200787 30 0.500000 31 0.299213
 47 -16.648949 -1.672224 15.280197 -0.306267 -0.529921 -0.790813 0.057434 0.963379 3 29 0.200787 30 0.500000 31 0.299213
 47 -15.894501 -2.265651 16.093906 -0.202561 -0.979145 -0.015599 0.055267 0.988701 3 24 0.047244 29 0.350394 30 0.602362
mnt_body_m.png
 47 -16.648949 -1.672224 15.280197 -0.306267 -0.529921 -0.790813 0.057434 0.963379 3 29 0.200787 30 0.500000 31 0.299213
 47 -15.903088 -1.832189 15.141081 -0.218375 -0.543795 -0.810308 0.049957 0.968872 3 24 0.249012 29 0.300395 30 0.450593
 47 -15.894501 -2.265651 16.093906 -0.202561 -0.979145 -0.015599 0.055267 0.988701 3 24 0.047244 29 0.350394 30 0.602362
mnt_body_m.png
 47 -15.894501 -2.265651 16.093906 -0.202561 -0.979145 -0.015599 0.055267 0.988701 3 24 0.047244 29 0.350394 30 0.602362
 47 -15.903088 -1.832189 15.141081 -0.218375 -0.543795 -0.810308 0.049957 0.968872 3 24 0.249012 29 0.300395 30 0.450593
 47 -15.069940 -2.411858 16.024927 -0.166570 -0.985066 0.043581 0.046997 0.996395 3 24 0.350394 29 0.500000 30 0.149606
mnt_body_m.png
 47 -15.903088 -1.832189 15.141081 -0.218375 -0.543795 -0.810308 0.049957 0.968872 3 24 0.249012 29 0.300395 30 0.450593
 47 -15.054802 -1.976018 15.049678 -0.391384 -0.511583 -0.764920 0.041565 0.974945 3 24 0.602362 29 0.307087 30 0.090551
 47 -15.069940 -2.411858 16.024927 -0.166570 -0.985066 0.043581 0.046997 0.996395 3 24 0.350394 29 0.500000 30 0.149606
mnt_body_m.png
 47 -15.069940 -2.411858 16.024927 -0.166570 -0.985066 0.043581 0.046997 0.996395 3 24 0.350394 29 0.500000 30 0.149606
 47 -15.054802 -1.976018 15.049678 -0.391384 -0.511583 -0.764920 0.041565 0.974945 3 24 0.602362 29 0.307087 30 0.090551
 47 -14.521805 -2.256449 14.854446 -0.787645 -0.609248 0.091828 0.035431 0.980362 3 24 0.401575 26 0.098425 27 0.500000
mnt_body_m.png
 47 -14.521805 -2.256449 14.854446 -0.787645 -0.609248 0.091828 0.035431 0.980362 3 24 0.401575 26 0.098425 27 0.500000
 47 -15.054802 -1.976018 15.049678 -0.391384 -0.511583 -0.764920 0.041565 0.974945 3 24 0.602362 29 0.307087 30 0.090551
 47 -14.541285 -1.218454 14.704183 -0.726182 0.122615 -0.676480 0.034454 0.958008 3 24 0.541502 26 0.359684 29 0.098814
mnt_body_m.png
 47 -15.054802 -1.976018 15.049678 -0.391384 -0.511583 -0.764920 0.041565 0.974945 3 24 0.602362 29 0.307087 30 0.090551
 47 -15.101388 0.161283 14.960215 -0.164259 0.058207 -0.984698 0.040405 0.928772 3 24 0.602362 29 0.307087 30 0.090551
 47 -14.541285 -1.218454 14.704183 -0.726182 0.122615 -0.676480 0.034454 0.958008 3 24 0.541502 26 0.359684 29 0.098814
mnt_body_m.png
 47 -15.101388 0.161283 14.960215 -0.164259 0.058207 -0.984698 0.040405 0.928772 3 24 0.602362 29 0.307087 30 0.090551
 47 -14.568965 0.244759 14.875557 -0.247822 0.104826 -0.963118 0.034668 0.926514 2 24 0.901575 29 0.098425
 47 -14.541285 -1.218454 14.704183 -0.726182 0.122615 -0.676480 0.034454 0.958008 3 24 0.541502 26 0.359684 29 0.098814
mnt_body_m.png
 47 -14.541285 -1.218454 14.704183 -0.726182 0.122615 -0.676480 0.034454 0.958008 3 24 0.541502 26 0.359684 29 0.098814
 47 -14.568965 0.244759 14.875557 -0.247822 0.104826 -0.963118 0.034668 0.926514 2 24 0.901575 29 0.098425
 47 -13.553349 0.317461 14.532542 -0.265653 0.320569 -0.909210 0.023331 0.924133 1 24 1.000000
mnt_body_m.png
 47 -14.568965 0.244759 14.875557 -0.247822 0.104826 -0.963118 0.034668 0.926514 2 24 0.901575 29 0.098425
 47 -14.444395 2.014823 15.027592 -0.170725 0.541363 -0.823273 0.033813 0.891541 2 24 0.901575 29 0.098425
 47 -13.553349 0.317461 14.532542 -0.265653 0.320569 -0.909210 0.023331 0.924133 1 24 1.000000
mnt_body_m.png
 47 -14.444395 2.014823 15.027592 -0.170725 0.541363 -0.823273 0.033813 0.891541 2 24 0.901575 29 0.098425
 47 -13.473493 1.946337 14.782493 -0.020580 0.565516 -0.824480 0.024155 0.893188 1 24 1.000000
 47 -13.553349 0.317461 14.532542 -0.265653 0.320569 -0.909210 0.023331 0.924133 1 24 1.000000
mnt_body_m.png
 47 -13.473493 1.946337 14.782493 -0.020580 0.565516 -0.824480 0.024155 0.893188 1 24 1.000000
 47 -12.409988 1.643692 14.728317 0.235415 0.547817 -0.802793 0.014275 0.894104 2 23 0.098425 24 0.901575
 47 -13.553349 0.317461 14.532542 -0.265653 0.320569 -0.909210 0.023331 0.924133 1 24 1.000000
mnt_body_m.png
 47 -13.553349 0.317461 14.532542 -0.265653 0.320569 -0.909210 0.023331 0.924133 1 24 1.000000
 47 -12.409988 1.643692 14.728317 0.235415 0.547817 -0.802793 0.014275 0.894104 2 23 0.098425 24 0.901575
 47 -12.481238 0.347216 14.446085 0.125527 0.381694 -0.915725 0.013191 0.918152 2 23 0.098425 24 0.901575
mnt_body_m.png
 47 -12.409988 1.643692 14.728317 0.235415 0.547817 -0.802793 0.014275 0.894104 2 23 0.098425 24 0.901575
 47 -13.473493 1.946337 14.782493 -0.020580 0.565516 -0.824480 0.024155 0.893188 1 24 1.000000
 47 -12.252407 2.158919 15.689384 0.404329 0.912503 -0.062104 0.013573 0.875183 2 23 0.098425 24 0.901575
mnt_body_m.png
 47 -13.473493 1.946337 14.782493 -0.020580 0.565516 -0.824480 0.024155 0.893188 1 24 1.000000
 47 -13.268046 2.504656 15.707821 0.205784 0.973757 -0.097209 0.023697 0.875916 1 24 1.000000
 47 -12.252407 2.158919 15.689384 0.404329 0.912503 -0.062104 0.013573 0.875183 2 23 0.098425 24 0.901575
mnt_body_m.png
 47 -12.252407 2.158919 15.689384 0.404329 0.912503 -0.062104 0.013573 0.875183 2 23 0.098425 24 0.901575
 47 -13.268046 2.504656 15.707821 0.205784 0.973757 -0.097209 0.023697 0.875916 1 24 1.000000
 47 -12.405241 1.622713 16.924702 0.343457 0.618744 0.706536 0.013969 0.850708 2 23 0.098425 24 0.901575
mnt_body_m.png
 47 -13.268046 2.504656 15.707821 0.205784 0.973757 -0.097209 0.023697 0.875916 1 24 1.000000
 47 -14.043804 2.105442 16.967579 0.152563 0.771045 0.618234 0.030640 0.854126 2 24 0.649606 29 0.350394
 47 -12.405241 1.622713 16.924702 0.343457 0.618744 0.706536 0.013969 0.850708 2 23 0.098425 24 0.901575
mnt_body_m.png
 47 -14.043804 2.105442 16.967579 0.152563 0.771045 0.618234 0.030640 0.854126 2 24 0.649606 29 0.350394
 47 -14.097627 1.447316 17.466805 0.142597 0.383856 0.912316 0.030411 0.842041 2 24 0.649606 29 0.350394
 47 -12.405241 1.622713 16.924702 0.343457 0.618744 0.706536 0.013969 0.850708 2 23 0.098425 24 0.901575
mnt_body_m.png
 47 -12.405241 1.622713 16.924702 0.343457 0.618744 0.706536 0.013969 0.850708 2 23 0.098425 24 0.901575
 47 -14.097627 1.447316 17.466805 0.142597 0.383856 0.912316 0.030411 0.842041 2 24 0.649606 29 0.350394
 47 -12.515499 0.075331 17.438599 0.273336 -0.009557 0.961871 0.014488 0.816895 2 23 0.098425 24 0.901575
mnt_body_m.png
 47 -14.097627 1.447316 17.466805 0.142597 0.383856 0.912316 0.030411 0.842041 2 24 0.649606 29 0.350394
 47 -14.152237 0.140009 17.667423 0.119651 -0.011196 0.992753 0.030411 0.818481 2 24 0.649606 29 0.350394
 47 -12.515499 0.075331 17.438599 0.273336 -0.009557 0.961871 0.014488 0.816895 2 23 0.098425 24 0.901575
mnt_body_m.png
 47 -14.152237 0.140009 17.667423 0.119651 -0.011196 0.992753 0.030411 0.818481 2 24 0.649606 29 0.350394
 47 -14.163347 -1.352447 17.390026 0.135435 -0.430251 0.892492 0.031342 0.791382 2 24 0.649606 29 0.350394
 47 -12.515499 0.075331 17.438599 0.273336 -0.009557 0.961871 0.014488 0.816895 2 23 0.098425 24 0.901575
mnt_body_m.png
 47 -12.515499 0.075331 17.438599 0.273336 -0.009557 0.961871 0.014488 0.816895 2 23 0.098425 24 0.901575
 47 -14.163347 -1.352447 17.390026 0.135435 -0.430251 0.892492 0.031342 0.791382 2 24 0.649606 29 0.350394
 47 -12.513116 -1.557293 16.911072 0.290898 -0.587359 0.755240 0.015625 0.781616 2 23 0.098425 24 0.901575
mnt_body_m.png
 47 -14.163347 -1.352447 17.390026 0.135435 -0.430251 0.892492 0.031342 0.791382 2 24 0.649606 29 0.350394
 47 -14.138680 -2.055369 16.794716 0.098437 -0.780684 0.617125 0.032166 0.778442 2 24 0.649606 29 0.350394
 47 -12.513116 -1.557293 16.911072 0.290898 -0.587359 0.755240 0.015625 0.781616 2 23 0.098425 24 0.901575
mnt_body_m.png
 47 -14.138680 -2.055369 16.794716 0.098437 -0.780684 0.617125 0.032166 0.778442 2 24 0.649606 29 0.350394
 47 -13.476340 -2.490960 15.917102 0.074790 -0.936695 0.342066 0.027206 0.759521 2 24 0.600000 26 0.400000
 47 -12.513116 -1.557293 16.911072 0.290898 -0.587359 0.755240 0.015625 0.781616 2 23 0.098425 24 0.901575
mnt_body_m.png
 47 -12.513116 -1.557293 16.911072 0.290898 -0.587359 0.755240 0.015625 0.781616 2 23 0.098425 24 0.901575
 47 -13.476340 -2.490960 15.917102 0.074790 -0.936695 0.342066 0.027206 0.759521 2 24 0.600000 26 0.400000
 47 -12.469246 -2.190157 15.921083 0.338703 -0.848413 0.406786 0.016663 0.757813 2 24 0.500000 26 0.500000
mnt_body_m.png
 47 -12.469246 -2.190157 15.921083 0.338703 -0.848413 0.406786 0.016663 0.757813 2 24 0.500000 26 0.500000
 47 -13.476340 -2.490960 15.917102 0.074790 -0.936695 0.342066 0.027206 0.759521 2 24 0.600000 26 0.400000
 47 -12.325275 -2.379320 15.178897 0.462989 -0.879750 0.108081 0.017410 0.741943 3 23 0.200000 26 0.600000 27 0.200000
mnt_body_m.png
 47 -13.476340 -2.490960 15.917102 0.074790 -0.936695 0.342066 0.027206 0.759521 2 24 0.600000 26 0.400000
 47 -13.253570 -2.834254 14.825527 0.206694 -0.918493 0.337118 0.028717 0.738281 2 26 0.600000 27 0.400000
 47 -12.325275 -2.379320 15.178897 0.462989 -0.879750 0.108081 0.017410 0.741943 3 23 0.200000 26 0.600000 27 0.200000
mnt_body_m.png
 47 -12.325275 -2.379320 15.178897 0.462989 -0.879750 0.108081 0.017410 0.741943 3 23 0.200000 26 0.600000 27 0.200000
 47 -13.253570 -2.834254 14.825527 0.206694 -0.918493 0.337118 0.028717 0.738281 2 26 0.600000 27 0.400000
 47 -12.123215 -2.155322 14.294669 0.716943 -0.608897 -0.339468 0.018005 0.721191 3 23 0.200000 26 0.600000 27 0.200000
mnt_body_m.png
 47 -13.253570 -2.834254 14.825527 0.206694 -0.918493 0.337118 0.028717 0.738281 2 26 0.600000 27 0.400000
 47 -12.960405 -2.855740 13.860139 0.637953 -0.720464 -0.271933 0.028961 0.720459 3 24 0.098425 26 0.401575 27 0.500000
 47 -12.123215 -2.155322 14.294669 0.716943 -0.608897 -0.339468 0.018005 0.721191 3 23 0.200000 26 0.600000 27 0.200000
mnt_body_m.png
 47 -12.960405 -2.855740 13.860139 0.637953 -0.720464 -0.271933 0.028961 0.720459 3 24 0.098425 26 0.401575 27 0.500000
 47 -12.946909 -2.131792 13.390738 0.453032 -0.083608 -0.887565 0.027054 0.706787 3 24 0.098425 26 0.401575 27 0.500000
 47 -12.123215 -2.155322 14.294669 0.716943 -0.608897 -0.339468 0.018005 0.721191 3 23 0.200000 26 0.600000 27 0.200000
mnt_body_m.png
 47 -12.123215 -2.155322 14.294669 0.716943 -0.608897 -0.339468 0.018005 0.721191 3 23 0.200000 26 0.600000 27 0.200000
 47 -12.946909 -2.131792 13.390738 0.453032 -0.083608 -0.887565 0.027054 0.706787 3 24 0.098425 26 0.401575 27 0.500000
 47 -12.165335 -1.478714 13.823328 0.600913 -0.059666 -0.797085 0.016891 0.705322 3 23 0.200000 26 0.600000 27 0.200000
mnt_body_m.png
 47 -12.946909 -2.131792 13.390738 0.453032 -0.083608 -0.887565 0.027054 0.706787 3 24 0.098425 26 0.401575 27 0.500000
 47 -13.189310 -0.638711 13.734869 -0.048895 0.436588 -0.898332 0.022278 0.678955 2 24 0.600000 26 0.400000
 47 -12.165335 -1.478714 13.823328 0.600913 -0.059666 -0.797085 0.016891 0.705322 3 23 0.200000 26 0.600000 27 0.200000
mnt_body_m.png
 47 -12.165335 -1.478714 13.823328 0.600913 -0.059666 -0.797085 0.016891 0.705322 3 23 0.200000 26 0.600000 27 0.200000
 47 -13.189310 -0.638711 13.734869 -0.048895 0.436588 -0.898332 0.022278 0.678955 2 24 0.600000 26 0.400000
 47 -12.338860 -0.395164 14.003044 0.313996 0.372147 -0.873449 0.014015 0.683594 3 23 0.098425 24 0.500000 26 0.401575
mnt_body_m.png
 47 -12.946909 -2.131792 13.390738 0.453032 -0.083608 -0.887565 0.027054 0.706787 3 24 0.098425 26 0.401575 27 0.500000
 47 -14.026436 -1.581047 13.441772 -0.332538 0.500126 -0.799557 0.034393 0.684326 3 24 0.200787 26 0.299213 27 0.500000
 47 -13.189310 -0.638711 13.734869 -0.048895 0.436588 -0.898332 0.022278 0.678955 2 24 0.600000 26 0.400000
mnt_body_m.png
 47 -13.189310 -0.638711 13.734869 -0.048895 0.436588 -0.898332 0.022278 0.678955 2 24 0.600000 26 0.400000
 47 -14.026436 -1.581047 13.441772 -0.332538 0.500126 -0.799557 0.034393 0.684326 3 24 0.200787 26 0.299213 27 0.500000
 47 -14.156651 -0.876531 14.074011 -0.705595 0.477838 -0.523265 0.029709 0.666504 2 24 0.400000 26 0.600000
mnt_body_m.png
 47 -14.156651 -0.876531 14.074011 -0.705595 0.477838 -0.523265 0.029709 0.666504 2 24 0.400000 26 0.600000
 47 -14.026436 -1.581047 13.441772 -0.332538 0.500126 -0.799557 0.034393 0.684326 3 24 0.200787 26 0.299213 27 0.500000
 47 -14.526623 -1.857671 14.194646 -0.911015 0.402911 -0.087829 0.041168 0.665771 3 24 0.200787 26 0.299213 27 0.500000
mnt_body_m.png
 47 -14.026436 -1.581047 13.441772 -0.332538 0.500126 -0.799557 0.034393 0.684326 3 24 0.200787 26 0.299213 27 0.500000
 47 -14.650324 -2.202631 13.092037 -0.395024 0.598217 -0.697203 0.044006 0.689209 2 27 0.700787 28 0.299213
 47 -14.526623 -1.857671 14.194646 -0.911015 0.402911 -0.087829 0.041168 0.665771 3 24 0.200787 26 0.299213 27 0.500000
mnt_body_m.png
 47 -14.526623 -1.857671 14.194646 -0.911015 0.402911 -0.087829 0.041168 0.665771 3 24 0.200787 26 0.299213 27 0.500000
 47 -14.650324 -2.202631 13.092037 -0.395024 0.598217 -0.697203 0.044006 0.689209 2 27 0.700787 28 0.299213
 47 -15.022144 -2.423261 13.838953 -0.859279 0.504886 0.082033 0.049805 0.674561 2 27 0.700787 28 0.299213
mnt_body_m.png
 47 -14.026436 -1.581047 13.441772 -0.332538 0.500126 -0.799557 0.034393 0.684326 3 24 0.200787 26 0.299213 27 0.500000
 47 -13.780226 -2.717929 13.059622 0.410270 -0.080072 -0.908442 0.038391 0.706055 2 27 0.700787 28 0.299213
 47 -14.650324 -2.202631 13.092037 -0.395024 0.598217 -0.697203 0.044006 0.689209 2 27 0.700787 28 0.299213
mnt_body_m.png
 47 -14.650324 -2.202631 13.092037 -0.395024 0.598217 -0.697203 0.044006 0.689209 2 27 0.700787 28 0.299213
 47 -13.780226 -2.717929 13.059622 0.410270 -0.080072 -0.908442 0.038391 0.706055 2 27 0.700787 28 0.299213
 47 -14.573312 -3.360083 12.769034 0.134496 -0.274347 -0.952179 0.048584 0.708008 1 28 1.000000
mnt_body_m.png
 47 -13.780226 -2.717929 13.059622 0.410270 -0.080072 -0.908442 0.038391 0.706055 2 27 0.700787 28 0.299213
 47 -13.716160 -3.299936 13.553833 0.598706 -0.744371 -0.295742 0.039398 0.720459 2 27 0.700787 28 0.299213
 47 -14.573312 -3.360083 12.769034 0.134496 -0.274347 -0.952179 0.048584 0.708008 1 28 1.000000
mnt_body_m.png
 47 -14.573312 -3.360083 12.769034 0.134496 -0.274347 -0.952179 0.048584 0.708008 1 28 1.000000
 47 -13.716160 -3.299936 13.553833 0.598706 -0.744371 -0.295742 0.039398 0.720459 2 27 0.700787 28 0.299213
 47 -14.575560 -3.825220 13.136574 0.229818 -0.853547 -0.467590 0.049622 0.717773 1 28 1.000000
mnt_body_m.png
 47 -14.575560 -3.825220 13.136574 0.229818 -0.853547 -0.467590 0.049622 0.717773 1 28 1.000000
 47 -13.716160 -3.299936 13.553833 0.598706 -0.744371 -0.295742 0.039398 0.720459 2 27 0.700787 28 0.299213
 47 -14.714323 -3.917161 13.733725 -0.117452 -0.938459 0.324807 0.048889 0.727295 1 28 1.000000
mnt_body_m.png
 47 -14.714323 -3.917161 13.733725 -0.117452 -0.938459 0.324807 0.048889 0.727295 1 28 1.000000
 47 -13.716160 -3.299936 13.553833 0.598706 -0.744371 -0.295742 0.039398 0.720459 2 27 0.700787 28 0.299213
 47 -14.082403 -3.408772 14.297622 0.141589 -0.802923 0.579023 0.040497 0.734863 2 27 0.700787 28 0.299213
mnt_body_m.png
 47 -13.716160 -3.299936 13.553833 0.598706 -0.744371 -0.295742 0.039398 0.720459 2 27 0.700787 28 0.299213
 47 -12.960405 -2.855740 13.860139 0.637953 -0.720464 -0.271933 0.028961 0.720459 3 24 0.098425 26 0.401575 27 0.500000
 47 -14.082403 -3.408772 14.297622 0.141589 -0.802923 0.579023 0.040497 0.734863 2 27 0.700787 28 0.299213
mnt_body_m.png
 47 -14.082403 -3.408772 14.297622 0.141589 -0.802923 0.579023 0.040497 0.734863 2 27 0.700787 28 0.299213
 47 -12.960405 -2.855740 13.860139 0.637953 -0.720464 -0.271933 0.028961 0.720459 3 24 0.098425 26 0.401575 27 0.500000
 47 -13.253570 -2.834254 14.825527 0.206694 -0.918493 0.337118 0.028717 0.738281 2 26 0.600000 27 0.400000
mnt_body_m.png
 47 -13.716160 -3.299936 13.553833 0.598706 -0.744371 -0.295742 0.039398 0.720459 2 27 0.700787 28 0.299213
 47 -13.780226 -2.717929 13.059622 0.410270 -0.080072 -0.908442 0.038391 0.706055 2 27 0.700787 28 0.299213
 47 -12.960405 -2.855740 13.860139 0.637953 -0.720464 -0.271933 0.028961 0.720459 3 24 0.098425 26 0.401575 27 0.500000
mnt_body_m.png
 47 -12.960405 -2.855740 13.860139 0.637953 -0.720464 -0.271933 0.028961 0.720459 3 24 0.098425 26 0.401575 27 0.500000
 47 -13.780226 -2.717929 13.059622 0.410270 -0.080072 -0.908442 0.038391 0.706055 2 27 0.700787 28 0.299213
 47 -12.946909 -2.131792 13.390738 0.453032 -0.083608 -0.887565 0.027054 0.706787 3 24 0.098425 26 0.401575 27 0.500000
mnt_body_m.png
 47 -13.780226 -2.717929 13.059622 0.410270 -0.080072 -0.908442 0.038391 0.706055 2 27 0.700787 28 0.299213
 47 -14.026436 -1.581047 13.441772 -0.332538 0.500126 -0.799557 0.034393 0.684326 3 24 0.200787 26 0.299213 27 0.500000
 47 -12.946909 -2.131792 13.390738 0.453032 -0.083608 -0.887565 0.027054 0.706787 3 24 0.098425 26 0.401575 27 0.500000
mnt_body_m.png
 47 -13.473493 1.946337 14.782493 -0.020580 0.565516 -0.824480 0.024155 0.893188 1 24 1.000000
 47 -14.444395 2.014823 15.027592 -0.170725 0.541363 -0.823273 0.033813 0.891541 2 24 0.901575 29 0.098425
 47 -13.268046 2.504656 15.707821 0.205784 0.973757 -0.097209 0.023697 0.875916 1 24 1.000000
mnt_body_m.png
 47 -14.444395 2.014823 15.027592 -0.170725 0.541363 -0.823273 0.033813 0.891541 2 24 0.901575 29 0.098425
 47 -14.208697 2.622842 15.894876 0.032369 0.996217 -0.080645 0.032654 0.873535 2 24 0.901575 29 0.098425
 47 -13.268046 2.504656 15.707821 0.205784 0.973757 -0.097209 0.023697 0.875916 1 24 1.000000
mnt_body_m.png
 47 -13.268046 2.504656 15.707821 0.205784 0.973757 -0.097209 0.023697 0.875916 1 24 1.000000
 47 -14.208697 2.622842 15.894876 0.032369 0.996217 -0.080645 0.032654 0.873535 2 24 0.901575 29 0.098425
 47 -14.043804 2.105442 16.967579 0.152563 0.771045 0.618234 0.030640 0.854126 2 24 0.649606 29 0.350394
mnt_body_m.png
 47 -14.208697 2.622842 15.894876 0.032369 0.996217 -0.080645 0.032654 0.873535 2 24 0.901575 29 0.098425
 47 -15.022401 2.179405 16.979897 0.009374 0.798506 0.601914 0.040192 0.854980 3 24 0.551181 29 0.350394 30 0.098425
 47 -14.043804 2.105442 16.967579 0.152563 0.771045 0.618234 0.030640 0.854126 2 24 0.649606 29 0.350394
mnt_body_m.png
 47 -15.022401 2.179405 16.979897 0.009374 0.798506 0.601914 0.040192 0.854980 3 24 0.551181 29 0.350394 30 0.098425
 47 -14.999746 1.482303 17.535891 0.015036 0.399083 0.916791 0.039124 0.841797 3 24 0.551181 29 0.350394 30 0.098425
 47 -14.043804 2.105442 16.967579 0.152563 0.771045 0.618234 0.030640 0.854126 2 24 0.649606 29 0.350394
mnt_body_m.png
 47 -14.043804 2.105442 16.967579 0.152563 0.771045 0.618234 0.030640 0.854126 2 24 0.649606 29 0.350394
 47 -14.999746 1.482303 17.535891 0.015036 0.399083 0.916791 0.039124 0.841797 3 24 0.551181 29 0.350394 30 0.098425
 47 -14.097627 1.447316 17.466805 0.142597 0.383856 0.912316 0.030411 0.842041 2 24 0.649606 29 0.350394
mnt_body_m.png
 47 -14.097627 1.447316 17.466805 0.142597 0.383856 0.912316 0.030411 0.842041 2 24 0.649606 29 0.350394
 47 -14.999746 1.482303 17.535891 0.015036 0.399083 0.916791 0.039124 0.841797 3 24 0.551181 29 0.350394 30 0.098425
 47 -14.152237 0.140009 17.667423 0.119651 -0.011196 0.992753 0.030411 0.818481 2 24 0.649606 29 0.350394
mnt_body_m.png
 47 -14.999746 1.482303 17.535891 0.015036 0.399083 0.916791 0.039124 0.841797 3 24 0.551181 29 0.350394 30 0.098425
 47 -14.985380 0.131230 17.751862 0.028832 -0.006103 0.999566 0.038544 0.818481 3 24 0.551181 29 0.350394 30 0.098425
 47 -14.152237 0.140009 17.667423 0.119651 -0.011196 0.992753 0.030411 0.818481 2 24 0.649606 29 0.350394
mnt_body_m.png
 47 -14.985380 0.131230 17.751862 0.028832 -0.006103 0.999566 0.038544 0.818481 3 24 0.551181 29 0.350394 30 0.098425
 47 -14.932536 -1.282338 17.506384 0.028950 -0.399802 0.916144 0.038788 0.794434 3 24 0.551181 29 0.350394 30 0.098425
 47 -14.152237 0.140009 17.667423 0.119651 -0.011196 0.992753 0.030411 0.818481 2 24 0.649606 29 0.350394
mnt_body_m.png
 47 -14.152237 0.140009 17.667423 0.119651 -0.011196 0.992753 0.030411 0.818481 2 24 0.649606 29 0.350394
 47 -14.932536 -1.282338 17.506384 0.028950 -0.399802 0.916144 0.038788 0.794434 3 24 0.551181 29 0.350394 30 0.098425
 47 -14.163347 -1.352447 17.390026 0.135435 -0.430251 0.892492 0.031342 0.791382 2 24 0.649606 29 0.350394
mnt_body_m.png
 47 -14.932536 -1.282338 17.506384 0.028950 -0.399802 0.916144 0.038788 0.794434 3 24 0.551181 29 0.350394 30 0.098425
 47 -14.930808 -1.997702 16.940813 0.004552 -0.779321 0.626608 0.039490 0.781128 3 24 0.551181 29 0.350394 30 0.098425
 47 -14.163347 -1.352447 17.390026 0.135435 -0.430251 0.892492 0.031342 0.791382 2 24 0.649606 29 0.350394
mnt_body_m.png
 47 -14.163347 -1.352447 17.390026 0.135435 -0.430251 0.892492 0.031342 0.791382 2 24 0.649606 29 0.350394
 47 -14.930808 -1.997702 16.940813 0.004552 -0.779321 0.626608 0.039490 0.781128 3 24 0.551181 29 0.350394 30 0.098425
 47 -14.138680 -2.055369 16.794716 0.098437 -0.780684 0.617125 0.032166 0.778442 2 24 0.649606 29 0.350394
mnt_body_m.png
 47 -14.930808 -1.997702 16.940813 0.004552 -0.779321 0.626608 0.039490 0.781128 3 24 0.551181 29 0.350394 30 0.098425
 47 -14.406506 -2.484504 15.963049 -0.041212 -0.991190 0.125873 0.036163 0.762329 2 24 0.800000 26 0.200000
 47 -14.138680 -2.055369 16.794716 0.098437 -0.780684 0.617125 0.032166 0.778442 2 24 0.649606 29 0.350394
mnt_body_m.png
 47 -14.138680 -2.055369 16.794716 0.098437 -0.780684 0.617125 0.032166 0.778442 2 24 0.649606 29 0.350394
 47 -14.406506 -2.484504 15.963049 -0.041212 -0.991190 0.125873 0.036163 0.762329 2 24 0.800000 26 0.200000
 47 -13.476340 -2.490960 15.917102 0.074790 -0.936695 0.342066 0.027206 0.759521 2 24 0.600000 26 0.400000
mnt_body_m.png
 47 -14.930808 -1.997702 16.940813 0.004552 -0.779321 0.626608 0.039490 0.781128 3 24 0.551181 29 0.350394 30 0.098425
 47 -14.932536 -1.282338 17.506384 0.028950 -0.399802 0.916144 0.038788 0.794434 3 24 0.551181 29 0.350394 30 0.098425
 47 -15.489372 -1.963398 16.955326 -0.084250 -0.785980 0.612484 0.044617 0.782104 3 24 0.229249 29 0.482213 30 0.288538
mnt_body_m.png
 47 -14.932536 -1.282338 17.506384 0.028950 -0.399802 0.916144 0.038788 0.794434 3 24 0.551181 29 0.350394 30 0.098425
 47 -15.502686 -1.245061 17.492670 -0.060383 -0.396450 0.916069 0.044250 0.795532 3 24 0.229249 29 0.482213 30 0.288538
 47 -15.489372 -1.963398 16.955326 -0.084250 -0.785980 0.612484 0.044617 0.782104 3 24 0.229249 29 0.482213 30 0.288538
mnt_body_m.png
 47 -15.489372 -1.963398 16.955326 -0.084250 -0.785980 0.612484 0.044617 0.782104 3 24 0.229249 29 0.482213 30 0.288538
 47 -15.502686 -1.245061 17.492670 -0.060383 -0.396450 0.916069 0.044250 0.795532 3 24 0.229249 29 0.482213 30 0.288538
 47 -16.105160 -1.869548 16.955198 -0.128234 -0.786956 0.603537 0.050415 0.783936 3 24 0.047244 29 0.350394 30 0.602362
mnt_body_m.png
 47 -15.502686 -1.245061 17.492670 -0.060383 -0.396450 0.916069 0.044250 0.795532 3 24 0.229249 29 0.482213 30 0.288538
 47 -16.130062 -1.201053 17.464308 -0.101987 -0.388313 0.915867 0.050232 0.796387 3 24 0.047244 29 0.350394 30 0.602362
 47 -16.105160 -1.869548 16.955198 -0.128234 -0.786956 0.603537 0.050415 0.783936 3 24 0.047244 29 0.350394 30 0.602362
mnt_body_m.png
 47 -16.105160 -1.869548 16.955198 -0.128234 -0.786956 0.603537 0.050415 0.783936 3 24 0.047244 29 0.350394 30 0.602362
 47 -16.130062 -1.201053 17.464308 -0.101987 -0.388313 0.915867 0.050232 0.796387 3 24 0.047244 29 0.350394 30 0.602362
 47 -16.787327 -1.736754 16.975998 -0.220222 -0.765190 0.604969 0.056793 0.786743 3 29 0.200787 30 0.500000 31 0.299213
mnt_body_m.png
 47 -16.130062 -1.201053 17.464308 -0.101987 -0.388313 0.915867 0.050232 0.796387 3 24 0.047244 29 0.350394 30 0.602362
 47 -16.811943 -1.142694 17.379095 -0.184030 -0.373125 0.909346 0.056824 0.796875 3 29 0.200787 30 0.500000 31 0.299213
 47 -16.787327 -1.736754 16.975998 -0.220222 -0.765190 0.604969 0.056793 0.786743 3 29 0.200787 30 0.500000 31 0.299213
mnt_body_m.png
 47 -16.787327 -1.736754 16.975998 -0.220222 -0.765190 0.604969 0.056793 0.786743 3 29 0.200787 30 0.500000 31 0.299213
 47 -16.811943 -1.142694 17.379095 -0.184030 -0.373125 0.909346 0.056824 0.796875 3 29 0.200787 30 0.500000 31 0.299213
 47 -17.404976 -1.516202 16.939043 -0.393181 -0.711181 0.582778 0.062805 0.789307 2 30 0.299213 31 0.700787
mnt_body_m.png
 47 -16.811943 -1.142694 17.379095 -0.184030 -0.373125 0.909346 0.056824 0.796875 3 29 0.200787 30 0.500000 31 0.299213
 47 -17.509010 -1.064415 17.241098 -0.392132 -0.364852 0.844462 0.063660 0.797485 2 30 0.299213 31 0.700787
 47 -17.404976 -1.516202 16.939043 -0.393181 -0.711181 0.582778 0.062805 0.789307 2 30 0.299213 31 0.700787
mnt_body_m.png
 47 -17.404976 -1.516202 16.939043 -0.393181 -0.711181 0.582778 0.062805 0.789307 2 30 0.299213 31 0.700787
 47 -17.509010 -1.064415 17.241098 -0.392132 -0.364852 0.844462 0.063660 0.797485 2 30 0.299213 31 0.700787
 47 -18.008745 -1.014021 16.900124 -0.679099 -0.392909 0.620038 0.068909 0.797363 2 30 0.098425 31 0.901575
mnt_body_m.png
 47 -17.509010 -1.064415 17.241098 -0.392132 -0.364852 0.844462 0.063660 0.797485 2 30 0.299213 31 0.700787
 47 -17.596243 0.098673 17.393953 -0.415358 0.002457 0.909655 0.063599 0.818481 2 30 0.299213 31 0.700787
 47 -18.008745 -1.014021 16.900124 -0.679099 -0.392909 0.620038 0.068909 0.797363 2 30 0.098425 31 0.901575
mnt_body_m.png
 47 -18.008745 -1.014021 16.900124 -0.679099 -0.392909 0.620038 0.068909 0.797363 2 30 0.098425 31 0.901575
 47 -17.596243 0.098673 17.393953 -0.415358 0.002457 0.909655 0.063599 0.818481 2 30 0.299213 31 0.700787
 47 -18.194117 0.116999 16.992868 -0.750663 0.014193 0.660533 0.070007 0.818359 2 30 0.098425 31 0.901575
mnt_body_m.png
 47 -18.194117 0.116999 16.992868 -0.750663 0.014193 0.660533 0.070007 0.818359 2 30 0.098425 31 0.901575
 47 -17.596243 0.098673 17.393953 -0.415358 0.002457 0.909655 0.063599 0.818481 2 30 0.299213 31 0.700787
 47 -18.004688 1.090042 16.943991 -0.704316 0.382205 0.598212 0.068848 0.832764 2 30 0.098425 31 0.901575
mnt_body_m.png
 47 -17.596243 0.098673 17.393953 -0.415358 0.002457 0.909655 0.063599 0.818481 2 30 0.299213 31 0.700787
 47 -17.528320 1.158528 17.223446 -0.410545 0.315347 0.855575 0.063782 0.836060 2 30 0.299213 31 0.700787
 47 -18.004688 1.090042 16.943991 -0.704316 0.382205 0.598212 0.068848 0.832764 2 30 0.098425 31 0.901575
mnt_body_m.png
 47 -18.004688 1.090042 16.943991 -0.704316 0.382205 0.598212 0.068848 0.832764 2 30 0.098425 31 0.901575
 47 -17.528320 1.158528 17.223446 -0.410545 0.315347 0.855575 0.063782 0.836060 2 30 0.299213 31 0.700787
 47 -17.472729 1.598786 16.986776 -0.459426 0.670199 0.582891 0.064087 0.844482 2 30 0.299213 31 0.700787
mnt_body_m.png
 47 -17.528320 1.158528 17.223446 -0.410545 0.315347 0.855575 0.063782 0.836060 2 30 0.299213 31 0.700787
 47 -16.840034 1.278710 17.424240 -0.215139 0.354929 0.909802 0.056976 0.837891 3 29 0.200787 30 0.500000 31 0.299213
 47 -17.472729 1.598786 16.986776 -0.459426 0.670199 0.582891 0.064087 0.844482 2 30 0.299213 31 0.700787
mnt_body_m.png
 47 -17.472729 1.598786 16.986776 -0.459426 0.670199 0.582891 0.064087 0.844482 2 30 0.299213 31 0.700787
 47 -16.840034 1.278710 17.424240 -0.215139 0.354929 0.909802 0.056976 0.837891 3 29 0.200787 30 0.500000 31 0.299213
 47 -16.807917 1.887762 17.004499 -0.249521 0.765601 0.592954 0.057648 0.848389 3 29 0.200787 30 0.500000 31 0.299213
mnt_body_m.png
 47 -16.840034 1.278710 17.424240 -0.215139 0.354929 0.909802 0.056976 0.837891 3 29 0.200787 30 0.500000 31 0.299213
 47 -16.152271 1.372242 17.485460 -0.108814 0.382814 0.917395 0.050293 0.839478 3 24 0.047244 29 0.350394 30 0.602362
 47 -16.807917 1.887762 17.004499 -0.249521 0.765601 0.592954 0.057648 0.848389 3 29 0.200787 30 0.500000 31 0.299213
mnt_body_m.png
 47 -16.152271 1.372242 17.485460 -0.108814 0.382814 0.917395 0.050293 0.839478 3 24 0.047244 29 0.350394 30 0.602362
 47 -16.169174 2.033899 16.989807 -0.159253 0.783705 0.600371 0.051453 0.852173 3 24 0.047244 29 0.350394 30 0.602362
 47 -16.807917 1.887762 17.004499 -0.249521 0.765601 0.592954 0.057648 0.848389 3 29 0.200787 30 0.500000 31 0.299213
mnt_body_m.png
 47 -16.807917 1.887762 17.004499 -0.249521 0.765601 0.592954 0.057648 0.848389 3 29 0.200787 30 0.500000 31 0.299213
 47 -16.169174 2.033899 16.989807 -0.159253 0.783705 0.600371 0.051453 0.852173 3 24 0.047244 29 0.350394 30 0.602362
 47 -16.651775 2.243466 16.181301 -0.309625 0.949674 -0.047458 0.058105 0.874512 3 29 0.200787 30 0.500000 31 0.299213
mnt_body_m.png
 47 -16.169174 2.033899 16.989807 -0.159253 0.783705 0.600371 0.051453 0.852173 3 24 0.047244 29 0.350394 30 0.602362
 47 -15.964891 2.438798 16.095154 -0.229798 0.970734 -0.069776 0.050415 0.873657 3 24 0.047244 29 0.350394 30 0.602362
 47 -16.651775 2.243466 16.181301 -0.309625 0.949674 -0.047458 0.058105 0.874512 3 29 0.200787 30 0.500000 31 0.299213
mnt_body_m.png
 47 -15.964891 2.438798 16.095154 -0.229798 0.970734 -0.069776 0.050415 0.873657 3 24 0.047244 29 0.350394 30 0.602362
 47 -15.973209 1.944558 15.248075 -0.195207 0.535051 -0.821958 0.049194 0.892639 3 24 0.249012 29 0.300395 30 0.450593
 47 -16.651775 2.243466 16.181301 -0.309625 0.949674 -0.047458 0.058105 0.874512 3 29 0.200787 30 0.500000 31 0.299213
mnt_body_m.png
 47 -16.651775 2.243466 16.181301 -0.309625 0.949674 -0.047458 0.058105 0.874512 3 29 0.200787 30 0.500000 31 0.299213
 47 -15.973209 1.944558 15.248075 -0.195207 0.535051 -0.821958 0.049194 0.892639 3 24 0.249012 29 0.300395 30 0.450593
 47 -16.699841 1.821843 15.379700 -0.300484 0.547838 -0.780758 0.056702 0.894531 3 29 0.200787 30 0.500000 31 0.299213
mnt_body_m.png
 47 -15.973209 1.944558 15.248075 -0.195207 0.535051 -0.821958 0.049194 0.892639 3 24 0.249012 29 0.300395 30 0.450593
 47 -15.974882 0.153295 15.053238 -0.148442 0.029359 -0.988485 0.049255 0.927612 3 24 0.249012 29 0.300395 30 0.450593
 47 -16.699841 1.821843 15.379700 -0.300484 0.547838 -0.780758 0.056702 0.894531 3 29 0.200787 30 0.500000 31 0.299213
mnt_body_m.png
 47 -15.974882 0.153295 15.053238 -0.148442 0.029359 -0.988485 0.049255 0.927612 3 24 0.249012 29 0.300395 30 0.450593
 47 -16.742176 0.130070 15.199962 -0.237078 0.026654 -0.971125 0.057190 0.927002 3 29 0.200787 30 0.500000 31 0.299213
 47 -16.699841 1.821843 15.379700 -0.300484 0.547838 -0.780758 0.056702 0.894531 3 29 0.200787 30 0.500000 31 0.299213
mnt_body_m.png
 47 -16.699841 1.821843 15.379700 -0.300484 0.547838 -0.780758 0.056702 0.894531 3 29 0.200787 30 0.500000 31 0.299213
 47 -16.742176 0.130070 15.199962 -0.237078 0.026654 -0.971125 0.057190 0.927002 3 29 0.200787 30 0.500000 31 0.299213
 47 -17.447357 1.583724 15.577557 -0.497593 0.491998 -0.714381 0.064575 0.897644 2 30 0.299213 31 0.700787
mnt_body_m.png
 47 -16.742176 0.130070 15.199962 -0.237078 0.026654 -0.971125 0.057190 0.927002 3 29 0.200787 30 0.500000 31 0.299213
 47 -17.496866 0.092006 15.421404 -0.417252 0.023801 -0.908479 0.065308 0.927063 2 30 0.299213 31 0.700787
 47 -17.447357 1.583724 15.577557 -0.497593 0.491998 -0.714381 0.064575 0.897644 2 30 0.299213 31 0.700787
mnt_body_m.png
 47 -17.447357 1.583724 15.577557 -0.497593 0.491998 -0.714381 0.064575 0.897644 2 30 0.299213 31 0.700787
 47 -17.496866 0.092006 15.421404 -0.417252 0.023801 -0.908479 0.065308 0.927063 2 30 0.299213 31 0.700787
 47 -18.022478 1.265635 15.944868 -0.763916 0.404547 -0.502766 0.072510 0.903015 2 30 0.098425 31 0.901575
mnt_body_m.png
 47 -18.022478 1.265635 15.944868 -0.763916 0.404547 -0.502766 0.072510 0.903015 2 30 0.098425 31 0.901575
 47 -17.496866 0.092006 15.421404 -0.417252 0.023801 -0.908479 0.065308 0.927063 2 30 0.299213 31 0.700787
 47 -18.134644 0.091121 15.822760 -0.762596 0.023005 -0.646466 0.073059 0.925659 2 30 0.098425 31 0.901575
mnt_body_m.png
 47 -18.134644 0.091121 15.822760 -0.762596 0.023005 -0.646466 0.073059 0.925659 2 30 0.098425 31 0.901575
 47 -17.496866 0.092006 15.421404 -0.417252 0.023801 -0.908479 0.065308 0.927063 2 30 0.299213 31 0.700787
 47 -18.008661 -1.132151 15.854301 -0.746926 -0.339216 -0.571869 0.072998 0.950317 2 30 0.098425 31 0.901575
mnt_body_m.png
 47 -18.008661 -1.132151 15.854301 -0.746926 -0.339216 -0.571869 0.072998 0.950317 2 30 0.098425 31 0.901575
 47 -17.496866 0.092006 15.421404 -0.417252 0.023801 -0.908479 0.065308 0.927063 2 30 0.299213 31 0.700787
 47 -17.399858 -1.455847 15.490975 -0.467999 -0.483442 -0.739770 0.065247 0.957520 2 30 0.299213 31 0.700787
mnt_body_m.png
 47 -17.496866 0.092006 15.421404 -0.417252 0.023801 -0.908479 0.065308 0.927063 2 30 0.299213 31 0.700787
 47 -16.742176 0.130070 15.199962 -0.237078 0.026654 -0.971125 0.057190 0.927002 3 29 0.200787 30 0.500000 31 0.299213
 47 -17.399858 -1.455847 15.490975 -0.467999 -0.483442 -0.739770 0.065247 0.957520 2 30 0.299213 31 0.700787
mnt_body_m.png
 47 -17.399858 -1.455847 15.490975 -0.467999 -0.483442 -0.739770 0.065247 0.957520 2 30 0.299213 31 0.700787
 47 -16.742176 0.130070 15.199962 -0.237078 0.026654 -0.971125 0.057190 0.927002 3 29 0.200787 30 0.500000 31 0.299213
 47 -16.648949 -1.672224 15.280197 -0.306267 -0.529921 -0.790813 0.057434 0.963379 3 29 0.200787 30 0.500000 31 0.299213
mnt_body_m.png
 47 -16.742176 0.130070 15.199962 -0.237078 0.026654 -0.971125 0.057190 0.927002 3 29 0.200787 30 0.500000 31 0.299213
 47 -15.974882 0.153295 15.053238 -0.148442 0.029359 -0.988485 0.049255 0.927612 3 24 0.249012 29 0.300395 30 0.450593
 47 -16.648949 -1.672224 15.280197 -0.306267 -0.529921 -0.790813 0.057434 0.963379 3 29 0.200787 30 0.500000 31 0.299213
mnt_body_m.png
 47 -16.648949 -1.672224 15.280197 -0.306267 -0.529921 -0.790813 0.057434 0.963379 3 29 0.200787 30 0.500000 31 0.299213
 47 -15.974882 0.153295 15.053238 -0.148442 0.029359 -0.988485 0.049255 0.927612 3 24 0.249012 29 0.300395 30 0.450593
 47 -15.903088 -1.832189 15.141081 -0.218375 -0.543795 -0.810308 0.049957 0.968872 3 24 0.249012 29 0.300395 30 0.450593
mnt_body_m.png
 47 -15.974882 0.153295 15.053238 -0.148442 0.029359 -0.988485 0.049255 0.927612 3 24 0.249012 29 0.300395 30 0.450593
 47 -15.101388 0.161283 14.960215 -0.164259 0.058207 -0.984698 0.040405 0.928772 3 24 0.602362 29 0.307087 30 0.090551
 47 -15.903088 -1.832189 15.141081 -0.218375 -0.543795 -0.810308 0.049957 0.968872 3 24 0.249012 29 0.300395 30 0.450593
mnt_body_m.png
 47 -15.903088 -1.832189 15.141081 -0.218375 -0.543795 -0.810308 0.049957 0.968872 3 24 0.249012 29 0.300395 30 0.450593
 47 -15.101388 0.161283 14.960215 -0.164259 0.058207 -0.984698 0.040405 0.928772 3 24 0.602362 29 0.307087 30 0.090551
 47 -15.054802 -1.976018 15.049678 -0.391384 -0.511583 -0.764920 0.041565 0.974945 3 24 0.602362 29 0.307087 30 0.090551
mnt_body_m.png
 47 -15.974882 0.153295 15.053238 -0.148442 0.029359 -0.988485 0.049255 0.927612 3 24 0.249012 29 0.300395 30 0.450593
 47 -15.973209 1.944558 15.248075 -0.195207 0.535051 -0.821958 0.049194 0.892639 3 24 0.249012 29 0.300395 30 0.450593
 47 -15.101388 0.161283 14.960215 -0.164259 0.058207 -0.984698 0.040405 0.928772 3 24 0.602362 29 0.307087 30 0.090551
mnt_body_m.png
 47 -15.973209 1.944558 15.248075 -0.195207 0.535051 -0.821958 0.049194 0.892639 3 24 0.249012 29 0.300395 30 0.450593
 47 -15.147547 1.985720 15.156456 -0.143767 0.511793 -0.846994 0.040863 0.891907 3 24 0.602362 29 0.307087 30 0.090551
 47 -15.101388 0.161283 14.960215 -0.164259 0.058207 -0.984698 0.040405 0.928772 3 24 0.602362 29 0.307087 30 0.090551
mnt_body_m.png
 47 -15.101388 0.161283 14.960215 -0.164259 0.058207 -0.984698 0.040405 0.928772 3 24 0.602362 29 0.307087 30 0.090551
 47 -15.147547 1.985720 15.156456 -0.143767 0.511793 -0.846994 0.040863 0.891907 3 24 0.602362 29 0.307087 30 0.090551
 47 -14.568965 0.244759 14.875557 -0.247822 0.104826 -0.963118 0.034668 0.926514 2 24 0.901575 29 0.098425
mnt_body_m.png
 47 -14.568965 0.244759 14.875557 -0.247822 0.104826 -0.963118 0.034668 0.926514 2 24 0.901575 29 0.098425
 47 -15.147547 1.985720 15.156456 -0.143767 0.511793 -0.846994 0.040863 0.891907 3 24 0.602362 29 0.307087 30 0.090551
 47 -14.444395 2.014823 15.027592 -0.170725 0.541363 -0.823273 0.033813 0.891541 2 24 0.901575 29 0.098425
mnt_body_m.png
 47 -14.444395 2.014823 15.027592 -0.170725 0.541363 -0.823273 0.033813 0.891541 2 24 0.901575 29 0.098425
 47 -15.147547 1.985720 15.156456 -0.143767 0.511793 -0.846994 0.040863 0.891907 3 24 0.602362 29 0.307087 30 0.090551
 47 -14.208697 2.622842 15.894876 0.032369 0.996217 -0.080645 0.032654 0.873535 2 24 0.901575 29 0.098425
mnt_body_m.png
 47 -15.147547 1.985720 15.156456 -0.143767 0.511793 -0.846994 0.040863 0.891907 3 24 0.602362 29 0.307087 30 0.090551
 47 -15.185992 2.576677 16.014732 -0.103466 0.990337 -0.092340 0.042023 0.872803 3 24 0.350394 29 0.500000 30 0.149606
 47 -14.208697 2.622842 15.894876 0.032369 0.996217 -0.080645 0.032654 0.873535 2 24 0.901575 29 0.098425
mnt_body_m.png
 47 -14.208697 2.622842 15.894876 0.032369 0.996217 -0.080645 0.032654 0.873535 2 24 0.901575 29 0.098425
 47 -15.185992 2.576677 16.014732 -0.103466 0.990337 -0.092340 0.042023 0.872803 3 24 0.350394 29 0.500000 30 0.149606
 47 -15.022401 2.179405 16.979897 0.009374 0.798506 0.601914 0.040192 0.854980 3 24 0.551181 29 0.350394 30 0.098425
mnt_body_m.png
 47 -15.185992 2.576677 16.014732 -0.103466 0.990337 -0.092340 0.042023 0.872803 3 24 0.350394 29 0.500000 30 0.149606
 47 -15.567175 2.145584 16.992172 -0.098119 0.791963 0.602634 0.045532 0.854004 3 24 0.229249 29 0.482213 30 0.288538
 47 -15.022401 2.179405 16.979897 0.009374 0.798506 0.601914 0.040192 0.854980 3 24 0.551181 29 0.350394 30 0.098425
mnt_body_m.png
 47 -15.022401 2.179405 16.979897 0.009374 0.798506 0.601914 0.040192 0.854980 3 24 0.551181 29 0.350394 30 0.098425
 47 -15.567175 2.145584 16.992172 -0.098119 0.791963 0.602634 0.045532 0.854004 3 24 0.229249 29 0.482213 30 0.288538
 47 -14.999746 1.482303 17.535891 0.015036 0.399083 0.916791 0.039124 0.841797 3 24 0.551181 29 0.350394 30 0.098425
mnt_body_m.png
 47 -15.567175 2.145584 16.992172 -0.098119 0.791963 0.602634 0.045532 0.854004 3 24 0.229249 29 0.482213 30 0.288538
 47 -15.547400 1.440073 17.517998 -0.076388 0.388845 0.918131 0.044464 0.840698 3 24 0.229249 29 0.482213 30 0.288538
 47 -14.999746 1.482303 17.535891 0.015036 0.399083 0.916791 0.039124 0.841797 3 24 0.551181 29 0.350394 30 0.098425
mnt_body_m.png
 47 -14.999746 1.482303 17.535891 0.015036 0.399083 0.916791 0.039124 0.841797 3 24 0.551181 29 0.350394 30 0.098425
 47 -15.547400 1.440073 17.517998 -0.076388 0.388845 0.918131 0.044464 0.840698 3 24 0.229249 29 0.482213 30 0.288538
 47 -14.985380 0.131230 17.751862 0.028832 -0.006103 0.999566 0.038544 0.818481 3 24 0.551181 29 0.350394 30 0.098425
mnt_body_m.png
 47 -15.547400 1.440073 17.517998 -0.076388 0.388845 0.918131 0.044464 0.840698 3 24 0.229249 29 0.482213 30 0.288538
 47 -15.536211 0.137314 17.728638 -0.058045 -0.003678 0.998307 0.043823 0.818726 3 24 0.229249 29 0.482213 30 0.288538
 47 -14.985380 0.131230 17.751862 0.028832 -0.006103 0.999566 0.038544 0.818481 3 24 0.551181 29 0.350394 30 0.098425
mnt_body_m.png
 47 -15.536211 0.137314 17.728638 -0.058045 -0.003678 0.998307 0.043823 0.818726 3 24 0.229249 29 0.482213 30 0.288538
 47 -15.502686 -1.245061 17.492670 -0.060383 -0.396450 0.916069 0.044250 0.795532 3 24 0.229249 29 0.482213 30 0.288538
 47 -14.985380 0.131230 17.751862 0.028832 -0.006103 0.999566 0.038544 0.818481 3 24 0.551181 29 0.350394 30 0.098425
mnt_body_m.png
 47 -14.985380 0.131230 17.751862 0.028832 -0.006103 0.999566 0.038544 0.818481 3 24 0.551181 29 0.350394 30 0.098425
 47 -15.502686 -1.245061 17.492670 -0.060383 -0.396450 0.916069 0.044250 0.795532 3 24 0.229249 29 0.482213 30 0.288538
 47 -14.932536 -1.282338 17.506384 0.028950 -0.399802 0.916144 0.038788 0.794434 3 24 0.551181 29 0.350394 30 0.098425
mnt_body_m.png
 47 -15.502686 -1.245061 17.492670 -0.060383 -0.396450 0.916069 0.044250 0.795532 3 24 0.229249 29 0.482213 30 0.288538
 47 -15.536211 0.137314 17.728638 -0.058045 -0.003678 0.998307 0.043823 0.818726 3 24 0.229249 29 0.482213 30 0.288538
 47 -16.130062 -1.201053 17.464308 -0.101987 -0.388313 0.915867 0.050232 0.796387 3 24 0.047244 29 0.350394 30 0.602362
mnt_body_m.png
 47 -15.536211 0.137314 17.728638 -0.058045 -0.003678 0.998307 0.043823 0.818726 3 24 0.229249 29 0.482213 30 0.288538
 47 -16.144264 0.141556 17.681303 -0.097264 -0.003956 0.995251 0.049561 0.818970 3 24 0.047244 29 0.350394 30 0.602362
 47 -16.130062 -1.201053 17.464308 -0.101987 -0.388313 0.915867 0.050232 0.796387 3 24 0.047244 29 0.350394 30 0.602362
mnt_body_m.png
 47 -16.130062 -1.201053 17.464308 -0.101987 -0.388313 0.915867 0.050232 0.796387 3 24 0.047244 29 0.350394 30 0.602362
 47 -16.144264 0.141556 17.681303 -0.097264 -0.003956 0.995251 0.049561 0.818970 3 24 0.047244 29 0.350394 30 0.602362
 47 -16.811943 -1.142694 17.379095 -0.184030 -0.373125 0.909346 0.056824 0.796875 3 29 0.200787 30 0.500000 31 0.299213
mnt_body_m.png
 47 -16.144264 0.141556 17.681303 -0.097264 -0.003956 0.995251 0.049561 0.818970 3 24 0.047244 29 0.350394 30 0.602362
 47 -16.841549 0.134760 17.600927 -0.188766 -0.001774 0.982020 0.056122 0.819092 3 29 0.200787 30 0.500000 31 0.299213
 47 -16.811943 -1.142694 17.379095 -0.184030 -0.373125 0.909346 0.056824 0.796875 3 29 0.200787 30 0.500000 31 0.299213
mnt_body_m.png
 47 -16.811943 -1.142694 17.379095 -0.184030 -0.373125 0.909346 0.056824 0.796875 3 29 0.200787 30 0.500000 31 0.299213
 47 -16.841549 0.134760 17.600927 -0.188766 -0.001774 0.982020 0.056122 0.819092 3 29 0.200787 30 0.500000 31 0.299213
 47 -17.509010 -1.064415 17.241098 -0.392132 -0.364852 0.844462 0.063660 0.797485 2 30 0.299213 31 0.700787
mnt_body_m.png
 47 -17.509010 -1.064415 17.241098 -0.392132 -0.364852 0.844462 0.063660 0.797485 2 30 0.299213 31 0.700787
 47 -16.841549 0.134760 17.600927 -0.188766 -0.001774 0.982020 0.056122 0.819092 3 29 0.200787 30 0.500000 31 0.299213
 47 -17.596243 0.098673 17.393953 -0.415358 0.002457 0.909655 0.063599 0.818481 2 30 0.299213 31 0.700787
mnt_body_m.png
 47 -17.596243 0.098673 17.393953 -0.415358 0.002457 0.909655 0.063599 0.818481 2 30 0.299213 31 0.700787
 47 -16.841549 0.134760 17.600927 -0.188766 -0.001774 0.982020 0.056122 0.819092 3 29 0.200787 30 0.500000 31 0.299213
 47 -17.528320 1.158528 17.223446 -0.410545 0.315347 0.855575 0.063782 0.836060 2 30 0.299213 31 0.700787
mnt_body_m.png
 47 -17.528320 1.158528 17.223446 -0.410545 0.315347 0.855575 0.063782 0.836060 2 30 0.299213 31 0.700787
 47 -16.841549 0.134760 17.600927 -0.188766 -0.001774 0.982020 0.056122 0.819092 3 29 0.200787 30 0.500000 31 0.299213
 47 -16.840034 1.278710 17.424240 -0.215139 0.354929 0.909802 0.056976 0.837891 3 29 0.200787 30 0.500000 31 0.299213
mnt_body_m.png
 47 -16.841549 0.134760 17.600927 -0.188766 -0.001774 0.982020 0.056122 0.819092 3 29 0.200787 30 0.500000 31 0.299213
 47 -16.144264 0.141556 17.681303 -0.097264 -0.003956 0.995251 0.049561 0.818970 3 24 0.047244 29 0.350394 30 0.602362
 47 -16.840034 1.278710 17.424240 -0.215139 0.354929 0.909802 0.056976 0.837891 3 29 0.200787 30 0.500000 31 0.299213
mnt_body_m.png
 47 -16.840034 1.278710 17.424240 -0.215139 0.354929 0.909802 0.056976 0.837891 3 29 0.200787 30 0.500000 31 0.299213
 47 -16.144264 0.141556 17.681303 -0.097264 -0.003956 0.995251 0.049561 0.818970 3 24 0.047244 29 0.350394 30 0.602362
 47 -16.152271 1.372242 17.485460 -0.108814 0.382814 0.917395 0.050293 0.839478 3 24 0.047244 29 0.350394 30 0.602362
mnt_body_m.png
 47 -16.144264 0.141556 17.681303 -0.097264 -0.003956 0.995251 0.049561 0.818970 3 24 0.047244 29 0.350394 30 0.602362
 47 -15.536211 0.137314 17.728638 -0.058045 -0.003678 0.998307 0.043823 0.818726 3 24 0.229249 29 0.482213 30 0.288538
 47 -16.152271 1.372242 17.485460 -0.108814 0.382814 0.917395 0.050293 0.839478 3 24 0.047244 29 0.350394 30 0.602362
mnt_body_m.png
 47 -15.536211 0.137314 17.728638 -0.058045 -0.003678 0.998307 0.043823 0.818726 3 24 0.229249 29 0.482213 30 0.288538
 47 -15.547400 1.440073 17.517998 -0.076388 0.388845 0.918131 0.044464 0.840698 3 24 0.229249 29 0.482213 30 0.288538
 47 -16.152271 1.372242 17.485460 -0.108814 0.382814 0.917395 0.050293 0.839478 3 24 0.047244 29 0.350394 30 0.602362
mnt_body_m.png
 47 -16.152271 1.372242 17.485460 -0.108814 0.382814 0.917395 0.050293 0.839478 3 24 0.047244 29 0.350394 30 0.602362
 47 -15.547400 1.440073 17.517998 -0.076388 0.388845 0.918131 0.044464 0.840698 3 24 0.229249 29 0.482213 30 0.288538
 47 -16.169174 2.033899 16.989807 -0.159253 0.783705 0.600371 0.051453 0.852173 3 24 0.047244 29 0.350394 30 0.602362
mnt_body_m.png
 47 -15.547400 1.440073 17.517998 -0.076388 0.388845 0.918131 0.044464 0.840698 3 24 0.229249 29 0.482213 30 0.288538
 47 -15.567175 2.145584 16.992172 -0.098119 0.791963 0.602634 0.045532 0.854004 3 24 0.229249 29 0.482213 30 0.288538
 47 -16.169174 2.033899 16.989807 -0.159253 0.783705 0.600371 0.051453 0.852173 3 24 0.047244 29 0.350394 30 0.602362
mnt_body_m.png
 47 -16.169174 2.033899 16.989807 -0.159253 0.783705 0.600371 0.051453 0.852173 3 24 0.047244 29 0.350394 30 0.602362
 47 -15.567175 2.145584 16.992172 -0.098119 0.791963 0.602634 0.045532 0.854004 3 24 0.229249 29 0.482213 30 0.288538
 47 -15.964891 2.438798 16.095154 -0.229798 0.970734 -0.069776 0.050415 0.873657 3 24 0.047244 29 0.350394 30 0.602362
mnt_body_m.png
 47 -15.567175 2.145584 16.992172 -0.098119 0.791963 0.602634 0.045532 0.854004 3 24 0.229249 29 0.482213 30 0.288538
 47 -15.185992 2.576677 16.014732 -0.103466 0.990337 -0.092340 0.042023 0.872803 3 24 0.350394 29 0.500000 30 0.149606
 47 -15.964891 2.438798 16.095154 -0.229798 0.970734 -0.069776 0.050415 0.873657 3 24 0.047244 29 0.350394 30 0.602362
mnt_body_m.png
 47 -15.964891 2.438798 16.095154 -0.229798 0.970734 -0.069776 0.050415 0.873657 3 24 0.047244 29 0.350394 30 0.602362
 47 -15.185992 2.576677 16.014732 -0.103466 0.990337 -0.092340 0.042023 0.872803 3 24 0.350394 29 0.500000 30 0.149606
 47 -15.973209 1.944558 15.248075 -0.195207 0.535051 -0.821958 0.049194 0.892639 3 24 0.249012 29 0.300395 30 0.450593
mnt_body_m.png
 47 -15.185992 2.576677 16.014732 -0.103466 0.990337 -0.092340 0.042023 0.872803 3 24 0.350394 29 0.500000 30 0.149606
 47 -15.147547 1.985720 15.156456 -0.143767 0.511793 -0.846994 0.040863 0.891907 3 24 0.602362 29 0.307087 30 0.090551
 47 -15.973209 1.944558 15.248075 -0.195207 0.535051 -0.821958 0.049194 0.892639 3 24 0.249012 29 0.300395 30 0.450593
mnt_body_m.png
 47 -11.359619 1.132330 14.911642 0.257636 0.539552 -0.801566 0.098511 0.508789 2 23 0.700787 24 0.299213
 47 -8.237166 0.618259 14.952755 0.087801 0.504355 -0.859021 0.098511 0.572021 2 22 0.098425 23 0.901575
 47 -11.360507 -0.072266 14.684742 0.276713 0.129248 -0.952221 0.109802 0.508789 2 23 0.700787 24 0.299213
mnt_body_m.png
 47 -8.237166 0.618259 14.952755 0.087801 0.504355 -0.859021 0.098511 0.572021 2 22 0.098425 23 0.901575
 47 -8.326462 -0.725709 14.917827 0.095371 -0.510215 -0.854743 0.115234 0.572021 2 22 0.200000 23 0.800000
 47 -11.360507 -0.072266 14.684742 0.276713 0.129248 -0.952221 0.109802 0.508789 2 23 0.700787 24 0.299213
mnt_body_m.png
 47 -11.360507 -0.072266 14.684742 0.276713 0.129248 -0.952221 0.109802 0.508789 2 23 0.700787 24 0.299213
 47 -8.326462 -0.725709 14.917827 0.095371 -0.510215 -0.854743 0.115234 0.572021 2 22 0.200000 23 0.800000
 47 -11.364677 -1.102042 14.802504 0.574463 -0.425307 -0.699361 0.119324 0.508789 2 23 0.700787 24 0.299213
mnt_body_m.png
 47 -8.326462 -0.725709 14.917827 0.095371 -0.510215 -0.854743 0.115234 0.572021 2 22 0.200000 23 0.800000
 47 -8.326135 -1.141358 15.736339 0.119418 -0.990931 -0.061605 0.128174 0.572021 2 22 0.149606 23 0.850394
 47 -11.364677 -1.102042 14.802504 0.574463 -0.425307 -0.699361 0.119324 0.508789 2 23 0.700787 24 0.299213
mnt_body_m.png
 47 -11.364677 -1.102042 14.802504 0.574463 -0.425307 -0.699361 0.119324 0.508789 2 23 0.700787 24 0.299213
 47 -8.326135 -1.141358 15.736339 0.119418 -0.990931 -0.061605 0.128174 0.572021 2 22 0.149606 23 0.850394
 47 -11.404756 -1.712386 15.686211 0.456915 -0.886149 0.077259 0.128296 0.508789 2 23 0.700787 24 0.299213
mnt_body_m.png
 47 -11.404756 -1.712386 15.686211 0.456915 -0.886149 0.077259 0.128296 0.508789 2 23 0.700787 24 0.299213
 47 -8.326135 -1.141358 15.736339 0.119418 -0.990931 -0.061605 0.128174 0.572021 2 22 0.149606 23 0.850394
 47 -11.378736 -1.179987 16.636829 0.254593 -0.606182 0.753476 0.140747 0.508789 2 23 0.700787 24 0.299213
mnt_body_m.png
 47 -8.326135 -1.141358 15.736339 0.119418 -0.990931 -0.061605 0.128174 0.572021 2 22 0.149606 23 0.850394
 47 -8.286731 -0.824676 16.624617 0.089047 -0.669619 0.737347 0.140747 0.572021 2 22 0.200000 23 0.800000
 47 -11.378736 -1.179987 16.636829 0.254593 -0.606182 0.753476 0.140747 0.508789 2 23 0.700787 24 0.299213
mnt_body_m.png
 47 -11.378736 -1.179987 16.636829 0.254593 -0.606182 0.753476 0.140747 0.508789 2 23 0.700787 24 0.299213
 47 -8.286731 -0.824676 16.624617 0.089047 -0.669619 0.737347 0.140747 0.572021 2 22 0.200000 23 0.800000
 47 -11.441084 0.034959 17.018370 0.224505 -0.010626 0.974415 0.151245 0.508789 2 23 0.700787 24 0.299213
mnt_body_m.png
 47 -8.286731 -0.824676 16.624617 0.089047 -0.669619 0.737347 0.140747 0.572021 2 22 0.200000 23 0.800000
 47 -8.244411 -0.048854 16.823658 0.063443 0.002676 0.997982 0.149780 0.572021 2 22 0.098425 23 0.901575
 47 -11.441084 0.034959 17.018370 0.224505 -0.010626 0.974415 0.151245 0.508789 2 23 0.700787 24 0.299213
mnt_body_m.png
 47 -11.441084 0.034959 17.018370 0.224505 -0.010626 0.974415 0.151245 0.508789 2 23 0.700787 24 0.299213
 47 -8.244411 -0.048854 16.823658 0.063443 0.002676 0.997982 0.149780 0.572021 2 22 0.098425 23 0.901575
 47 -11.359617 1.133747 16.692818 0.286540 0.592015 0.753269 0.161865 0.508789 2 23 0.700787 24 0.299213
mnt_body_m.png
 47 -8.244411 -0.048854 16.823658 0.063443 0.002676 0.997982 0.149780 0.572021 2 22 0.098425 23 0.901575
 47 -8.202093 0.726969 16.618628 0.112978 0.660951 0.741876 0.158936 0.572021 2 22 0.098425 23 0.901575
 47 -11.359617 1.133747 16.692818 0.286540 0.592015 0.753269 0.161865 0.508789 2 23 0.700787 24 0.299213
mnt_body_m.png
 47 -8.202093 0.726969 16.618628 0.112978 0.660951 0.741876 0.158936 0.572021 2 22 0.098425 23 0.901575
 47 -8.194563 1.052575 15.734587 0.138473 0.988088 -0.067137 0.170410 0.572021 2 22 0.098425 23 0.901575
 47 -11.359617 1.133747 16.692818 0.286540 0.592015 0.753269 0.161865 0.508789 2 23 0.700787 24 0.299213
mnt_body_m.png
 47 -11.359617 1.133747 16.692818 0.286540 0.592015 0.753269 0.161865 0.508789 2 23 0.700787 24 0.299213
 47 -8.194563 1.052575 15.734587 0.138473 0.988088 -0.067137 0.170410 0.572021 2 22 0.098425 23 0.901575
 47 -11.295839 1.601535 15.770464 0.356678 0.934157 -0.011472 0.171265 0.508789 2 23 0.700787 24 0.299213
mnt_body_m.png
 47 -11.295839 1.601535 15.770464 0.356678 0.934157 -0.011472 0.171265 0.508789 2 23 0.700787 24 0.299213
 47 -8.194563 1.052575 15.734587 0.138473 0.988088 -0.067137 0.170410 0.572021 2 22 0.098425 23 0.901575
 47 -11.359619 1.132330 14.911642 0.257636 0.539552 -0.801566 0.180176 0.508789 2 23 0.700787 24 0.299213
mnt_body_m.png
 47 -11.359619 1.132330 14.911642 0.257636 0.539552 -0.801566 0.180176 0.508789 2 23 0.700787 24 0.299213
 47 -8.194563 1.052575 15.734587 0.138473 0.988088 -0.067137 0.170410 0.572021 2 22 0.098425 23 0.901575
 47 -8.237166 0.618259 14.952755 0.087801 0.504355 -0.859021 0.180176 0.572021 2 22 0.098425 23 0.901575
mnt_body_m.png
 47 -8.237166 0.618259 14.952755 0.087801 0.504355 -0.859021 0.180176 0.572021 2 22 0.098425 23 0.901575
 47 -8.194563 1.052575 15.734587 0.138473 0.988088 -0.067137 0.170410 0.572021 2 22 0.098425 23 0.901575
 47 -7.593689 0.591383 14.973341 0.053515 0.520457 -0.852209 0.180176 0.587402 2 22 0.500000 23 0.500000
mnt_body_m.png
 47 -8.194563 1.052575 15.734587 0.138473 0.988088 -0.067137 0.170410 0.572021 2 22 0.098425 23 0.901575
 47 -7.574582 0.967673 15.734650 0.104191 0.993402 -0.047918 0.170410 0.587402 2 22 0.500000 23 0.500000
 47 -7.593689 0.591383 14.973341 0.053515 0.520457 -0.852209 0.180176 0.587402 2 22 0.500000 23 0.500000
mnt_body_m.png
 47 -7.593689 0.591383 14.973341 0.053515 0.520457 -0.852209 0.180176 0.587402 2 22 0.500000 23 0.500000
 47 -7.574582 0.967673 15.734650 0.104191 0.993402 -0.047918 0.170410 0.587402 2 22 0.500000 23 0.500000
 47 -6.945291 0.599358 15.010773 0.042184 0.555286 -0.830589 0.180176 0.601807 2 22 0.901575 23 0.098425
mnt_body_m.png
 47 -7.574582 0.967673 15.734650 0.104191 0.993402 -0.047918 0.170410 0.587402 2 22 0.500000 23 0.500000
 47 -6.874549 0.904564 15.734727 0.044922 0.998536 -0.030115 0.170410 0.601807 2 22 0.901575 23 0.098425
 47 -6.945291 0.599358 15.010773 0.042184 0.555286 -0.830589 0.180176 0.601807 2 22 0.901575 23 0.098425
mnt_body_m.png
 47 -6.945291 0.599358 15.010773 0.042184 0.555286 -0.830589 0.180176 0.601807 2 22 0.901575 23 0.098425
 47 -6.874549 0.904564 15.734727 0.044922 0.998536 -0.030115 0.170410 0.601807 2 22 0.901575 23 0.098425
 47 -4.799709 0.629361 15.088464 -0.277465 0.612375 -0.740277 0.180176 0.649170 2 21 0.200000 22 0.800000
mnt_body_m.png
 47 -6.874549 0.904564 15.734727 0.044922 0.998536 -0.030115 0.170410 0.601807 2 22 0.901575 23 0.098425
 47 -4.669687 0.881114 15.811609 -0.118448 0.991341 0.056676 0.170410 0.657471 2 21 0.200000 22 0.800000
 47 -4.799709 0.629361 15.088464 -0.277465 0.612375 -0.740277 0.180176 0.649170 2 21 0.200000 22 0.800000
mnt_body_m.png
 47 -4.799709 0.629361 15.088464 -0.277465 0.612375 -0.740277 0.180176 0.649170 2 21 0.200000 22 0.800000
 47 -4.669687 0.881114 15.811609 -0.118448 0.991341 0.056676 0.170410 0.657471 2 21 0.200000 22 0.800000
 47 -4.562448 0.690400 14.946227 -0.894672 0.428268 -0.127075 0.179688 0.654053 3 5 0.700788 21 0.200787 22 0.098425
mnt_body_m.png
 47 -4.562448 0.690400 14.946227 -0.894672 0.428268 -0.127075 0.179688 0.654053 3 5 0.700788 21 0.200787 22 0.098425
 47 -4.669687 0.881114 15.811609 -0.118448 0.991341 0.056676 0.170410 0.657471 2 21 0.200000 22 0.800000
 47 -4.069107 1.016043 15.821457 -0.578969 0.701867 0.414942 0.170776 0.673828 3 5 0.401575 21 0.299213 22 0.299213
mnt_body_m.png
 47 -4.669687 0.881114 15.811609 -0.118448 0.991341 0.056676 0.170410 0.657471 2 21 0.200000 22 0.800000
 47 -4.627214 0.627116 16.425327 -0.047682 0.686330 0.725726 0.158813 0.661865 2 21 0.200000 22 0.800000
 47 -4.069107 1.016043 15.821457 -0.578969 0.701867 0.414942 0.170776 0.673828 3 5 0.401575 21 0.299213 22 0.299213
mnt_body_m.png
 47 -4.627214 0.627116 16.425327 -0.047682 0.686330 0.725726 0.158813 0.661865 2 21 0.200000 22 0.800000
 47 -4.217698 0.606675 16.485065 -0.072876 0.615344 0.784883 0.158813 0.672607 4 5 0.098814 6 0.047431 21 0.403162 22 0.450593
 47 -4.069107 1.016043 15.821457 -0.578969 0.701867 0.414942 0.170776 0.673828 3 5 0.401575 21 0.299213 22 0.299213
mnt_body_m.png
 47 -4.069107 1.016043 15.821457 -0.578969 0.701867 0.414942 0.170776 0.673828 3 5 0.401575 21 0.299213 22 0.299213
 47 -4.217698 0.606675 16.485065 -0.072876 0.615344 0.784883 0.158813 0.672607 4 5 0.098814 6 0.047431 21 0.403162 22 0.450593
 47 -3.808182 0.586234 16.544807 -0.362286 0.442547 0.820305 0.158813 0.683350 4 5 0.200787 6 0.098425 21 0.602363 22 0.098425
mnt_body_m.png
 47 -4.217698 0.606675 16.485065 -0.072876 0.615344 0.784883 0.158813 0.672607 4 5 0.098814 6 0.047431 21 0.403162 22 0.450593
 47 -4.217816 0.021558 16.653522 -0.030074 0.011108 0.999486 0.149780 0.673828 4 5 0.098814 6 0.047431 21 0.403162 22 0.450593
 47 -3.808182 0.586234 16.544807 -0.362286 0.442547 0.820305 0.158813 0.683350 4 5 0.200787 6 0.098425 21 0.602363 22 0.098425
mnt_body_m.png
 47 -3.808182 0.586234 16.544807 -0.362286 0.442547 0.820305 0.158813 0.683350 4 5 0.200787 6 0.098425 21 0.602363 22 0.098425
 47 -4.217816 0.021558 16.653522 -0.030074 0.011108 0.999486 0.149780 0.673828 4 5 0.098814 6 0.047431 21 0.403162 22 0.450593
 47 -3.795289 0.032125 16.659061 -0.372274 -0.005265 0.928108 0.149658 0.685059 4 5 0.200787 6 0.098425 21 0.602363 22 0.098425
mnt_body_m.png
 47 -3.795289 0.032125 16.659061 -0.372274 -0.005265 0.928108 0.149658 0.685059 4 5 0.200787 6 0.098425 21 0.602363 22 0.098425
 47 -4.217816 0.021558 16.653522 -0.030074 0.011108 0.999486 0.149780 0.673828 4 5 0.098814 6 0.047431 21 0.403162 22 0.450593
 47 -3.781178 -0.575387 16.531376 -0.389350 -0.440827 0.808751 0.140625 0.686768 4 5 0.200787 6 0.098425 21 0.602363 22 0.098425
mnt_body_m.png
 47 -4.217816 0.021558 16.653522 -0.030074 0.011108 0.999486 0.149780 0.673828 4 5 0.098814 6 0.047431 21 0.403162 22 0.450593
 47 -4.217324 -0.590261 16.498962 -0.058712 -0.636301 0.769204 0.140625 0.675293 4 5 0.098814 6 0.047431 21 0.403162 22 0.450593
 47 -3.781178 -0.575387 16.531376 -0.389350 -0.440827 0.808751 0.140625 0.686768 4 5 0.200787 6 0.098425 21 0.602363 22 0.098425
mnt_body_m.png
 47 -3.781178 -0.575387 16.531376 -0.389350 -0.440827 0.808751 0.140625 0.686768 4 5 0.200787 6 0.098425 21 0.602363 22 0.098425
 47 -4.217324 -0.590261 16.498962 -0.058712 -0.636301 0.769204 0.140625 0.675293 4 5 0.098814 6 0.047431 21 0.403162 22 0.450593
 47 -4.046211 -0.982530 15.805143 -0.616564 -0.700779 0.358827 0.128174 0.682617 4 5 0.403162 6 0.007905 21 0.300395 22 0.288538
mnt_body_m.png
 47 -4.217324 -0.590261 16.498962 -0.058712 -0.636301 0.769204 0.140625 0.675293 4 5 0.098814 6 0.047431 21 0.403162 22 0.450593
 47 -4.741589 -0.833167 15.781330 -0.062305 -0.997707 0.026442 0.128174 0.660889 2 21 0.200000 22 0.800000
 47 -4.046211 -0.982530 15.805143 -0.616564 -0.700779 0.358827 0.128174 0.682617 4 5 0.403162 6 0.007905 21 0.300395 22 0.288538
mnt_body_m.png
 47 -4.046211 -0.982530 15.805143 -0.616564 -0.700779 0.358827 0.128174 0.682617 4 5 0.403162 6 0.007905 21 0.300395 22 0.288538
 47 -4.741589 -0.833167 15.781330 -0.062305 -0.997707 0.026442 0.128174 0.660889 2 21 0.200000 22 0.800000
 47 -4.508789 -0.649148 14.934838 -0.879526 -0.472142 -0.059293 0.115112 0.661377 3 5 0.700788 21 0.200787 22 0.098425
mnt_body_m.png
 47 -4.741589 -0.833167 15.781330 -0.062305 -0.997707 0.026442 0.128174 0.660889 2 21 0.200000 22 0.800000
 47 -4.840827 -0.573509 15.061060 -0.185705 -0.569217 -0.800940 0.115295 0.655762 1 22 1.000000
 47 -4.508789 -0.649148 14.934838 -0.879526 -0.472142 -0.059293 0.115112 0.661377 3 5 0.700788 21 0.200787 22 0.098425
mnt_body_m.png
 47 -4.508789 -0.649148 14.934838 -0.879526 -0.472142 -0.059293 0.115112 0.661377 3 5 0.700788 21 0.200787 22 0.098425
 47 -4.840827 -0.573509 15.061060 -0.185705 -0.569217 -0.800940 0.115295 0.655762 1 22 1.000000
 47 -4.562448 0.690400 14.946227 -0.894672 0.428268 -0.127075 0.097412 0.655762 3 5 0.700788 21 0.200787 22 0.098425
mnt_body_m.png
 47 -4.562448 0.690400 14.946227 -0.894672 0.428268 -0.127075 0.097412 0.655762 3 5 0.700788 21 0.200787 22 0.098425
 47 -4.840827 -0.573509 15.061060 -0.185705 -0.569217 -0.800940 0.115295 0.655762 1 22 1.000000
 47 -4.799709 0.629361 15.088464 -0.277465 0.612375 -0.740277 0.098511 0.649170 2 21 0.200000 22 0.800000
mnt_body_m.png
 47 -4.799709 0.629361 15.088464 -0.277465 0.612375 -0.740277 0.098511 0.649170 2 21 0.200000 22 0.800000
 47 -4.840827 -0.573509 15.061060 -0.185705 -0.569217 -0.800940 0.115295 0.655762 1 22 1.000000
 47 -6.945291 0.599358 15.010773 0.042184 0.555286 -0.830589 0.098511 0.601807 2 22 0.901575 23 0.098425
mnt_body_m.png
 47 -4.840827 -0.573509 15.061060 -0.185705 -0.569217 -0.800940 0.115295 0.655762 1 22 1.000000
 47 -6.990728 -0.646340 14.979349 0.062549 -0.521689 -0.850840 0.115295 0.601807 2 22 0.901575 23 0.098425
 47 -6.945291 0.599358 15.010773 0.042184 0.555286 -0.830589 0.098511 0.601807 2 22 0.901575 23 0.098425
mnt_body_m.png
 47 -6.945291 0.599358 15.010773 0.042184 0.555286 -0.830589 0.098511 0.601807 2 22 0.901575 23 0.098425
 47 -6.990728 -0.646340 14.979349 0.062549 -0.521689 -0.850840 0.115295 0.601807 2 22 0.901575 23 0.098425
 47 -7.593689 0.591383 14.973341 0.053515 0.520457 -0.852209 0.098511 0.587402 2 22 0.500000 23 0.500000
mnt_body_m.png
 47 -6.990728 -0.646340 14.979349 0.062549 -0.521689 -0.850840 0.115295 0.601807 2 22 0.901575 23 0.098425
 47 -7.578302 -0.678557 14.948460 0.071888 -0.516962 -0.852984 0.115295 0.587402 2 22 0.551181 23 0.448819
 47 -7.593689 0.591383 14.973341 0.053515 0.520457 -0.852209 0.098511 0.587402 2 22 0.500000 23 0.500000
mnt_body_m.png
 47 -7.593689 0.591383 14.973341 0.053515 0.520457 -0.852209 0.098511 0.587402 2 22 0.500000 23 0.500000
 47 -7.578302 -0.678557 14.948460 0.071888 -0.516962 -0.852984 0.115295 0.587402 2 22 0.551181 23 0.448819
 47 -8.237166 0.618259 14.952755 0.087801 0.504355 -0.859021 0.098511 0.572021 2 22 0.098425 23 0.901575
mnt_body_m.png
 47 -8.237166 0.618259 14.952755 0.087801 0.504355 -0.859021 0.098511 0.572021 2 22 0.098425 23 0.901575
 47 -7.578302 -0.678557 14.948460 0.071888 -0.516962 -0.852984 0.115295 0.587402 2 22 0.551181 23 0.448819
 47 -8.326462 -0.725709 14.917827 0.095371 -0.510215 -0.854743 0.115234 0.572021 2 22 0.200000 23 0.800000
mnt_body_m.png
 47 -7.578302 -0.678557 14.948460 0.071888 -0.516962 -0.852984 0.115295 0.587402 2 22 0.551181 23 0.448819
 47 -7.574577 -1.066752 15.736267 0.098447 -0.993217 -0.061865 0.128174 0.587402 2 22 0.448819 23 0.551181
 47 -8.326462 -0.725709 14.917827 0.095371 -0.510215 -0.854743 0.115234 0.572021 2 22 0.200000 23 0.800000
mnt_body_m.png
 47 -8.326462 -0.725709 14.917827 0.095371 -0.510215 -0.854743 0.115234 0.572021 2 22 0.200000 23 0.800000
 47 -7.574577 -1.066752 15.736267 0.098447 -0.993217 -0.061865 0.128174 0.587402 2 22 0.448819 23 0.551181
 47 -8.326135 -1.141358 15.736339 0.119418 -0.990931 -0.061605 0.128174 0.572021 2 22 0.149606 23 0.850394
mnt_body_m.png
 47 -8.326135 -1.141358 15.736339 0.119418 -0.990931 -0.061605 0.128174 0.572021 2 22 0.149606 23 0.850394
 47 -7.574577 -1.066752 15.736267 0.098447 -0.993217 -0.061865 0.128174 0.587402 2 22 0.448819 23 0.551181
 47 -8.286731 -0.824676 16.624617 0.089047 -0.669619 0.737347 0.140747 0.572021 2 22 0.200000 23 0.800000
mnt_body_m.png
 47 -7.574577 -1.066752 15.736267 0.098447 -0.993217 -0.061865 0.128174 0.587402 2 22 0.448819 23 0.551181
 47 -7.574580 -0.768101 16.588837 0.087149 -0.677609 0.730240 0.140747 0.587402 2 22 0.551181 23 0.448819
 47 -8.286731 -0.824676 16.624617 0.089047 -0.669619 0.737347 0.140747 0.572021 2 22 0.200000 23 0.800000
mnt_body_m.png
 47 -8.286731 -0.824676 16.624617 0.089047 -0.669619 0.737347 0.140747 0.572021 2 22 0.200000 23 0.800000
 47 -7.574580 -0.768101 16.588837 0.087149 -0.677609 0.730240 0.140747 0.587402 2 22 0.551181 23 0.448819
 47 -8.244411 -0.048854 16.823658 0.063443 0.002676 0.997982 0.149780 0.572021 2 22 0.098425 23 0.901575
mnt_body_m.png
 47 -7.574580 -0.768101 16.588837 0.087149 -0.677609 0.730240 0.140747 0.587402 2 22 0.551181 23 0.448819
 47 -7.580791 -0.054443 16.784508 0.061221 0.006696 0.998102 0.149902 0.587402 2 22 0.488189 23 0.511811
 47 -8.244411 -0.048854 16.823658 0.063443 0.002676 0.997982 0.149780 0.572021 2 22 0.098425 23 0.901575
mnt_body_m.png
 47 -7.580791 -0.054443 16.784508 0.061221 0.006696 0.998102 0.149902 0.587402 2 22 0.488189 23 0.511811
 47 -7.587000 0.659214 16.576099 0.098489 0.673205 0.732868 0.158936 0.587402 2 22 0.500000 23 0.500000
 47 -8.244411 -0.048854 16.823658 0.063443 0.002676 0.997982 0.149780 0.572021 2 22 0.098425 23 0.901575
mnt_body_m.png
 47 -8.244411 -0.048854 16.823658 0.063443 0.002676 0.997982 0.149780 0.572021 2 22 0.098425 23 0.901575
 47 -7.587000 0.659214 16.576099 0.098489 0.673205 0.732868 0.158936 0.587402 2 22 0.500000 23 0.500000
 47 -8.202093 0.726969 16.618628 0.112978 0.660951 0.741876 0.158936 0.572021 2 22 0.098425 23 0.901575
mnt_body_m.png
 47 -8.202093 0.726969 16.618628 0.112978 0.660951 0.741876 0.158936 0.572021 2 22 0.098425 23 0.901575
 47 -7.587000 0.659214 16.576099 0.098489 0.673205 0.732868 0.158936 0.587402 2 22 0.500000 23 0.500000
 47 -8.194563 1.052575 15.734587 0.138473 0.988088 -0.067137 0.170410 0.572021 2 22 0.098425 23 0.901575
mnt_body_m.png
 47 -8.194563 1.052575 15.734587 0.138473 0.988088 -0.067137 0.170410 0.572021 2 22 0.098425 23 0.901575
 47 -7.587000 0.659214 16.576099 0.098489 0.673205 0.732868 0.158936 0.587402 2 22 0.500000 23 0.500000
 47 -7.574582 0.967673 15.734650 0.104191 0.993402 -0.047918 0.170410 0.587402 2 22 0.500000 23 0.500000
mnt_body_m.png
 47 -7.587000 0.659214 16.576099 0.098489 0.673205 0.732868 0.158936 0.587402 2 22 0.500000 23 0.500000
 47 -6.891606 0.620510 16.529579 0.054738 0.688517 0.723151 0.158936 0.601807 2 22 0.901575 23 0.098425
 47 -7.574582 0.967673 15.734650 0.104191 0.993402 -0.047918 0.170410 0.587402 2 22 0.500000 23 0.500000
mnt_body_m.png
 47 -7.574582 0.967673 15.734650 0.104191 0.993402 -0.047918 0.170410 0.587402 2 22 0.500000 23 0.500000
 47 -6.891606 0.620510 16.529579 0.054738 0.688517 0.723151 0.158936 0.601807 2 22 0.901575 23 0.098425
 47 -6.874549 0.904564 15.734727 0.044922 0.998536 -0.030115 0.170410 0.601807 2 22 0.901575 23 0.098425
mnt_body_m.png
 47 -6.874549 0.904564 15.734727 0.044922 0.998536 -0.030115 0.170410 0.601807 2 22 0.901575 23 0.098425
 47 -6.891606 0.620510 16.529579 0.054738 0.688517 0.723151 0.158936 0.601807 2 22 0.901575 23 0.098425
 47 -4.669687 0.881114 15.811609 -0.118448 0.991341 0.056676 0.170410 0.657471 2 21 0.200000 22 0.800000
mnt_body_m.png
 47 -4.669687 0.881114 15.811609 -0.118448 0.991341 0.056676 0.170410 0.657471 2 21 0.200000 22 0.800000
 47 -6.891606 0.620510 16.529579 0.054738 0.688517 0.723151 0.158936 0.601807 2 22 0.901575 23 0.098425
 47 -4.627214 0.627116 16.425327 -0.047682 0.686330 0.725726 0.158813 0.661865 2 21 0.200000 22 0.800000
mnt_body_m.png
 47 -6.891606 0.620510 16.529579 0.054738 0.688517 0.723151 0.158936 0.601807 2 22 0.901575 23 0.098425
 47 -4.640344 0.010991 16.647980 0.001168 0.024782 0.999692 0.149780 0.662842 3 5 0.007874 21 0.200787 22 0.791339
 47 -4.627214 0.627116 16.425327 -0.047682 0.686330 0.725726 0.158813 0.661865 2 21 0.200000 22 0.800000
mnt_body_m.png
 47 -4.627214 0.627116 16.425327 -0.047682 0.686330 0.725726 0.158813 0.661865 2 21 0.200000 22 0.800000
 47 -4.640344 0.010991 16.647980 0.001168 0.024782 0.999692 0.149780 0.662842 3 5 0.007874 21 0.200787 22 0.791339
 47 -4.217698 0.606675 16.485065 -0.072876 0.615344 0.784883 0.158813 0.672607 4 5 0.098814 6 0.047431 21 0.403162 22 0.450593
mnt_body_m.png
 47 -4.217698 0.606675 16.485065 -0.072876 0.615344 0.784883 0.158813 0.672607 4 5 0.098814 6 0.047431 21 0.403162 22 0.450593
 47 -4.640344 0.010991 16.647980 0.001168 0.024782 0.999692 0.149780 0.662842 3 5 0.007874 21 0.200787 22 0.791339
 47 -4.217816 0.021558 16.653522 -0.030074 0.011108 0.999486 0.149780 0.673828 4 5 0.098814 6 0.047431 21 0.403162 22 0.450593
mnt_body_m.png
 47 -4.217816 0.021558 16.653522 -0.030074 0.011108 0.999486 0.149780 0.673828 4 5 0.098814 6 0.047431 21 0.403162 22 0.450593
 47 -4.640344 0.010991 16.647980 0.001168 0.024782 0.999692 0.149780 0.662842 3 5 0.007874 21 0.200787 22 0.791339
 47 -4.217324 -0.590261 16.498962 -0.058712 -0.636301 0.769204 0.140625 0.675293 4 5 0.098814 6 0.047431 21 0.403162 22 0.450593
mnt_body_m.png
 47 -4.640344 0.010991 16.647980 0.001168 0.024782 0.999692 0.149780 0.662842 3 5 0.007874 21 0.200787 22 0.791339
 47 -4.653472 -0.605134 16.466557 0.016968 -0.702450 0.711531 0.140747 0.663574 2 21 0.200000 22 0.800000
 47 -4.217324 -0.590261 16.498962 -0.058712 -0.636301 0.769204 0.140625 0.675293 4 5 0.098814 6 0.047431 21 0.403162 22 0.450593
mnt_body_m.png
 47 -4.217324 -0.590261 16.498962 -0.058712 -0.636301 0.769204 0.140625 0.675293 4 5 0.098814 6 0.047431 21 0.403162 22 0.450593
 47 -4.653472 -0.605134 16.466557 0.016968 -0.702450 0.711531 0.140747 0.663574 2 21 0.200000 22 0.800000
 47 -4.741589 -0.833167 15.781330 -0.062305 -0.997707 0.026442 0.128174 0.660889 2 21 0.200000 22 0.800000
mnt_body_m.png
 47 -4.653472 -0.605134 16.466557 0.016968 -0.702450 0.711531 0.140747 0.663574 2 21 0.200000 22 0.800000
 47 -6.955222 -0.728115 16.554943 0.073773 -0.687437 0.722487 0.140747 0.601807 2 22 0.901575 23 0.098425
 47 -4.741589 -0.833167 15.781330 -0.062305 -0.997707 0.026442 0.128174 0.660889 2 21 0.200000 22 0.800000
mnt_body_m.png
 47 -6.955222 -0.728115 16.554943 0.073773 -0.687437 0.722487 0.140747 0.601807 2 22 0.901575 23 0.098425
 47 -6.993139 -1.006837 15.736240 0.079933 -0.995131 -0.057671 0.128174 0.601807 2 22 0.800000 23 0.200000
 47 -4.741589 -0.833167 15.781330 -0.062305 -0.997707 0.026442 0.128174 0.660889 2 21 0.200000 22 0.800000
mnt_body_m.png
 47 -4.741589 -0.833167 15.781330 -0.062305 -0.997707 0.026442 0.128174 0.660889 2 21 0.200000 22 0.800000
 47 -6.993139 -1.006837 15.736240 0.079933 -0.995131 -0.057671 0.128174 0.601807 2 22 0.800000 23 0.200000
 47 -4.840827 -0.573509 15.061060 -0.185705 -0.569217 -0.800940 0.115295 0.655762 1 22 1.000000
mnt_body_m.png
 47 -4.840827 -0.573509 15.061060 -0.185705 -0.569217 -0.800940 0.115295 0.655762 1 22 1.000000
 47 -6.993139 -1.006837 15.736240 0.079933 -0.995131 -0.057671 0.128174 0.601807 2 22 0.800000 23 0.200000
 47 -6.990728 -0.646340 14.979349 0.062549 -0.521689 -0.850840 0.115295 0.601807 2 22 0.901575 23 0.098425
mnt_body_m.png
 47 -6.990728 -0.646340 14.979349 0.062549 -0.521689 -0.850840 0.115295 0.601807 2 22 0.901575 23 0.098425
 47 -6.993139 -1.006837 15.736240 0.079933 -0.995131 -0.057671 0.128174 0.601807 2 22 0.800000 23 0.200000
 47 -7.578302 -0.678557 14.948460 0.071888 -0.516962 -0.852984 0.115295 0.587402 2 22 0.551181 23 0.448819
mnt_body_m.png
 47 -7.578302 -0.678557 14.948460 0.071888 -0.516962 -0.852984 0.115295 0.587402 2 22 0.551181 23 0.448819
 47 -6.993139 -1.006837 15.736240 0.079933 -0.995131 -0.057671 0.128174 0.601807 2 22 0.800000 23 0.200000
 47 -7.574577 -1.066752 15.736267 0.098447 -0.993217 -0.061865 0.128174 0.587402 2 22 0.448819 23 0.551181
mnt_body_m.png
 47 -7.574577 -1.066752 15.736267 0.098447 -0.993217 -0.061865 0.128174 0.587402 2 22 0.448819 23 0.551181
 47 -6.993139 -1.006837 15.736240 0.079933 -0.995131 -0.057671 0.128174 0.601807 2 22 0.800000 23 0.200000
 47 -7.574580 -0.768101 16.588837 0.087149 -0.677609 0.730240 0.140747 0.587402 2 22 0.551181 23 0.448819
mnt_body_m.png
 47 -6.993139 -1.006837 15.736240 0.079933 -0.995131 -0.057671 0.128174 0.601807 2 22 0.800000 23 0.200000
 47 -6.955222 -0.728115 16.554943 0.073773 -0.687437 0.722487 0.140747 0.601807 2 22 0.901575 23 0.098425
 47 -7.574580 -0.768101 16.588837 0.087149 -0.677609 0.730240 0.140747 0.587402 2 22 0.551181 23 0.448819
mnt_body_m.png
 47 -7.574580 -0.768101 16.588837 0.087149 -0.677609 0.730240 0.140747 0.587402 2 22 0.551181 23 0.448819
 47 -6.955222 -0.728115 16.554943 0.073773 -0.687437 0.722487 0.140747 0.601807 2 22 0.901575 23 0.098425
 47 -7.580791 -0.054443 16.784508 0.061221 0.006696 0.998102 0.149902 0.587402 2 22 0.488189 23 0.511811
mnt_body_m.png
 47 -6.955222 -0.728115 16.554943 0.073773 -0.687437 0.722487 0.140747 0.601807 2 22 0.901575 23 0.098425
 47 -6.923413 -0.053803 16.744301 0.055294 0.009035 0.998429 0.149902 0.601807 2 22 0.889764 23 0.110236
 47 -7.580791 -0.054443 16.784508 0.061221 0.006696 0.998102 0.149902 0.587402 2 22 0.488189 23 0.511811
mnt_body_m.png
 47 -7.580791 -0.054443 16.784508 0.061221 0.006696 0.998102 0.149902 0.587402 2 22 0.488189 23 0.511811
 47 -6.923413 -0.053803 16.744301 0.055294 0.009035 0.998429 0.149902 0.601807 2 22 0.889764 23 0.110236
 47 -7.587000 0.659214 16.576099 0.098489 0.673205 0.732868 0.158936 0.587402 2 22 0.500000 23 0.500000
mnt_body_m.png
 47 -7.587000 0.659214 16.576099 0.098489 0.673205 0.732868 0.158936 0.587402 2 22 0.500000 23 0.500000
 47 -6.923413 -0.053803 16.744301 0.055294 0.009035 0.998429 0.149902 0.601807 2 22 0.889764 23 0.110236
 47 -6.891606 0.620510 16.529579 0.054738 0.688517 0.723151 0.158936 0.601807 2 22 0.901575 23 0.098425
mnt_body_m.png
 47 -6.891606 0.620510 16.529579 0.054738 0.688517 0.723151 0.158936 0.601807 2 22 0.901575 23 0.098425
 47 -6.923413 -0.053803 16.744301 0.055294 0.009035 0.998429 0.149902 0.601807 2 22 0.889764 23 0.110236
 47 -4.640344 0.010991 16.647980 0.001168 0.024782 0.999692 0.149780 0.662842 3 5 0.007874 21 0.200787 22 0.791339
mnt_body_m.png
 47 -4.640344 0.010991 16.647980 0.001168 0.024782 0.999692 0.149780 0.662842 3 5 0.007874 21 0.200787 22 0.791339
 47 -6.923413 -0.053803 16.744301 0.055294 0.009035 0.998429 0.149902 0.601807 2 22 0.889764 23 0.110236
 47 -4.653472 -0.605134 16.466557 0.016968 -0.702450 0.711531 0.140747 0.663574 2 21 0.200000 22 0.800000
mnt_body_m.png
 47 -6.923413 -0.053803 16.744301 0.055294 0.009035 0.998429 0.149902 0.601807 2 22 0.889764 23 0.110236
 47 -6.955222 -0.728115 16.554943 0.073773 -0.687437 0.722487 0.140747 0.601807 2 22 0.901575 23 0.098425
 47 -4.653472 -0.605134 16.466557 0.016968 -0.702450 0.711531 0.140747 0.663574 2 21 0.200000 22 0.800000
mnt_body_m.png
 47 -5.982882 -0.001114 10.507097 -0.995760 0.014382 -0.090863 0.166016 0.770874 3 4 0.401575 5 0.098425 32 0.500000
 47 -4.066804 4.451207 10.489334 -0.696374 0.713909 -0.073465 0.140747 0.719238 3 4 0.401575 5 0.098425 32 0.500000
 47 -5.674080 0.002671 8.807404 -0.922183 0.014624 -0.386477 0.149414 0.792725 3 4 0.240157 5 0.059055 32 0.700788
mnt_body_m.png
 47 -4.066804 4.451207 10.489334 -0.696374 0.713909 -0.073465 0.140747 0.719238 3 4 0.401575 5 0.098425 32 0.500000
 47 -3.759352 4.348968 8.855185 -0.624610 0.674935 -0.392843 0.127441 0.740479 3 4 0.240157 5 0.059055 32 0.700788
 47 -5.674080 0.002671 8.807404 -0.922183 0.014624 -0.386477 0.149414 0.792725 3 4 0.240157 5 0.059055 32 0.700788
mnt_body_m.png
 47 -3.759352 4.348968 8.855185 -0.624610 0.674935 -0.392843 0.127441 0.740479 3 4 0.240157 5 0.059055 32 0.700788
 47 -3.900287 1.079346 6.975898 -0.742309 0.484128 -0.463247 0.129028 0.809937 3 4 0.007905 32 0.541502 37 0.450593
 47 -5.674080 0.002671 8.807404 -0.922183 0.014624 -0.386477 0.149414 0.792725 3 4 0.240157 5 0.059055 32 0.700788
mnt_body_m.png
 47 -5.674080 0.002671 8.807404 -0.922183 0.014624 -0.386477 0.149414 0.792725 3 4 0.240157 5 0.059055 32 0.700788
 47 -3.900287 1.079346 6.975898 -0.742309 0.484128 -0.463247 0.129028 0.809937 3 4 0.007905 32 0.541502 37 0.450593
 47 -4.261220 0.003288 7.110582 -0.931479 0.021359 -0.363167 0.136841 0.819214 2 32 0.500000 37 0.500000
mnt_body_m.png
 47 -3.759352 4.348968 8.855185 -0.624610 0.674935 -0.392843 0.127441 0.740479 3 4 0.240157 5 0.059055 32 0.700788
 47 -2.723695 3.393690 7.212433 -0.380844 0.501149 -0.777051 0.114075 0.762085 1 32 1.000000
 47 -3.900287 1.079346 6.975898 -0.742309 0.484128 -0.463247 0.129028 0.809937 3 4 0.007905 32 0.541502 37 0.450593
mnt_body_m.png
 47 -3.900287 1.079346 6.975898 -0.742309 0.484128 -0.463247 0.129028 0.809937 3 4 0.007905 32 0.541502 37 0.450593
 47 -2.723695 3.393690 7.212433 -0.380844 0.501149 -0.777051 0.114075 0.762085 1 32 1.000000
 47 -2.826313 1.206695 6.408888 -0.026639 0.655395 -0.754817 0.116821 0.815918 2 32 0.551181 37 0.448819
mnt_body_m.png
 47 -2.723695 3.393690 7.212433 -0.380844 0.501149 -0.777051 0.114075 0.762085 1 32 1.000000
 47 0.000000 4.460315 7.217696 0.000000 0.602603 -0.798041 0.090088 0.740234 1 32 1.000000
 47 -2.826313 1.206695 6.408888 -0.026639 0.655395 -0.754817 0.116821 0.815918 2 32 0.551181 37 0.448819
mnt_body_m.png
 47 0.000000 4.460315 7.217696 0.000000 0.602603 -0.798041 0.090088 0.740234 1 32 1.000000
 47 0.000000 0.000908 5.789567 0.000000 0.000738 -1.000000 0.090088 0.836304 1 32 1.000000
 47 -2.826313 1.206695 6.408888 -0.026639 0.655395 -0.754817 0.116821 0.815918 2 32 0.551181 37 0.448819
mnt_body_m.png
 47 -2.826313 1.206695 6.408888 -0.026639 0.655395 -0.754817 0.116821 0.815918 2 32 0.551181 37 0.448819
 47 0.000000 0.000908 5.789567 0.000000 0.000738 -1.000000 0.090088 0.836304 1 32 1.000000
 47 -2.512446 -0.057649 6.152968 0.665529 0.011343 -0.746286 0.113159 0.837036 2 32 0.500000 37 0.500000
mnt_body_m.png
 47 -2.512446 -0.057649 6.152968 0.665529 0.011343 -0.746286 0.113159 0.837036 2 32 0.500000 37 0.500000
 47 0.000000 0.000908 5.789567 0.000000 0.000738 -1.000000 0.090088 0.836304 1 32 1.000000
 47 -2.792178 -1.390143 6.456502 0.020132 -0.707858 -0.706068 0.116760 0.857422 2 32 0.570866 37 0.429134
mnt_body_m.png
 47 0.000000 0.000908 5.789567 0.000000 0.000738 -1.000000 0.090088 0.836304 1 32 1.000000
 47 0.000000 -4.460281 7.217696 -0.000000 -0.595312 -0.803494 0.090088 0.931763 1 32 1.000000
 47 -2.792178 -1.390143 6.456502 0.020132 -0.707858 -0.706068 0.116760 0.857422 2 32 0.570866 37 0.429134
mnt_body_m.png
 47 0.000000 -4.460281 7.217696 -0.000000 -0.595312 -0.803494 0.090088 0.931763 1 32 1.000000
 47 -2.756895 -3.496324 7.302656 -0.379891 -0.511223 -0.770930 0.114929 0.912598 1 32 1.000000
 47 -2.792178 -1.390143 6.456502 0.020132 -0.707858 -0.706068 0.116760 0.857422 2 32 0.570866 37 0.429134
mnt_body_m.png
 47 -2.792178 -1.390143 6.456502 0.020132 -0.707858 -0.706068 0.116760 0.857422 2 32 0.570866 37 0.429134
 47 -2.756895 -3.496324 7.302656 -0.379891 -0.511223 -0.770930 0.114929 0.912598 1 32 1.000000
 47 -3.949918 -1.175108 7.070718 -0.778314 -0.470352 -0.415928 0.130127 0.862793 3 4 0.007905 32 0.561265 37 0.430830
mnt_body_m.png
 47 -2.756895 -3.496324 7.302656 -0.379891 -0.511223 -0.770930 0.114929 0.912598 1 32 1.000000
 47 -3.908618 -4.362533 8.906109 -0.625562 -0.671061 -0.397931 0.125366 0.940125 3 4 0.240157 5 0.059055 32 0.700788
 47 -3.949918 -1.175108 7.070718 -0.778314 -0.470352 -0.415928 0.130127 0.862793 3 4 0.007905 32 0.561265 37 0.430830
mnt_body_m.png
 47 -3.908618 -4.362533 8.906109 -0.625562 -0.671061 -0.397931 0.125366 0.940125 3 4 0.240157 5 0.059055 32 0.700788
 47 -5.674080 0.002671 8.807404 -0.922183 0.014624 -0.386477 0.146240 0.886475 3 4 0.240157 5 0.059055 32 0.700788
 47 -3.949918 -1.175108 7.070718 -0.778314 -0.470352 -0.415928 0.130127 0.862793 3 4 0.007905 32 0.561265 37 0.430830
mnt_body_m.png
 47 -3.949918 -1.175108 7.070718 -0.778314 -0.470352 -0.415928 0.130127 0.862793 3 4 0.007905 32 0.561265 37 0.430830
 47 -5.674080 0.002671 8.807404 -0.922183 0.014624 -0.386477 0.146240 0.886475 3 4 0.240157 5 0.059055 32 0.700788
 47 -4.261220 0.003288 7.110582 -0.931479 0.021359 -0.363167 0.136963 0.851807 2 32 0.500000 37 0.500000
mnt_body_m.png
 47 -3.908618 -4.362533 8.906109 -0.625562 -0.671061 -0.397931 0.125366 0.940125 3 4 0.240157 5 0.059055 32 0.700788
 47 -4.305698 -4.375223 10.489334 -0.724872 -0.685191 -0.071231 0.135742 0.967682 3 4 0.401575 5 0.098425 32 0.500000
 47 -5.674080 0.002671 8.807404 -0.922183 0.014624 -0.386477 0.146240 0.886475 3 4 0.240157 5 0.059055 32 0.700788
mnt_body_m.png
 47 -5.674080 0.002671 8.807404 -0.922183 0.014624 -0.386477 0.146240 0.886475 3 4 0.240157 5 0.059055 32 0.700788
 47 -4.305698 -4.375223 10.489334 -0.724872 -0.685191 -0.071231 0.135742 0.967682 3 4 0.401575 5 0.098425 32 0.500000
 47 -5.982882 -0.001114 10.507097 -0.995760 0.014382 -0.090863 0.158936 0.915710 3 4 0.401575 5 0.098425 32 0.500000
mnt_body_m.png
 47 -4.305698 -4.375223 10.489334 -0.724872 -0.685191 -0.071231 0.135742 0.967682 3 4 0.401575 5 0.098425 32 0.500000
 47 -3.908618 -4.362533 8.906109 -0.625562 -0.671061 -0.397931 0.125366 0.940125 3 4 0.240157 5 0.059055 32 0.700788
 47 0.000000 -6.171469 10.489330 0.000000 -0.997967 -0.063733 0.099182 0.987640 3 4 0.401575 5 0.098425 32 0.500000
mnt_body_m.png
 47 0.000000 -6.171469 10.489330 0.000000 -0.997967 -0.063733 0.099182 0.987640 3 4 0.401575 5 0.098425 32 0.500000
 47 -3.908618 -4.362533 8.906109 -0.625562 -0.671061 -0.397931 0.125366 0.940125 3 4 0.240157 5 0.059055 32 0.700788
 47 0.000000 -5.888052 8.858152 -0.000000 -0.914350 -0.404924 0.093079 0.959686 3 4 0.240157 5 0.059055 32 0.700788
mnt_body_m.png
 47 -3.908618 -4.362533 8.906109 -0.625562 -0.671061 -0.397931 0.125366 0.940125 3 4 0.240157 5 0.059055 32 0.700788
 47 -2.756895 -3.496324 7.302656 -0.379891 -0.511223 -0.770930 0.114929 0.912598 1 32 1.000000
 47 0.000000 -5.888052 8.858152 -0.000000 -0.914350 -0.404924 0.093079 0.959686 3 4 0.240157 5 0.059055 32 0.700788
mnt_body_m.png
 47 0.000000 -5.888052 8.858152 -0.000000 -0.914350 -0.404924 0.093079 0.959686 3 4 0.240157 5 0.059055 32 0.700788
 47 -2.756895 -3.496324 7.302656 -0.379891 -0.511223 -0.770930 0.114929 0.912598 1 32 1.000000
 47 0.000000 -4.460281 7.217696 -0.000000 -0.595312 -0.803494 0.090088 0.931763 1 32 1.000000
mnt_body_m.png
 47 -4.066804 4.451207 10.489334 -0.696374 0.713909 -0.073465 0.140747 0.719238 3 4 0.401575 5 0.098425 32 0.500000
 47 0.000000 6.110037 10.489334 0.000000 0.999151 -0.041191 0.098328 0.681396 3 4 0.401575 5 0.098425 32 0.500000
 47 -3.759352 4.348968 8.855185 -0.624610 0.674935 -0.392843 0.127441 0.740479 3 4 0.240157 5 0.059055 32 0.700788
mnt_body_m.png
 47 0.000000 6.110037 10.489334 0.000000 0.999151 -0.041191 0.098328 0.681396 3 4 0.401575 5 0.098425 32 0.500000
 47 0.000000 5.857354 8.858154 -0.000000 0.919944 -0.392049 0.092651 0.710693 3 4 0.240157 5 0.059055 32 0.700788
 47 -3.759352 4.348968 8.855185 -0.624610 0.674935 -0.392843 0.127441 0.740479 3 4 0.240157 5 0.059055 32 0.700788
mnt_body_m.png
 47 -3.759352 4.348968 8.855185 -0.624610 0.674935 -0.392843 0.127441 0.740479 3 4 0.240157 5 0.059055 32 0.700788
 47 0.000000 5.857354 8.858154 -0.000000 0.919944 -0.392049 0.092651 0.710693 3 4 0.240157 5 0.059055 32 0.700788
 47 -2.723695 3.393690 7.212433 -0.380844 0.501149 -0.777051 0.114075 0.762085 1 32 1.000000
mnt_body_m.png
 47 0.000000 5.857354 8.858154 -0.000000 0.919944 -0.392049 0.092651 0.710693 3 4 0.240157 5 0.059055 32 0.700788
 47 0.000000 4.460315 7.217696 0.000000 0.602603 -0.798041 0.090088 0.740234 1 32 1.000000
 47 -2.723695 3.393690 7.212433 -0.380844 0.501149 -0.777051 0.114075 0.762085 1 32 1.000000
mnt_body_m.png
 47 0.000000 -5.121585 14.329435 0.000000 -0.895518 0.445025 0.202271 0.603271 2 4 0.350394 5 0.649606
 47 -1.598264 -4.234074 15.325876 -0.352012 -0.801052 0.484152 0.232178 0.622314 3 4 0.110672 5 0.664032 6 0.225296
 47 -1.826770 -4.730188 14.329126 -0.352205 -0.818100 0.454603 0.219604 0.596191 2 4 0.350394 5 0.649606
mnt_body_m.png
 47 -1.598264 -4.234074 15.325876 -0.352012 -0.801052 0.484152 0.232178 0.622314 3 4 0.110672 5 0.664032 6 0.225296
 47 -3.386385 -3.651906 14.317593 -0.635193 -0.608338 0.475873 0.236938 0.589355 2 4 0.350394 5 0.649606
 47 -1.826770 -4.730188 14.329126 -0.352205 -0.818100 0.454603 0.219604 0.596191 2 4 0.350394 5 0.649606
mnt_body_m.png
 47 -1.826770 -4.730188 14.329126 -0.352205 -0.818100 0.454603 0.219604 0.596191 2 4 0.350394 5 0.649606
 47 -3.386385 -3.651906 14.317593 -0.635193 -0.608338 0.475873 0.236938 0.589355 2 4 0.350394 5 0.649606
 47 -2.049500 -5.170261 13.304963 -0.362312 -0.854693 0.371793 0.211548 0.556885 3 4 0.450593 5 0.430830 32 0.118577
mnt_body_m.png
 47 -3.386385 -3.651906 14.317593 -0.635193 -0.608338 0.475873 0.236938 0.589355 2 4 0.350394 5 0.649606
 47 -3.799299 -3.979606 13.302601 -0.657991 -0.641184 0.394880 0.231323 0.552490 3 4 0.450593 5 0.430830 32 0.118577
 47 -2.049500 -5.170261 13.304963 -0.362312 -0.854693 0.371793 0.211548 0.556885 3 4 0.450593 5 0.430830 32 0.118577
mnt_body_m.png
 47 -2.049500 -5.170261 13.304963 -0.362312 -0.854693 0.371793 0.211548 0.556885 3 4 0.450593 5 0.430830 32 0.118577
 47 -3.799299 -3.979606 13.302601 -0.657991 -0.641184 0.394880 0.231323 0.552490 3 4 0.450593 5 0.430830 32 0.118577
 47 -2.210153 -5.487240 12.229474 -0.382583 -0.912154 0.146987 0.210693 0.533936 3 4 0.480315 5 0.259843 32 0.259843
mnt_body_m.png
 47 -2.210153 -5.487240 12.229474 -0.382583 -0.912154 0.146987 0.210693 0.533936 3 4 0.480315 5 0.259843 32 0.259843
 47 -3.799299 -3.979606 13.302601 -0.657991 -0.641184 0.394880 0.231323 0.552490 3 4 0.450593 5 0.430830 32 0.118577
 47 -4.097123 -4.216892 12.232771 -0.692318 -0.680672 0.239545 0.231567 0.531738 3 4 0.480315 5 0.259843 32 0.259843
mnt_body_m.png
 47 -3.799299 -3.979606 13.302601 -0.657991 -0.641184 0.394880 0.231323 0.552490 3 4 0.450593 5 0.430830 32 0.118577
 47 -4.968968 -2.163270 13.308985 -0.842085 -0.337146 0.420981 0.254639 0.550781 3 4 0.450593 5 0.430830 32 0.118577
 47 -4.097123 -4.216892 12.232771 -0.692318 -0.680672 0.239545 0.231567 0.531738 3 4 0.480315 5 0.259843 32 0.259843
mnt_body_m.png
 47 -4.097123 -4.216892 12.232771 -0.692318 -0.680672 0.239545 0.231567 0.531738 3 4 0.480315 5 0.259843 32 0.259843
 47 -4.968968 -2.163270 13.308985 -0.842085 -0.337146 0.420981 0.254639 0.550781 3 4 0.450593 5 0.430830 32 0.118577
 47 -5.358486 -2.280524 12.242094 -0.916648 -0.365290 0.162230 0.254639 0.530762 3 4 0.480315 5 0.259843 32 0.259843
mnt_body_m.png
 47 -5.358486 -2.280524 12.242094 -0.916648 -0.365290 0.162230 0.254639 0.530762 3 4 0.480315 5 0.259843 32 0.259843
 47 -4.968968 -2.163270 13.308985 -0.842085 -0.337146 0.420981 0.254639 0.550781 3 4 0.450593 5 0.430830 32 0.118577
 47 -5.810564 -0.008855 12.244156 -0.971607 0.000394 0.236601 0.277588 0.530029 3 4 0.480315 5 0.259843 32 0.259843
mnt_body_m.png
 47 -4.968968 -2.163270 13.308985 -0.842085 -0.337146 0.420981 0.254639 0.550781 3 4 0.450593 5 0.430830 32 0.118577
 47 -5.366287 0.080394 13.315483 -0.899032 0.011967 0.437720 0.277832 0.549316 3 4 0.450593 5 0.430830 32 0.118577
 47 -5.810564 -0.008855 12.244156 -0.971607 0.000394 0.236601 0.277588 0.530029 3 4 0.480315 5 0.259843 32 0.259843
mnt_body_m.png
 47 -5.810564 -0.008855 12.244156 -0.971607 0.000394 0.236601 0.277588 0.530029 3 4 0.480315 5 0.259843 32 0.259843
 47 -5.366287 0.080394 13.315483 -0.899032 0.011967 0.437720 0.277832 0.549316 3 4 0.450593 5 0.430830 32 0.118577
 47 -5.356151 2.230736 12.246336 -0.912177 0.381823 0.148810 0.301758 0.530029 3 4 0.480315 5 0.259843 32 0.259843
mnt_body_m.png
 47 -5.366287 0.080394 13.315483 -0.899032 0.011967 0.437720 0.277832 0.549316 3 4 0.450593 5 0.430830 32 0.118577
 47 -4.966803 2.067322 13.321506 -0.839620 0.346106 0.418628 0.302734 0.549316 3 4 0.450593 5 0.430830 32 0.118577
 47 -5.356151 2.230736 12.246336 -0.912177 0.381823 0.148810 0.301758 0.530029 3 4 0.480315 5 0.259843 32 0.259843
mnt_body_m.png
 47 -5.356151 2.230736 12.246336 -0.912177 0.381823 0.148810 0.301758 0.530029 3 4 0.480315 5 0.259843 32 0.259843
 47 -4.966803 2.067322 13.321506 -0.839620 0.346106 0.418628 0.302734 0.549316 3 4 0.450593 5 0.430830 32 0.118577
 47 -4.095776 4.110251 12.255846 -0.692687 0.680802 0.238102 0.326172 0.530273 3 4 0.480315 5 0.259843 32 0.259843
mnt_body_m.png
 47 -4.966803 2.067322 13.321506 -0.839620 0.346106 0.418628 0.302734 0.549316 3 4 0.450593 5 0.430830 32 0.118577
 47 -3.798052 3.829532 13.327734 -0.646494 0.642818 0.410890 0.327393 0.549561 3 4 0.450593 5 0.430830 32 0.118577
 47 -4.095776 4.110251 12.255846 -0.692687 0.680802 0.238102 0.326172 0.530273 3 4 0.480315 5 0.259843 32 0.259843
mnt_body_m.png
 47 -4.095776 4.110251 12.255846 -0.692687 0.680802 0.238102 0.326172 0.530273 3 4 0.480315 5 0.259843 32 0.259843
 47 -3.798052 3.829532 13.327734 -0.646494 0.642818 0.410890 0.327393 0.549561 3 4 0.450593 5 0.430830 32 0.118577
 47 -2.209926 5.357378 12.259039 -0.378054 0.907298 0.184080 0.346924 0.532715 3 4 0.480315 5 0.259843 32 0.259843
mnt_body_m.png
 47 -2.209926 5.357378 12.259039 -0.378054 0.907298 0.184080 0.346924 0.532715 3 4 0.480315 5 0.259843 32 0.259843
 47 -3.798052 3.829532 13.327734 -0.646494 0.642818 0.410890 0.327393 0.549561 3 4 0.450593 5 0.430830 32 0.118577
 47 -2.049286 4.999841 13.325106 -0.357029 0.847345 0.393111 0.346436 0.554443 3 4 0.450593 5 0.430830 32 0.118577
mnt_body_m.png
 47 -3.798052 3.829532 13.327734 -0.646494 0.642818 0.410890 0.327393 0.549561 3 4 0.450593 5 0.430830 32 0.118577
 47 -3.385271 3.481080 14.337509 -0.623454 0.621518 0.474363 0.323242 0.586914 2 4 0.350394 5 0.649606
 47 -2.049286 4.999841 13.325106 -0.357029 0.847345 0.393111 0.346436 0.554443 3 4 0.450593 5 0.430830 32 0.118577
mnt_body_m.png
 47 -2.049286 4.999841 13.325106 -0.357029 0.847345 0.393111 0.346436 0.554443 3 4 0.450593 5 0.430830 32 0.118577
 47 -3.385271 3.481080 14.337509 -0.623454 0.621518 0.474363 0.323242 0.586914 2 4 0.350394 5 0.649606
 47 -1.826577 4.559203 14.326021 -0.348899 0.818913 0.455687 0.339111 0.593994 2 4 0.350394 5 0.649606
mnt_body_m.png
 47 -3.385271 3.481080 14.337509 -0.623454 0.621518 0.474363 0.323242 0.586914 2 4 0.350394 5 0.649606
 47 -2.961819 3.122140 15.325949 -0.624995 0.622716 0.470750 0.318115 0.610107 3 4 0.169960 5 0.581028 6 0.249012
 47 -1.826577 4.559203 14.326021 -0.348899 0.818913 0.455687 0.339111 0.593994 2 4 0.350394 5 0.649606
mnt_body_m.png
 47 -1.826577 4.559203 14.326021 -0.348899 0.818913 0.455687 0.339111 0.593994 2 4 0.350394 5 0.649606
 47 -2.961819 3.122140 15.325949 -0.624995 0.622716 0.470750 0.318115 0.610107 3 4 0.169960 5 0.581028 6 0.249012
 47 -1.598091 4.082221 15.319251 -0.351990 0.816190 0.458188 0.332275 0.619141 3 4 0.169960 5 0.581028 6 0.249012
mnt_body_m.png
 47 -1.598091 4.082221 15.319251 -0.351990 0.816190 0.458188 0.332275 0.619141 3 4 0.169960 5 0.581028 6 0.249012
 47 -2.961819 3.122140 15.325949 -0.624995 0.622716 0.470750 0.318115 0.610107 3 4 0.169960 5 0.581028 6 0.249012
 47 -1.405981 3.614657 16.332027 -0.354989 0.821461 0.446300 0.325195 0.644287 3 4 0.007874 5 0.511811 6 0.480315
mnt_body_m.png
 47 -2.961819 3.122140 15.325949 -0.624995 0.622716 0.470750 0.318115 0.610107 3 4 0.169960 5 0.581028 6 0.249012
 47 -2.605785 2.777420 16.333075 -0.649722 0.623316 0.435129 0.312744 0.633301 4 4 0.007905 5 0.474308 6 0.438735 21 0.079051
 47 -1.405981 3.614657 16.332027 -0.354989 0.821461 0.446300 0.325195 0.644287 3 4 0.007874 5 0.511811 6 0.480315
mnt_body_m.png
 47 -1.405981 3.614657 16.332027 -0.354989 0.821461 0.446300 0.325195 0.644287 3 4 0.007874 5 0.511811 6 0.480315
 47 -2.605785 2.777420 16.333075 -0.649722 0.623316 0.435129 0.312744 0.633301 4 4 0.007905 5 0.474308 6 0.438735 21 0.079051
 47 -1.237199 3.132877 17.354130 -0.346733 0.811314 0.470686 0.318115 0.664795 2 5 0.279528 6 0.720472
mnt_body_m.png
 47 -2.605785 2.777420 16.333075 -0.649722 0.623316 0.435129 0.312744 0.633301 4 4 0.007905 5 0.474308 6 0.438735 21 0.079051
 47 -2.292972 2.408052 17.355288 -0.641571 0.623252 0.447152 0.307617 0.653809 3 5 0.268775 6 0.683794 21 0.047431
 47 -1.237199 3.132877 17.354130 -0.346733 0.811314 0.470686 0.318115 0.664795 2 5 0.279528 6 0.720472
mnt_body_m.png
 47 -1.237199 3.132877 17.354130 -0.346733 0.811314 0.470686 0.318115 0.664795 2 5 0.279528 6 0.720472
 47 -2.292972 2.408052 17.355288 -0.641571 0.623252 0.447152 0.307617 0.653809 3 5 0.268775 6 0.683794 21 0.047431
 47 -1.058320 2.584368 18.353741 -0.317820 0.764032 0.561467 0.310791 0.685303 1 6 1.000000
mnt_body_m.png
 47 -2.292972 2.408052 17.355288 -0.641571 0.623252 0.447152 0.307617 0.653809 3 5 0.268775 6 0.683794 21 0.047431
 47 -1.961447 1.987172 18.354692 -0.596406 0.596799 0.536778 0.302490 0.674072 2 6 0.972441 21 0.027559
 47 -1.058320 2.584368 18.353741 -0.317820 0.764032 0.561467 0.310791 0.685303 1 6 1.000000
mnt_body_m.png
 47 -1.058320 2.584368 18.353741 -0.317820 0.764032 0.561467 0.310791 0.685303 1 6 1.000000
 47 -1.961447 1.987172 18.354692 -0.596406 0.596799 0.536778 0.302490 0.674072 2 6 0.972441 21 0.027559
 47 -0.817403 1.887540 19.256624 -0.247856 0.625239 0.740029 0.302002 0.703613 1 6 1.000000
mnt_body_m.png
 47 -1.961447 1.987172 18.354692 -0.596406 0.596799 0.536778 0.302490 0.674072 2 6 0.972441 21 0.027559
 47 -1.514943 1.452348 19.257315 -0.475946 0.496813 0.725708 0.295410 0.693115 1 6 1.000000
 47 -0.817403 1.887540 19.256624 -0.247856 0.625239 0.740029 0.302002 0.703613 1 6 1.000000
mnt_body_m.png
 47 -0.817403 1.887540 19.256624 -0.247856 0.625239 0.740029 0.302002 0.703613 1 6 1.000000
 47 -1.514943 1.452348 19.257315 -0.475946 0.496813 0.725708 0.295410 0.693115 1 6 1.000000
 47 -0.845071 0.761778 19.867268 -0.258596 0.293431 0.920340 0.289063 0.708008 1 6 1.000000
mnt_body_m.png
 47 -1.514943 1.452348 19.257315 -0.475946 0.496813 0.725708 0.295410 0.693115 1 6 1.000000
 47 -1.981128 0.793919 19.258364 -0.638204 0.279749 0.717242 0.288330 0.688477 1 6 1.000000
 47 -0.845071 0.761778 19.867268 -0.258596 0.293431 0.920340 0.289063 0.708008 1 6 1.000000
mnt_body_m.png
 47 -1.981128 0.793919 19.258364 -0.638204 0.279749 0.717242 0.288330 0.688477 1 6 1.000000
 47 -1.198879 0.016051 19.868456 -0.411064 0.000143 0.911606 0.278320 0.704102 1 6 1.000000
 47 -0.845071 0.761778 19.867268 -0.258596 0.293431 0.920340 0.289063 0.708008 1 6 1.000000
mnt_body_m.png
 47 -0.845071 0.761778 19.867268 -0.258596 0.293431 0.920340 0.289063 0.708008 1 6 1.000000
 47 -1.198879 0.016051 19.868456 -0.411064 0.000143 0.911606 0.278320 0.704102 1 6 1.000000
 47 -0.684444 0.019804 20.009825 -0.165675 0.001776 0.986179 0.279541 0.717041 1 6 1.000000
mnt_body_m.png
 47 -0.684444 0.019804 20.009825 -0.165675 0.001776 0.986179 0.279541 0.717041 1 6 1.000000
 47 -1.198879 0.016051 19.868456 -0.411064 0.000143 0.911606 0.278320 0.704102 1 6 1.000000
 47 -0.845350 -0.722619 19.869633 -0.258502 -0.296586 0.919355 0.270020 0.711182 1 6 1.000000
mnt_body_m.png
 47 -1.198879 0.016051 19.868456 -0.411064 0.000143 0.911606 0.278320 0.704102 1 6 1.000000
 47 -1.981993 -0.746301 19.260817 -0.637810 -0.281130 0.717053 0.272705 0.688721 1 6 1.000000
 47 -0.845350 -0.722619 19.869633 -0.258502 -0.296586 0.919355 0.270020 0.711182 1 6 1.000000
mnt_body_m.png
 47 -1.981993 -0.746301 19.260817 -0.637810 -0.281130 0.717053 0.272705 0.688721 1 6 1.000000
 47 -1.515443 -1.390659 19.261847 -0.472663 -0.501114 0.724896 0.263916 0.693604 1 6 1.000000
 47 -0.845350 -0.722619 19.869633 -0.258502 -0.296586 0.919355 0.270020 0.711182 1 6 1.000000
mnt_body_m.png
 47 -0.845350 -0.722619 19.869633 -0.258502 -0.296586 0.919355 0.270020 0.711182 1 6 1.000000
 47 -1.515443 -1.390659 19.261847 -0.472663 -0.501114 0.724896 0.263916 0.693604 1 6 1.000000
 47 -0.817492 -1.814902 19.262524 -0.245303 -0.627556 0.738918 0.258789 0.705322 1 6 1.000000
mnt_body_m.png
 47 -1.515443 -1.390659 19.261847 -0.472663 -0.501114 0.724896 0.263916 0.693604 1 6 1.000000
 47 -1.962097 -1.930267 18.360937 -0.589232 -0.592961 0.548820 0.256836 0.673096 1 6 1.000000
 47 -0.817492 -1.814902 19.262524 -0.245303 -0.627556 0.738918 0.258789 0.705322 1 6 1.000000
mnt_body_m.png
 47 -0.817492 -1.814902 19.262524 -0.245303 -0.627556 0.738918 0.258789 0.705322 1 6 1.000000
 47 -1.962097 -1.930267 18.360937 -0.589232 -0.592961 0.548820 0.256836 0.673096 1 6 1.000000
 47 -1.058435 -2.517307 18.361872 -0.311532 -0.752341 0.580458 0.250000 0.682861 1 6 1.000000
mnt_body_m.png
 47 -1.962097 -1.930267 18.360937 -0.589232 -0.592961 0.548820 0.256836 0.673096 1 6 1.000000
 47 -2.293732 -2.397357 17.362947 -0.633514 -0.610024 0.475952 0.251221 0.653809 2 5 0.248031 6 0.751969
 47 -1.058435 -2.517307 18.361872 -0.311532 -0.752341 0.580458 0.250000 0.682861 1 6 1.000000
mnt_body_m.png
 47 -1.058435 -2.517307 18.361872 -0.311532 -0.752341 0.580458 0.250000 0.682861 1 6 1.000000
 47 -2.293732 -2.397357 17.362947 -0.633514 -0.610024 0.475952 0.251221 0.653809 2 5 0.248031 6 0.751969
 47 -1.237335 -3.125212 17.364101 -0.341597 -0.786685 0.514235 0.242920 0.660645 2 5 0.047244 6 0.952756
mnt_body_m.png
 47 -2.293732 -2.397357 17.362947 -0.633514 -0.610024 0.475952 0.251221 0.653809 2 5 0.248031 6 0.751969
 47 -2.606646 -2.837711 16.339935 -0.643547 -0.604520 0.469471 0.245605 0.634521 3 4 0.003953 5 0.581027 6 0.415020
 47 -1.237335 -3.125212 17.364101 -0.341597 -0.786685 0.514235 0.242920 0.660645 2 5 0.047244 6 0.952756
mnt_body_m.png
 47 -1.237335 -3.125212 17.364101 -0.341597 -0.786685 0.514235 0.242920 0.660645 2 5 0.047244 6 0.952756
 47 -2.606646 -2.837711 16.339935 -0.643547 -0.604520 0.469471 0.245605 0.634521 3 4 0.003953 5 0.581027 6 0.415020
 47 -1.406133 -3.698007 16.340992 -0.353285 -0.793414 0.495665 0.233154 0.641846 3 4 0.015748 5 0.531496 6 0.452756
mnt_body_m.png
 47 -2.606646 -2.837711 16.339935 -0.643547 -0.604520 0.469471 0.245605 0.634521 3 4 0.003953 5 0.581027 6 0.415020
 47 -2.962798 -3.262137 15.319799 -0.636495 -0.598034 0.487063 0.241333 0.611816 3 4 0.110672 5 0.664032 6 0.225296
 47 -1.406133 -3.698007 16.340992 -0.353285 -0.793414 0.495665 0.233154 0.641846 3 4 0.015748 5 0.531496 6 0.452756
mnt_body_m.png
 47 -1.406133 -3.698007 16.340992 -0.353285 -0.793414 0.495665 0.233154 0.641846 3 4 0.015748 5 0.531496 6 0.452756
 47 -2.962798 -3.262137 15.319799 -0.636495 -0.598034 0.487063 0.241333 0.611816 3 4 0.110672 5 0.664032 6 0.225296
 47 -1.598264 -4.234074 15.325876 -0.352012 -0.801052 0.484152 0.232178 0.622314 3 4 0.110672 5 0.664032 6 0.225296
mnt_body_m.png
 47 -1.598264 -4.234074 15.325876 -0.352012 -0.801052 0.484152 0.232178 0.622314 3 4 0.110672 5 0.664032 6 0.225296
 47 -2.962798 -3.262137 15.319799 -0.636495 -0.598034 0.487063 0.241333 0.611816 3 4 0.110672 5 0.664032 6 0.225296
 47 -3.386385 -3.651906 14.317593 -0.635193 -0.608338 0.475873 0.236938 0.589355 2 4 0.350394 5 0.649606
mnt_body_m.png
 47 -2.962798 -3.262137 15.319799 -0.636495 -0.598034 0.487063 0.241333 0.611816 3 4 0.110672 5 0.664032 6 0.225296
 47 -3.874924 -1.782448 15.318824 -0.794971 -0.401261 0.454985 0.254395 0.605713 4 4 0.079051 5 0.592886 6 0.158103 21 0.169960
 47 -3.386385 -3.651906 14.317593 -0.635193 -0.608338 0.475873 0.236938 0.589355 2 4 0.350394 5 0.649606
mnt_body_m.png
 47 -3.874924 -1.782448 15.318824 -0.794971 -0.401261 0.454985 0.254395 0.605713 4 4 0.079051 5 0.592886 6 0.158103 21 0.169960
 47 -4.428932 -1.988695 14.322205 -0.808893 -0.333237 0.484401 0.254639 0.582275 2 4 0.350394 5 0.649606
 47 -3.386385 -3.651906 14.317593 -0.635193 -0.608338 0.475873 0.236938 0.589355 2 4 0.350394 5 0.649606
mnt_body_m.png
 47 -3.386385 -3.651906 14.317593 -0.635193 -0.608338 0.475873 0.236938 0.589355 2 4 0.350394 5 0.649606
 47 -4.428932 -1.988695 14.322205 -0.808893 -0.333237 0.484401 0.254639 0.582275 2 4 0.350394 5 0.649606
 47 -3.799299 -3.979606 13.302601 -0.657991 -0.641184 0.394880 0.231323 0.552490 3 4 0.450593 5 0.430830 32 0.118577
mnt_body_m.png
 47 -3.799299 -3.979606 13.302601 -0.657991 -0.641184 0.394880 0.231323 0.552490 3 4 0.450593 5 0.430830 32 0.118577
 47 -4.428932 -1.988695 14.322205 -0.808893 -0.333237 0.484401 0.254639 0.582275 2 4 0.350394 5 0.649606
 47 -4.968968 -2.163270 13.308985 -0.842085 -0.337146 0.420981 0.254639 0.550781 3 4 0.450593 5 0.430830 32 0.118577
mnt_body_m.png
 47 -4.968968 -2.163270 13.308985 -0.842085 -0.337146 0.420981 0.254639 0.550781 3 4 0.450593 5 0.430830 32 0.118577
 47 -4.428932 -1.988695 14.322205 -0.808893 -0.333237 0.484401 0.254639 0.582275 2 4 0.350394 5 0.649606
 47 -5.366287 0.080394 13.315483 -0.899032 0.011967 0.437720 0.277832 0.549316 3 4 0.450593 5 0.430830 32 0.118577
mnt_body_m.png
 47 -4.428932 -1.988695 14.322205 -0.808893 -0.333237 0.484401 0.254639 0.582275 2 4 0.350394 5 0.649606
 47 -4.773742 0.163435 14.326147 -0.915336 0.013934 0.402449 0.278809 0.579346 2 4 0.350394 5 0.649606
 47 -5.366287 0.080394 13.315483 -0.899032 0.011967 0.437720 0.277832 0.549316 3 4 0.450593 5 0.430830 32 0.118577
mnt_body_m.png
 47 -4.773742 0.163435 14.326147 -0.915336 0.013934 0.402449 0.278809 0.579346 2 4 0.350394 5 0.649606
 47 -4.455453 1.867571 14.332840 -0.819967 0.358411 0.446314 0.305176 0.579590 2 4 0.350394 5 0.649606
 47 -5.366287 0.080394 13.315483 -0.899032 0.011967 0.437720 0.277832 0.549316 3 4 0.450593 5 0.430830 32 0.118577
mnt_body_m.png
 47 -5.366287 0.080394 13.315483 -0.899032 0.011967 0.437720 0.277832 0.549316 3 4 0.450593 5 0.430830 32 0.118577
 47 -4.455453 1.867571 14.332840 -0.819967 0.358411 0.446314 0.305176 0.579590 2 4 0.350394 5 0.649606
 47 -4.966803 2.067322 13.321506 -0.839620 0.346106 0.418628 0.302734 0.549316 3 4 0.450593 5 0.430830 32 0.118577
mnt_body_m.png
 47 -4.966803 2.067322 13.321506 -0.839620 0.346106 0.418628 0.302734 0.549316 3 4 0.450593 5 0.430830 32 0.118577
 47 -4.455453 1.867571 14.332840 -0.819967 0.358411 0.446314 0.305176 0.579590 2 4 0.350394 5 0.649606
 47 -3.798052 3.829532 13.327734 -0.646494 0.642818 0.410890 0.327393 0.549561 3 4 0.450593 5 0.430830 32 0.118577
mnt_body_m.png
 47 -3.798052 3.829532 13.327734 -0.646494 0.642818 0.410890 0.327393 0.549561 3 4 0.450593 5 0.430830 32 0.118577
 47 -4.455453 1.867571 14.332840 -0.819967 0.358411 0.446314 0.305176 0.579590 2 4 0.350394 5 0.649606
 47 -3.385271 3.481080 14.337509 -0.623454 0.621518 0.474363 0.323242 0.586914 2 4 0.350394 5 0.649606
mnt_body_m.png
 47 -4.455453 1.867571 14.332840 -0.819967 0.358411 0.446314 0.305176 0.579590 2 4 0.350394 5 0.649606
 47 -3.975573 1.679291 15.326699 -0.749884 0.467823 0.467777 0.300049 0.602539 3 4 0.169960 5 0.581028 6 0.249012
 47 -3.385271 3.481080 14.337509 -0.623454 0.621518 0.474363 0.323242 0.586914 2 4 0.350394 5 0.649606
mnt_body_m.png
 47 -3.385271 3.481080 14.337509 -0.623454 0.621518 0.474363 0.323242 0.586914 2 4 0.350394 5 0.649606
 47 -3.975573 1.679291 15.326699 -0.749884 0.467823 0.467777 0.300049 0.602539 3 4 0.169960 5 0.581028 6 0.249012
 47 -2.961819 3.122140 15.325949 -0.624995 0.622716 0.470750 0.318115 0.610107 3 4 0.169960 5 0.581028 6 0.249012
mnt_body_m.png
 47 -3.975573 1.679291 15.326699 -0.749884 0.467823 0.467777 0.300049 0.602539 3 4 0.169960 5 0.581028 6 0.249012
 47 -3.412335 1.489102 16.338394 -0.758973 0.430182 0.488778 0.295166 0.625488 4 4 0.011905 5 0.392857 6 0.222222 21 0.373016
 47 -2.961819 3.122140 15.325949 -0.624995 0.622716 0.470750 0.318115 0.610107 3 4 0.169960 5 0.581028 6 0.249012
mnt_body_m.png
 47 -2.961819 3.122140 15.325949 -0.624995 0.622716 0.470750 0.318115 0.610107 3 4 0.169960 5 0.581028 6 0.249012
 47 -3.412335 1.489102 16.338394 -0.758973 0.430182 0.488778 0.295166 0.625488 4 4 0.011905 5 0.392857 6 0.222222 21 0.373016
 47 -2.605785 2.777420 16.333075 -0.649722 0.623316 0.435129 0.312744 0.633301 4 4 0.007905 5 0.474308 6 0.438735 21 0.079051
mnt_body_m.png
 47 -2.605785 2.777420 16.333075 -0.649722 0.623316 0.435129 0.312744 0.633301 4 4 0.007905 5 0.474308 6 0.438735 21 0.079051
 47 -3.412335 1.489102 16.338394 -0.758973 0.430182 0.488778 0.295166 0.625488 4 4 0.011905 5 0.392857 6 0.222222 21 0.373016
 47 -2.292972 2.408052 17.355288 -0.641571 0.623252 0.447152 0.307617 0.653809 3 5 0.268775 6 0.683794 21 0.047431
mnt_body_m.png
 47 -3.412335 1.489102 16.338394 -0.758973 0.430182 0.488778 0.295166 0.625488 4 4 0.011905 5 0.392857 6 0.222222 21 0.373016
 47 -2.998574 1.309750 17.357107 -0.840027 0.340919 0.422054 0.294678 0.647705 3 5 0.260870 6 0.573122 21 0.166008
 47 -2.292972 2.408052 17.355288 -0.641571 0.623252 0.447152 0.307617 0.653809 3 5 0.268775 6 0.683794 21 0.047431
mnt_body_m.png
 47 -2.292972 2.408052 17.355288 -0.641571 0.623252 0.447152 0.307617 0.653809 3 5 0.268775 6 0.683794 21 0.047431
 47 -2.998574 1.309750 17.357107 -0.840027 0.340919 0.422054 0.294678 0.647705 3 5 0.260870 6 0.573122 21 0.166008
 47 -1.961447 1.987172 18.354692 -0.596406 0.596799 0.536778 0.302490 0.674072 2 6 0.972441 21 0.027559
mnt_body_m.png
 47 -2.998574 1.309750 17.357107 -0.840027 0.340919 0.422054 0.294678 0.647705 3 5 0.260870 6 0.573122 21 0.166008
 47 -2.565032 1.083273 18.356136 -0.793699 0.331679 0.509933 0.291748 0.668213 2 6 0.972441 21 0.027559
 47 -1.961447 1.987172 18.354692 -0.596406 0.596799 0.536778 0.302490 0.674072 2 6 0.972441 21 0.027559
mnt_body_m.png
 47 -1.961447 1.987172 18.354692 -0.596406 0.596799 0.536778 0.302490 0.674072 2 6 0.972441 21 0.027559
 47 -2.565032 1.083273 18.356136 -0.793699 0.331679 0.509933 0.291748 0.668213 2 6 0.972441 21 0.027559
 47 -1.514943 1.452348 19.257315 -0.475946 0.496813 0.725708 0.295410 0.693115 1 6 1.000000
mnt_body_m.png
 47 -1.514943 1.452348 19.257315 -0.475946 0.496813 0.725708 0.295410 0.693115 1 6 1.000000
 47 -2.565032 1.083273 18.356136 -0.793699 0.331679 0.509933 0.291748 0.668213 2 6 0.972441 21 0.027559
 47 -1.981128 0.793919 19.258364 -0.638204 0.279749 0.717242 0.288330 0.688477 1 6 1.000000
mnt_body_m.png
 47 -2.565032 1.083273 18.356136 -0.793699 0.331679 0.509933 0.291748 0.668213 2 6 0.972441 21 0.027559
 47 -2.782646 0.019069 18.357830 -0.866386 0.001181 0.499374 0.280762 0.662598 2 6 0.972441 21 0.027559
 47 -1.981128 0.793919 19.258364 -0.638204 0.279749 0.717242 0.288330 0.688477 1 6 1.000000
mnt_body_m.png
 47 -2.782646 0.019069 18.357830 -0.866386 0.001181 0.499374 0.280762 0.662598 2 6 0.972441 21 0.027559
 47 -2.149205 0.020296 19.259598 -0.705102 0.000953 0.709105 0.281250 0.683838 1 6 1.000000
 47 -1.981128 0.793919 19.258364 -0.638204 0.279749 0.717242 0.288330 0.688477 1 6 1.000000
mnt_body_m.png
 47 -1.981128 0.793919 19.258364 -0.638204 0.279749 0.717242 0.288330 0.688477 1 6 1.000000
 47 -2.149205 0.020296 19.259598 -0.705102 0.000953 0.709105 0.281250 0.683838 1 6 1.000000
 47 -1.198879 0.016051 19.868456 -0.411064 0.000143 0.911606 0.278320 0.704102 1 6 1.000000
mnt_body_m.png
 47 -1.198879 0.016051 19.868456 -0.411064 0.000143 0.911606 0.278320 0.704102 1 6 1.000000
 47 -2.149205 0.020296 19.259598 -0.705102 0.000953 0.709105 0.281250 0.683838 1 6 1.000000
 47 -1.981993 -0.746301 19.260817 -0.637810 -0.281130 0.717053 0.272705 0.688721 1 6 1.000000
mnt_body_m.png
 47 -2.149205 0.020296 19.259598 -0.705102 0.000953 0.709105 0.281250 0.683838 1 6 1.000000
 47 -2.782646 0.019069 18.357830 -0.866386 0.001181 0.499374 0.280762 0.662598 2 6 0.972441 21 0.027559
 47 -1.981993 -0.746301 19.260817 -0.637810 -0.281130 0.717053 0.272705 0.688721 1 6 1.000000
mnt_body_m.png
 47 -2.782646 0.019069 18.357830 -0.866386 0.001181 0.499374 0.280762 0.662598 2 6 0.972441 21 0.027559
 47 -2.566153 -1.039021 18.359514 -0.791055 -0.330745 0.514626 0.268799 0.667725 1 6 1.000000
 47 -1.981993 -0.746301 19.260817 -0.637810 -0.281130 0.717053 0.272705 0.688721 1 6 1.000000
mnt_body_m.png
 47 -1.981993 -0.746301 19.260817 -0.637810 -0.281130 0.717053 0.272705 0.688721 1 6 1.000000
 47 -2.566153 -1.039021 18.359514 -0.791055 -0.330745 0.514626 0.268799 0.667725 1 6 1.000000
 47 -1.515443 -1.390659 19.261847 -0.472663 -0.501114 0.724896 0.263916 0.693604 1 6 1.000000
mnt_body_m.png
 47 -1.515443 -1.390659 19.261847 -0.472663 -0.501114 0.724896 0.263916 0.693604 1 6 1.000000
 47 -2.566153 -1.039021 18.359514 -0.791055 -0.330745 0.514626 0.268799 0.667725 1 6 1.000000
 47 -1.962097 -1.930267 18.360937 -0.589232 -0.592961 0.548820 0.256836 0.673096 1 6 1.000000
mnt_body_m.png
 47 -2.566153 -1.039021 18.359514 -0.791055 -0.330745 0.514626 0.268799 0.667725 1 6 1.000000
 47 -2.999885 -1.293586 17.361120 -0.836257 -0.334838 0.434233 0.262939 0.648193 3 5 0.280632 6 0.624506 21 0.094862
 47 -1.962097 -1.930267 18.360937 -0.589232 -0.592961 0.548820 0.256836 0.673096 1 6 1.000000
mnt_body_m.png
 47 -1.962097 -1.930267 18.360937 -0.589232 -0.592961 0.548820 0.256836 0.673096 1 6 1.000000
 47 -2.999885 -1.293586 17.361120 -0.836257 -0.334838 0.434233 0.262939 0.648193 3 5 0.280632 6 0.624506 21 0.094862
 47 -2.293732 -2.397357 17.362947 -0.633514 -0.610024 0.475952 0.251221 0.653809 2 5 0.248031 6 0.751969
mnt_body_m.png
 47 -2.999885 -1.293586 17.361120 -0.836257 -0.334838 0.434233 0.262939 0.648193 3 5 0.280632 6 0.624506 21 0.094862
 47 -3.409123 -1.544035 16.336594 -0.777114 -0.410085 0.477414 0.263184 0.625732 4 4 0.007905 5 0.501976 6 0.320158 21 0.169960
 47 -2.293732 -2.397357 17.362947 -0.633514 -0.610024 0.475952 0.251221 0.653809 2 5 0.248031 6 0.751969
mnt_body_m.png
 47 -2.293732 -2.397357 17.362947 -0.633514 -0.610024 0.475952 0.251221 0.653809 2 5 0.248031 6 0.751969
 47 -3.409123 -1.544035 16.336594 -0.777114 -0.410085 0.477414 0.263184 0.625732 4 4 0.007905 5 0.501976 6 0.320158 21 0.169960
 47 -2.606646 -2.837711 16.339935 -0.643547 -0.604520 0.469471 0.245605 0.634521 3 4 0.003953 5 0.581027 6 0.415020
mnt_body_m.png
 47 -3.409123 -1.544035 16.336594 -0.777114 -0.410085 0.477414 0.263184 0.625732 4 4 0.007905 5 0.501976 6 0.320158 21 0.169960
 47 -3.874924 -1.782448 15.318824 -0.794971 -0.401261 0.454985 0.254395 0.605713 4 4 0.079051 5 0.592886 6 0.158103 21 0.169960
 47 -2.606646 -2.837711 16.339935 -0.643547 -0.604520 0.469471 0.245605 0.634521 3 4 0.003953 5 0.581027 6 0.415020
mnt_body_m.png
 47 -2.606646 -2.837711 16.339935 -0.643547 -0.604520 0.469471 0.245605 0.634521 3 4 0.003953 5 0.581027 6 0.415020
 47 -3.874924 -1.782448 15.318824 -0.794971 -0.401261 0.454985 0.254395 0.605713 4 4 0.079051 5 0.592886 6 0.158103 21 0.169960
 47 -2.962798 -3.262137 15.319799 -0.636495 -0.598034 0.487063 0.241333 0.611816 3 4 0.110672 5 0.664032 6 0.225296
mnt_body_m.png
 47 -3.409123 -1.544035 16.336594 -0.777114 -0.410085 0.477414 0.263184 0.625732 4 4 0.007905 5 0.501976 6 0.320158 21 0.169960
 47 -4.046211 -0.982530 15.805143 -0.616564 -0.700779 0.358827 0.266602 0.610840 4 5 0.403162 6 0.007905 21 0.300395 22 0.288538
 47 -3.874924 -1.782448 15.318824 -0.794971 -0.401261 0.454985 0.254395 0.605713 4 4 0.079051 5 0.592886 6 0.158103 21 0.169960
mnt_body_m.png
 47 -4.046211 -0.982530 15.805143 -0.616564 -0.700779 0.358827 0.266602 0.610840 4 5 0.403162 6 0.007905 21 0.300395 22 0.288538
 47 -4.204377 -1.111139 15.082657 -0.838159 -0.354435 0.414567 0.261719 0.592041 3 4 0.047431 5 0.853755 21 0.098814
 47 -3.874924 -1.782448 15.318824 -0.794971 -0.401261 0.454985 0.254395 0.605713 4 4 0.079051 5 0.592886 6 0.158103 21 0.169960
mnt_body_m.png
 47 -3.874924 -1.782448 15.318824 -0.794971 -0.401261 0.454985 0.254395 0.605713 4 4 0.079051 5 0.592886 6 0.158103 21 0.169960
 47 -4.204377 -1.111139 15.082657 -0.838159 -0.354435 0.414567 0.261719 0.592041 3 4 0.047431 5 0.853755 21 0.098814
 47 -4.428932 -1.988695 14.322205 -0.808893 -0.333237 0.484401 0.254639 0.582275 2 4 0.350394 5 0.649606
mnt_body_m.png
 47 -4.204377 -1.111139 15.082657 -0.838159 -0.354435 0.414567 0.261719 0.592041 3 4 0.047431 5 0.853755 21 0.098814
 47 -4.508789 -0.649148 14.934838 -0.879526 -0.472142 -0.059293 0.271240 0.592529 3 5 0.700788 21 0.200787 22 0.098425
 47 -4.428932 -1.988695 14.322205 -0.808893 -0.333237 0.484401 0.254639 0.582275 2 4 0.350394 5 0.649606
mnt_body_m.png
 47 -4.428932 -1.988695 14.322205 -0.808893 -0.333237 0.484401 0.254639 0.582275 2 4 0.350394 5 0.649606
 47 -4.508789 -0.649148 14.934838 -0.879526 -0.472142 -0.059293 0.271240 0.592529 3 5 0.700788 21 0.200787 22 0.098425
 47 -4.773742 0.163435 14.326147 -0.915336 0.013934 0.402449 0.278809 0.579346 2 4 0.350394 5 0.649606
mnt_body_m.png
 47 -4.508789 -0.649148 14.934838 -0.879526 -0.472142 -0.059293 0.271240 0.592529 3 5 0.700788 21 0.200787 22 0.098425
 47 -4.562448 0.690400 14.946227 -0.894672 0.428268 -0.127075 0.286865 0.592041 3 5 0.700788 21 0.200787 22 0.098425
 47 -4.773742 0.163435 14.326147 -0.915336 0.013934 0.402449 0.278809 0.579346 2 4 0.350394 5 0.649606
mnt_body_m.png
 47 -4.562448 0.690400 14.946227 -0.894672 0.428268 -0.127075 0.286865 0.592041 3 5 0.700788 21 0.200787 22 0.098425
 47 -4.365864 1.272484 15.016777 -0.875942 0.309520 0.370031 0.297119 0.590088 3 4 0.118110 5 0.677166 21 0.204724
 47 -4.773742 0.163435 14.326147 -0.915336 0.013934 0.402449 0.278809 0.579346 2 4 0.350394 5 0.649606
mnt_body_m.png
 47 -4.773742 0.163435 14.326147 -0.915336 0.013934 0.402449 0.278809 0.579346 2 4 0.350394 5 0.649606
 47 -4.365864 1.272484 15.016777 -0.875942 0.309520 0.370031 0.297119 0.590088 3 4 0.118110 5 0.677166 21 0.204724
 47 -4.455453 1.867571 14.332840 -0.819967 0.358411 0.446314 0.305176 0.579590 2 4 0.350394 5 0.649606
mnt_body_m.png
 47 -4.455453 1.867571 14.332840 -0.819967 0.358411 0.446314 0.305176 0.579590 2 4 0.350394 5 0.649606
 47 -4.365864 1.272484 15.016777 -0.875942 0.309520 0.370031 0.297119 0.590088 3 4 0.118110 5 0.677166 21 0.204724
 47 -3.975573 1.679291 15.326699 -0.749884 0.467823 0.467777 0.300049 0.602539 3 4 0.169960 5 0.581028 6 0.249012
mnt_body_m.png
 47 -4.365864 1.272484 15.016777 -0.875942 0.309520 0.370031 0.297119 0.590088 3 4 0.118110 5 0.677166 21 0.204724
 47 -4.069107 1.016043 15.821457 -0.578969 0.701867 0.414942 0.291748 0.609375 3 5 0.401575 21 0.299213 22 0.299213
 47 -3.975573 1.679291 15.326699 -0.749884 0.467823 0.467777 0.300049 0.602539 3 4 0.169960 5 0.581028 6 0.249012
mnt_body_m.png
 47 -3.975573 1.679291 15.326699 -0.749884 0.467823 0.467777 0.300049 0.602539 3 4 0.169960 5 0.581028 6 0.249012
 47 -4.069107 1.016043 15.821457 -0.578969 0.701867 0.414942 0.291748 0.609375 3 5 0.401575 21 0.299213 22 0.299213
 47 -3.412335 1.489102 16.338394 -0.758973 0.430182 0.488778 0.295166 0.625488 4 4 0.011905 5 0.392857 6 0.222222 21 0.373016
mnt_body_m.png
 47 -4.069107 1.016043 15.821457 -0.578969 0.701867 0.414942 0.291748 0.609375 3 5 0.401575 21 0.299213 22 0.299213
 47 -3.808182 0.586234 16.544807 -0.362286 0.442547 0.820305 0.285400 0.620850 4 5 0.200787 6 0.098425 21 0.602363 22 0.098425
 47 -3.412335 1.489102 16.338394 -0.758973 0.430182 0.488778 0.295166 0.625488 4 4 0.011905 5 0.392857 6 0.222222 21 0.373016
mnt_body_m.png
 47 -3.808182 0.586234 16.544807 -0.362286 0.442547 0.820305 0.285400 0.620850 4 5 0.200787 6 0.098425 21 0.602363 22 0.098425
 47 -3.412428 -0.000686 16.991768 -0.811882 -0.005005 0.583800 0.280762 0.633789 3 5 0.229249 6 0.391304 21 0.379447
 47 -3.412335 1.489102 16.338394 -0.758973 0.430182 0.488778 0.295166 0.625488 4 4 0.011905 5 0.392857 6 0.222222 21 0.373016
mnt_body_m.png
 47 -3.412335 1.489102 16.338394 -0.758973 0.430182 0.488778 0.295166 0.625488 4 4 0.011905 5 0.392857 6 0.222222 21 0.373016
 47 -3.412428 -0.000686 16.991768 -0.811882 -0.005005 0.583800 0.280762 0.633789 3 5 0.229249 6 0.391304 21 0.379447
 47 -2.998574 1.309750 17.357107 -0.840027 0.340919 0.422054 0.294678 0.647705 3 5 0.260870 6 0.573122 21 0.166008
mnt_body_m.png
 47 -3.412428 -0.000686 16.991768 -0.811882 -0.005005 0.583800 0.280762 0.633789 3 5 0.229249 6 0.391304 21 0.379447
 47 -3.252970 0.009715 17.359119 -0.910622 0.002354 0.413233 0.280762 0.648193 3 5 0.259843 6 0.551181 21 0.188976
 47 -2.998574 1.309750 17.357107 -0.840027 0.340919 0.422054 0.294678 0.647705 3 5 0.260870 6 0.573122 21 0.166008
mnt_body_m.png
 47 -2.998574 1.309750 17.357107 -0.840027 0.340919 0.422054 0.294678 0.647705 3 5 0.260870 6 0.573122 21 0.166008
 47 -3.252970 0.009715 17.359119 -0.910622 0.002354 0.413233 0.280762 0.648193 3 5 0.259843 6 0.551181 21 0.188976
 47 -2.565032 1.083273 18.356136 -0.793699 0.331679 0.509933 0.291748 0.668213 2 6 0.972441 21 0.027559
mnt_body_m.png
 47 -2.565032 1.083273 18.356136 -0.793699 0.331679 0.509933 0.291748 0.668213 2 6 0.972441 21 0.027559
 47 -3.252970 0.009715 17.359119 -0.910622 0.002354 0.413233 0.280762 0.648193 3 5 0.259843 6 0.551181 21 0.188976
 47 -2.782646 0.019069 18.357830 -0.866386 0.001181 0.499374 0.280762 0.662598 2 6 0.972441 21 0.027559
mnt_body_m.png
 47 -2.782646 0.019069 18.357830 -0.866386 0.001181 0.499374 0.280762 0.662598 2 6 0.972441 21 0.027559
 47 -3.252970 0.009715 17.359119 -0.910622 0.002354 0.413233 0.280762 0.648193 3 5 0.259843 6 0.551181 21 0.188976
 47 -2.566153 -1.039021 18.359514 -0.791055 -0.330745 0.514626 0.268799 0.667725 1 6 1.000000
mnt_body_m.png
 47 -2.566153 -1.039021 18.359514 -0.791055 -0.330745 0.514626 0.268799 0.667725 1 6 1.000000
 47 -3.252970 0.009715 17.359119 -0.910622 0.002354 0.413233 0.280762 0.648193 3 5 0.259843 6 0.551181 21 0.188976
 47 -2.999885 -1.293586 17.361120 -0.836257 -0.334838 0.434233 0.262939 0.648193 3 5 0.280632 6 0.624506 21 0.094862
mnt_body_m.png
 47 -3.252970 0.009715 17.359119 -0.910622 0.002354 0.413233 0.280762 0.648193 3 5 0.259843 6 0.551181 21 0.188976
 47 -3.412428 -0.000686 16.991768 -0.811882 -0.005005 0.583800 0.280762 0.633789 3 5 0.229249 6 0.391304 21 0.379447
 47 -2.999885 -1.293586 17.361120 -0.836257 -0.334838 0.434233 0.262939 0.648193 3 5 0.280632 6 0.624506 21 0.094862
mnt_body_m.png
 47 -2.999885 -1.293586 17.361120 -0.836257 -0.334838 0.434233 0.262939 0.648193 3 5 0.280632 6 0.624506 21 0.094862
 47 -3.412428 -0.000686 16.991768 -0.811882 -0.005005 0.583800 0.280762 0.633789 3 5 0.229249 6 0.391304 21 0.379447
 47 -3.409123 -1.544035 16.336594 -0.777114 -0.410085 0.477414 0.263184 0.625732 4 4 0.007905 5 0.501976 6 0.320158 21 0.169960
mnt_body_m.png
 47 -3.412428 -0.000686 16.991768 -0.811882 -0.005005 0.583800 0.280762 0.633789 3 5 0.229249 6 0.391304 21 0.379447
 47 -3.781178 -0.575387 16.531376 -0.389350 -0.440827 0.808751 0.273438 0.622314 4 5 0.200787 6 0.098425 21 0.602363 22 0.098425
 47 -3.409123 -1.544035 16.336594 -0.777114 -0.410085 0.477414 0.263184 0.625732 4 4 0.007905 5 0.501976 6 0.320158 21 0.169960
mnt_body_m.png
 47 -3.409123 -1.544035 16.336594 -0.777114 -0.410085 0.477414 0.263184 0.625732 4 4 0.007905 5 0.501976 6 0.320158 21 0.169960
 47 -3.781178 -0.575387 16.531376 -0.389350 -0.440827 0.808751 0.273438 0.622314 4 5 0.200787 6 0.098425 21 0.602363 22 0.098425
 47 -4.046211 -0.982530 15.805143 -0.616564 -0.700779 0.358827 0.266602 0.610840 4 5 0.403162 6 0.007905 21 0.300395 22 0.288538
mnt_body_m.png
 47 -3.781178 -0.575387 16.531376 -0.389350 -0.440827 0.808751 0.273438 0.622314 4 5 0.200787 6 0.098425 21 0.602363 22 0.098425
 47 -3.412428 -0.000686 16.991768 -0.811882 -0.005005 0.583800 0.280762 0.633789 3 5 0.229249 6 0.391304 21 0.379447
 47 -3.795289 0.032125 16.659061 -0.372274 -0.005265 0.928108 0.279297 0.621582 4 5 0.200787 6 0.098425 21 0.602363 22 0.098425
mnt_body_m.png
 47 -3.795289 0.032125 16.659061 -0.372274 -0.005265 0.928108 0.279297 0.621582 4 5 0.200787 6 0.098425 21 0.602363 22 0.098425
 47 -3.412428 -0.000686 16.991768 -0.811882 -0.005005 0.583800 0.280762 0.633789 3 5 0.229249 6 0.391304 21 0.379447
 47 -3.808182 0.586234 16.544807 -0.362286 0.442547 0.820305 0.285400 0.620850 4 5 0.200787 6 0.098425 21 0.602363 22 0.098425
mnt_body_m.png
 47 -4.069107 1.016043 15.821457 -0.578969 0.701867 0.414942 0.291748 0.609375 3 5 0.401575 21 0.299213 22 0.299213
 47 -4.365864 1.272484 15.016777 -0.875942 0.309520 0.370031 0.297119 0.590088 3 4 0.118110 5 0.677166 21 0.204724
 47 -4.562448 0.690400 14.946227 -0.894672 0.428268 -0.127075 0.286865 0.592041 3 5 0.700788 21 0.200787 22 0.098425
mnt_body_m.png
 47 -4.046211 -0.982530 15.805143 -0.616564 -0.700779 0.358827 0.266602 0.610840 4 5 0.403162 6 0.007905 21 0.300395 22 0.288538
 47 -4.508789 -0.649148 14.934838 -0.879526 -0.472142 -0.059293 0.271240 0.592529 3 5 0.700788 21 0.200787 22 0.098425
 47 -4.204377 -1.111139 15.082657 -0.838159 -0.354435 0.414567 0.261719 0.592041 3 4 0.047431 5 0.853755 21 0.098814
mnt_body_m.png
 47 -1.813406 0.267771 3.261865 0.880619 0.090214 0.465158 0.004406 0.510254 2 38 0.500000 39 0.500000
 47 -2.432740 -0.098560 5.131997 0.984955 -0.008491 0.172603 0.004406 0.553955 2 37 0.500000 38 0.500000
 47 -2.489347 -1.573040 3.261864 0.409669 -0.538662 0.736216 0.018936 0.510254 3 38 0.421260 39 0.551181 40 0.027559
mnt_body_m.png
 47 -2.432740 -0.098560 5.131997 0.984955 -0.008491 0.172603 0.004406 0.553955 2 37 0.500000 38 0.500000
 47 -2.723161 -1.543804 4.689169 0.578965 -0.811601 0.078127 0.019577 0.543945 2 37 0.208661 38 0.791339
 47 -2.489347 -1.573040 3.261864 0.409669 -0.538662 0.736216 0.018936 0.510254 3 38 0.421260 39 0.551181 40 0.027559
mnt_body_m.png
 47 -2.489347 -1.573040 3.261864 0.409669 -0.538662 0.736216 0.018936 0.510254 3 38 0.421260 39 0.551181 40 0.027559
 47 -2.723161 -1.543804 4.689169 0.578965 -0.811601 0.078127 0.019577 0.543945 2 37 0.208661 38 0.791339
 47 -4.268200 -1.508433 3.261861 -0.452423 -0.534940 0.713549 0.037201 0.510254 3 38 0.421260 39 0.551181 40 0.027559
mnt_body_m.png
 47 -2.723161 -1.543804 4.689169 0.578965 -0.811601 0.078127 0.019577 0.543945 2 37 0.208661 38 0.791339
 47 -4.034389 -1.455952 4.689166 -0.620260 -0.777245 0.105676 0.036224 0.543945 2 37 0.200000 38 0.800000
 47 -4.268200 -1.508433 3.261861 -0.452423 -0.534940 0.713549 0.037201 0.510254 3 38 0.421260 39 0.551181 40 0.027559
mnt_body_m.png
 47 -4.034389 -1.455952 4.689166 -0.620260 -0.777245 0.105676 0.036224 0.543945 2 37 0.200000 38 0.800000
 47 -4.324806 -0.098554 5.131996 -0.987382 0.002458 0.158337 0.049530 0.554443 2 37 0.500000 38 0.500000
 47 -4.268200 -1.508433 3.261861 -0.452423 -0.534940 0.713549 0.037201 0.510254 3 38 0.421260 39 0.551181 40 0.027559
mnt_body_m.png
 47 -4.268200 -1.508433 3.261861 -0.452423 -0.534940 0.713549 0.037201 0.510254 3 38 0.421260 39 0.551181 40 0.027559
 47 -4.324806 -0.098554 5.131996 -0.987382 0.002458 0.158337 0.049530 0.554443 2 37 0.500000 38 0.500000
 47 -4.944133 0.267781 3.261860 -0.873652 0.079203 0.480062 0.052277 0.510254 2 38 0.500000 39 0.500000
mnt_body_m.png
 47 -4.324806 -0.098554 5.131996 -0.987382 0.002458 0.158337 0.049530 0.554443 2 37 0.500000 38 0.500000
 47 -4.033875 1.014820 4.910870 -0.616302 0.693731 0.372705 0.061249 0.548340 3 37 0.189723 38 0.782609 39 0.027668
 47 -4.944133 0.267781 3.261860 -0.873652 0.079203 0.480062 0.052277 0.510254 2 38 0.500000 39 0.500000
mnt_body_m.png
 47 -4.944133 0.267781 3.261860 -0.873652 0.079203 0.480062 0.052277 0.510254 2 38 0.500000 39 0.500000
 47 -4.033875 1.014820 4.910870 -0.616302 0.693731 0.372705 0.061249 0.548340 3 37 0.189723 38 0.782609 39 0.027668
 47 -4.422456 1.641732 3.261861 -0.620705 0.587525 0.519172 0.062103 0.510254 2 38 0.448819 39 0.551181
mnt_body_m.png
 47 -4.422456 1.641732 3.261861 -0.620705 0.587525 0.519172 0.062103 0.510254 2 38 0.448819 39 0.551181
 47 -4.033875 1.014820 4.910870 -0.616302 0.693731 0.372705 0.061249 0.548340 3 37 0.189723 38 0.782609 39 0.027668
 47 -3.378758 2.040132 3.261863 0.005308 0.840953 0.541083 0.070862 0.510254 2 38 0.448819 39 0.551181
mnt_body_m.png
 47 -4.033875 1.014820 4.910870 -0.616302 0.693731 0.372705 0.061249 0.548340 3 37 0.189723 38 0.782609 39 0.027668
 47 -2.723664 1.168171 4.910872 0.559461 0.751742 0.349124 0.078308 0.548584 3 37 0.189723 38 0.782609 39 0.027668
 47 -3.378758 2.040132 3.261863 0.005308 0.840953 0.541083 0.070862 0.510254 2 38 0.448819 39 0.551181
mnt_body_m.png
 47 -3.378758 2.040132 3.261863 0.005308 0.840953 0.541083 0.070862 0.510254 2 38 0.448819 39 0.551181
 47 -2.723664 1.168171 4.910872 0.559461 0.751742 0.349124 0.078308 0.548584 3 37 0.189723 38 0.782609 39 0.027668
 47 -2.335076 1.641726 3.261864 0.635736 0.612404 0.469895 0.079834 0.510254 2 38 0.460630 39 0.539370
mnt_body_m.png
 47 -2.335076 1.641726 3.261864 0.635736 0.612404 0.469895 0.079834 0.510254 2 38 0.460630 39 0.539370
 47 -2.723664 1.168171 4.910872 0.559461 0.751742 0.349124 0.078308 0.548584 3 37 0.189723 38 0.782609 39 0.027668
 47 -1.813406 0.267771 3.261865 0.880619 0.090214 0.465158 0.091125 0.510254 2 38 0.500000 39 0.500000
mnt_body_m.png
 47 -1.813406 0.267771 3.261865 0.880619 0.090214 0.465158 0.091125 0.510254 2 38 0.500000 39 0.500000
 47 -2.723664 1.168171 4.910872 0.559461 0.751742 0.349124 0.078308 0.548584 3 37 0.189723 38 0.782609 39 0.027668
 47 -2.432740 -0.098560 5.131997 0.984955 -0.008491 0.172603 0.091125 0.556396 2 37 0.500000 38 0.500000
mnt_body_m.png
 47 -2.723664 1.168171 4.910872 0.559461 0.751742 0.349124 0.078308 0.548584 3 37 0.189723 38 0.782609 39 0.027668
 47 -2.789355 1.126357 5.334998 0.545627 0.834133 0.080705 0.077820 0.561035 2 37 0.759843 38 0.240157
 47 -2.432740 -0.098560 5.131997 0.984955 -0.008491 0.172603 0.091125 0.556396 2 37 0.500000 38 0.500000
mnt_body_m.png
 47 -2.432740 -0.098560 5.131997 0.984955 -0.008491 0.172603 0.091125 0.556396 2 37 0.500000 38 0.500000
 47 -2.789355 1.126357 5.334998 0.545627 0.834133 0.080705 0.077820 0.561035 2 37 0.759843 38 0.240157
 47 -2.512446 -0.057649 6.152968 0.665529 0.011343 -0.746286 0.091125 0.583496 2 32 0.500000 37 0.500000
mnt_body_m.png
 47 -2.512446 -0.057649 6.152968 0.665529 0.011343 -0.746286 0.091125 0.583496 2 32 0.500000 37 0.500000
 47 -2.789355 1.126357 5.334998 0.545627 0.834133 0.080705 0.077820 0.561035 2 37 0.759843 38 0.240157
 47 -2.826313 1.206695 6.408888 -0.026639 0.655395 -0.754817 0.077576 0.592285 2 32 0.551181 37 0.448819
mnt_body_m.png
 47 -2.789355 1.126357 5.334998 0.545627 0.834133 0.080705 0.077820 0.561035 2 37 0.759843 38 0.240157
 47 -3.968188 0.913188 5.334997 -0.668852 0.734383 0.115406 0.061096 0.560791 2 37 0.712598 38 0.287402
 47 -2.826313 1.206695 6.408888 -0.026639 0.655395 -0.754817 0.077576 0.592285 2 32 0.551181 37 0.448819
mnt_body_m.png
 47 -2.826313 1.206695 6.408888 -0.026639 0.655395 -0.754817 0.077576 0.592285 2 32 0.551181 37 0.448819
 47 -3.968188 0.913188 5.334997 -0.668852 0.734383 0.115406 0.061096 0.560791 2 37 0.712598 38 0.287402
 47 -3.900287 1.079346 6.975898 -0.742309 0.484128 -0.463247 0.062683 0.609619 3 4 0.007905 32 0.541502 37 0.450593
mnt_body_m.png
 47 -3.900287 1.079346 6.975898 -0.742309 0.484128 -0.463247 0.062683 0.609619 3 4 0.007905 32 0.541502 37 0.450593
 47 -3.968188 0.913188 5.334997 -0.668852 0.734383 0.115406 0.061096 0.560791 2 37 0.712598 38 0.287402
 47 -4.261220 0.003288 7.110582 -0.931479 0.021359 -0.363167 0.050110 0.612793 2 32 0.500000 37 0.500000
mnt_body_m.png
 47 -3.968188 0.913188 5.334997 -0.668852 0.734383 0.115406 0.061096 0.560791 2 37 0.712598 38 0.287402
 47 -4.324806 -0.098554 5.131996 -0.987382 0.002458 0.158337 0.049530 0.554443 2 37 0.500000 38 0.500000
 47 -4.261220 0.003288 7.110582 -0.931479 0.021359 -0.363167 0.050110 0.612793 2 32 0.500000 37 0.500000
mnt_body_m.png
 47 -4.324806 -0.098554 5.131996 -0.987382 0.002458 0.158337 0.049530 0.554443 2 37 0.500000 38 0.500000
 47 -3.994329 -1.376968 5.501290 -0.656763 -0.743569 0.125566 0.036407 0.564941 2 37 0.751969 38 0.248031
 47 -4.261220 0.003288 7.110582 -0.931479 0.021359 -0.363167 0.050110 0.612793 2 32 0.500000 37 0.500000
mnt_body_m.png
 47 -4.261220 0.003288 7.110582 -0.931479 0.021359 -0.363167 0.050110 0.612793 2 32 0.500000 37 0.500000
 47 -3.994329 -1.376968 5.501290 -0.656763 -0.743569 0.125566 0.036407 0.564941 2 37 0.751969 38 0.248031
 47 -3.949918 -1.175108 7.070718 -0.778314 -0.470352 -0.415928 0.037811 0.611328 3 4 0.007905 32 0.561265 37 0.430830
mnt_body_m.png
 47 -3.949918 -1.175108 7.070718 -0.778314 -0.470352 -0.415928 0.037811 0.611328 3 4 0.007905 32 0.561265 37 0.430830
 47 -3.994329 -1.376968 5.501290 -0.656763 -0.743569 0.125566 0.036407 0.564941 2 37 0.751969 38 0.248031
 47 -2.792178 -1.390143 6.456502 0.020132 -0.707858 -0.706068 0.020020 0.594482 2 32 0.570866 37 0.429134
mnt_body_m.png
 47 -3.994329 -1.376968 5.501290 -0.656763 -0.743569 0.125566 0.036407 0.564941 2 37 0.751969 38 0.248031
 47 -2.763222 -1.508063 5.501292 0.586013 -0.799684 0.130746 0.019760 0.565674 2 37 0.759843 38 0.240157
 47 -2.792178 -1.390143 6.456502 0.020132 -0.707858 -0.706068 0.020020 0.594482 2 32 0.570866 37 0.429134
mnt_body_m.png
 47 -2.792178 -1.390143 6.456502 0.020132 -0.707858 -0.706068 0.020020 0.594482 2 32 0.570866 37 0.429134
 47 -2.763222 -1.508063 5.501292 0.586013 -0.799684 0.130746 0.019760 0.565674 2 37 0.759843 38 0.240157
 47 -2.512446 -0.057649 6.152968 0.665529 0.011343 -0.746286 0.004406 0.586670 2 32 0.500000 37 0.500000
mnt_body_m.png
 47 -2.512446 -0.057649 6.152968 0.665529 0.011343 -0.746286 0.004406 0.586670 2 32 0.500000 37 0.500000
 47 -2.763222 -1.508063 5.501292 0.586013 -0.799684 0.130746 0.019760 0.565674 2 37 0.759843 38 0.240157
 47 -2.432740 -0.098560 5.131997 0.984955 -0.008491 0.172603 0.004406 0.553955 2 37 0.500000 38 0.500000
mnt_body_m.png
 47 -2.763222 -1.508063 5.501292 0.586013 -0.799684 0.130746 0.019760 0.565674 2 37 0.759843 38 0.240157
 47 -2.745748 -1.556803 5.131997 0.572685 -0.816974 0.067722 0.019806 0.555420 2 37 0.500000 38 0.500000
 47 -2.432740 -0.098560 5.131997 0.984955 -0.008491 0.172603 0.004406 0.553955 2 37 0.500000 38 0.500000
mnt_body_m.png
 47 -2.432740 -0.098560 5.131997 0.984955 -0.008491 0.172603 0.004406 0.553955 2 37 0.500000 38 0.500000
 47 -2.745748 -1.556803 5.131997 0.572685 -0.816974 0.067722 0.019806 0.555420 2 37 0.500000 38 0.500000
 47 -2.723161 -1.543804 4.689169 0.578965 -0.811601 0.078127 0.019577 0.543945 2 37 0.208661 38 0.791339
mnt_body_m.png
 47 -2.745748 -1.556803 5.131997 0.572685 -0.816974 0.067722 0.019806 0.555420 2 37 0.500000 38 0.500000
 47 -4.011803 -1.434824 5.131996 -0.642217 -0.759951 0.100158 0.036194 0.555176 2 37 0.500000 38 0.500000
 47 -2.723161 -1.543804 4.689169 0.578965 -0.811601 0.078127 0.019577 0.543945 2 37 0.208661 38 0.791339
mnt_body_m.png
 47 -2.723161 -1.543804 4.689169 0.578965 -0.811601 0.078127 0.019577 0.543945 2 37 0.208661 38 0.791339
 47 -4.011803 -1.434824 5.131996 -0.642217 -0.759951 0.100158 0.036194 0.555176 2 37 0.500000 38 0.500000
 47 -4.034389 -1.455952 4.689166 -0.620260 -0.777245 0.105676 0.036224 0.543945 2 37 0.200000 38 0.800000
mnt_body_m.png
 47 -4.034389 -1.455952 4.689166 -0.620260 -0.777245 0.105676 0.036224 0.543945 2 37 0.200000 38 0.800000
 47 -4.011803 -1.434824 5.131996 -0.642217 -0.759951 0.100158 0.036194 0.555176 2 37 0.500000 38 0.500000
 47 -4.324806 -0.098554 5.131996 -0.987382 0.002458 0.158337 0.049530 0.554443 2 37 0.500000 38 0.500000
mnt_body_m.png
 47 -4.324806 -0.098554 5.131996 -0.987382 0.002458 0.158337 0.049530 0.554443 2 37 0.500000 38 0.500000
 47 -4.011803 -1.434824 5.131996 -0.642217 -0.759951 0.100158 0.036194 0.555176 2 37 0.500000 38 0.500000
 47 -3.994329 -1.376968 5.501290 -0.656763 -0.743569 0.125566 0.036407 0.564941 2 37 0.751969 38 0.248031
mnt_body_m.png
 47 -3.994329 -1.376968 5.501290 -0.656763 -0.743569 0.125566 0.036407 0.564941 2 37 0.751969 38 0.248031
 47 -4.011803 -1.434824 5.131996 -0.642217 -0.759951 0.100158 0.036194 0.555176 2 37 0.500000 38 0.500000
 47 -2.763222 -1.508063 5.501292 0.586013 -0.799684 0.130746 0.019760 0.565674 2 37 0.759843 38 0.240157
mnt_body_m.png
 47 -4.011803 -1.434824 5.131996 -0.642217 -0.759951 0.100158 0.036194 0.555176 2 37 0.500000 38 0.500000
 47 -2.745748 -1.556803 5.131997 0.572685 -0.816974 0.067722 0.019806 0.555420 2 37 0.500000 38 0.500000
 47 -2.763222 -1.508063 5.501292 0.586013 -0.799684 0.130746 0.019760 0.565674 2 37 0.759843 38 0.240157
mnt_body_m.png
 47 -4.324806 -0.098554 5.131996 -0.987382 0.002458 0.158337 0.049530 0.554443 2 37 0.500000 38 0.500000
 47 -3.968188 0.913188 5.334997 -0.668852 0.734383 0.115406 0.061096 0.560791 2 37 0.712598 38 0.287402
 47 -4.033875 1.014820 4.910870 -0.616302 0.693731 0.372705 0.061249 0.548340 3 37 0.189723 38 0.782609 39 0.027668
mnt_body_m.png
 47 -3.968188 0.913188 5.334997 -0.668852 0.734383 0.115406 0.061096 0.560791 2 37 0.712598 38 0.287402
 47 -2.789355 1.126357 5.334998 0.545627 0.834133 0.080705 0.077820 0.561035 2 37 0.759843 38 0.240157
 47 -4.033875 1.014820 4.910870 -0.616302 0.693731 0.372705 0.061249 0.548340 3 37 0.189723 38 0.782609 39 0.027668
mnt_body_m.png
 47 -4.033875 1.014820 4.910870 -0.616302 0.693731 0.372705 0.061249 0.548340 3 37 0.189723 38 0.782609 39 0.027668
 47 -2.789355 1.126357 5.334998 0.545627 0.834133 0.080705 0.077820 0.561035 2 37 0.759843 38 0.240157
 47 -2.723664 1.168171 4.910872 0.559461 0.751742 0.349124 0.078308 0.548584 3 37 0.189723 38 0.782609 39 0.027668
mnt_body_m.png
 47 5.753831 5.838394 6.252932 0.664661 0.662886 0.344685 0.499268 0.605225 3 32 0.047431 42 0.098814 43 0.853755
 47 5.098911 5.180356 8.793678 0.665175 0.663102 0.343275 0.508789 0.701660 3 32 0.200787 42 0.078740 43 0.720473
 47 8.160114 0.008260 6.257574 0.938838 0.000275 0.344358 0.616211 0.604736 2 32 0.047244 42 0.952756
mnt_body_m.png
 47 8.160114 0.008260 6.257574 0.938838 0.000275 0.344358 0.616211 0.604736 2 32 0.047244 42 0.952756
 47 5.098911 5.180356 8.793678 0.665175 0.663102 0.343275 0.508789 0.701660 3 32 0.200787 42 0.078740 43 0.720473
 47 7.231302 0.010293 8.797793 0.939187 0.000276 0.343406 0.608887 0.701660 2 32 0.200000 42 0.800000
mnt_body_m.png
 47 5.098911 5.180356 8.793678 0.665175 0.663102 0.343275 0.490967 0.701660 3 32 0.200787 42 0.078740 43 0.720473
 47 5.753831 5.838394 6.252932 0.664661 0.662886 0.344685 0.499268 0.605225 3 32 0.047431 42 0.098814 43 0.853755
 47 -0.000000 7.299705 8.791988 0.000000 0.939047 0.343788 0.391602 0.701660 3 32 0.200000 43 0.400000 46 0.400000
mnt_body_m.png
 47 5.753831 5.838394 6.252932 0.664661 0.662886 0.344685 0.499268 0.605225 3 32 0.047431 42 0.098814 43 0.853755
 47 -0.000000 8.229958 6.251027 -0.000000 0.938390 0.345579 0.384521 0.604980 3 32 0.039370 43 0.480315 46 0.480315
 47 -0.000000 7.299705 8.791988 0.000000 0.939047 0.343788 0.391602 0.701660 3 32 0.200000 43 0.400000 46 0.400000
mnt_body_m.png
 47 -0.000000 8.229958 6.251027 -0.000000 0.938390 0.345579 0.384521 0.604980 3 32 0.039370 43 0.480315 46 0.480315
 47 -5.753832 5.838394 6.252932 -0.664661 0.662886 0.344685 0.499268 0.605225 3 32 0.047431 45 0.098814 46 0.853755
 47 -0.000000 7.299705 8.791988 0.000000 0.939047 0.343788 0.391602 0.701660 3 32 0.200000 43 0.400000 46 0.400000
mnt_body_m.png
 47 -0.000000 7.299705 8.791988 0.000000 0.939047 0.343788 0.391602 0.701660 3 32 0.200000 43 0.400000 46 0.400000
 47 -5.753832 5.838394 6.252932 -0.664661 0.662886 0.344685 0.499268 0.605225 3 32 0.047431 45 0.098814 46 0.853755
 47 -5.098911 5.180356 8.793677 -0.665175 0.663102 0.343276 0.490967 0.701660 3 32 0.200787 45 0.188976 46 0.610237
mnt_body_m.png
 47 5.098927 -5.159768 8.801903 0.665176 -0.662553 0.344332 0.490967 0.701660 3 32 0.200787 41 0.649607 42 0.149606
 47 -0.000000 -7.279138 8.803592 -0.000000 -0.938498 0.345283 0.391602 0.701660 3 32 0.200000 41 0.400000 44 0.400000
 47 5.753850 -5.821850 6.262210 0.664662 -0.662335 0.345741 0.499268 0.605225 3 32 0.047431 41 0.774703 42 0.177866
mnt_body_m.png
 47 5.753850 -5.821850 6.262210 0.664662 -0.662335 0.345741 0.499268 0.605225 3 32 0.047431 41 0.774703 42 0.177866
 47 -0.000000 -7.279138 8.803592 -0.000000 -0.938498 0.345283 0.391602 0.701660 3 32 0.200000 41 0.400000 44 0.400000
 47 -0.000000 -8.213436 6.264116 -0.000000 -0.937838 0.347073 0.384521 0.604980 3 32 0.047431 41 0.482213 44 0.470356
mnt_body_m.png
 47 -0.000000 -8.213436 6.264116 -0.000000 -0.937838 0.347073 0.384521 0.604980 3 32 0.047431 41 0.482213 44 0.470356
 47 -0.000000 -7.279138 8.803592 -0.000000 -0.938498 0.345283 0.391602 0.701660 3 32 0.200000 41 0.400000 44 0.400000
 47 -5.753850 -5.821850 6.262209 -0.664662 -0.662335 0.345741 0.499268 0.605225 3 32 0.047431 44 0.774703 45 0.177866
mnt_body_m.png
 47 -0.000000 -7.279138 8.803592 -0.000000 -0.938498 0.345283 0.391602 0.701660 3 32 0.200000 41 0.400000 44 0.400000
 47 -5.098926 -5.159768 8.801903 -0.665176 -0.662553 0.344332 0.490967 0.701660 3 32 0.200787 44 0.610237 45 0.188976
 47 -5.753850 -5.821850 6.262209 -0.664662 -0.662335 0.345741 0.499268 0.605225 3 32 0.047431 44 0.774703 45 0.177866
mnt_body_m.png
 47 5.753850 -5.821850 6.262210 0.664662 -0.662335 0.345741 0.499268 0.605225 3 32 0.047431 41 0.774703 42 0.177866
 47 8.160114 0.008260 6.257574 0.938838 0.000275 0.344358 0.616211 0.604736 2 32 0.047244 42 0.952756
 47 5.098927 -5.159768 8.801903 0.665176 -0.662553 0.344332 0.508789 0.701660 3 32 0.200787 41 0.649607 42 0.149606
mnt_body_m.png
 47 5.098927 -5.159768 8.801903 0.665176 -0.662553 0.344332 0.508789 0.701660 3 32 0.200787 41 0.649607 42 0.149606
 47 8.160114 0.008260 6.257574 0.938838 0.000275 0.344358 0.616211 0.604736 2 32 0.047244 42 0.952756
 47 7.231302 0.010293 8.797793 0.939187 0.000276 0.343406 0.608887 0.701660 2 32 0.200000 42 0.800000
mnt_body_m.png
 47 -5.753832 5.838394 6.252932 -0.664661 0.662886 0.344685 0.499268 0.605225 3 32 0.047431 45 0.098814 46 0.853755
 47 -8.160114 0.008260 6.257574 -0.938838 0.000275 0.344358 0.616211 0.604736 2 32 0.047244 45 0.952756
 47 -5.098911 5.180356 8.793677 -0.665175 0.663102 0.343276 0.508789 0.701660 3 32 0.200787 45 0.188976 46 0.610237
mnt_body_m.png
 47 -5.098911 5.180356 8.793677 -0.665175 0.663102 0.343276 0.508789 0.701660 3 32 0.200787 45 0.188976 46 0.610237
 47 -8.160114 0.008260 6.257574 -0.938838 0.000275 0.344358 0.616211 0.604736 2 32 0.047244 45 0.952756
 47 -7.231302 0.010293 8.797793 -0.939187 0.000276 0.343406 0.608887 0.701660 2 32 0.200000 45 0.800000
mnt_body_m.png
 47 -5.753850 -5.821850 6.262209 -0.664662 -0.662335 0.345741 0.499268 0.605225 3 32 0.047431 44 0.774703 45 0.177866
 47 -5.098926 -5.159768 8.801903 -0.665176 -0.662553 0.344332 0.508789 0.701660 3 32 0.200787 44 0.610237 45 0.188976
 47 -8.160114 0.008260 6.257574 -0.938838 0.000275 0.344358 0.616211 0.604736 2 32 0.047244 45 0.952756
mnt_body_m.png
 47 -8.160114 0.008260 6.257574 -0.938838 0.000275 0.344358 0.616211 0.604736 2 32 0.047244 45 0.952756
 47 -5.098926 -5.159768 8.801903 -0.665176 -0.662553 0.344332 0.508789 0.701660 3 32 0.200787 44 0.610237 45 0.188976
 47 -7.231302 0.010293 8.797793 -0.939187 0.000276 0.343406 0.608887 0.701660 2 32 0.200000 45 0.800000
mnt_body_m.png
 47 0.000000 6.389834 11.100649 -0.000000 0.485794 -0.874073 0.493408 0.899658 2 4 0.200000 32 0.800000
 47 -3.194917 5.533759 11.100649 -0.264072 0.509030 -0.819240 0.461182 0.898865 2 4 0.200000 32 0.800000
 47 0.000000 7.029651 11.456247 -0.000000 0.997850 -0.065534 0.494629 0.914490 2 4 0.299213 32 0.700787
mnt_body_m.png
 47 -3.194917 5.533759 11.100649 -0.264072 0.509030 -0.819240 0.461182 0.898865 2 4 0.200000 32 0.800000
 47 -3.734377 5.888147 11.502270 -0.539818 0.841427 -0.024427 0.458008 0.914490 2 4 0.299213 32 0.700787
 47 0.000000 7.029651 11.456247 -0.000000 0.997850 -0.065534 0.494629 0.914490 2 4 0.299213 32 0.700787
mnt_body_m.png
 47 0.000000 7.029651 11.456247 -0.000000 0.997850 -0.065534 0.494629 0.914490 2 4 0.299213 32 0.700787
 47 -3.734377 5.888147 11.502270 -0.539818 0.841427 -0.024427 0.458008 0.914490 2 4 0.299213 32 0.700787
 47 0.000000 6.725953 11.693153 -0.000000 0.279338 0.960193 0.494629 0.925964 2 4 0.299213 32 0.700787
mnt_body_m.png
 47 -3.734377 5.888147 11.502270 -0.539818 0.841427 -0.024427 0.458008 0.914490 2 4 0.299213 32 0.700787
 47 -3.515171 5.511642 11.836145 -0.104586 0.221093 0.969629 0.458008 0.925964 2 4 0.299213 32 0.700787
 47 0.000000 6.725953 11.693153 -0.000000 0.279338 0.960193 0.494629 0.925964 2 4 0.299213 32 0.700787
mnt_body_m.png
 47 0.000000 6.725953 11.693153 -0.000000 0.279338 0.960193 0.494629 0.925964 2 4 0.299213 32 0.700787
 47 -3.515171 5.511642 11.836145 -0.104586 0.221093 0.969629 0.458008 0.925964 2 4 0.299213 32 0.700787
 47 0.000000 -0.016690 9.710987 -0.000000 -0.005137 0.999987 0.473633 1.018906 2 4 0.299213 32 0.700787
mnt_body_m.png
 47 -3.734377 5.888147 11.502270 -0.539818 0.841427 -0.024427 0.458008 0.914490 2 4 0.299213 32 0.700787
 47 -5.968413 3.359269 11.639463 -0.878004 0.478193 0.020963 0.423340 0.914490 2 4 0.299213 32 0.700787
 47 -3.515171 5.511642 11.836145 -0.104586 0.221093 0.969629 0.458008 0.925964 2 4 0.299213 32 0.700787
mnt_body_m.png
 47 -5.968413 3.359269 11.639463 -0.878004 0.478193 0.020963 0.423340 0.914490 2 4 0.299213 32 0.700787
 47 -5.674630 3.187125 12.018394 -0.266506 0.184528 0.946004 0.423096 0.925964 2 4 0.299213 32 0.700787
 47 -3.515171 5.511642 11.836145 -0.104586 0.221093 0.969629 0.458008 0.925964 2 4 0.299213 32 0.700787
mnt_body_m.png
 47 -3.515171 5.511642 11.836145 -0.104586 0.221093 0.969629 0.458008 0.925964 2 4 0.299213 32 0.700787
 47 -5.674630 3.187125 12.018394 -0.266506 0.184528 0.946004 0.423096 0.925964 2 4 0.299213 32 0.700787
 47 0.000000 -0.016690 9.710987 -0.000000 -0.005137 0.999987 0.439941 1.018906 2 4 0.299213 32 0.700787
mnt_body_m.png
 47 -5.968413 3.359269 11.639463 -0.878004 0.478193 0.020963 0.423340 0.914490 2 4 0.299213 32 0.700787
 47 -6.798429 -0.000000 11.759504 -0.999654 -0.008789 0.024781 0.387451 0.914490 2 4 0.299213 32 0.700787
 47 -5.674630 3.187125 12.018394 -0.266506 0.184528 0.946004 0.423096 0.925964 2 4 0.299213 32 0.700787
mnt_body_m.png
 47 -6.798429 -0.000000 11.759504 -0.999654 -0.008789 0.024781 0.387451 0.914490 2 4 0.299213 32 0.700787
 47 -6.569797 -0.016690 12.108142 -0.402242 -0.007974 0.915499 0.387451 0.925964 2 4 0.299213 32 0.700787
 47 -5.674630 3.187125 12.018394 -0.266506 0.184528 0.946004 0.423096 0.925964 2 4 0.299213 32 0.700787
mnt_body_m.png
 47 -5.674630 3.187125 12.018394 -0.266506 0.184528 0.946004 0.423096 0.925964 2 4 0.299213 32 0.700787
 47 -6.569797 -0.016690 12.108142 -0.402242 -0.007974 0.915499 0.387451 0.925964 2 4 0.299213 32 0.700787
 47 0.000000 -0.016690 9.710987 -0.000000 -0.005137 0.999987 0.406494 1.018906 2 4 0.299213 32 0.700787
mnt_body_m.png
 47 -6.798429 -0.000000 11.759504 -0.999654 -0.008789 0.024781 0.387451 0.914490 2 4 0.299213 32 0.700787
 47 -5.775540 -3.560119 11.639463 -0.853666 -0.519207 -0.040971 0.348877 0.914490 2 4 0.299213 32 0.700787
 47 -6.569797 -0.016690 12.108142 -0.402242 -0.007974 0.915499 0.387451 0.925964 2 4 0.299213 32 0.700787
mnt_body_m.png
 47 -5.775540 -3.560119 11.639463 -0.853666 -0.519207 -0.040971 0.348877 0.914490 2 4 0.299213 32 0.700787
 47 -5.561429 -3.473897 12.004904 -0.335063 -0.238781 0.911436 0.348877 0.925964 2 4 0.299213 32 0.700787
 47 -6.569797 -0.016690 12.108142 -0.402242 -0.007974 0.915499 0.387451 0.925964 2 4 0.299213 32 0.700787
mnt_body_m.png
 47 -6.569797 -0.016690 12.108142 -0.402242 -0.007974 0.915499 0.387451 0.925964 2 4 0.299213 32 0.700787
 47 -5.561429 -3.473897 12.004904 -0.335063 -0.238781 0.911436 0.348877 0.925964 2 4 0.299213 32 0.700787
 47 0.000000 -0.016690 9.710987 -0.000000 -0.005137 0.999987 0.367188 1.018906 2 4 0.299213 32 0.700787
mnt_body_m.png
 47 -5.775540 -3.560119 11.639463 -0.853666 -0.519207 -0.040971 0.348877 0.914490 2 4 0.299213 32 0.700787
 47 -3.172746 -5.961954 11.847698 -0.219819 -0.347426 0.911578 0.311768 0.925964 2 4 0.299213 32 0.700787
 47 -5.561429 -3.473897 12.004904 -0.335063 -0.238781 0.911436 0.348877 0.925964 2 4 0.299213 32 0.700787
mnt_body_m.png
 47 -5.561429 -3.473897 12.004904 -0.335063 -0.238781 0.911436 0.348877 0.925964 2 4 0.299213 32 0.700787
 47 -3.172746 -5.961954 11.847698 -0.219819 -0.347426 0.911578 0.311768 0.925964 2 4 0.299213 32 0.700787
 47 0.000000 -0.016690 9.710987 -0.000000 -0.005137 0.999987 0.330566 1.018906 2 4 0.299213 32 0.700787
mnt_body_m.png
 47 -5.775540 -3.560119 11.639463 -0.853666 -0.519207 -0.040971 0.348877 0.914490 2 4 0.299213 32 0.700787
 47 -3.274998 -6.171477 11.452154 -0.567571 -0.791485 -0.226748 0.311768 0.914490 2 4 0.299213 32 0.700787
 47 -3.172746 -5.961954 11.847698 -0.219819 -0.347426 0.911578 0.311768 0.925964 2 4 0.299213 32 0.700787
mnt_body_m.png
 47 -3.274998 -6.171477 11.452154 -0.567571 -0.791485 -0.226748 0.311768 0.914490 2 4 0.299213 32 0.700787
 47 -1.586373 -6.790973 11.761860 -0.089616 -0.393764 0.914833 0.293457 0.925964 2 4 0.299213 32 0.700787
 47 -3.172746 -5.961954 11.847698 -0.219819 -0.347426 0.911578 0.311768 0.925964 2 4 0.299213 32 0.700787
mnt_body_m.png
 47 -3.172746 -5.961954 11.847698 -0.219819 -0.347426 0.911578 0.311768 0.925964 2 4 0.299213 32 0.700787
 47 -1.586373 -6.790973 11.761860 -0.089616 -0.393764 0.914833 0.293457 0.925964 2 4 0.299213 32 0.700787
 47 0.000000 -0.016690 9.710987 -0.000000 -0.005137 0.999987 0.295410 1.018906 2 4 0.299213 32 0.700787
mnt_body_m.png
 47 0.000000 -0.016690 9.710987 -0.000000 -0.005137 0.999987 0.295410 1.018906 2 4 0.299213 32 0.700787
 47 -1.586373 -6.790973 11.761860 -0.089616 -0.393764 0.914833 0.293457 0.925964 2 4 0.299213 32 0.700787
 47 0.000000 -7.040709 11.676020 -0.000000 -0.386267 0.922387 0.275146 0.925964 2 4 0.299213 32 0.700787
mnt_body_m.png
 47 -1.586373 -6.790973 11.761860 -0.089616 -0.393764 0.914833 0.293457 0.925964 2 4 0.299213 32 0.700787
 47 -1.637499 -7.008084 11.411285 -0.271810 -0.911268 -0.309372 0.293457 0.914490 2 4 0.299213 32 0.700787
 47 0.000000 -7.040709 11.676020 -0.000000 -0.386267 0.922387 0.275146 0.925964 2 4 0.299213 32 0.700787
mnt_body_m.png
 47 0.000000 -7.040709 11.676020 -0.000000 -0.386267 0.922387 0.275146 0.925964 2 4 0.299213 32 0.700787
 47 -1.637499 -7.008084 11.411285 -0.271810 -0.911268 -0.309372 0.293457 0.914490 2 4 0.299213 32 0.700787
 47 0.000000 -7.265410 11.370417 0.000000 -0.953175 -0.302418 0.275146 0.914490 2 4 0.287402 32 0.712598
mnt_body_m.png
 47 0.000000 -7.265410 11.370417 0.000000 -0.953175 -0.302418 0.275146 0.914490 2 4 0.287402 32 0.712598
 47 -1.637499 -7.008084 11.411285 -0.271810 -0.911268 -0.309372 0.293457 0.914490 2 4 0.299213 32 0.700787
 47 0.000000 -6.389834 11.100649 -0.000000 -0.290035 -0.957016 0.277100 0.890808 2 4 0.200000 32 0.800000
mnt_body_m.png
 47 0.000000 -6.389834 11.100649 -0.000000 -0.290035 -0.957016 0.277100 0.890808 2 4 0.200000 32 0.800000
 47 -1.637499 -7.008084 11.411285 -0.271810 -0.911268 -0.309372 0.293457 0.914490 2 4 0.299213 32 0.700787
 47 -3.194917 -5.533759 11.100649 -0.360928 -0.401013 -0.841973 0.312500 0.899780 2 4 0.200000 32 0.800000
mnt_body_m.png
 47 -1.637499 -7.008084 11.411285 -0.271810 -0.911268 -0.309372 0.293457 0.914490 2 4 0.299213 32 0.700787
 47 -3.274998 -6.171477 11.452154 -0.567571 -0.791485 -0.226748 0.311768 0.914490 2 4 0.299213 32 0.700787
 47 -3.194917 -5.533759 11.100649 -0.360928 -0.401013 -0.841973 0.312500 0.899780 2 4 0.200000 32 0.800000
mnt_body_m.png
 47 -3.274998 -6.171477 11.452154 -0.567571 -0.791485 -0.226748 0.311768 0.914490 2 4 0.299213 32 0.700787
 47 -5.775540 -3.560119 11.639463 -0.853666 -0.519207 -0.040971 0.348877 0.914490 2 4 0.299213 32 0.700787
 47 -3.194917 -5.533759 11.100649 -0.360928 -0.401013 -0.841973 0.312500 0.899780 2 4 0.200000 32 0.800000
mnt_body_m.png
 47 -3.194917 -5.533759 11.100649 -0.360928 -0.401013 -0.841973 0.312500 0.899780 2 4 0.200000 32 0.800000
 47 -5.775540 -3.560119 11.639463 -0.853666 -0.519207 -0.040971 0.348877 0.914490 2 4 0.299213 32 0.700787
 47 -5.533760 -3.194917 11.100649 -0.729285 -0.368532 -0.576479 0.348877 0.899963 2 4 0.200000 32 0.800000
mnt_body_m.png
 47 -5.775540 -3.560119 11.639463 -0.853666 -0.519207 -0.040971 0.348877 0.914490 2 4 0.299213 32 0.700787
 47 -6.798429 -0.000000 11.759504 -0.999654 -0.008789 0.024781 0.387451 0.914490 2 4 0.299213 32 0.700787
 47 -5.533760 -3.194917 11.100649 -0.729285 -0.368532 -0.576479 0.348877 0.899963 2 4 0.200000 32 0.800000
mnt_body_m.png
 47 -5.533760 -3.194917 11.100649 -0.729285 -0.368532 -0.576479 0.348877 0.899963 2 4 0.200000 32 0.800000
 47 -6.798429 -0.000000 11.759504 -0.999654 -0.008789 0.024781 0.387451 0.914490 2 4 0.299213 32 0.700787
 47 -6.389834 -0.000000 11.100649 -0.844179 -0.016808 -0.535798 0.387451 0.897888 2 4 0.200000 32 0.800000
mnt_body_m.png
 47 -6.798429 -0.000000 11.759504 -0.999654 -0.008789 0.024781 0.387451 0.914490 2 4 0.299213 32 0.700787
 47 -5.968413 3.359269 11.639463 -0.878004 0.478193 0.020963 0.423340 0.914490 2 4 0.299213 32 0.700787
 47 -6.389834 -0.000000 11.100649 -0.844179 -0.016808 -0.535798 0.387451 0.897888 2 4 0.200000 32 0.800000
mnt_body_m.png
 47 -6.389834 -0.000000 11.100649 -0.844179 -0.016808 -0.535798 0.387451 0.897888 2 4 0.200000 32 0.800000
 47 -5.968413 3.359269 11.639463 -0.878004 0.478193 0.020963 0.423340 0.914490 2 4 0.299213 32 0.700787
 47 -5.533760 3.194917 11.100649 -0.657252 0.352452 -0.666181 0.423828 0.899780 2 4 0.200000 32 0.800000
mnt_body_m.png
 47 -5.968413 3.359269 11.639463 -0.878004 0.478193 0.020963 0.423340 0.914490 2 4 0.299213 32 0.700787
 47 -3.734377 5.888147 11.502270 -0.539818 0.841427 -0.024427 0.458008 0.914490 2 4 0.299213 32 0.700787
 47 -5.533760 3.194917 11.100649 -0.657252 0.352452 -0.666181 0.423828 0.899780 2 4 0.200000 32 0.800000
mnt_body_m.png
 47 -5.533760 3.194917 11.100649 -0.657252 0.352452 -0.666181 0.423828 0.899780 2 4 0.200000 32 0.800000
 47 -3.734377 5.888147 11.502270 -0.539818 0.841427 -0.024427 0.458008 0.914490 2 4 0.299213 32 0.700787
 47 -3.194917 5.533759 11.100649 -0.264072 0.509030 -0.819240 0.461182 0.898865 2 4 0.200000 32 0.800000
mnt_body_m.png
 47 -1.637499 -7.008084 11.411285 -0.271810 -0.911268 -0.309372 0.293457 0.914490 2 4 0.299213 32 0.700787
 47 -1.586373 -6.790973 11.761860 -0.089616 -0.393764 0.914833 0.293457 0.925964 2 4 0.299213 32 0.700787
 47 -3.274998 -6.171477 11.452154 -0.567571 -0.791485 -0.226748 0.311768 0.914490 2 4 0.299213 32 0.700787
mnt_body_m.png
 47 0.000000 -6.401814 10.422398 0.000000 -0.769623 -0.638499 0.323486 0.854370 2 4 0.200000 32 0.800000
 47 0.000000 -6.730308 10.818352 0.000000 -0.996496 0.083646 0.323486 0.866943 2 4 0.200000 32 0.800000
 47 -3.200907 -5.544133 10.422398 -0.384811 -0.666513 -0.638499 0.352295 0.854370 2 4 0.200000 32 0.800000
mnt_body_m.png
 47 0.000000 -6.730308 10.818352 0.000000 -0.996496 0.083646 0.323486 0.866943 2 4 0.200000 32 0.800000
 47 -3.365154 -5.828617 10.818352 -0.498248 -0.862990 0.083646 0.352295 0.866943 2 4 0.200000 32 0.800000
 47 -3.200907 -5.544133 10.422398 -0.384811 -0.666513 -0.638499 0.352295 0.854370 2 4 0.200000 32 0.800000
mnt_body_m.png
 47 -3.200907 -5.544133 10.422398 -0.384811 -0.666513 -0.638499 0.352295 0.854370 2 4 0.200000 32 0.800000
 47 -3.365154 -5.828617 10.818352 -0.498248 -0.862990 0.083646 0.352295 0.866943 2 4 0.200000 32 0.800000
 47 -5.544134 -3.200907 10.422398 -0.666512 -0.384811 -0.638500 0.381104 0.854370 2 4 0.200000 32 0.800000
mnt_body_m.png
 47 -3.365154 -5.828617 10.818352 -0.498248 -0.862990 0.083646 0.352295 0.866943 2 4 0.200000 32 0.800000
 47 -5.828619 -3.365154 10.818352 -0.862990 -0.498248 0.083646 0.381104 0.866943 2 4 0.200000 32 0.800000
 47 -5.544134 -3.200907 10.422398 -0.666512 -0.384811 -0.638500 0.381104 0.854370 2 4 0.200000 32 0.800000
mnt_body_m.png
 47 -5.544134 -3.200907 10.422398 -0.666512 -0.384811 -0.638500 0.381104 0.854370 2 4 0.200000 32 0.800000
 47 -5.828619 -3.365154 10.818352 -0.862990 -0.498248 0.083646 0.381104 0.866943 2 4 0.200000 32 0.800000
 47 -6.401815 -0.000000 10.422398 -0.769623 0.000000 -0.638498 0.410156 0.854370 2 4 0.200000 32 0.800000
mnt_body_m.png
 47 -5.828619 -3.365154 10.818352 -0.862990 -0.498248 0.083646 0.381104 0.866943 2 4 0.200000 32 0.800000
 47 -6.730308 -0.000000 10.818352 -0.996495 0.000000 0.083647 0.410156 0.866943 2 4 0.200000 32 0.800000
 47 -6.401815 -0.000000 10.422398 -0.769623 0.000000 -0.638498 0.410156 0.854370 2 4 0.200000 32 0.800000
mnt_body_m.png
 47 -6.401815 -0.000000 10.422398 -0.769623 0.000000 -0.638498 0.410156 0.854370 2 4 0.200000 32 0.800000
 47 -6.730308 -0.000000 10.818352 -0.996495 0.000000 0.083647 0.410156 0.866943 2 4 0.200000 32 0.800000
 47 -5.544134 3.200907 10.422398 -0.666512 0.384811 -0.638500 0.439209 0.854370 2 4 0.200000 32 0.800000
mnt_body_m.png
 47 -6.730308 -0.000000 10.818352 -0.996495 0.000000 0.083647 0.410156 0.866943 2 4 0.200000 32 0.800000
 47 -5.828619 3.365154 10.818352 -0.862991 0.498248 0.083645 0.439209 0.866943 2 4 0.200000 32 0.800000
 47 -5.544134 3.200907 10.422398 -0.666512 0.384811 -0.638500 0.439209 0.854370 2 4 0.200000 32 0.800000
mnt_body_m.png
 47 -5.544134 3.200907 10.422398 -0.666512 0.384811 -0.638500 0.439209 0.854370 2 4 0.200000 32 0.800000
 47 -5.828619 3.365154 10.818352 -0.862991 0.498248 0.083645 0.439209 0.866943 2 4 0.200000 32 0.800000
 47 -3.200907 5.544133 10.422398 -0.384811 0.666513 -0.638499 0.468506 0.854370 2 4 0.200000 32 0.800000
mnt_body_m.png
 47 -5.828619 3.365154 10.818352 -0.862991 0.498248 0.083645 0.439209 0.866943 2 4 0.200000 32 0.800000
 47 -3.365154 5.828617 10.818352 -0.498248 0.862990 0.083645 0.468506 0.866943 2 4 0.200000 32 0.800000
 47 -3.200907 5.544133 10.422398 -0.384811 0.666513 -0.638499 0.468506 0.854370 2 4 0.200000 32 0.800000
mnt_body_m.png
 47 -3.200907 5.544133 10.422398 -0.384811 0.666513 -0.638499 0.468506 0.854370 2 4 0.200000 32 0.800000
 47 -3.365154 5.828617 10.818352 -0.498248 0.862990 0.083645 0.468506 0.866943 2 4 0.200000 32 0.800000
 47 0.000000 6.401814 10.422398 -0.000000 0.769623 -0.638499 0.498047 0.854370 2 4 0.200000 32 0.800000
mnt_body_m.png
 47 0.000000 6.401814 10.422398 -0.000000 0.769623 -0.638499 0.498047 0.854370 2 4 0.200000 32 0.800000
 47 -3.365154 5.828617 10.818352 -0.498248 0.862990 0.083645 0.468506 0.866943 2 4 0.200000 32 0.800000
 47 0.000000 6.730308 10.818352 0.000000 0.996496 0.083646 0.498047 0.866943 2 4 0.200000 32 0.800000
mnt_body_m.png
 47 -3.365154 5.828617 10.818352 -0.498248 0.862990 0.083645 0.468506 0.866943 2 4 0.200000 32 0.800000
 47 -3.194917 5.533759 11.100649 -0.319137 0.552761 0.769809 0.468506 0.883484 2 4 0.200000 32 0.800000
 47 0.000000 6.730308 10.818352 0.000000 0.996496 0.083646 0.498047 0.866943 2 4 0.200000 32 0.800000
mnt_body_m.png
 47 0.000000 6.730308 10.818352 0.000000 0.996496 0.083646 0.498047 0.866943 2 4 0.200000 32 0.800000
 47 -3.194917 5.533759 11.100649 -0.319137 0.552761 0.769809 0.468506 0.883484 2 4 0.200000 32 0.800000
 47 0.000000 6.389834 11.100649 -0.000000 0.638273 0.769810 0.498047 0.883484 2 4 0.200000 32 0.800000
mnt_body_m.png
 47 -3.194917 5.533759 11.100649 -0.319137 0.552761 0.769809 0.468506 0.883484 2 4 0.200000 32 0.800000
 47 -3.365154 5.828617 10.818352 -0.498248 0.862990 0.083645 0.468506 0.866943 2 4 0.200000 32 0.800000
 47 -5.533760 3.194917 11.100649 -0.552761 0.319137 0.769810 0.439209 0.883484 2 4 0.200000 32 0.800000
mnt_body_m.png
 47 -3.365154 5.828617 10.818352 -0.498248 0.862990 0.083645 0.468506 0.866943 2 4 0.200000 32 0.800000
 47 -5.828619 3.365154 10.818352 -0.862991 0.498248 0.083645 0.439209 0.866943 2 4 0.200000 32 0.800000
 47 -5.533760 3.194917 11.100649 -0.552761 0.319137 0.769810 0.439209 0.883484 2 4 0.200000 32 0.800000
mnt_body_m.png
 47 -5.533760 3.194917 11.100649 -0.552761 0.319137 0.769810 0.439209 0.883484 2 4 0.200000 32 0.800000
 47 -5.828619 3.365154 10.818352 -0.862991 0.498248 0.083645 0.439209 0.866943 2 4 0.200000 32 0.800000
 47 -6.389834 -0.000000 11.100649 -0.638273 -0.000000 0.769810 0.409912 0.883484 2 4 0.200000 32 0.800000
mnt_body_m.png
 47 -5.828619 3.365154 10.818352 -0.862991 0.498248 0.083645 0.439209 0.866943 2 4 0.200000 32 0.800000
 47 -6.730308 -0.000000 10.818352 -0.996495 0.000000 0.083647 0.410156 0.866943 2 4 0.200000 32 0.800000
 47 -6.389834 -0.000000 11.100649 -0.638273 -0.000000 0.769810 0.409912 0.883484 2 4 0.200000 32 0.800000
mnt_body_m.png
 47 -6.389834 -0.000000 11.100649 -0.638273 -0.000000 0.769810 0.409912 0.883484 2 4 0.200000 32 0.800000
 47 -6.730308 -0.000000 10.818352 -0.996495 0.000000 0.083647 0.410156 0.866943 2 4 0.200000 32 0.800000
 47 -5.533760 -3.194917 11.100649 -0.552761 -0.319136 0.769810 0.381104 0.883484 2 4 0.200000 32 0.800000
mnt_body_m.png
 47 -6.730308 -0.000000 10.818352 -0.996495 0.000000 0.083647 0.410156 0.866943 2 4 0.200000 32 0.800000
 47 -5.828619 -3.365154 10.818352 -0.862990 -0.498248 0.083646 0.381104 0.866943 2 4 0.200000 32 0.800000
 47 -5.533760 -3.194917 11.100649 -0.552761 -0.319136 0.769810 0.381104 0.883484 2 4 0.200000 32 0.800000
mnt_body_m.png
 47 -5.533760 -3.194917 11.100649 -0.552761 -0.319136 0.769810 0.381104 0.883484 2 4 0.200000 32 0.800000
 47 -5.828619 -3.365154 10.818352 -0.862990 -0.498248 0.083646 0.381104 0.866943 2 4 0.200000 32 0.800000
 47 -3.194917 -5.533759 11.100649 -0.319137 -0.552761 0.769809 0.352295 0.883484 2 4 0.200000 32 0.800000
mnt_body_m.png
 47 -5.828619 -3.365154 10.818352 -0.862990 -0.498248 0.083646 0.381104 0.866943 2 4 0.200000 32 0.800000
 47 -3.365154 -5.828617 10.818352 -0.498248 -0.862990 0.083646 0.352295 0.866943 2 4 0.200000 32 0.800000
 47 -3.194917 -5.533759 11.100649 -0.319137 -0.552761 0.769809 0.352295 0.883484 2 4 0.200000 32 0.800000
mnt_body_m.png
 47 -3.194917 -5.533759 11.100649 -0.319137 -0.552761 0.769809 0.352295 0.883484 2 4 0.200000 32 0.800000
 47 -3.365154 -5.828617 10.818352 -0.498248 -0.862990 0.083646 0.352295 0.866943 2 4 0.200000 32 0.800000
 47 0.000000 -6.389834 11.100649 0.000000 -0.638273 0.769810 0.323486 0.883484 2 4 0.200000 32 0.800000
mnt_body_m.png
 47 -3.365154 -5.828617 10.818352 -0.498248 -0.862990 0.083646 0.352295 0.866943 2 4 0.200000 32 0.800000
 47 0.000000 -6.730308 10.818352 0.000000 -0.996496 0.083646 0.323486 0.866943 2 4 0.200000 32 0.800000
 47 0.000000 -6.389834 11.100649 0.000000 -0.638273 0.769810 0.323486 0.883484 2 4 0.200000 32 0.800000
mnt_body_m.png
 47 -3.200907 -5.544133 10.422398 -0.361111 -0.625463 0.691661 0.451416 0.701660 2 4 0.200000 32 0.800000
 47 -3.905142 -6.763906 8.951693 -0.403768 -0.699347 0.589818 0.457275 0.637207 2 32 0.200000 44 0.800000
 47 0.000000 -6.401814 10.422398 -0.000000 -0.722222 0.691661 0.391602 0.701660 2 4 0.200000 32 0.800000
mnt_body_m.png
 47 0.000000 -6.401814 10.422398 -0.000000 -0.722222 0.691661 0.391602 0.701660 2 4 0.200000 32 0.800000
 47 -3.905142 -6.763906 8.951693 -0.403768 -0.699347 0.589818 0.457275 0.637207 2 32 0.200000 44 0.800000
 47 -0.000000 -7.810286 8.951693 -0.000000 -0.807536 0.589818 0.385498 0.637207 3 32 0.200000 41 0.400000 44 0.400000
mnt_body_m.png
 47 -3.905142 -6.763906 8.951693 -0.403768 -0.699347 0.589818 0.457275 0.637207 2 32 0.200000 44 0.800000
 47 -4.375011 -7.577743 7.315361 -0.464831 -0.805110 0.368415 0.461426 0.573975 2 32 0.098425 44 0.901575
 47 -0.000000 -7.810286 8.951693 -0.000000 -0.807536 0.589818 0.385498 0.637207 3 32 0.200000 41 0.400000 44 0.400000
mnt_body_m.png
 47 -0.000000 -7.810286 8.951693 -0.000000 -0.807536 0.589818 0.385498 0.637207 3 32 0.200000 41 0.400000 44 0.400000
 47 -4.375011 -7.577743 7.315361 -0.464831 -0.805110 0.368415 0.461426 0.573975 2 32 0.098425 44 0.901575
 47 -0.000000 -8.750023 7.315360 -0.000000 -0.929661 0.368415 0.381104 0.573975 3 32 0.098814 41 0.450593 44 0.450593
mnt_body_m.png
 47 0.000000 6.401814 10.422398 -0.000000 0.722222 0.691661 0.391602 0.701660 2 4 0.200000 32 0.800000
 47 -0.000000 7.810284 8.951694 -0.000000 0.807536 0.589818 0.385498 0.637207 3 32 0.200000 43 0.400000 46 0.400000
 47 -3.200907 5.544133 10.422398 -0.361111 0.625463 0.691661 0.451416 0.701660 2 4 0.200000 32 0.800000
mnt_body_m.png
 47 -3.200907 5.544133 10.422398 -0.361111 0.625463 0.691661 0.451416 0.701660 2 4 0.200000 32 0.800000
 47 -0.000000 7.810284 8.951694 -0.000000 0.807536 0.589818 0.385498 0.637207 3 32 0.200000 43 0.400000 46 0.400000
 47 -3.905143 6.763904 8.951694 -0.403768 0.699347 0.589818 0.457275 0.637207 2 32 0.200000 46 0.800000
mnt_body_m.png
 47 -0.000000 7.810284 8.951694 -0.000000 0.807536 0.589818 0.385498 0.637207 3 32 0.200000 43 0.400000 46 0.400000
 47 -0.000000 8.750023 7.315361 -0.000000 0.929661 0.368415 0.381104 0.573975 3 32 0.098814 43 0.450593 46 0.450593
 47 -3.905143 6.763904 8.951694 -0.403768 0.699347 0.589818 0.457275 0.637207 2 32 0.200000 46 0.800000
mnt_body_m.png
 47 -3.905143 6.763904 8.951694 -0.403768 0.699347 0.589818 0.457275 0.637207 2 32 0.200000 46 0.800000
 47 -0.000000 8.750023 7.315361 -0.000000 0.929661 0.368415 0.381104 0.573975 3 32 0.098814 43 0.450593 46 0.450593
 47 -4.375012 7.577741 7.315360 -0.464831 0.805110 0.368415 0.461426 0.573975 2 32 0.098425 46 0.901575
mnt_body_m.png
 47 -3.200907 5.544133 10.422398 -0.361111 0.625463 0.691661 0.469482 0.701660 2 4 0.200000 32 0.800000
 47 -3.905143 6.763904 8.951694 -0.403768 0.699347 0.589818 0.464600 0.637207 2 32 0.200000 46 0.800000
 47 -5.544134 3.200907 10.422398 -0.625463 0.361111 0.691661 0.533203 0.701660 2 4 0.200000 32 0.800000
mnt_body_m.png
 47 -5.544134 3.200907 10.422398 -0.625463 0.361111 0.691661 0.533203 0.701660 2 4 0.200000 32 0.800000
 47 -3.905143 6.763904 8.951694 -0.403768 0.699347 0.589818 0.464600 0.637207 2 32 0.200000 46 0.800000
 47 -6.763906 3.905142 8.951694 -0.699347 0.403768 0.589818 0.536621 0.637207 3 32 0.200000 45 0.400000 46 0.400000
mnt_body_m.png
 47 -3.905143 6.763904 8.951694 -0.403768 0.699347 0.589818 0.464600 0.637207 2 32 0.200000 46 0.800000
 47 -4.375012 7.577741 7.315360 -0.464831 0.805110 0.368415 0.461426 0.573975 2 32 0.098425 46 0.901575
 47 -6.763906 3.905142 8.951694 -0.699347 0.403768 0.589818 0.536621 0.637207 3 32 0.200000 45 0.400000 46 0.400000
mnt_body_m.png
 47 -6.763906 3.905142 8.951694 -0.699347 0.403768 0.589818 0.536621 0.637207 3 32 0.200000 45 0.400000 46 0.400000
 47 -4.375012 7.577741 7.315360 -0.464831 0.805110 0.368415 0.461426 0.573975 2 32 0.098425 46 0.901575
 47 -7.577743 4.375010 7.315360 -0.805110 0.464831 0.368415 0.539063 0.573975 3 32 0.098814 45 0.450593 46 0.450593
mnt_body_m.png
 47 -5.544134 3.200907 10.422398 -0.625463 0.361111 0.691661 0.548828 0.701660 2 4 0.200000 32 0.800000
 47 -6.763906 3.905142 8.951694 -0.699347 0.403768 0.589818 0.542969 0.637207 3 32 0.200000 45 0.400000 46 0.400000
 47 -6.401815 -0.000000 10.422398 -0.722222 0.000000 0.691661 0.606934 0.701660 2 4 0.200000 32 0.800000
mnt_body_m.png
 47 -6.763906 3.905142 8.951694 -0.699347 0.403768 0.589818 0.542969 0.637207 3 32 0.200000 45 0.400000 46 0.400000
 47 -7.810286 0.000000 8.951694 -0.807536 -0.000000 0.589818 0.613281 0.637207 2 32 0.200000 45 0.800000
 47 -6.401815 -0.000000 10.422398 -0.722222 0.000000 0.691661 0.606934 0.701660 2 4 0.200000 32 0.800000
mnt_body_m.png
 47 -6.401815 -0.000000 10.422398 -0.722222 0.000000 0.691661 0.606934 0.701660 2 4 0.200000 32 0.800000
 47 -7.810286 0.000000 8.951694 -0.807536 -0.000000 0.589818 0.613281 0.637207 2 32 0.200000 45 0.800000
 47 -5.544134 -3.200907 10.422398 -0.625463 -0.361111 0.691661 0.548828 0.701660 2 4 0.200000 32 0.800000
mnt_body_m.png
 47 -5.544134 -3.200907 10.422398 -0.625463 -0.361111 0.691661 0.548828 0.701660 2 4 0.200000 32 0.800000
 47 -7.810286 0.000000 8.951694 -0.807536 -0.000000 0.589818 0.613281 0.637207 2 32 0.200000 45 0.800000
 47 -6.763906 -3.905142 8.951694 -0.699347 -0.403768 0.589818 0.542969 0.637207 3 32 0.200000 44 0.400000 45 0.400000
mnt_body_m.png
 47 -7.810286 0.000000 8.951694 -0.807536 -0.000000 0.589818 0.613281 0.637207 2 32 0.200000 45 0.800000
 47 -8.750023 0.000000 7.315361 -0.929661 -0.000000 0.368415 0.618164 0.573975 2 32 0.098425 45 0.901575
 47 -6.763906 -3.905142 8.951694 -0.699347 -0.403768 0.589818 0.542969 0.637207 3 32 0.200000 44 0.400000 45 0.400000
mnt_body_m.png
 47 -6.763906 -3.905142 8.951694 -0.699347 -0.403768 0.589818 0.542969 0.637207 3 32 0.200000 44 0.400000 45 0.400000
 47 -8.750023 0.000000 7.315361 -0.929661 -0.000000 0.368415 0.618164 0.573975 2 32 0.098425 45 0.901575
 47 -7.577743 -4.375011 7.315361 -0.805110 -0.464831 0.368415 0.539063 0.573975 3 32 0.098814 44 0.450593 45 0.450593
mnt_body_m.png
 47 -8.750023 0.000000 7.315361 -0.929661 -0.000000 0.368415 0.618164 0.573975 2 32 0.098425 45 0.901575
 47 -7.810286 0.000000 8.951694 -0.807536 -0.000000 0.589818 0.613281 0.637207 2 32 0.200000 45 0.800000
 47 -7.577743 4.375010 7.315360 -0.805110 0.464831 0.368415 0.539063 0.573975 3 32 0.098814 45 0.450593 46 0.450593
mnt_body_m.png
 47 -7.577743 4.375010 7.315360 -0.805110 0.464831 0.368415 0.539063 0.573975 3 32 0.098814 45 0.450593 46 0.450593
 47 -7.810286 0.000000 8.951694 -0.807536 -0.000000 0.589818 0.613281 0.637207 2 32 0.200000 45 0.800000
 47 -6.763906 3.905142 8.951694 -0.699347 0.403768 0.589818 0.542969 0.637207 3 32 0.200000 45 0.400000 46 0.400000
mnt_body_m.png
 47 -5.544134 -3.200907 10.422398 -0.625463 -0.361111 0.691661 0.533203 0.701660 2 4 0.200000 32 0.800000
 47 -6.763906 -3.905142 8.951694 -0.699347 -0.403768 0.589818 0.536621 0.637207 3 32 0.200000 44 0.400000 45 0.400000
 47 -3.200907 -5.544133 10.422398 -0.361111 -0.625463 0.691661 0.469482 0.701660 2 4 0.200000 32 0.800000
mnt_body_m.png
 47 -3.200907 -5.544133 10.422398 -0.361111 -0.625463 0.691661 0.469482 0.701660 2 4 0.200000 32 0.800000
 47 -6.763906 -3.905142 8.951694 -0.699347 -0.403768 0.589818 0.536621 0.637207 3 32 0.200000 44 0.400000 45 0.400000
 47 -3.905142 -6.763906 8.951693 -0.403768 -0.699347 0.589818 0.464600 0.637207 2 32 0.200000 44 0.800000
mnt_body_m.png
 47 -6.763906 -3.905142 8.951694 -0.699347 -0.403768 0.589818 0.536621 0.637207 3 32 0.200000 44 0.400000 45 0.400000
 47 -7.577743 -4.375011 7.315361 -0.805110 -0.464831 0.368415 0.539063 0.573975 3 32 0.098814 44 0.450593 45 0.450593
 47 -3.905142 -6.763906 8.951693 -0.403768 -0.699347 0.589818 0.464600 0.637207 2 32 0.200000 44 0.800000
mnt_body_m.png
 47 -3.905142 -6.763906 8.951693 -0.403768 -0.699347 0.589818 0.464600 0.637207 2 32 0.200000 44 0.800000
 47 -7.577743 -4.375011 7.315361 -0.805110 -0.464831 0.368415 0.539063 0.573975 3 32 0.098814 44 0.450593 45 0.450593
 47 -4.375011 -7.577743 7.315361 -0.464831 -0.805110 0.368415 0.461426 0.573975 2 32 0.098425 44 0.901575
mnt_body_m.png
 47 0.000000 6.389834 11.100649 -0.000000 0.485794 -0.874073 0.493408 0.899658 2 4 0.200000 32 0.800000
 47 0.000000 7.029651 11.456247 -0.000000 0.997850 -0.065534 0.494629 0.914490 2 4 0.299213 32 0.700787
 47 3.194917 5.533759 11.100649 0.264072 0.509030 -0.819240 0.461182 0.898865 2 4 0.200000 32 0.800000
mnt_body_m.png
 47 0.000000 7.029651 11.456247 -0.000000 0.997850 -0.065534 0.494629 0.914490 2 4 0.299213 32 0.700787
 47 3.734377 5.888147 11.502270 0.539818 0.841427 -0.024426 0.458008 0.914490 2 4 0.299213 32 0.700787
 47 3.194917 5.533759 11.100649 0.264072 0.509030 -0.819240 0.461182 0.898865 2 4 0.200000 32 0.800000
mnt_body_m.png
 47 3.194917 5.533759 11.100649 0.264072 0.509030 -0.819240 0.461182 0.898865 2 4 0.200000 32 0.800000
 47 3.734377 5.888147 11.502270 0.539818 0.841427 -0.024426 0.458008 0.914490 2 4 0.299213 32 0.700787
 47 5.533760 3.194917 11.100649 0.657252 0.352452 -0.666181 0.423828 0.899780 2 4 0.200000 32 0.800000
mnt_body_m.png
 47 3.734377 5.888147 11.502270 0.539818 0.841427 -0.024426 0.458008 0.914490 2 4 0.299213 32 0.700787
 47 5.968413 3.359269 11.639463 0.878004 0.478193 0.020963 0.423340 0.914490 2 4 0.299213 32 0.700787
 47 5.533760 3.194917 11.100649 0.657252 0.352452 -0.666181 0.423828 0.899780 2 4 0.200000 32 0.800000
mnt_body_m.png
 47 5.533760 3.194917 11.100649 0.657252 0.352452 -0.666181 0.423828 0.899780 2 4 0.200000 32 0.800000
 47 5.968413 3.359269 11.639463 0.878004 0.478193 0.020963 0.423340 0.914490 2 4 0.299213 32 0.700787
 47 6.389835 -0.000000 11.100649 0.844179 -0.016808 -0.535797 0.387451 0.897888 2 4 0.200000 32 0.800000
mnt_body_m.png
 47 5.968413 3.359269 11.639463 0.878004 0.478193 0.020963 0.423340 0.914490 2 4 0.299213 32 0.700787
 47 6.798429 -0.000000 11.759504 0.999654 -0.008789 0.024781 0.387451 0.914490 2 4 0.299213 32 0.700787
 47 6.389835 -0.000000 11.100649 0.844179 -0.016808 -0.535797 0.387451 0.897888 2 4 0.200000 32 0.800000
mnt_body_m.png
 47 6.389835 -0.000000 11.100649 0.844179 -0.016808 -0.535797 0.387451 0.897888 2 4 0.200000 32 0.800000
 47 6.798429 -0.000000 11.759504 0.999654 -0.008789 0.024781 0.387451 0.914490 2 4 0.299213 32 0.700787
 47 5.533760 -3.194917 11.100649 0.729285 -0.368532 -0.576479 0.348877 0.899963 2 4 0.200000 32 0.800000
mnt_body_m.png
 47 6.798429 -0.000000 11.759504 0.999654 -0.008789 0.024781 0.387451 0.914490 2 4 0.299213 32 0.700787
 47 5.775540 -3.560119 11.639463 0.853666 -0.519207 -0.040971 0.348877 0.914490 2 4 0.299213 32 0.700787
 47 5.533760 -3.194917 11.100649 0.729285 -0.368532 -0.576479 0.348877 0.899963 2 4 0.200000 32 0.800000
mnt_body_m.png
 47 5.533760 -3.194917 11.100649 0.729285 -0.368532 -0.576479 0.348877 0.899963 2 4 0.200000 32 0.800000
 47 5.775540 -3.560119 11.639463 0.853666 -0.519207 -0.040971 0.348877 0.914490 2 4 0.299213 32 0.700787
 47 3.194917 -5.533759 11.100649 0.360928 -0.401013 -0.841973 0.312500 0.899780 2 4 0.200000 32 0.800000
mnt_body_m.png
 47 5.775540 -3.560119 11.639463 0.853666 -0.519207 -0.040971 0.348877 0.914490 2 4 0.299213 32 0.700787
 47 3.274998 -6.171477 11.452154 0.567571 -0.791485 -0.226748 0.311768 0.914490 2 4 0.299213 32 0.700787
 47 3.194917 -5.533759 11.100649 0.360928 -0.401013 -0.841973 0.312500 0.899780 2 4 0.200000 32 0.800000
mnt_body_m.png
 47 3.274998 -6.171477 11.452154 0.567571 -0.791485 -0.226748 0.311768 0.914490 2 4 0.299213 32 0.700787
 47 1.637499 -7.008084 11.411285 0.271810 -0.911268 -0.309372 0.293457 0.914490 2 4 0.299213 32 0.700787
 47 3.194917 -5.533759 11.100649 0.360928 -0.401013 -0.841973 0.312500 0.899780 2 4 0.200000 32 0.800000
mnt_body_m.png
 47 3.194917 -5.533759 11.100649 0.360928 -0.401013 -0.841973 0.312500 0.899780 2 4 0.200000 32 0.800000
 47 1.637499 -7.008084 11.411285 0.271810 -0.911268 -0.309372 0.293457 0.914490 2 4 0.299213 32 0.700787
 47 0.000000 -6.389834 11.100649 -0.000000 -0.290035 -0.957016 0.277100 0.890808 2 4 0.200000 32 0.800000
mnt_body_m.png
 47 0.000000 -6.389834 11.100649 -0.000000 -0.290035 -0.957016 0.277100 0.890808 2 4 0.200000 32 0.800000
 47 1.637499 -7.008084 11.411285 0.271810 -0.911268 -0.309372 0.293457 0.914490 2 4 0.299213 32 0.700787
 47 0.000000 -7.265410 11.370417 0.000000 -0.953175 -0.302418 0.275146 0.914490 2 4 0.287402 32 0.712598
mnt_body_m.png
 47 0.000000 -7.265410 11.370417 0.000000 -0.953175 -0.302418 0.275146 0.914490 2 4 0.287402 32 0.712598
 47 1.637499 -7.008084 11.411285 0.271810 -0.911268 -0.309372 0.293457 0.914490 2 4 0.299213 32 0.700787
 47 0.000000 -7.040709 11.676020 -0.000000 -0.386267 0.922387 0.275146 0.925964 2 4 0.299213 32 0.700787
mnt_body_m.png
 47 1.637499 -7.008084 11.411285 0.271810 -0.911268 -0.309372 0.293457 0.914490 2 4 0.299213 32 0.700787
 47 1.586373 -6.790973 11.761860 0.089616 -0.393764 0.914833 0.293457 0.925964 2 4 0.299213 32 0.700787
 47 0.000000 -7.040709 11.676020 -0.000000 -0.386267 0.922387 0.275146 0.925964 2 4 0.299213 32 0.700787
mnt_body_m.png
 47 0.000000 -7.040709 11.676020 -0.000000 -0.386267 0.922387 0.275146 0.925964 2 4 0.299213 32 0.700787
 47 1.586373 -6.790973 11.761860 0.089616 -0.393764 0.914833 0.293457 0.925964 2 4 0.299213 32 0.700787
 47 0.000000 -0.016690 9.710987 -0.000000 -0.005137 0.999987 0.295410 1.018906 2 4 0.299213 32 0.700787
mnt_body_m.png
 47 0.000000 -0.016690 9.710987 -0.000000 -0.005137 0.999987 0.295410 1.018906 2 4 0.299213 32 0.700787
 47 1.586373 -6.790973 11.761860 0.089616 -0.393764 0.914833 0.293457 0.925964 2 4 0.299213 32 0.700787
 47 3.172746 -5.961954 11.847698 0.219819 -0.347426 0.911578 0.311768 0.925964 2 4 0.299213 32 0.700787
mnt_body_m.png
 47 1.586373 -6.790973 11.761860 0.089616 -0.393764 0.914833 0.293457 0.925964 2 4 0.299213 32 0.700787
 47 3.274998 -6.171477 11.452154 0.567571 -0.791485 -0.226748 0.311768 0.914490 2 4 0.299213 32 0.700787
 47 3.172746 -5.961954 11.847698 0.219819 -0.347426 0.911578 0.311768 0.925964 2 4 0.299213 32 0.700787
mnt_body_m.png
 47 3.274998 -6.171477 11.452154 0.567571 -0.791485 -0.226748 0.311768 0.914490 2 4 0.299213 32 0.700787
 47 5.775540 -3.560119 11.639463 0.853666 -0.519207 -0.040971 0.348877 0.914490 2 4 0.299213 32 0.700787
 47 3.172746 -5.961954 11.847698 0.219819 -0.347426 0.911578 0.311768 0.925964 2 4 0.299213 32 0.700787
mnt_body_m.png
 47 5.775540 -3.560119 11.639463 0.853666 -0.519207 -0.040971 0.348877 0.914490 2 4 0.299213 32 0.700787
 47 5.561429 -3.473897 12.004904 0.335063 -0.238781 0.911436 0.348877 0.925964 2 4 0.299213 32 0.700787
 47 3.172746 -5.961954 11.847698 0.219819 -0.347426 0.911578 0.311768 0.925964 2 4 0.299213 32 0.700787
mnt_body_m.png
 47 3.172746 -5.961954 11.847698 0.219819 -0.347426 0.911578 0.311768 0.925964 2 4 0.299213 32 0.700787
 47 5.561429 -3.473897 12.004904 0.335063 -0.238781 0.911436 0.348877 0.925964 2 4 0.299213 32 0.700787
 47 0.000000 -0.016690 9.710987 -0.000000 -0.005137 0.999987 0.330566 1.018906 2 4 0.299213 32 0.700787
mnt_body_m.png
 47 5.775540 -3.560119 11.639463 0.853666 -0.519207 -0.040971 0.348877 0.914490 2 4 0.299213 32 0.700787
 47 6.569797 -0.016690 12.108142 0.402241 -0.007974 0.915499 0.387451 0.925964 2 4 0.299213 32 0.700787
 47 5.561429 -3.473897 12.004904 0.335063 -0.238781 0.911436 0.348877 0.925964 2 4 0.299213 32 0.700787
mnt_body_m.png
 47 5.561429 -3.473897 12.004904 0.335063 -0.238781 0.911436 0.348877 0.925964 2 4 0.299213 32 0.700787
 47 6.569797 -0.016690 12.108142 0.402241 -0.007974 0.915499 0.387451 0.925964 2 4 0.299213 32 0.700787
 47 0.000000 -0.016690 9.710987 -0.000000 -0.005137 0.999987 0.367188 1.018906 2 4 0.299213 32 0.700787
mnt_body_m.png
 47 5.775540 -3.560119 11.639463 0.853666 -0.519207 -0.040971 0.348877 0.914490 2 4 0.299213 32 0.700787
 47 6.798429 -0.000000 11.759504 0.999654 -0.008789 0.024781 0.387451 0.914490 2 4 0.299213 32 0.700787
 47 6.569797 -0.016690 12.108142 0.402241 -0.007974 0.915499 0.387451 0.925964 2 4 0.299213 32 0.700787
mnt_body_m.png
 47 6.798429 -0.000000 11.759504 0.999654 -0.008789 0.024781 0.387451 0.914490 2 4 0.299213 32 0.700787
 47 5.674630 3.187125 12.018394 0.266506 0.184528 0.946004 0.423096 0.925964 2 4 0.299213 32 0.700787
 47 6.569797 -0.016690 12.108142 0.402241 -0.007974 0.915499 0.387451 0.925964 2 4 0.299213 32 0.700787
mnt_body_m.png
 47 6.569797 -0.016690 12.108142 0.402241 -0.007974 0.915499 0.387451 0.925964 2 4 0.299213 32 0.700787
 47 5.674630 3.187125 12.018394 0.266506 0.184528 0.946004 0.423096 0.925964 2 4 0.299213 32 0.700787
 47 0.000000 -0.016690 9.710987 -0.000000 -0.005137 0.999987 0.406494 1.018906 2 4 0.299213 32 0.700787
mnt_body_m.png
 47 6.798429 -0.000000 11.759504 0.999654 -0.008789 0.024781 0.387451 0.914490 2 4 0.299213 32 0.700787
 47 5.968413 3.359269 11.639463 0.878004 0.478193 0.020963 0.423340 0.914490 2 4 0.299213 32 0.700787
 47 5.674630 3.187125 12.018394 0.266506 0.184528 0.946004 0.423096 0.925964 2 4 0.299213 32 0.700787
mnt_body_m.png
 47 5.968413 3.359269 11.639463 0.878004 0.478193 0.020963 0.423340 0.914490 2 4 0.299213 32 0.700787
 47 3.515171 5.511642 11.836145 0.104586 0.221093 0.969629 0.458008 0.925964 2 4 0.299213 32 0.700787
 47 5.674630 3.187125 12.018394 0.266506 0.184528 0.946004 0.423096 0.925964 2 4 0.299213 32 0.700787
mnt_body_m.png
 47 5.674630 3.187125 12.018394 0.266506 0.184528 0.946004 0.423096 0.925964 2 4 0.299213 32 0.700787
 47 3.515171 5.511642 11.836145 0.104586 0.221093 0.969629 0.458008 0.925964 2 4 0.299213 32 0.700787
 47 0.000000 -0.016690 9.710987 -0.000000 -0.005137 0.999987 0.439941 1.018906 2 4 0.299213 32 0.700787
mnt_body_m.png
 47 5.968413 3.359269 11.639463 0.878004 0.478193 0.020963 0.423340 0.914490 2 4 0.299213 32 0.700787
 47 3.734377 5.888147 11.502270 0.539818 0.841427 -0.024426 0.458008 0.914490 2 4 0.299213 32 0.700787
 47 3.515171 5.511642 11.836145 0.104586 0.221093 0.969629 0.458008 0.925964 2 4 0.299213 32 0.700787
mnt_body_m.png
 47 3.734377 5.888147 11.502270 0.539818 0.841427 -0.024426 0.458008 0.914490 2 4 0.299213 32 0.700787
 47 0.000000 6.725953 11.693153 -0.000000 0.279338 0.960193 0.494629 0.925964 2 4 0.299213 32 0.700787
 47 3.515171 5.511642 11.836145 0.104586 0.221093 0.969629 0.458008 0.925964 2 4 0.299213 32 0.700787
mnt_body_m.png
 47 3.515171 5.511642 11.836145 0.104586 0.221093 0.969629 0.458008 0.925964 2 4 0.299213 32 0.700787
 47 0.000000 6.725953 11.693153 -0.000000 0.279338 0.960193 0.494629 0.925964 2 4 0.299213 32 0.700787
 47 0.000000 -0.016690 9.710987 -0.000000 -0.005137 0.999987 0.473633 1.018906 2 4 0.299213 32 0.700787
mnt_body_m.png
 47 0.000000 7.029651 11.456247 -0.000000 0.997850 -0.065534 0.494629 0.914490 2 4 0.299213 32 0.700787
 47 0.000000 6.725953 11.693153 -0.000000 0.279338 0.960193 0.494629 0.925964 2 4 0.299213 32 0.700787
 47 3.734377 5.888147 11.502270 0.539818 0.841427 -0.024426 0.458008 0.914490 2 4 0.299213 32 0.700787
mnt_body_m.png
 47 1.637499 -7.008084 11.411285 0.271810 -0.911268 -0.309372 0.293457 0.914490 2 4 0.299213 32 0.700787
 47 3.274998 -6.171477 11.452154 0.567571 -0.791485 -0.226748 0.311768 0.914490 2 4 0.299213 32 0.700787
 47 1.586373 -6.790973 11.761860 0.089616 -0.393764 0.914833 0.293457 0.925964 2 4 0.299213 32 0.700787
mnt_body_m.png
 47 0.000000 -6.401814 10.422398 0.000000 -0.769623 -0.638499 0.323486 0.854370 2 4 0.200000 32 0.800000
 47 3.200907 -5.544133 10.422398 0.384812 -0.666513 -0.638499 0.352295 0.854370 2 4 0.200000 32 0.800000
 47 0.000000 -6.730308 10.818352 0.000000 -0.996496 0.083646 0.323486 0.866943 2 4 0.200000 32 0.800000
mnt_body_m.png
 47 3.200907 -5.544133 10.422398 0.384812 -0.666513 -0.638499 0.352295 0.854370 2 4 0.200000 32 0.800000
 47 3.365154 -5.828617 10.818352 0.498248 -0.862990 0.083645 0.352295 0.866943 2 4 0.200000 32 0.800000
 47 0.000000 -6.730308 10.818352 0.000000 -0.996496 0.083646 0.323486 0.866943 2 4 0.200000 32 0.800000
mnt_body_m.png
 47 0.000000 -6.730308 10.818352 0.000000 -0.996496 0.083646 0.323486 0.866943 2 4 0.200000 32 0.800000
 47 3.365154 -5.828617 10.818352 0.498248 -0.862990 0.083645 0.352295 0.866943 2 4 0.200000 32 0.800000
 47 0.000000 -6.389834 11.100649 0.000000 -0.638273 0.769810 0.323486 0.883484 2 4 0.200000 32 0.800000
mnt_body_m.png
 47 0.000000 -6.389834 11.100649 0.000000 -0.638273 0.769810 0.323486 0.883484 2 4 0.200000 32 0.800000
 47 3.365154 -5.828617 10.818352 0.498248 -0.862990 0.083645 0.352295 0.866943 2 4 0.200000 32 0.800000
 47 3.194917 -5.533759 11.100649 0.319137 -0.552762 0.769809 0.352295 0.883484 2 4 0.200000 32 0.800000
mnt_body_m.png
 47 3.365154 -5.828617 10.818352 0.498248 -0.862990 0.083645 0.352295 0.866943 2 4 0.200000 32 0.800000
 47 5.828619 -3.365154 10.818352 0.862990 -0.498248 0.083645 0.381104 0.866943 2 4 0.200000 32 0.800000
 47 3.194917 -5.533759 11.100649 0.319137 -0.552762 0.769809 0.352295 0.883484 2 4 0.200000 32 0.800000
mnt_body_m.png
 47 3.194917 -5.533759 11.100649 0.319137 -0.552762 0.769809 0.352295 0.883484 2 4 0.200000 32 0.800000
 47 5.828619 -3.365154 10.818352 0.862990 -0.498248 0.083645 0.381104 0.866943 2 4 0.200000 32 0.800000
 47 5.533760 -3.194917 11.100649 0.552761 -0.319136 0.769810 0.381104 0.883484 2 4 0.200000 32 0.800000
mnt_body_m.png
 47 5.828619 -3.365154 10.818352 0.862990 -0.498248 0.083645 0.381104 0.866943 2 4 0.200000 32 0.800000
 47 6.730308 -0.000000 10.818352 0.996496 0.000000 0.083646 0.410156 0.866943 2 4 0.200000 32 0.800000
 47 5.533760 -3.194917 11.100649 0.552761 -0.319136 0.769810 0.381104 0.883484 2 4 0.200000 32 0.800000
mnt_body_m.png
 47 5.533760 -3.194917 11.100649 0.552761 -0.319136 0.769810 0.381104 0.883484 2 4 0.200000 32 0.800000
 47 6.730308 -0.000000 10.818352 0.996496 0.000000 0.083646 0.410156 0.866943 2 4 0.200000 32 0.800000
 47 6.389835 -0.000000 11.100649 0.638274 -0.000000 0.769810 0.409912 0.883484 2 4 0.200000 32 0.800000
mnt_body_m.png
 47 6.730308 -0.000000 10.818352 0.996496 0.000000 0.083646 0.410156 0.866943 2 4 0.200000 32 0.800000
 47 5.828619 3.365154 10.818352 0.862990 0.498248 0.083645 0.439209 0.866943 2 4 0.200000 32 0.800000
 47 6.389835 -0.000000 11.100649 0.638274 -0.000000 0.769810 0.409912 0.883484 2 4 0.200000 32 0.800000
mnt_body_m.png
 47 6.389835 -0.000000 11.100649 0.638274 -0.000000 0.769810 0.409912 0.883484 2 4 0.200000 32 0.800000
 47 5.828619 3.365154 10.818352 0.862990 0.498248 0.083645 0.439209 0.866943 2 4 0.200000 32 0.800000
 47 5.533760 3.194917 11.100649 0.552761 0.319137 0.769810 0.439209 0.883484 2 4 0.200000 32 0.800000
mnt_body_m.png
 47 5.828619 3.365154 10.818352 0.862990 0.498248 0.083645 0.439209 0.866943 2 4 0.200000 32 0.800000
 47 3.365154 5.828617 10.818352 0.498248 0.862991 0.083644 0.468506 0.866943 2 4 0.200000 32 0.800000
 47 5.533760 3.194917 11.100649 0.552761 0.319137 0.769810 0.439209 0.883484 2 4 0.200000 32 0.800000
mnt_body_m.png
 47 5.533760 3.194917 11.100649 0.552761 0.319137 0.769810 0.439209 0.883484 2 4 0.200000 32 0.800000
 47 3.365154 5.828617 10.818352 0.498248 0.862991 0.083644 0.468506 0.866943 2 4 0.200000 32 0.800000
 47 3.194917 5.533759 11.100649 0.319137 0.552761 0.769809 0.468506 0.883484 2 4 0.200000 32 0.800000
mnt_body_m.png
 47 3.365154 5.828617 10.818352 0.498248 0.862991 0.083644 0.468506 0.866943 2 4 0.200000 32 0.800000
 47 0.000000 6.730308 10.818352 0.000000 0.996496 0.083646 0.498047 0.866943 2 4 0.200000 32 0.800000
 47 3.194917 5.533759 11.100649 0.319137 0.552761 0.769809 0.468506 0.883484 2 4 0.200000 32 0.800000
mnt_body_m.png
 47 3.194917 5.533759 11.100649 0.319137 0.552761 0.769809 0.468506 0.883484 2 4 0.200000 32 0.800000
 47 0.000000 6.730308 10.818352 0.000000 0.996496 0.083646 0.498047 0.866943 2 4 0.200000 32 0.800000
 47 0.000000 6.389834 11.100649 -0.000000 0.638273 0.769810 0.498047 0.883484 2 4 0.200000 32 0.800000
mnt_body_m.png
 47 0.000000 6.730308 10.818352 0.000000 0.996496 0.083646 0.498047 0.866943 2 4 0.200000 32 0.800000
 47 3.365154 5.828617 10.818352 0.498248 0.862991 0.083644 0.468506 0.866943 2 4 0.200000 32 0.800000
 47 0.000000 6.401814 10.422398 -0.000000 0.769623 -0.638499 0.498047 0.854370 2 4 0.200000 32 0.800000
mnt_body_m.png
 47 0.000000 6.401814 10.422398 -0.000000 0.769623 -0.638499 0.498047 0.854370 2 4 0.200000 32 0.800000
 47 3.365154 5.828617 10.818352 0.498248 0.862991 0.083644 0.468506 0.866943 2 4 0.200000 32 0.800000
 47 3.200907 5.544133 10.422400 0.384811 0.666511 -0.638501 0.468506 0.854370 2 4 0.200000 32 0.800000
mnt_body_m.png
 47 3.365154 5.828617 10.818352 0.498248 0.862991 0.083644 0.468506 0.866943 2 4 0.200000 32 0.800000
 47 5.828619 3.365154 10.818352 0.862990 0.498248 0.083645 0.439209 0.866943 2 4 0.200000 32 0.800000
 47 3.200907 5.544133 10.422400 0.384811 0.666511 -0.638501 0.468506 0.854370 2 4 0.200000 32 0.800000
mnt_body_m.png
 47 3.200907 5.544133 10.422400 0.384811 0.666511 -0.638501 0.468506 0.854370 2 4 0.200000 32 0.800000
 47 5.828619 3.365154 10.818352 0.862990 0.498248 0.083645 0.439209 0.866943 2 4 0.200000 32 0.800000
 47 5.544134 3.200907 10.422398 0.666512 0.384811 -0.638500 0.439209 0.854370 2 4 0.200000 32 0.800000
mnt_body_m.png
 47 5.828619 3.365154 10.818352 0.862990 0.498248 0.083645 0.439209 0.866943 2 4 0.200000 32 0.800000
 47 6.730308 -0.000000 10.818352 0.996496 0.000000 0.083646 0.410156 0.866943 2 4 0.200000 32 0.800000
 47 5.544134 3.200907 10.422398 0.666512 0.384811 -0.638500 0.439209 0.854370 2 4 0.200000 32 0.800000
mnt_body_m.png
 47 5.544134 3.200907 10.422398 0.666512 0.384811 -0.638500 0.439209 0.854370 2 4 0.200000 32 0.800000
 47 6.730308 -0.000000 10.818352 0.996496 0.000000 0.083646 0.410156 0.866943 2 4 0.200000 32 0.800000
 47 6.401815 -0.000000 10.422398 0.769623 0.000000 -0.638498 0.410156 0.854370 2 4 0.200000 32 0.800000
mnt_body_m.png
 47 6.730308 -0.000000 10.818352 0.996496 0.000000 0.083646 0.410156 0.866943 2 4 0.200000 32 0.800000
 47 5.828619 -3.365154 10.818352 0.862990 -0.498248 0.083645 0.381104 0.866943 2 4 0.200000 32 0.800000
 47 6.401815 -0.000000 10.422398 0.769623 0.000000 -0.638498 0.410156 0.854370 2 4 0.200000 32 0.800000
mnt_body_m.png
 47 6.401815 -0.000000 10.422398 0.769623 0.000000 -0.638498 0.410156 0.854370 2 4 0.200000 32 0.800000
 47 5.828619 -3.365154 10.818352 0.862990 -0.498248 0.083645 0.381104 0.866943 2 4 0.200000 32 0.800000
 47 5.544133 -3.200907 10.422398 0.666511 -0.384811 -0.638501 0.381104 0.854370 2 4 0.200000 32 0.800000
mnt_body_m.png
 47 5.828619 -3.365154 10.818352 0.862990 -0.498248 0.083645 0.381104 0.866943 2 4 0.200000 32 0.800000
 47 3.365154 -5.828617 10.818352 0.498248 -0.862990 0.083645 0.352295 0.866943 2 4 0.200000 32 0.800000
 47 5.544133 -3.200907 10.422398 0.666511 -0.384811 -0.638501 0.381104 0.854370 2 4 0.200000 32 0.800000
mnt_body_m.png
 47 5.544133 -3.200907 10.422398 0.666511 -0.384811 -0.638501 0.381104 0.854370 2 4 0.200000 32 0.800000
 47 3.365154 -5.828617 10.818352 0.498248 -0.862990 0.083645 0.352295 0.866943 2 4 0.200000 32 0.800000
 47 3.200907 -5.544133 10.422398 0.384812 -0.666513 -0.638499 0.352295 0.854370 2 4 0.200000 32 0.800000
mnt_body_m.png
 47 3.200907 -5.544133 10.422398 0.361111 -0.625462 0.691662 0.451416 0.701660 2 4 0.200000 32 0.800000
 47 0.000000 -6.401814 10.422398 -0.000000 -0.722222 0.691661 0.391602 0.701660 2 4 0.200000 32 0.800000
 47 3.905143 -6.763906 8.951694 0.403768 -0.699347 0.589818 0.457275 0.637207 2 32 0.200000 41 0.800000
mnt_body_m.png
 47 0.000000 -6.401814 10.422398 -0.000000 -0.722222 0.691661 0.391602 0.701660 2 4 0.200000 32 0.800000
 47 -0.000000 -7.810286 8.951693 -0.000000 -0.807536 0.589818 0.385498 0.637207 3 32 0.200000 41 0.400000 44 0.400000
 47 3.905143 -6.763906 8.951694 0.403768 -0.699347 0.589818 0.457275 0.637207 2 32 0.200000 41 0.800000
mnt_body_m.png
 47 3.905143 -6.763906 8.951694 0.403768 -0.699347 0.589818 0.457275 0.637207 2 32 0.200000 41 0.800000
 47 -0.000000 -7.810286 8.951693 -0.000000 -0.807536 0.589818 0.385498 0.637207 3 32 0.200000 41 0.400000 44 0.400000
 47 4.375011 -7.577744 7.315361 0.464831 -0.805110 0.368416 0.461426 0.573975 2 32 0.098425 41 0.901575
mnt_body_m.png
 47 -0.000000 -7.810286 8.951693 -0.000000 -0.807536 0.589818 0.385498 0.637207 3 32 0.200000 41 0.400000 44 0.400000
 47 -0.000000 -8.750023 7.315360 -0.000000 -0.929661 0.368415 0.381104 0.573975 3 32 0.098814 41 0.450593 44 0.450593
 47 4.375011 -7.577744 7.315361 0.464831 -0.805110 0.368416 0.461426 0.573975 2 32 0.098425 41 0.901575
mnt_body_m.png
 47 0.000000 6.401814 10.422398 -0.000000 0.722222 0.691661 0.391602 0.701660 2 4 0.200000 32 0.800000
 47 3.200907 5.544133 10.422400 0.361112 0.625463 0.691661 0.451416 0.701660 2 4 0.200000 32 0.800000
 47 -0.000000 7.810284 8.951694 -0.000000 0.807536 0.589818 0.385498 0.637207 3 32 0.200000 43 0.400000 46 0.400000
mnt_body_m.png
 47 3.200907 5.544133 10.422400 0.361112 0.625463 0.691661 0.451416 0.701660 2 4 0.200000 32 0.800000
 47 3.905143 6.763905 8.951694 0.403768 0.699347 0.589818 0.457275 0.637207 2 32 0.200000 43 0.800000
 47 -0.000000 7.810284 8.951694 -0.000000 0.807536 0.589818 0.385498 0.637207 3 32 0.200000 43 0.400000 46 0.400000
mnt_body_m.png
 47 -0.000000 7.810284 8.951694 -0.000000 0.807536 0.589818 0.385498 0.637207 3 32 0.200000 43 0.400000 46 0.400000
 47 3.905143 6.763905 8.951694 0.403768 0.699347 0.589818 0.457275 0.637207 2 32 0.200000 43 0.800000
 47 -0.000000 8.750023 7.315361 -0.000000 0.929661 0.368415 0.381104 0.573975 3 32 0.098814 43 0.450593 46 0.450593
mnt_body_m.png
 47 3.905143 6.763905 8.951694 0.403768 0.699347 0.589818 0.457275 0.637207 2 32 0.200000 43 0.800000
 47 4.375012 7.577743 7.315360 0.464831 0.805110 0.368415 0.461426 0.573975 2 32 0.098425 43 0.901575
 47 -0.000000 8.750023 7.315361 -0.000000 0.929661 0.368415 0.381104 0.573975 3 32 0.098814 43 0.450593 46 0.450593
mnt_body_m.png
 47 3.200907 5.544133 10.422400 0.361112 0.625463 0.691661 0.469482 0.701660 2 4 0.200000 32 0.800000
 47 5.544134 3.200907 10.422398 0.625463 0.361111 0.691661 0.533203 0.701660 2 4 0.200000 32 0.800000
 47 3.905143 6.763905 8.951694 0.403768 0.699347 0.589818 0.464600 0.637207 2 32 0.200000 43 0.800000
mnt_body_m.png
 47 5.544134 3.200907 10.422398 0.625463 0.361111 0.691661 0.533203 0.701660 2 4 0.200000 32 0.800000
 47 6.763905 3.905142 8.951694 0.699347 0.403768 0.589818 0.536621 0.637207 3 32 0.200000 42 0.400000 43 0.400000
 47 3.905143 6.763905 8.951694 0.403768 0.699347 0.589818 0.464600 0.637207 2 32 0.200000 43 0.800000
mnt_body_m.png
 47 3.905143 6.763905 8.951694 0.403768 0.699347 0.589818 0.464600 0.637207 2 32 0.200000 43 0.800000
 47 6.763905 3.905142 8.951694 0.699347 0.403768 0.589818 0.536621 0.637207 3 32 0.200000 42 0.400000 43 0.400000
 47 4.375012 7.577743 7.315360 0.464831 0.805110 0.368415 0.461426 0.573975 2 32 0.098425 43 0.901575
mnt_body_m.png
 47 6.763905 3.905142 8.951694 0.699347 0.403768 0.589818 0.536621 0.637207 3 32 0.200000 42 0.400000 43 0.400000
 47 7.577744 4.375010 7.315361 0.805110 0.464831 0.368415 0.539063 0.573975 3 32 0.098814 42 0.450593 43 0.450593
 47 4.375012 7.577743 7.315360 0.464831 0.805110 0.368415 0.461426 0.573975 2 32 0.098425 43 0.901575
mnt_body_m.png
 47 5.544134 3.200907 10.422398 0.625463 0.361111 0.691661 0.548828 0.701660 2 4 0.200000 32 0.800000
 47 6.401815 -0.000000 10.422398 0.722222 -0.000000 0.691661 0.606934 0.701660 2 4 0.200000 32 0.800000
 47 6.763905 3.905142 8.951694 0.699347 0.403768 0.589818 0.542969 0.637207 3 32 0.200000 42 0.400000 43 0.400000
mnt_body_m.png
 47 6.401815 -0.000000 10.422398 0.722222 -0.000000 0.691661 0.606934 0.701660 2 4 0.200000 32 0.800000
 47 7.810286 0.000000 8.951694 0.807536 0.000000 0.589818 0.613281 0.637207 2 32 0.200000 42 0.800000
 47 6.763905 3.905142 8.951694 0.699347 0.403768 0.589818 0.542969 0.637207 3 32 0.200000 42 0.400000 43 0.400000
mnt_body_m.png
 47 6.763905 3.905142 8.951694 0.699347 0.403768 0.589818 0.542969 0.637207 3 32 0.200000 42 0.400000 43 0.400000
 47 7.810286 0.000000 8.951694 0.807536 0.000000 0.589818 0.613281 0.637207 2 32 0.200000 42 0.800000
 47 7.577744 4.375010 7.315361 0.805110 0.464831 0.368415 0.539063 0.573975 3 32 0.098814 42 0.450593 43 0.450593
mnt_body_m.png
 47 7.577744 4.375010 7.315361 0.805110 0.464831 0.368415 0.539063 0.573975 3 32 0.098814 42 0.450593 43 0.450593
 47 7.810286 0.000000 8.951694 0.807536 0.000000 0.589818 0.613281 0.637207 2 32 0.200000 42 0.800000
 47 8.750025 0.000000 7.315361 0.929662 -0.000000 0.368415 0.618164 0.573975 2 32 0.098425 42 0.901575
mnt_body_m.png
 47 7.810286 0.000000 8.951694 0.807536 0.000000 0.589818 0.613281 0.637207 2 32 0.200000 42 0.800000
 47 6.763906 -3.905142 8.951694 0.699347 -0.403768 0.589818 0.542969 0.637207 3 32 0.200000 41 0.400000 42 0.400000
 47 8.750025 0.000000 7.315361 0.929662 -0.000000 0.368415 0.618164 0.573975 2 32 0.098425 42 0.901575
mnt_body_m.png
 47 8.750025 0.000000 7.315361 0.929662 -0.000000 0.368415 0.618164 0.573975 2 32 0.098425 42 0.901575
 47 6.763906 -3.905142 8.951694 0.699347 -0.403768 0.589818 0.542969 0.637207 3 32 0.200000 41 0.400000 42 0.400000
 47 7.577743 -4.375011 7.315361 0.805110 -0.464831 0.368415 0.539063 0.573975 3 32 0.098814 41 0.450593 42 0.450593
mnt_body_m.png
 47 6.763906 -3.905142 8.951694 0.699347 -0.403768 0.589818 0.542969 0.637207 3 32 0.200000 41 0.400000 42 0.400000
 47 7.810286 0.000000 8.951694 0.807536 0.000000 0.589818 0.613281 0.637207 2 32 0.200000 42 0.800000
 47 5.544133 -3.200907 10.422398 0.625462 -0.361111 0.691661 0.548828 0.701660 2 4 0.200000 32 0.800000
mnt_body_m.png
 47 5.544133 -3.200907 10.422398 0.625462 -0.361111 0.691661 0.548828 0.701660 2 4 0.200000 32 0.800000
 47 7.810286 0.000000 8.951694 0.807536 0.000000 0.589818 0.613281 0.637207 2 32 0.200000 42 0.800000
 47 6.401815 -0.000000 10.422398 0.722222 -0.000000 0.691661 0.606934 0.701660 2 4 0.200000 32 0.800000
mnt_body_m.png
 47 5.544133 -3.200907 10.422398 0.625462 -0.361111 0.691661 0.533203 0.701660 2 4 0.200000 32 0.800000
 47 3.200907 -5.544133 10.422398 0.361111 -0.625462 0.691662 0.469482 0.701660 2 4 0.200000 32 0.800000
 47 6.763906 -3.905142 8.951694 0.699347 -0.403768 0.589818 0.536621 0.637207 3 32 0.200000 41 0.400000 42 0.400000
mnt_body_m.png
 47 3.200907 -5.544133 10.422398 0.361111 -0.625462 0.691662 0.469482 0.701660 2 4 0.200000 32 0.800000
 47 3.905143 -6.763906 8.951694 0.403768 -0.699347 0.589818 0.464600 0.637207 2 32 0.200000 41 0.800000
 47 6.763906 -3.905142 8.951694 0.699347 -0.403768 0.589818 0.536621 0.637207 3 32 0.200000 41 0.400000 42 0.400000
mnt_body_m.png
 47 6.763906 -3.905142 8.951694 0.699347 -0.403768 0.589818 0.536621 0.637207 3 32 0.200000 41 0.400000 42 0.400000
 47 3.905143 -6.763906 8.951694 0.403768 -0.699347 0.589818 0.464600 0.637207 2 32 0.200000 41 0.800000
 47 7.577743 -4.375011 7.315361 0.805110 -0.464831 0.368415 0.539063 0.573975 3 32 0.098814 41 0.450593 42 0.450593
mnt_body_m.png
 47 3.905143 -6.763906 8.951694 0.403768 -0.699347 0.589818 0.464600 0.637207 2 32 0.200000 41 0.800000
 47 4.375011 -7.577744 7.315361 0.464831 -0.805110 0.368416 0.461426 0.573975 2 32 0.098425 41 0.901575
 47 7.577743 -4.375011 7.315361 0.805110 -0.464831 0.368415 0.539063 0.573975 3 32 0.098814 41 0.450593 42 0.450593
mnt_body_m.png
 47 0.000000 -0.526038 19.871000 0.000000 -0.997152 0.075417 0.379395 0.742676 2 6 0.800000 8 0.200000
 47 0.373054 -0.360295 19.870737 0.703886 -0.706919 0.069360 0.373535 0.742676 2 6 0.800000 8 0.200000
 47 0.000000 -0.370555 21.926762 0.000000 -0.998192 0.060113 0.376709 0.681641 2 6 0.098425 8 0.901575
mnt_body_m.png
 47 0.373054 -0.360295 19.870737 0.703886 -0.706919 0.069360 0.373535 0.742676 2 6 0.800000 8 0.200000
 47 0.282049 -0.255390 21.930017 0.673162 -0.736702 0.064212 0.372314 0.681641 2 6 0.098425 8 0.901575
 47 0.000000 -0.370555 21.926762 0.000000 -0.998192 0.060113 0.376709 0.681641 2 6 0.098425 8 0.901575
mnt_body_m.png
 47 0.000000 -0.370555 21.926762 0.000000 -0.998192 0.060113 0.376709 0.681641 2 6 0.098425 8 0.901575
 47 0.282049 -0.255390 21.930017 0.673162 -0.736702 0.064212 0.372314 0.681641 2 6 0.098425 8 0.901575
 47 0.000000 -0.266302 24.000027 -0.000000 -0.989538 0.144273 0.371826 0.617920 2 6 0.027559 8 0.972441
mnt_body_m.png
 47 0.282049 -0.255390 21.930017 0.673162 -0.736702 0.064212 0.372314 0.681641 2 6 0.098425 8 0.901575
 47 0.188638 -0.078321 24.015867 0.958255 0.013240 0.285607 0.367920 0.617920 2 6 0.027559 8 0.972441
 47 0.000000 -0.266302 24.000027 -0.000000 -0.989538 0.144273 0.371826 0.617920 2 6 0.027559 8 0.972441
mnt_body_m.png
 47 0.000000 -0.266302 24.000027 -0.000000 -0.989538 0.144273 0.371826 0.617920 2 6 0.027559 8 0.972441
 47 0.188638 -0.078321 24.015867 0.958255 0.013240 0.285607 0.367920 0.617920 2 6 0.027559 8 0.972441
 47 0.000000 -0.193296 24.411409 0.000000 -0.256221 0.966618 0.367920 0.605713 1 8 1.000000
mnt_body_m.png
 47 0.000000 -0.193296 24.411409 0.000000 -0.256221 0.966618 0.367920 0.605713 1 8 1.000000
 47 0.188638 -0.078321 24.015867 0.958255 0.013240 0.285607 0.367920 0.617920 2 6 0.027559 8 0.972441
 47 0.000000 0.109659 24.031715 -0.000000 0.918289 0.395910 0.364014 0.617920 2 6 0.027559 8 0.972441
mnt_body_m.png
 47 0.188638 -0.078321 24.015867 0.958255 0.013240 0.285607 0.367920 0.617920 2 6 0.027559 8 0.972441
 47 0.282049 0.275321 21.943583 0.705449 0.701847 0.098758 0.363770 0.681641 2 6 0.098425 8 0.901575
 47 0.000000 0.109659 24.031715 -0.000000 0.918289 0.395910 0.364014 0.617920 2 6 0.027559 8 0.972441
mnt_body_m.png
 47 0.000000 0.109659 24.031715 -0.000000 0.918289 0.395910 0.364014 0.617920 2 6 0.027559 8 0.972441
 47 0.282049 0.275321 21.943583 0.705449 0.701847 0.098758 0.363770 0.681641 2 6 0.098425 8 0.901575
 47 0.000000 0.414755 21.946840 0.000000 0.994102 0.108446 0.359375 0.681641 2 6 0.098425 8 0.901575
mnt_body_m.png
 47 0.282049 0.275321 21.943583 0.705449 0.701847 0.098758 0.363770 0.681641 2 6 0.098425 8 0.901575
 47 0.373054 0.385828 19.869545 0.704696 0.706702 0.063056 0.362061 0.742676 2 6 0.800000 8 0.200000
 47 0.000000 0.414755 21.946840 0.000000 0.994102 0.108446 0.359375 0.681641 2 6 0.098425 8 0.901575
mnt_body_m.png
 47 0.000000 0.414755 21.946840 0.000000 0.994102 0.108446 0.359375 0.681641 2 6 0.098425 8 0.901575
 47 0.373054 0.385828 19.869545 0.704696 0.706702 0.063056 0.362061 0.742676 2 6 0.800000 8 0.200000
 47 0.000000 0.551569 19.869282 0.000000 0.997839 0.065711 0.356445 0.742676 2 6 0.800000 8 0.200000
mnt_body_m.png
 47 0.282049 0.275321 21.943583 0.705449 0.701847 0.098758 0.363770 0.681641 2 6 0.098425 8 0.901575
 47 0.417358 -0.002169 21.936798 0.996252 -0.017370 0.084741 0.367920 0.681641 2 6 0.098425 8 0.901575
 47 0.373054 0.385828 19.869545 0.704696 0.706702 0.063056 0.362061 0.742676 2 6 0.800000 8 0.200000
mnt_body_m.png
 47 0.373054 0.385828 19.869545 0.704696 0.706702 0.063056 0.362061 0.742676 2 6 0.800000 8 0.200000
 47 0.417358 -0.002169 21.936798 0.996252 -0.017370 0.084741 0.367920 0.681641 2 6 0.098425 8 0.901575
 47 0.538793 0.012767 19.870140 0.997966 -0.000843 0.063736 0.367920 0.742676 2 6 0.800000 8 0.200000
mnt_body_m.png
 47 0.417358 -0.002169 21.936798 0.996252 -0.017370 0.084741 0.367920 0.681641 2 6 0.098425 8 0.901575
 47 0.282049 -0.255390 21.930017 0.673162 -0.736702 0.064212 0.372314 0.681641 2 6 0.098425 8 0.901575
 47 0.538793 0.012767 19.870140 0.997966 -0.000843 0.063736 0.367920 0.742676 2 6 0.800000 8 0.200000
mnt_body_m.png
 47 0.538793 0.012767 19.870140 0.997966 -0.000843 0.063736 0.367920 0.742676 2 6 0.800000 8 0.200000
 47 0.282049 -0.255390 21.930017 0.673162 -0.736702 0.064212 0.372314 0.681641 2 6 0.098425 8 0.901575
 47 0.373054 -0.360295 19.870737 0.703886 -0.706919 0.069360 0.373535 0.742676 2 6 0.800000 8 0.200000
mnt_body_m.png
 47 0.282049 -0.255390 21.930017 0.673162 -0.736702 0.064212 0.372314 0.681641 2 6 0.098425 8 0.901575
 47 0.417358 -0.002169 21.936798 0.996252 -0.017370 0.084741 0.367920 0.681641 2 6 0.098425 8 0.901575
 47 0.188638 -0.078321 24.015867 0.958255 0.013240 0.285607 0.367920 0.617920 2 6 0.027559 8 0.972441
mnt_body_m.png
 47 0.188638 -0.078321 24.015867 0.958255 0.013240 0.285607 0.367920 0.617920 2 6 0.027559 8 0.972441
 47 0.417358 -0.002169 21.936798 0.996252 -0.017370 0.084741 0.367920 0.681641 2 6 0.098425 8 0.901575
 47 0.282049 0.275321 21.943583 0.705449 0.701847 0.098758 0.363770 0.681641 2 6 0.098425 8 0.901575
mnt_body_m.png
 47 0.000000 0.551569 19.869282 0.000000 0.997839 0.065711 0.356445 0.742676 2 6 0.800000 8 0.200000
 47 -0.373054 0.385828 19.869545 -0.704696 0.706702 0.063056 0.362061 0.742676 2 6 0.800000 8 0.200000
 47 0.000000 0.414755 21.946840 0.000000 0.994102 0.108446 0.359131 0.681641 2 6 0.098425 8 0.901575
mnt_body_m.png
 47 -0.373054 0.385828 19.869545 -0.704696 0.706702 0.063056 0.362061 0.742676 2 6 0.800000 8 0.200000
 47 -0.282049 0.275321 21.943583 -0.705449 0.701847 0.098758 0.363525 0.681641 2 6 0.098425 8 0.901575
 47 0.000000 0.414755 21.946840 0.000000 0.994102 0.108446 0.359131 0.681641 2 6 0.098425 8 0.901575
mnt_body_m.png
 47 0.000000 0.414755 21.946840 0.000000 0.994102 0.108446 0.359131 0.681641 2 6 0.098425 8 0.901575
 47 -0.282049 0.275321 21.943583 -0.705449 0.701847 0.098758 0.363525 0.681641 2 6 0.098425 8 0.901575
 47 0.000000 0.109659 24.031715 -0.000000 0.918289 0.395910 0.363770 0.617920 2 6 0.027559 8 0.972441
mnt_body_m.png
 47 -0.282049 0.275321 21.943583 -0.705449 0.701847 0.098758 0.363525 0.681641 2 6 0.098425 8 0.901575
 47 -0.188638 -0.078321 24.015867 -0.958255 0.013240 0.285607 0.367920 0.617920 2 6 0.027559 8 0.972441
 47 0.000000 0.109659 24.031715 -0.000000 0.918289 0.395910 0.363770 0.617920 2 6 0.027559 8 0.972441
mnt_body_m.png
 47 0.000000 0.109659 24.031715 -0.000000 0.918289 0.395910 0.363770 0.617920 2 6 0.027559 8 0.972441
 47 -0.188638 -0.078321 24.015867 -0.958255 0.013240 0.285607 0.367920 0.617920 2 6 0.027559 8 0.972441
 47 0.000000 -0.193296 24.411409 0.000000 -0.256221 0.966618 0.367920 0.605713 1 8 1.000000
mnt_body_m.png
 47 0.000000 -0.193296 24.411409 0.000000 -0.256221 0.966618 0.367920 0.605713 1 8 1.000000
 47 -0.188638 -0.078321 24.015867 -0.958255 0.013240 0.285607 0.367920 0.617920 2 6 0.027559 8 0.972441
 47 0.000000 -0.266302 24.000027 -0.000000 -0.989538 0.144273 0.371826 0.617920 2 6 0.027559 8 0.972441
mnt_body_m.png
 47 -0.188638 -0.078321 24.015867 -0.958255 0.013240 0.285607 0.367920 0.617920 2 6 0.027559 8 0.972441
 47 -0.282049 -0.255390 21.930017 -0.673162 -0.736702 0.064212 0.372070 0.681641 2 6 0.098425 8 0.901575
 47 0.000000 -0.266302 24.000027 -0.000000 -0.989538 0.144273 0.371826 0.617920 2 6 0.027559 8 0.972441
mnt_body_m.png
 47 0.000000 -0.266302 24.000027 -0.000000 -0.989538 0.144273 0.371826 0.617920 2 6 0.027559 8 0.972441
 47 -0.282049 -0.255390 21.930017 -0.673162 -0.736702 0.064212 0.372070 0.681641 2 6 0.098425 8 0.901575
 47 0.000000 -0.370555 21.926762 0.000000 -0.998192 0.060113 0.376221 0.681641 2 6 0.098425 8 0.901575
mnt_body_m.png
 47 -0.282049 -0.255390 21.930017 -0.673162 -0.736702 0.064212 0.372070 0.681641 2 6 0.098425 8 0.901575
 47 -0.373054 -0.360295 19.870737 -0.703886 -0.706919 0.069360 0.373535 0.742676 2 6 0.800000 8 0.200000
 47 0.000000 -0.370555 21.926762 0.000000 -0.998192 0.060113 0.376221 0.681641 2 6 0.098425 8 0.901575
mnt_body_m.png
 47 0.000000 -0.370555 21.926762 0.000000 -0.998192 0.060113 0.376221 0.681641 2 6 0.098425 8 0.901575
 47 -0.373054 -0.360295 19.870737 -0.703886 -0.706919 0.069360 0.373535 0.742676 2 6 0.800000 8 0.200000
 47 0.000000 -0.526038 19.871000 0.000000 -0.997152 0.075417 0.379395 0.742676 2 6 0.800000 8 0.200000
mnt_body_m.png
 47 -0.373054 -0.360295 19.870737 -0.703886 -0.706919 0.069360 0.373535 0.742676 2 6 0.800000 8 0.200000
 47 -0.282049 -0.255390 21.930017 -0.673162 -0.736702 0.064212 0.372070 0.681641 2 6 0.098425 8 0.901575
 47 -0.538793 0.012767 19.870140 -0.997966 -0.000843 0.063736 0.367920 0.742676 2 6 0.800000 8 0.200000
mnt_body_m.png
 47 -0.282049 -0.255390 21.930017 -0.673162 -0.736702 0.064212 0.372070 0.681641 2 6 0.098425 8 0.901575
 47 -0.417358 -0.002169 21.936798 -0.996252 -0.017370 0.084741 0.367920 0.681641 2 6 0.098425 8 0.901575
 47 -0.538793 0.012767 19.870140 -0.997966 -0.000843 0.063736 0.367920 0.742676 2 6 0.800000 8 0.200000
mnt_body_m.png
 47 -0.538793 0.012767 19.870140 -0.997966 -0.000843 0.063736 0.367920 0.742676 2 6 0.800000 8 0.200000
 47 -0.417358 -0.002169 21.936798 -0.996252 -0.017370 0.084741 0.367920 0.681641 2 6 0.098425 8 0.901575
 47 -0.373054 0.385828 19.869545 -0.704696 0.706702 0.063056 0.362061 0.742676 2 6 0.800000 8 0.200000
mnt_body_m.png
 47 -0.373054 0.385828 19.869545 -0.704696 0.706702 0.063056 0.362061 0.742676 2 6 0.800000 8 0.200000
 47 -0.417358 -0.002169 21.936798 -0.996252 -0.017370 0.084741 0.367920 0.681641 2 6 0.098425 8 0.901575
 47 -0.282049 0.275321 21.943583 -0.705449 0.701847 0.098758 0.363525 0.681641 2 6 0.098425 8 0.901575
mnt_body_m.png
 47 -0.282049 0.275321 21.943583 -0.705449 0.701847 0.098758 0.363525 0.681641 2 6 0.098425 8 0.901575
 47 -0.417358 -0.002169 21.936798 -0.996252 -0.017370 0.084741 0.367920 0.681641 2 6 0.098425 8 0.901575
 47 -0.188638 -0.078321 24.015867 -0.958255 0.013240 0.285607 0.367920 0.617920 2 6 0.027559 8 0.972441
mnt_body_m.png
 47 -0.417358 -0.002169 21.936798 -0.996252 -0.017370 0.084741 0.367920 0.681641 2 6 0.098425 8 0.901575
 47 -0.282049 -0.255390 21.930017 -0.673162 -0.736702 0.064212 0.372070 0.681641 2 6 0.098425 8 0.901575
 47 -0.188638 -0.078321 24.015867 -0.958255 0.013240 0.285607 0.367920 0.617920 2 6 0.027559 8 0.972441
mnt_body_m.png
 47 -0.000010 -0.001531 24.598797 -0.202478 0.259452 0.944292 0.496582 0.759644 1 9 1.000000
 47 0.631354 -0.785546 24.949591 -0.193812 0.238409 0.951629 0.483398 0.769653 1 9 1.000000
 47 0.328734 0.097735 24.138760 0.603639 0.641443 0.473467 0.491943 0.748291 1 9 1.000000
mnt_body_m.png
 47 0.328734 0.097735 24.138760 0.603639 0.641443 0.473467 0.491943 0.748291 1 9 1.000000
 47 0.631354 -0.785546 24.949591 -0.193812 0.238409 0.951629 0.483398 0.769653 1 9 1.000000
 47 1.089527 -0.229483 23.480814 0.533933 0.718676 0.445444 0.479980 0.746582 1 9 1.000000
mnt_body_m.png
 47 0.631354 -0.785546 24.949591 -0.193812 0.238409 0.951629 0.483398 0.769653 1 9 1.000000
 47 1.608286 -1.152402 24.520990 0.587813 0.580461 0.563507 0.468750 0.771362 1 9 1.000000
 47 1.089527 -0.229483 23.480814 0.533933 0.718676 0.445444 0.479980 0.746582 1 9 1.000000
mnt_body_m.png
 47 1.089527 -0.229483 23.480814 0.533933 0.718676 0.445444 0.479980 0.746582 1 9 1.000000
 47 1.608286 -1.152402 24.520990 0.587813 0.580461 0.563507 0.468750 0.771362 1 9 1.000000
 47 1.739634 -0.649989 23.537302 0.637785 0.666650 0.385755 0.468018 0.744873 1 9 1.000000
mnt_body_m.png
 47 1.608286 -1.152402 24.520990 0.587813 0.580461 0.563507 0.468750 0.771362 1 9 1.000000
 47 2.537043 -2.057148 24.137587 0.816264 0.373031 0.441091 0.449463 0.776855 1 9 1.000000
 47 1.739634 -0.649989 23.537302 0.637785 0.666650 0.385755 0.468018 0.744873 1 9 1.000000
mnt_body_m.png
 47 1.739634 -0.649989 23.537302 0.637785 0.666650 0.385755 0.468018 0.744873 1 9 1.000000
 47 2.537043 -2.057148 24.137587 0.816264 0.373031 0.441091 0.449463 0.776855 1 9 1.000000
 47 2.260584 -0.956237 22.683113 0.798713 0.543020 0.259204 0.456543 0.736816 1 9 1.000000
mnt_body_m.png
 47 2.260584 -0.956237 22.683113 0.798713 0.543020 0.259204 0.456543 0.736816 1 9 1.000000
 47 2.537043 -2.057148 24.137587 0.816264 0.373031 0.441091 0.449463 0.776855 1 9 1.000000
 47 2.774614 -1.544794 22.252087 0.863376 0.448721 0.230717 0.440918 0.736328 1 9 1.000000
mnt_body_m.png
 47 2.774614 -1.544794 22.252087 0.863376 0.448721 0.230717 0.440918 0.736328 1 9 1.000000
 47 2.537043 -2.057148 24.137587 0.816264 0.373031 0.441091 0.449463 0.776855 1 9 1.000000
 47 3.128090 -2.363363 22.209980 0.945739 0.296457 0.133006 0.429443 0.739990 1 9 1.000000
mnt_body_m.png
 47 2.537043 -2.057148 24.137587 0.816264 0.373031 0.441091 0.449463 0.776855 1 9 1.000000
 47 3.155952 -2.818807 22.996738 0.953492 0.187852 0.235721 0.428223 0.763184 1 9 1.000000
 47 3.128090 -2.363363 22.209980 0.945739 0.296457 0.133006 0.429443 0.739990 1 9 1.000000
mnt_body_m.png
 47 3.155952 -2.818807 22.996738 0.953492 0.187852 0.235721 0.428223 0.763184 1 9 1.000000
 47 3.606949 -4.305954 20.926645 0.634950 -0.747531 0.195030 0.393799 0.729248 1 9 1.000000
 47 3.128090 -2.363363 22.209980 0.945739 0.296457 0.133006 0.429443 0.739990 1 9 1.000000
mnt_body_m.png
 47 3.606949 -4.305954 20.926645 0.634950 -0.747531 0.195030 0.393799 0.729248 1 9 1.000000
 47 3.334787 -3.226894 21.202095 0.969068 0.246482 -0.012443 0.411865 0.731201 1 9 1.000000
 47 3.128090 -2.363363 22.209980 0.945739 0.296457 0.133006 0.429443 0.739990 1 9 1.000000
mnt_body_m.png
 47 3.128090 -2.363363 22.209980 0.945739 0.296457 0.133006 0.429443 0.739990 1 9 1.000000
 47 3.334787 -3.226894 21.202095 0.969068 0.246482 -0.012443 0.411865 0.731201 1 9 1.000000
 47 3.202912 -2.675696 21.594170 0.972591 0.232524 0.000238 0.422119 0.733398 1 9 1.000000
mnt_body_m.png
 47 3.606949 -4.305954 20.926645 0.634950 -0.747531 0.195030 0.393799 0.729248 1 9 1.000000
 47 3.155952 -2.818807 22.996738 0.953492 0.187852 0.235721 0.428223 0.763184 1 9 1.000000
 47 2.936027 -3.501662 23.757761 0.549034 -0.644611 0.532013 0.427246 0.787476 1 9 1.000000
mnt_body_m.png
 47 3.155952 -2.818807 22.996738 0.953492 0.187852 0.235721 0.428223 0.763184 1 9 1.000000
 47 2.537043 -2.057148 24.137587 0.816264 0.373031 0.441091 0.449463 0.776855 1 9 1.000000
 47 2.936027 -3.501662 23.757761 0.549034 -0.644611 0.532013 0.427246 0.787476 1 9 1.000000
mnt_body_m.png
 47 2.936027 -3.501662 23.757761 0.549034 -0.644611 0.532013 0.427246 0.787476 1 9 1.000000
 47 2.537043 -2.057148 24.137587 0.816264 0.373031 0.441091 0.449463 0.776855 1 9 1.000000
 47 2.553278 -3.082516 24.477901 0.419649 -0.526338 0.739502 0.439941 0.796509 1 9 1.000000
mnt_body_m.png
 47 2.553278 -3.082516 24.477901 0.419649 -0.526338 0.739502 0.439941 0.796509 1 9 1.000000
 47 2.537043 -2.057148 24.137587 0.816264 0.373031 0.441091 0.449463 0.776855 1 9 1.000000
 47 1.966193 -2.400719 24.954023 0.170293 -0.219795 0.960568 0.456055 0.798218 1 9 1.000000
mnt_body_m.png
 47 2.537043 -2.057148 24.137587 0.816264 0.373031 0.441091 0.449463 0.776855 1 9 1.000000
 47 1.608286 -1.152402 24.520990 0.587813 0.580461 0.563507 0.468750 0.771362 1 9 1.000000
 47 1.966193 -2.400719 24.954023 0.170293 -0.219795 0.960568 0.456055 0.798218 1 9 1.000000
mnt_body_m.png
 47 1.966193 -2.400719 24.954023 0.170293 -0.219795 0.960568 0.456055 0.798218 1 9 1.000000
 47 1.608286 -1.152402 24.520990 0.587813 0.580461 0.563507 0.468750 0.771362 1 9 1.000000
 47 1.262718 -1.569561 25.008005 0.000716 0.000142 1.000000 0.470947 0.788086 1 9 1.000000
mnt_body_m.png
 47 1.608286 -1.152402 24.520990 0.587813 0.580461 0.563507 0.468750 0.771362 1 9 1.000000
 47 0.631354 -0.785546 24.949591 -0.193812 0.238409 0.951629 0.483398 0.769653 1 9 1.000000
 47 1.262718 -1.569561 25.008005 0.000716 0.000142 1.000000 0.470947 0.788086 1 9 1.000000
mnt_body_m.png
 47 -0.000010 -0.001531 24.598797 -0.202478 0.259452 0.944292 0.496582 0.759644 1 9 1.000000
 47 -0.155573 -0.308650 24.139406 -0.757327 -0.456743 0.466736 0.491943 0.748291 1 9 1.000000
 47 0.631354 -0.785546 24.949591 -0.193812 0.238409 0.951629 0.483398 0.769653 1 9 1.000000
mnt_body_m.png
 47 -0.155573 -0.308650 24.139406 -0.757327 -0.456743 0.466736 0.491943 0.748291 1 9 1.000000
 47 0.020682 -1.131205 23.486399 -0.822498 -0.373035 0.429350 0.479980 0.746582 1 9 1.000000
 47 0.631354 -0.785546 24.949591 -0.193812 0.238409 0.951629 0.483398 0.769653 1 9 1.000000
mnt_body_m.png
 47 0.020682 -1.131205 23.486399 -0.822498 -0.373035 0.429350 0.479980 0.746582 1 9 1.000000
 47 0.782169 -1.841303 24.522114 -0.684940 -0.479067 0.548956 0.468750 0.771362 1 9 1.000000
 47 0.631354 -0.785546 24.949591 -0.193812 0.238409 0.951629 0.483398 0.769653 1 9 1.000000
mnt_body_m.png
 47 0.631354 -0.785546 24.949591 -0.193812 0.238409 0.951629 0.483398 0.769653 1 9 1.000000
 47 0.782169 -1.841303 24.522114 -0.684940 -0.479067 0.548956 0.468750 0.771362 1 9 1.000000
 47 1.262718 -1.569561 25.008005 0.000716 0.000142 1.000000 0.470947 0.788086 1 9 1.000000
mnt_body_m.png
 47 1.262718 -1.569561 25.008005 0.000716 0.000142 1.000000 0.470947 0.788086 1 9 1.000000
 47 0.782169 -1.841303 24.522114 -0.684940 -0.479067 0.548956 0.468750 0.771362 1 9 1.000000
 47 1.966193 -2.400719 24.954023 0.170293 -0.219795 0.960568 0.456055 0.798218 1 9 1.000000
mnt_body_m.png
 47 0.782169 -1.841303 24.522114 -0.684940 -0.479067 0.548956 0.468750 0.771362 1 9 1.000000
 47 1.553598 -2.874126 24.127998 -0.508494 -0.754229 0.415419 0.449463 0.776855 1 9 1.000000
 47 1.966193 -2.400719 24.954023 0.170293 -0.219795 0.960568 0.456055 0.798218 1 9 1.000000
mnt_body_m.png
 47 1.966193 -2.400719 24.954023 0.170293 -0.219795 0.960568 0.456055 0.798218 1 9 1.000000
 47 1.553598 -2.874126 24.127998 -0.508494 -0.754229 0.415419 0.449463 0.776855 1 9 1.000000
 47 2.553278 -3.082516 24.477901 0.419649 -0.526338 0.739502 0.439941 0.796509 1 9 1.000000
mnt_body_m.png
 47 2.553278 -3.082516 24.477901 0.419649 -0.526338 0.739502 0.439941 0.796509 1 9 1.000000
 47 1.553598 -2.874126 24.127998 -0.508494 -0.754229 0.415419 0.449463 0.776855 1 9 1.000000
 47 2.936027 -3.501662 23.757761 0.549034 -0.644611 0.532013 0.427246 0.787476 1 9 1.000000
mnt_body_m.png
 47 1.553598 -2.874126 24.127998 -0.508494 -0.754229 0.415419 0.449463 0.776855 1 9 1.000000
 47 2.220417 -3.603820 22.997984 -0.322699 -0.913570 0.247497 0.428223 0.763184 1 9 1.000000
 47 2.936027 -3.501662 23.757761 0.549034 -0.644611 0.532013 0.427246 0.787476 1 9 1.000000
mnt_body_m.png
 47 2.936027 -3.501662 23.757761 0.549034 -0.644611 0.532013 0.427246 0.787476 1 9 1.000000
 47 2.220417 -3.603820 22.997984 -0.322699 -0.913570 0.247497 0.428223 0.763184 1 9 1.000000
 47 3.606949 -4.305954 20.926645 0.634950 -0.747531 0.195030 0.393799 0.729248 1 9 1.000000
mnt_body_m.png
 47 2.220417 -3.603820 22.997984 -0.322699 -0.913570 0.247497 0.428223 0.763184 1 9 1.000000
 47 1.729942 -3.518378 22.218779 -0.460959 -0.875803 0.143131 0.429443 0.739990 1 9 1.000000
 47 3.606949 -4.305954 20.926645 0.634950 -0.747531 0.195030 0.393799 0.729248 1 9 1.000000
mnt_body_m.png
 47 3.606949 -4.305954 20.926645 0.634950 -0.747531 0.195030 0.393799 0.729248 1 9 1.000000
 47 1.729942 -3.518378 22.218779 -0.460959 -0.875803 0.143131 0.429443 0.739990 1 9 1.000000
 47 2.578314 -3.861655 21.203106 -0.402466 -0.915039 -0.026907 0.411865 0.731201 1 9 1.000000
mnt_body_m.png
 47 1.729942 -3.518378 22.218779 -0.460959 -0.875803 0.143131 0.429443 0.739990 1 9 1.000000
 47 2.051786 -3.641612 21.595707 -0.402475 -0.915035 -0.026916 0.422119 0.733398 1 9 1.000000
 47 2.578314 -3.861655 21.203106 -0.402466 -0.915039 -0.026907 0.411865 0.731201 1 9 1.000000
mnt_body_m.png
 47 2.220417 -3.603820 22.997984 -0.322699 -0.913570 0.247497 0.428223 0.763184 1 9 1.000000
 47 1.553598 -2.874126 24.127998 -0.508494 -0.754229 0.415419 0.449463 0.776855 1 9 1.000000
 47 1.729942 -3.518378 22.218779 -0.460959 -0.875803 0.143131 0.429443 0.739990 1 9 1.000000
mnt_body_m.png
 47 1.729942 -3.518378 22.218779 -0.460959 -0.875803 0.143131 0.429443 0.739990 1 9 1.000000
 47 1.553598 -2.874126 24.127998 -0.508494 -0.754229 0.415419 0.449463 0.776855 1 9 1.000000
 47 1.051003 -2.970479 22.269857 -0.630245 -0.747669 0.209241 0.440918 0.736328 1 9 1.000000
mnt_body_m.png
 47 1.051003 -2.970479 22.269857 -0.630245 -0.747669 0.209241 0.440918 0.736328 1 9 1.000000
 47 1.553598 -2.874126 24.127998 -0.508494 -0.754229 0.415419 0.449463 0.776855 1 9 1.000000
 47 0.554101 -2.390889 22.688440 -0.667151 -0.710190 0.224809 0.456543 0.736816 1 9 1.000000
mnt_body_m.png
 47 0.554101 -2.390889 22.688440 -0.667151 -0.710190 0.224809 0.456543 0.736816 1 9 1.000000
 47 1.553598 -2.874126 24.127998 -0.508494 -0.754229 0.415419 0.449463 0.776855 1 9 1.000000
 47 0.307621 -1.860471 23.546831 -0.775929 -0.524291 0.350790 0.468018 0.744873 1 9 1.000000
mnt_body_m.png
 47 1.553598 -2.874126 24.127998 -0.508494 -0.754229 0.415419 0.449463 0.776855 1 9 1.000000
 47 0.782169 -1.841303 24.522114 -0.684940 -0.479067 0.548956 0.468750 0.771362 1 9 1.000000
 47 0.307621 -1.860471 23.546831 -0.775929 -0.524291 0.350790 0.468018 0.744873 1 9 1.000000
mnt_body_m.png
 47 0.307621 -1.860471 23.546831 -0.775929 -0.524291 0.350790 0.468018 0.744873 1 9 1.000000
 47 0.782169 -1.841303 24.522114 -0.684940 -0.479067 0.548956 0.468750 0.771362 1 9 1.000000
 47 0.020682 -1.131205 23.486399 -0.822498 -0.373035 0.429350 0.479980 0.746582 1 9 1.000000
mnt_body_m.png
 47 0.328734 0.097735 24.138760 -0.650603 0.014047 -0.759288 0.329346 0.815674 1 9 1.000000
 47 1.089527 -0.229483 23.480814 -0.503138 -0.626165 -0.595625 0.341797 0.816040 1 9 1.000000
 47 0.009052 -0.020738 24.410490 -0.057122 0.061652 -0.996462 0.325195 0.808472 1 9 1.000000
mnt_body_m.png
 47 0.009052 -0.020738 24.410490 -0.057122 0.061652 -0.996462 0.325195 0.808472 1 9 1.000000
 47 1.089527 -0.229483 23.480814 -0.503138 -0.626165 -0.595625 0.341797 0.816040 1 9 1.000000
 47 0.843930 -1.040445 24.624958 0.072660 -0.086830 -0.993570 0.344482 0.796875 1 9 1.000000
mnt_body_m.png
 47 1.089527 -0.229483 23.480814 -0.503138 -0.626165 -0.595625 0.341797 0.816040 1 9 1.000000
 47 1.739634 -0.649989 23.537302 -0.691218 -0.466306 -0.552065 0.356445 0.819946 1 9 1.000000
 47 0.843930 -1.040445 24.624958 0.072660 -0.086830 -0.993570 0.344482 0.796875 1 9 1.000000
mnt_body_m.png
 47 0.843930 -1.040445 24.624958 0.072660 -0.086830 -0.993570 0.344482 0.796875 1 9 1.000000
 47 1.739634 -0.649989 23.537302 -0.691218 -0.466306 -0.552065 0.356445 0.819946 1 9 1.000000
 47 1.678807 -2.060152 24.547045 -0.196837 0.261746 -0.944851 0.363770 0.785400 1 9 1.000000
mnt_body_m.png
 47 1.739634 -0.649989 23.537302 -0.691218 -0.466306 -0.552065 0.356445 0.819946 1 9 1.000000
 47 2.260584 -0.956237 22.683113 -0.821870 -0.349912 -0.449546 0.371094 0.829590 1 9 1.000000
 47 1.678807 -2.060152 24.547045 -0.196837 0.261746 -0.944851 0.363770 0.785400 1 9 1.000000
mnt_body_m.png
 47 1.678807 -2.060152 24.547045 -0.196837 0.261746 -0.944851 0.363770 0.785400 1 9 1.000000
 47 2.260584 -0.956237 22.683113 -0.821870 -0.349912 -0.449546 0.371094 0.829590 1 9 1.000000
 47 2.616377 -3.115544 23.883413 -0.426795 0.499244 -0.754057 0.388672 0.784180 1 9 1.000000
mnt_body_m.png
 47 2.260584 -0.956237 22.683113 -0.821870 -0.349912 -0.449546 0.371094 0.829590 1 9 1.000000
 47 2.774614 -1.544794 22.252087 -0.822913 -0.367299 -0.433482 0.385010 0.830444 1 9 1.000000
 47 2.616377 -3.115544 23.883413 -0.426795 0.499244 -0.754057 0.388672 0.784180 1 9 1.000000
mnt_body_m.png
 47 2.774614 -1.544794 22.252087 -0.822913 -0.367299 -0.433482 0.385010 0.830444 1 9 1.000000
 47 3.128090 -2.363363 22.209980 -0.948439 -0.050817 -0.312861 0.397705 0.822632 1 9 1.000000
 47 2.616377 -3.115544 23.883413 -0.426795 0.499244 -0.754057 0.388672 0.784180 1 9 1.000000
mnt_body_m.png
 47 3.128090 -2.363363 22.209980 -0.948439 -0.050817 -0.312861 0.397705 0.822632 1 9 1.000000
 47 3.202912 -2.675696 21.594170 -0.969088 0.009080 -0.246549 0.408447 0.827393 1 9 1.000000
 47 2.616377 -3.115544 23.883413 -0.426795 0.499244 -0.754057 0.388672 0.784180 1 9 1.000000
mnt_body_m.png
 47 3.202912 -2.675696 21.594170 -0.969088 0.009080 -0.246549 0.408447 0.827393 1 9 1.000000
 47 3.334787 -3.226894 21.202095 -0.958307 -0.136377 -0.251097 0.419678 0.826050 1 9 1.000000
 47 2.616377 -3.115544 23.883413 -0.426795 0.499244 -0.754057 0.388672 0.784180 1 9 1.000000
mnt_body_m.png
 47 2.616377 -3.115544 23.883413 -0.426795 0.499244 -0.754057 0.388672 0.784180 1 9 1.000000
 47 3.334787 -3.226894 21.202095 -0.958307 -0.136377 -0.251097 0.419678 0.826050 1 9 1.000000
 47 3.606949 -4.305954 20.926645 -0.572508 0.675999 -0.463961 0.436523 0.816040 1 9 1.000000
mnt_body_m.png
 47 3.606949 -4.305954 20.926645 -0.572508 0.675999 -0.463961 0.436523 0.816040 1 9 1.000000
 47 2.578314 -3.861655 21.203106 0.283375 0.922835 -0.260912 0.419678 0.826050 1 9 1.000000
 47 2.616377 -3.115544 23.883413 -0.426795 0.499244 -0.754057 0.388672 0.784180 1 9 1.000000
mnt_body_m.png
 47 2.578314 -3.861655 21.203106 0.283375 0.922835 -0.260912 0.419678 0.826050 1 9 1.000000
 47 2.051786 -3.641612 21.595707 0.135593 0.957733 -0.253698 0.408447 0.827393 1 9 1.000000
 47 2.616377 -3.115544 23.883413 -0.426795 0.499244 -0.754057 0.388672 0.784180 1 9 1.000000
mnt_body_m.png
 47 2.051786 -3.641612 21.595707 0.135593 0.957733 -0.253698 0.408447 0.827393 1 9 1.000000
 47 1.729942 -3.518378 22.218779 0.228852 0.911262 -0.342387 0.397705 0.822632 1 9 1.000000
 47 2.616377 -3.115544 23.883413 -0.426795 0.499244 -0.754057 0.388672 0.784180 1 9 1.000000
mnt_body_m.png
 47 1.729942 -3.518378 22.218779 0.228852 0.911262 -0.342387 0.397705 0.822632 1 9 1.000000
 47 1.051003 -2.970479 22.269857 0.520489 0.732307 -0.439110 0.385010 0.830444 1 9 1.000000
 47 2.616377 -3.115544 23.883413 -0.426795 0.499244 -0.754057 0.388672 0.784180 1 9 1.000000
mnt_body_m.png
 47 1.051003 -2.970479 22.269857 0.520489 0.732307 -0.439110 0.385010 0.830444 1 9 1.000000
 47 0.554101 -2.390889 22.688440 0.478672 0.770500 -0.420955 0.371094 0.829590 1 9 1.000000
 47 2.616377 -3.115544 23.883413 -0.426795 0.499244 -0.754057 0.388672 0.784180 1 9 1.000000
mnt_body_m.png
 47 2.616377 -3.115544 23.883413 -0.426795 0.499244 -0.754057 0.388672 0.784180 1 9 1.000000
 47 0.554101 -2.390889 22.688440 0.478672 0.770500 -0.420955 0.371094 0.829590 1 9 1.000000
 47 1.678807 -2.060152 24.547045 -0.196837 0.261746 -0.944851 0.363770 0.785400 1 9 1.000000
mnt_body_m.png
 47 0.554101 -2.390889 22.688440 0.478672 0.770500 -0.420955 0.371094 0.829590 1 9 1.000000
 47 0.307621 -1.860471 23.546831 0.585704 0.606024 -0.538225 0.356445 0.819946 1 9 1.000000
 47 1.678807 -2.060152 24.547045 -0.196837 0.261746 -0.944851 0.363770 0.785400 1 9 1.000000
mnt_body_m.png
 47 1.678807 -2.060152 24.547045 -0.196837 0.261746 -0.944851 0.363770 0.785400 1 9 1.000000
 47 0.307621 -1.860471 23.546831 0.585704 0.606024 -0.538225 0.356445 0.819946 1 9 1.000000
 47 0.843930 -1.040445 24.624958 0.072660 -0.086830 -0.993570 0.344482 0.796875 1 9 1.000000
mnt_body_m.png
 47 0.307621 -1.860471 23.546831 0.585704 0.606024 -0.538225 0.356445 0.819946 1 9 1.000000
 47 0.020682 -1.131205 23.486399 0.719373 0.367814 -0.589250 0.341797 0.816040 1 9 1.000000
 47 0.843930 -1.040445 24.624958 0.072660 -0.086830 -0.993570 0.344482 0.796875 1 9 1.000000
mnt_body_m.png
 47 0.843930 -1.040445 24.624958 0.072660 -0.086830 -0.993570 0.344482 0.796875 1 9 1.000000
 47 0.020682 -1.131205 23.486399 0.719373 0.367814 -0.589250 0.341797 0.816040 1 9 1.000000
 47 0.009052 -0.020738 24.410490 -0.057122 0.061652 -0.996462 0.325195 0.808472 1 9 1.000000
mnt_body_m.png
 47 0.020682 -1.131205 23.486399 0.719373 0.367814 -0.589250 0.341797 0.816040 1 9 1.000000
 47 -0.155573 -0.308650 24.139406 0.142787 0.633983 -0.760051 0.329346 0.815674 1 9 1.000000
 47 0.009052 -0.020738 24.410490 -0.057122 0.061652 -0.996462 0.325195 0.808472 1 9 1.000000
mnt_body_m.png
 47 -0.054091 0.306090 24.167986 0.054532 -0.645775 -0.761578 0.329346 0.815674 1 9 1.000000
 47 0.214921 1.109274 23.506193 0.645838 -0.485306 -0.589383 0.341797 0.816040 1 9 1.000000
 47 0.095433 -0.009738 24.446497 -0.053711 -0.059484 -0.996783 0.325195 0.808472 1 9 1.000000
mnt_body_m.png
 47 0.214921 1.109274 23.506193 0.645838 -0.485306 -0.589383 0.341797 0.816040 1 9 1.000000
 47 1.062024 0.933804 24.666317 0.067292 0.067360 -0.995457 0.344482 0.796875 1 9 1.000000
 47 0.095433 -0.009738 24.446497 -0.053711 -0.059484 -0.996783 0.325195 0.808472 1 9 1.000000
mnt_body_m.png
 47 1.062024 0.933804 24.666317 0.067292 0.067360 -0.995457 0.344482 0.796875 1 9 1.000000
 47 1.225367 0.104188 23.511887 -0.467848 0.663812 -0.583500 0.341797 0.816040 1 9 1.000000
 47 0.095433 -0.009738 24.446497 -0.053711 -0.059484 -0.996783 0.325195 0.808472 1 9 1.000000
mnt_body_m.png
 47 0.095433 -0.009738 24.446497 -0.053711 -0.059484 -0.996783 0.325195 0.808472 1 9 1.000000
 47 1.225367 0.104188 23.511887 -0.467848 0.663812 -0.583500 0.341797 0.816040 1 9 1.000000
 47 0.404111 -0.152108 24.168652 -0.640139 0.098920 -0.761864 0.329346 0.815674 1 9 1.000000
mnt_body_m.png
 47 1.225367 0.104188 23.511887 -0.467848 0.663812 -0.583500 0.341797 0.816040 1 9 1.000000
 47 1.062024 0.933804 24.666317 0.067292 0.067360 -0.995457 0.344482 0.796875 1 9 1.000000
 47 1.894769 0.511532 23.560915 -0.672458 0.534606 -0.511857 0.356445 0.819946 1 9 1.000000
mnt_body_m.png
 47 1.062024 0.933804 24.666317 0.067292 0.067360 -0.995457 0.344482 0.796875 1 9 1.000000
 47 2.028616 1.877346 24.586458 -0.246172 -0.220417 -0.943830 0.363770 0.785400 1 9 1.000000
 47 1.894769 0.511532 23.560915 -0.672458 0.534606 -0.511857 0.356445 0.819946 1 9 1.000000
mnt_body_m.png
 47 1.894769 0.511532 23.560915 -0.672458 0.534606 -0.511857 0.356445 0.819946 1 9 1.000000
 47 2.028616 1.877346 24.586458 -0.246172 -0.220417 -0.943830 0.363770 0.785400 1 9 1.000000
 47 2.399992 0.825176 22.681257 -0.796533 0.441439 -0.413119 0.371094 0.829590 1 9 1.000000
mnt_body_m.png
 47 2.028616 1.877346 24.586458 -0.246172 -0.220417 -0.943830 0.363770 0.785400 1 9 1.000000
 47 3.022470 2.928928 23.906269 -0.451008 -0.459598 -0.765089 0.388672 0.784180 1 9 1.000000
 47 2.399992 0.825176 22.681257 -0.796533 0.441439 -0.413119 0.371094 0.829590 1 9 1.000000
mnt_body_m.png
 47 2.399992 0.825176 22.681257 -0.796533 0.441439 -0.413119 0.371094 0.829590 1 9 1.000000
 47 3.022470 2.928928 23.906269 -0.451008 -0.459598 -0.765089 0.388672 0.784180 1 9 1.000000
 47 2.987333 1.344882 22.252153 -0.744122 0.490312 -0.453736 0.385010 0.830444 1 9 1.000000
mnt_body_m.png
 47 2.987333 1.344882 22.252153 -0.744122 0.490312 -0.453736 0.385010 0.830444 1 9 1.000000
 47 3.022470 2.928928 23.906269 -0.451008 -0.459598 -0.765089 0.388672 0.784180 1 9 1.000000
 47 3.512968 2.059821 22.200102 -0.923641 0.161265 -0.347680 0.397705 0.822632 1 9 1.000000
mnt_body_m.png
 47 3.512968 2.059821 22.200102 -0.923641 0.161265 -0.347680 0.397705 0.822632 1 9 1.000000
 47 3.022470 2.928928 23.906269 -0.451008 -0.459598 -0.765089 0.388672 0.784180 1 9 1.000000
 47 3.610046 2.399448 21.561487 -0.965906 0.051604 -0.253698 0.408447 0.827393 1 9 1.000000
mnt_body_m.png
 47 3.610046 2.399448 21.561487 -0.965906 0.051604 -0.253698 0.408447 0.827393 1 9 1.000000
 47 3.022470 2.928928 23.906269 -0.451008 -0.459598 -0.765089 0.388672 0.784180 1 9 1.000000
 47 3.787685 2.956715 21.159088 -0.944021 0.201867 -0.260911 0.419678 0.826050 1 9 1.000000
mnt_body_m.png
 47 3.022470 2.928928 23.906269 -0.451008 -0.459598 -0.765089 0.388672 0.784180 1 9 1.000000
 47 4.149449 4.046691 20.875731 -0.623530 -0.629245 -0.463961 0.436523 0.816040 1 9 1.000000
 47 3.787685 2.956715 21.159088 -0.944021 0.201867 -0.260911 0.419678 0.826050 1 9 1.000000
mnt_body_m.png
 47 1.062024 0.933804 24.666317 0.067292 0.067360 -0.995457 0.344482 0.796875 1 9 1.000000
 47 0.635787 1.761410 23.551897 0.527777 -0.666707 -0.526264 0.356445 0.819946 1 9 1.000000
 47 2.028616 1.877346 24.586458 -0.246172 -0.220417 -0.943830 0.363770 0.785400 1 9 1.000000
mnt_body_m.png
 47 0.635787 1.761410 23.551897 0.527777 -0.666707 -0.526264 0.356445 0.819946 1 9 1.000000
 47 0.916285 2.306090 22.676247 0.451248 -0.775266 -0.441971 0.371094 0.829590 1 9 1.000000
 47 2.028616 1.877346 24.586458 -0.246172 -0.220417 -0.943830 0.363770 0.785400 1 9 1.000000
mnt_body_m.png
 47 2.028616 1.877346 24.586458 -0.246172 -0.220417 -0.943830 0.363770 0.785400 1 9 1.000000
 47 0.916285 2.306090 22.676247 0.451248 -0.775266 -0.441971 0.371094 0.829590 1 9 1.000000
 47 3.022470 2.928928 23.906269 -0.451008 -0.459598 -0.765089 0.388672 0.784180 1 9 1.000000
mnt_body_m.png
 47 0.916285 2.306090 22.676247 0.451248 -0.775266 -0.441971 0.371094 0.829590 1 9 1.000000
 47 1.431375 2.922946 22.234545 0.472789 -0.759224 -0.447269 0.385010 0.830444 1 9 1.000000
 47 3.022470 2.928928 23.906269 -0.451008 -0.459598 -0.765089 0.388672 0.784180 1 9 1.000000
mnt_body_m.png
 47 1.431375 2.922946 22.234545 0.472789 -0.759224 -0.447269 0.385010 0.830444 1 9 1.000000
 47 2.208744 3.384220 22.191084 0.146513 -0.936653 -0.318142 0.397705 0.822632 1 9 1.000000
 47 3.022470 2.928928 23.906269 -0.451008 -0.459598 -0.765089 0.388672 0.784180 1 9 1.000000
mnt_body_m.png
 47 2.208744 3.384220 22.191084 0.146513 -0.936653 -0.318142 0.397705 0.822632 1 9 1.000000
 47 2.520967 3.488518 21.559910 0.075416 -0.966192 -0.246549 0.408447 0.827393 1 9 1.000000
 47 3.022470 2.928928 23.906269 -0.451008 -0.459598 -0.765089 0.388672 0.784180 1 9 1.000000
mnt_body_m.png
 47 2.520967 3.488518 21.559910 0.075416 -0.966192 -0.246549 0.408447 0.827393 1 9 1.000000
 47 3.071987 3.672407 21.158054 0.219380 -0.942774 -0.251097 0.419678 0.826050 1 9 1.000000
 47 3.022470 2.928928 23.906269 -0.451008 -0.459598 -0.765089 0.388672 0.784180 1 9 1.000000
mnt_body_m.png
 47 3.022470 2.928928 23.906269 -0.451008 -0.459598 -0.765089 0.388672 0.784180 1 9 1.000000
 47 3.071987 3.672407 21.158054 0.219380 -0.942774 -0.251097 0.419678 0.826050 1 9 1.000000
 47 4.149449 4.046691 20.875731 -0.623530 -0.629245 -0.463961 0.436523 0.816040 1 9 1.000000
mnt_body_m.png
 47 0.635787 1.761410 23.551897 0.527777 -0.666707 -0.526264 0.356445 0.819946 1 9 1.000000
 47 1.062024 0.933804 24.666317 0.067292 0.067360 -0.995457 0.344482 0.796875 1 9 1.000000
 47 0.214921 1.109274 23.506193 0.645838 -0.485306 -0.589383 0.341797 0.816040 1 9 1.000000
mnt_body_m.png
 47 3.610046 2.399448 21.561487 0.946632 -0.321191 -0.026915 0.422119 0.733398 1 9 1.000000
 47 3.787685 2.956715 21.159088 0.946634 -0.321185 -0.026909 0.411865 0.731201 1 9 1.000000
 47 3.512968 2.059821 22.200102 0.908205 -0.394493 0.139781 0.429443 0.739990 1 9 1.000000
mnt_body_m.png
 47 3.787685 2.956715 21.159088 0.946634 -0.321185 -0.026909 0.411865 0.731201 1 9 1.000000
 47 4.149449 4.046691 20.875731 0.689347 0.697685 0.195029 0.393799 0.729248 1 9 1.000000
 47 3.512968 2.059821 22.200102 0.908205 -0.394493 0.139781 0.429443 0.739990 1 9 1.000000
mnt_body_m.png
 47 4.149449 4.046691 20.875731 0.689347 0.697685 0.195029 0.393799 0.729248 1 9 1.000000
 47 3.556394 2.568253 22.998751 0.938219 -0.241848 0.247498 0.428223 0.763184 1 9 1.000000
 47 3.512968 2.059821 22.200102 0.908205 -0.394493 0.139781 0.429443 0.739990 1 9 1.000000
mnt_body_m.png
 47 3.556394 2.568253 22.998751 0.938219 -0.241848 0.247498 0.428223 0.763184 1 9 1.000000
 47 2.870908 1.822213 24.156956 0.792638 -0.455625 0.405130 0.449463 0.776855 1 9 1.000000
 47 3.512968 2.059821 22.200102 0.908205 -0.394493 0.139781 0.429443 0.739990 1 9 1.000000
mnt_body_m.png
 47 3.512968 2.059821 22.200102 0.908205 -0.394493 0.139781 0.429443 0.739990 1 9 1.000000
 47 2.870908 1.822213 24.156956 0.792638 -0.455625 0.405130 0.449463 0.776855 1 9 1.000000
 47 2.987333 1.344882 22.252153 0.767647 -0.609018 0.199536 0.440918 0.736328 1 9 1.000000
mnt_body_m.png
 47 2.987333 1.344882 22.252153 0.767647 -0.609018 0.199536 0.440918 0.736328 1 9 1.000000
 47 2.870908 1.822213 24.156956 0.792638 -0.455625 0.405130 0.449463 0.776855 1 9 1.000000
 47 2.399992 0.825176 22.681257 0.734495 -0.647511 0.203095 0.456543 0.736816 1 9 1.000000
mnt_body_m.png
 47 2.399992 0.825176 22.681257 0.734495 -0.647511 0.203095 0.456543 0.736816 1 9 1.000000
 47 2.870908 1.822213 24.156956 0.792638 -0.455625 0.405130 0.449463 0.776855 1 9 1.000000
 47 1.894769 0.511532 23.560915 0.619002 -0.729484 0.291015 0.468018 0.744873 1 9 1.000000
mnt_body_m.png
 47 2.870908 1.822213 24.156956 0.792638 -0.455625 0.405130 0.449463 0.776855 1 9 1.000000
 47 1.885257 0.942284 24.560907 0.547900 -0.647333 0.529874 0.468750 0.771362 1 9 1.000000
 47 1.894769 0.511532 23.560915 0.619002 -0.729484 0.291015 0.468018 0.744873 1 9 1.000000
mnt_body_m.png
 47 1.894769 0.511532 23.560915 0.619002 -0.729484 0.291015 0.468018 0.744873 1 9 1.000000
 47 1.885257 0.942284 24.560907 0.547900 -0.647333 0.529874 0.468750 0.771362 1 9 1.000000
 47 1.225367 0.104188 23.511887 0.473789 -0.780663 0.407540 0.479980 0.746582 1 9 1.000000
mnt_body_m.png
 47 1.885257 0.942284 24.560907 0.547900 -0.647333 0.529874 0.468750 0.771362 1 9 1.000000
 47 0.820749 0.693984 24.999046 -0.220411 -0.213682 0.951714 0.483398 0.769653 1 9 1.000000
 47 1.225367 0.104188 23.511887 0.473789 -0.780663 0.407540 0.479980 0.746582 1 9 1.000000
mnt_body_m.png
 47 1.225367 0.104188 23.511887 0.473789 -0.780663 0.407540 0.479980 0.746582 1 9 1.000000
 47 0.820749 0.693984 24.999046 -0.220411 -0.213682 0.951714 0.483398 0.769653 1 9 1.000000
 47 0.404111 -0.152108 24.168652 0.520084 -0.714859 0.467428 0.491943 0.748291 1 9 1.000000
mnt_body_m.png
 47 0.404111 -0.152108 24.168652 0.520084 -0.714859 0.467428 0.491943 0.748291 1 9 1.000000
 47 0.820749 0.693984 24.999046 -0.220411 -0.213682 0.951714 0.483398 0.769653 1 9 1.000000
 47 0.076631 -0.020706 24.639500 -0.240820 -0.224319 0.944292 0.496582 0.759644 1 9 1.000000
mnt_body_m.png
 47 0.076631 -0.020706 24.639500 -0.240820 -0.224319 0.944292 0.496582 0.759644 1 9 1.000000
 47 0.820749 0.693984 24.999046 -0.220411 -0.213682 0.951714 0.483398 0.769653 1 9 1.000000
 47 -0.054091 0.306090 24.167986 -0.691878 0.544462 0.474200 0.491943 0.748291 1 9 1.000000
mnt_body_m.png
 47 -0.054091 0.306090 24.167986 -0.691878 0.544462 0.474200 0.491943 0.748291 1 9 1.000000
 47 0.820749 0.693984 24.999046 -0.220411 -0.213682 0.951714 0.483398 0.769653 1 9 1.000000
 47 0.214921 1.109274 23.506193 -0.755151 0.500373 0.423526 0.479980 0.746582 1 9 1.000000
mnt_body_m.png
 47 0.820749 0.693984 24.999046 -0.220411 -0.213682 0.951714 0.483398 0.769653 1 9 1.000000
 47 1.108058 1.724251 24.559753 -0.636021 0.545628 0.545681 0.468750 0.771362 1 9 1.000000
 47 0.214921 1.109274 23.506193 -0.755151 0.500373 0.423526 0.479980 0.746582 1 9 1.000000
mnt_body_m.png
 47 0.214921 1.109274 23.506193 -0.755151 0.500373 0.423526 0.479980 0.746582 1 9 1.000000
 47 1.108058 1.724251 24.559753 -0.636021 0.545628 0.545681 0.468750 0.771362 1 9 1.000000
 47 0.635787 1.761410 23.551897 -0.722534 0.608153 0.328776 0.468018 0.744873 1 9 1.000000
mnt_body_m.png
 47 1.108058 1.724251 24.559753 -0.636021 0.545628 0.545681 0.468750 0.771362 1 9 1.000000
 47 1.948882 2.753379 24.166784 -0.457387 0.777759 0.431147 0.449463 0.776855 1 9 1.000000
 47 0.635787 1.761410 23.551897 -0.722534 0.608153 0.328776 0.468018 0.744873 1 9 1.000000
mnt_body_m.png
 47 0.635787 1.761410 23.551897 -0.722534 0.608153 0.328776 0.468018 0.744873 1 9 1.000000
 47 1.948882 2.753379 24.166784 -0.457387 0.777759 0.431147 0.449463 0.776855 1 9 1.000000
 47 0.916285 2.306090 22.676247 -0.654341 0.717802 0.237905 0.456543 0.736816 1 9 1.000000
mnt_body_m.png
 47 0.916285 2.306090 22.676247 -0.654341 0.717802 0.237905 0.456543 0.736816 1 9 1.000000
 47 1.948882 2.753379 24.166784 -0.457387 0.777759 0.431147 0.449463 0.776855 1 9 1.000000
 47 1.431375 2.922946 22.234545 -0.568042 0.792578 0.221691 0.440918 0.736328 1 9 1.000000
mnt_body_m.png
 47 1.431375 2.922946 22.234545 -0.568042 0.792578 0.221691 0.440918 0.736328 1 9 1.000000
 47 1.948882 2.753379 24.166784 -0.457387 0.777759 0.431147 0.449463 0.776855 1 9 1.000000
 47 2.208744 3.384220 22.191084 -0.389050 0.912028 0.129790 0.429443 0.739990 1 9 1.000000
mnt_body_m.png
 47 1.948882 2.753379 24.166784 -0.457387 0.777759 0.431147 0.449463 0.776855 1 9 1.000000
 47 2.671286 3.453354 22.997473 -0.270239 0.933491 0.235721 0.428223 0.763184 1 9 1.000000
 47 2.208744 3.384220 22.191084 -0.389050 0.912028 0.129790 0.429443 0.739990 1 9 1.000000
mnt_body_m.png
 47 2.671286 3.453354 22.997473 -0.270239 0.933491 0.235721 0.428223 0.763184 1 9 1.000000
 47 4.149449 4.046691 20.875731 0.689347 0.697685 0.195029 0.393799 0.729248 1 9 1.000000
 47 2.208744 3.384220 22.191084 -0.389050 0.912028 0.129790 0.429443 0.739990 1 9 1.000000
mnt_body_m.png
 47 4.149449 4.046691 20.875731 0.689347 0.697685 0.195029 0.393799 0.729248 1 9 1.000000
 47 3.071987 3.672407 21.158054 -0.330003 0.943898 -0.012443 0.411865 0.731201 1 9 1.000000
 47 2.208744 3.384220 22.191084 -0.389050 0.912028 0.129790 0.429443 0.739990 1 9 1.000000
mnt_body_m.png
 47 2.208744 3.384220 22.191084 -0.389050 0.912028 0.129790 0.429443 0.739990 1 9 1.000000
 47 3.071987 3.672407 21.158054 -0.330003 0.943898 -0.012443 0.411865 0.731201 1 9 1.000000
 47 2.520967 3.488518 21.559910 -0.316405 0.948624 0.000239 0.422119 0.733398 1 9 1.000000
mnt_body_m.png
 47 2.671286 3.453354 22.997473 -0.270239 0.933491 0.235721 0.428223 0.763184 1 9 1.000000
 47 3.388160 3.289799 23.777483 0.594307 0.603126 0.532013 0.427246 0.787476 1 9 1.000000
 47 4.149449 4.046691 20.875731 0.689347 0.697685 0.195029 0.393799 0.729248 1 9 1.000000
mnt_body_m.png
 47 4.149449 4.046691 20.875731 0.689347 0.697685 0.195029 0.393799 0.729248 1 9 1.000000
 47 3.388160 3.289799 23.777483 0.594307 0.603126 0.532013 0.427246 0.787476 1 9 1.000000
 47 3.556394 2.568253 22.998751 0.938219 -0.241848 0.247498 0.428223 0.763184 1 9 1.000000
mnt_body_m.png
 47 3.556394 2.568253 22.998751 0.938219 -0.241848 0.247498 0.428223 0.763184 1 9 1.000000
 47 3.388160 3.289799 23.777483 0.594307 0.603126 0.532013 0.427246 0.787476 1 9 1.000000
 47 2.870908 1.822213 24.156956 0.792638 -0.455625 0.405130 0.449463 0.776855 1 9 1.000000
mnt_body_m.png
 47 3.388160 3.289799 23.777483 0.594307 0.603126 0.532013 0.427246 0.787476 1 9 1.000000
 47 2.994382 2.861551 24.515589 0.487760 0.463925 0.739502 0.439941 0.796509 1 9 1.000000
 47 2.870908 1.822213 24.156956 0.792638 -0.455625 0.405130 0.449463 0.776855 1 9 1.000000
mnt_body_m.png
 47 2.994382 2.861551 24.515589 0.487760 0.463925 0.739502 0.439941 0.796509 1 9 1.000000
 47 2.350679 2.201204 25.003590 0.204117 0.188802 0.960568 0.456055 0.798218 1 9 1.000000
 47 2.870908 1.822213 24.156956 0.792638 -0.455625 0.405130 0.449463 0.776855 1 9 1.000000
mnt_body_m.png
 47 2.870908 1.822213 24.156956 0.792638 -0.455625 0.405130 0.449463 0.776855 1 9 1.000000
 47 2.350679 2.201204 25.003590 0.204117 0.188802 0.960568 0.456055 0.798218 1 9 1.000000
 47 1.885257 0.942284 24.560907 0.547900 -0.647333 0.529874 0.468750 0.771362 1 9 1.000000
mnt_body_m.png
 47 2.350679 2.201204 25.003590 0.204117 0.188802 0.960568 0.456055 0.798218 1 9 1.000000
 47 1.564867 1.408674 25.058920 -0.000205 0.000702 1.000000 0.470947 0.788086 1 9 1.000000
 47 1.885257 0.942284 24.560907 0.547900 -0.647333 0.529874 0.468750 0.771362 1 9 1.000000
mnt_body_m.png
 47 1.885257 0.942284 24.560907 0.547900 -0.647333 0.529874 0.468750 0.771362 1 9 1.000000
 47 1.564867 1.408674 25.058920 -0.000205 0.000702 1.000000 0.470947 0.788086 1 9 1.000000
 47 0.820749 0.693984 24.999046 -0.220411 -0.213682 0.951714 0.483398 0.769653 1 9 1.000000
mnt_body_m.png
 47 2.994382 2.861551 24.515589 0.487760 0.463925 0.739502 0.439941 0.796509 1 9 1.000000
 47 1.948882 2.753379 24.166784 -0.457387 0.777759 0.431147 0.449463 0.776855 1 9 1.000000
 47 2.350679 2.201204 25.003590 0.204117 0.188802 0.960568 0.456055 0.798218 1 9 1.000000
mnt_body_m.png
 47 1.948882 2.753379 24.166784 -0.457387 0.777759 0.431147 0.449463 0.776855 1 9 1.000000
 47 1.108058 1.724251 24.559753 -0.636021 0.545628 0.545681 0.468750 0.771362 1 9 1.000000
 47 2.350679 2.201204 25.003590 0.204117 0.188802 0.960568 0.456055 0.798218 1 9 1.000000
mnt_body_m.png
 47 2.350679 2.201204 25.003590 0.204117 0.188802 0.960568 0.456055 0.798218 1 9 1.000000
 47 1.108058 1.724251 24.559753 -0.636021 0.545628 0.545681 0.468750 0.771362 1 9 1.000000
 47 1.564867 1.408674 25.058920 -0.000205 0.000702 1.000000 0.470947 0.788086 1 9 1.000000
mnt_body_m.png
 47 1.108058 1.724251 24.559753 -0.636021 0.545628 0.545681 0.468750 0.771362 1 9 1.000000
 47 0.820749 0.693984 24.999046 -0.220411 -0.213682 0.951714 0.483398 0.769653 1 9 1.000000
 47 1.564867 1.408674 25.058920 -0.000205 0.000702 1.000000 0.470947 0.788086 1 9 1.000000
mnt_body_m.png
 47 2.994382 2.861551 24.515589 0.487760 0.463925 0.739502 0.439941 0.796509 1 9 1.000000
 47 3.388160 3.289799 23.777483 0.594307 0.603126 0.532013 0.427246 0.787476 1 9 1.000000
 47 1.948882 2.753379 24.166784 -0.457387 0.777759 0.431147 0.449463 0.776855 1 9 1.000000
mnt_body_m.png
 47 1.948882 2.753379 24.166784 -0.457387 0.777759 0.431147 0.449463 0.776855 1 9 1.000000
 47 3.388160 3.289799 23.777483 0.594307 0.603126 0.532013 0.427246 0.787476 1 9 1.000000
 47 2.671286 3.453354 22.997473 -0.270239 0.933491 0.235721 0.428223 0.763184 1 9 1.000000
mnt_body_m.png
 47 -0.382156 -0.084871 24.209913 0.640188 0.072336 -0.764805 0.329346 0.815674 1 9 1.000000
 47 -1.211094 0.195840 23.542593 0.486972 0.642025 -0.592167 0.341797 0.816040 1 9 1.000000
 47 -0.055299 0.069874 24.498148 0.054497 -0.048811 -0.997320 0.325195 0.808472 1 9 1.000000
mnt_body_m.png
 47 -1.211094 0.195840 23.542593 0.486972 0.642025 -0.592167 0.341797 0.816040 1 9 1.000000
 47 -1.031789 1.070218 24.725645 -0.065518 0.065430 -0.995704 0.344482 0.796875 1 9 1.000000
 47 -0.055299 0.069874 24.498148 0.054497 -0.048811 -0.997320 0.325195 0.808472 1 9 1.000000
mnt_body_m.png
 47 -1.031789 1.070218 24.725645 -0.065518 0.065430 -0.995704 0.344482 0.796875 1 9 1.000000
 47 -0.175496 1.236960 23.548460 -0.660059 -0.469587 -0.586353 0.341797 0.816040 1 9 1.000000
 47 -0.055299 0.069874 24.498148 0.054497 -0.048811 -0.997320 0.325195 0.808472 1 9 1.000000
mnt_body_m.png
 47 -0.055299 0.069874 24.498148 0.054497 -0.048811 -0.997320 0.325195 0.808472 1 9 1.000000
 47 -0.175496 1.236960 23.548460 -0.660059 -0.469587 -0.586353 0.341797 0.816040 1 9 1.000000
 47 0.092043 0.389331 24.210598 -0.117046 -0.634051 -0.764382 0.329346 0.815674 1 9 1.000000
mnt_body_m.png
 47 -0.175496 1.236960 23.548460 -0.660059 -0.469587 -0.586353 0.341797 0.816040 1 9 1.000000
 47 -1.031789 1.070218 24.725645 -0.065518 0.065430 -0.995704 0.344482 0.796875 1 9 1.000000
 47 -0.594772 1.932041 23.581642 -0.538641 -0.658204 -0.525960 0.356445 0.819946 1 9 1.000000
mnt_body_m.png
 47 -1.031789 1.070218 24.725645 -0.065518 0.065430 -0.995704 0.344482 0.796875 1 9 1.000000
 47 -2.008279 2.070562 24.643000 0.211033 -0.236484 -0.948441 0.363770 0.785400 1 9 1.000000
 47 -0.594772 1.932041 23.581642 -0.538641 -0.658204 -0.525960 0.356445 0.819946 1 9 1.000000
mnt_body_m.png
 47 -0.594772 1.932041 23.581642 -0.538641 -0.658204 -0.525960 0.356445 0.819946 1 9 1.000000
 47 -2.008279 2.070562 24.643000 0.211033 -0.236484 -0.948441 0.363770 0.785400 1 9 1.000000
 47 -0.870374 2.503993 22.671434 -0.429306 -0.802251 -0.414837 0.371094 0.829590 1 9 1.000000
mnt_body_m.png
 47 -2.008279 2.070562 24.643000 0.211033 -0.236484 -0.948441 0.363770 0.785400 1 9 1.000000
 47 -3.096581 3.099121 23.939056 0.466522 -0.457922 -0.756746 0.388672 0.784180 1 9 1.000000
 47 -0.870374 2.503993 22.671434 -0.429306 -0.802251 -0.414837 0.371094 0.829590 1 9 1.000000
mnt_body_m.png
 47 -0.870374 2.503993 22.671434 -0.429306 -0.802251 -0.414837 0.371094 0.829590 1 9 1.000000
 47 -3.096581 3.099121 23.939056 0.466522 -0.457922 -0.756746 0.388672 0.784180 1 9 1.000000
 47 -1.457221 3.062757 22.227180 -0.468029 -0.771023 -0.431825 0.385010 0.830444 1 9 1.000000
mnt_body_m.png
 47 -1.457221 3.062757 22.227180 -0.468029 -0.771023 -0.431825 0.385010 0.830444 1 9 1.000000
 47 -3.096581 3.099121 23.939056 0.466522 -0.457922 -0.756746 0.388672 0.784180 1 9 1.000000
 47 -2.197125 3.606747 22.173311 -0.161265 -0.923641 -0.347680 0.397705 0.822632 1 9 1.000000
mnt_body_m.png
 47 -2.197125 3.606747 22.173311 -0.161265 -0.923641 -0.347680 0.397705 0.822632 1 9 1.000000
 47 -3.096581 3.099121 23.939056 0.466522 -0.457922 -0.756746 0.388672 0.784180 1 9 1.000000
 47 -2.548612 3.707215 21.512394 -0.051604 -0.965906 -0.253698 0.408447 0.827393 1 9 1.000000
mnt_body_m.png
 47 -2.548612 3.707215 21.512394 -0.051604 -0.965906 -0.253698 0.408447 0.827393 1 9 1.000000
 47 -3.096581 3.099121 23.939056 0.466522 -0.457922 -0.756746 0.388672 0.784180 1 9 1.000000
 47 -3.125339 3.891057 21.095945 -0.201867 -0.944021 -0.260911 0.419678 0.826050 1 9 1.000000
mnt_body_m.png
 47 -3.096581 3.099121 23.939056 0.466522 -0.457922 -0.756746 0.388672 0.784180 1 9 1.000000
 47 -4.253377 4.265453 20.802696 0.629246 -0.623530 -0.463962 0.436523 0.816040 1 9 1.000000
 47 -3.125339 3.891057 21.095945 -0.201867 -0.944021 -0.260911 0.419678 0.826050 1 9 1.000000
mnt_body_m.png
 47 -1.031789 1.070218 24.725645 -0.065518 0.065430 -0.995704 0.344482 0.796875 1 9 1.000000
 47 -1.888295 0.629097 23.572311 0.652191 0.531879 -0.540140 0.356445 0.819946 1 9 1.000000
 47 -2.008279 2.070562 24.643000 0.211033 -0.236484 -0.948441 0.363770 0.785400 1 9 1.000000
mnt_body_m.png
 47 -1.888295 0.629097 23.572311 0.652191 0.531879 -0.540140 0.356445 0.819946 1 9 1.000000
 47 -2.500988 0.870304 22.665915 0.781166 0.439267 -0.443649 0.371094 0.829590 1 9 1.000000
 47 -2.008279 2.070562 24.643000 0.211033 -0.236484 -0.948441 0.363770 0.785400 1 9 1.000000
mnt_body_m.png
 47 -2.008279 2.070562 24.643000 0.211033 -0.236484 -0.948441 0.363770 0.785400 1 9 1.000000
 47 -2.500988 0.870304 22.665915 0.781166 0.439267 -0.443649 0.371094 0.829590 1 9 1.000000
 47 -3.096581 3.099121 23.939056 0.466522 -0.457922 -0.756746 0.388672 0.784180 1 9 1.000000
mnt_body_m.png
 47 -2.500988 0.870304 22.665915 0.781166 0.439267 -0.443649 0.371094 0.829590 1 9 1.000000
 47 -3.090390 1.452466 22.208956 0.784414 0.450674 -0.426130 0.385010 0.830444 1 9 1.000000
 47 -3.096581 3.099121 23.939056 0.466522 -0.457922 -0.756746 0.388672 0.784180 1 9 1.000000
mnt_body_m.png
 47 -3.090390 1.452466 22.208956 0.784414 0.450674 -0.426130 0.385010 0.830444 1 9 1.000000
 47 -3.567772 2.256981 22.163980 0.936653 0.146513 -0.318143 0.397705 0.822632 1 9 1.000000
 47 -3.096581 3.099121 23.939056 0.466522 -0.457922 -0.756746 0.388672 0.784180 1 9 1.000000
mnt_body_m.png
 47 -3.567772 2.256981 22.163980 0.936653 0.146513 -0.318143 0.397705 0.822632 1 9 1.000000
 47 -3.675712 2.580107 21.510765 0.966191 0.075416 -0.246549 0.408447 0.827393 1 9 1.000000
 47 -3.096581 3.099121 23.939056 0.466522 -0.457922 -0.756746 0.388672 0.784180 1 9 1.000000
mnt_body_m.png
 47 -3.675712 2.580107 21.510765 0.966191 0.075416 -0.246549 0.408447 0.827393 1 9 1.000000
 47 -3.866023 3.150367 21.094875 0.942774 0.219381 -0.251098 0.419678 0.826050 1 9 1.000000
 47 -3.096581 3.099121 23.939056 0.466522 -0.457922 -0.756746 0.388672 0.784180 1 9 1.000000
mnt_body_m.png
 47 -3.096581 3.099121 23.939056 0.466522 -0.457922 -0.756746 0.388672 0.784180 1 9 1.000000
 47 -3.866023 3.150367 21.094875 0.942774 0.219381 -0.251098 0.419678 0.826050 1 9 1.000000
 47 -4.253377 4.265453 20.802696 0.629246 -0.623530 -0.463962 0.436523 0.816040 1 9 1.000000
mnt_body_m.png
 47 -1.888295 0.629097 23.572311 0.652191 0.531879 -0.540140 0.356445 0.819946 1 9 1.000000
 47 -1.031789 1.070218 24.725645 -0.065518 0.065430 -0.995704 0.344482 0.796875 1 9 1.000000
 47 -1.211094 0.195840 23.542593 0.486972 0.642025 -0.592167 0.341797 0.816040 1 9 1.000000
mnt_body_m.png
 47 -2.548612 3.707215 21.512394 0.321190 0.946632 -0.026914 0.422119 0.733398 1 9 1.000000
 47 -3.125339 3.891057 21.095945 0.321184 0.946635 -0.026908 0.411865 0.731201 1 9 1.000000
 47 -2.197125 3.606747 22.173311 0.394493 0.908205 0.139781 0.429443 0.739990 1 9 1.000000
mnt_body_m.png
 47 -3.125339 3.891057 21.095945 0.321184 0.946635 -0.026908 0.411865 0.731201 1 9 1.000000
 47 -4.253377 4.265453 20.802696 -0.697685 0.689347 0.195029 0.393799 0.729248 1 9 1.000000
 47 -2.197125 3.606747 22.173311 0.394493 0.908205 0.139781 0.429443 0.739990 1 9 1.000000
mnt_body_m.png
 47 -4.253377 4.265453 20.802696 -0.697685 0.689347 0.195029 0.393799 0.729248 1 9 1.000000
 47 -2.723311 3.651690 22.999847 0.241848 0.938219 0.247497 0.428223 0.763184 1 9 1.000000
 47 -2.197125 3.606747 22.173311 0.394493 0.908205 0.139781 0.429443 0.739990 1 9 1.000000
mnt_body_m.png
 47 -2.723311 3.651690 22.999847 0.241848 0.938219 0.247497 0.428223 0.763184 1 9 1.000000
 47 -1.951221 2.942267 24.198498 0.451208 0.793008 0.409329 0.449463 0.776855 1 9 1.000000
 47 -2.197125 3.606747 22.173311 0.394493 0.908205 0.139781 0.429443 0.739990 1 9 1.000000
mnt_body_m.png
 47 -2.197125 3.606747 22.173311 0.394493 0.908205 0.139781 0.429443 0.739990 1 9 1.000000
 47 -1.951221 2.942267 24.198498 0.451208 0.793008 0.409329 0.449463 0.776855 1 9 1.000000
 47 -1.457221 3.062757 22.227180 0.582131 0.789578 0.194139 0.440918 0.736328 1 9 1.000000
mnt_body_m.png
 47 -1.457221 3.062757 22.227180 0.582131 0.789578 0.194139 0.440918 0.736328 1 9 1.000000
 47 -1.951221 2.942267 24.198498 0.451208 0.793008 0.409329 0.449463 0.776855 1 9 1.000000
 47 -0.870374 2.503993 22.671434 0.619373 0.752973 0.222282 0.456543 0.736816 1 9 1.000000
mnt_body_m.png
 47 -0.870374 2.503993 22.671434 0.619373 0.752973 0.222282 0.456543 0.736816 1 9 1.000000
 47 -1.951221 2.942267 24.198498 0.451208 0.793008 0.409329 0.449463 0.776855 1 9 1.000000
 47 -0.594772 1.932041 23.581642 0.728476 0.611661 0.308534 0.468018 0.744873 1 9 1.000000
mnt_body_m.png
 47 -1.951221 2.942267 24.198498 0.451208 0.793008 0.409329 0.449463 0.776855 1 9 1.000000
 47 -1.040565 1.922198 24.616554 0.646655 0.548404 0.530180 0.468750 0.771362 1 9 1.000000
 47 -0.594772 1.932041 23.581642 0.728476 0.611661 0.308534 0.468018 0.744873 1 9 1.000000
mnt_body_m.png
 47 -0.594772 1.932041 23.581642 0.728476 0.611661 0.308534 0.468018 0.744873 1 9 1.000000
 47 -1.040565 1.922198 24.616554 0.646655 0.548404 0.530180 0.468750 0.771362 1 9 1.000000
 47 -0.175496 1.236960 23.548460 0.779759 0.474088 0.408921 0.479980 0.746582 1 9 1.000000
mnt_body_m.png
 47 -1.040565 1.922198 24.616554 0.646655 0.548404 0.530180 0.468750 0.771362 1 9 1.000000
 47 -0.783594 0.820518 25.069994 0.213236 -0.219916 0.951928 0.483398 0.769653 1 9 1.000000
 47 -0.175496 1.236960 23.548460 0.779759 0.474088 0.408921 0.479980 0.746582 1 9 1.000000
mnt_body_m.png
 47 -0.175496 1.236960 23.548460 0.779759 0.474088 0.408921 0.479980 0.746582 1 9 1.000000
 47 -0.783594 0.820518 25.069994 0.213236 -0.219916 0.951928 0.483398 0.769653 1 9 1.000000
 47 0.092043 0.389331 24.210598 0.715380 0.517903 0.469050 0.491943 0.748291 1 9 1.000000
mnt_body_m.png
 47 0.092043 0.389331 24.210598 0.715380 0.517903 0.469050 0.491943 0.748291 1 9 1.000000
 47 -0.783594 0.820518 25.069994 0.213236 -0.219916 0.951928 0.483398 0.769653 1 9 1.000000
 47 -0.043948 0.050416 24.697893 0.224321 -0.240817 0.944292 0.496582 0.759644 1 9 1.000000
mnt_body_m.png
 47 -0.043948 0.050416 24.697893 0.224321 -0.240817 0.944292 0.496582 0.759644 1 9 1.000000
 47 -0.783594 0.820518 25.069994 0.213236 -0.219916 0.951928 0.483398 0.769653 1 9 1.000000
 47 -0.382156 -0.084871 24.209913 -0.542211 -0.692485 0.475891 0.491943 0.748291 1 9 1.000000
mnt_body_m.png
 47 -0.382156 -0.084871 24.209913 -0.542211 -0.692485 0.475891 0.491943 0.748291 1 9 1.000000
 47 -0.783594 0.820518 25.069994 0.213236 -0.219916 0.951928 0.483398 0.769653 1 9 1.000000
 47 -1.211094 0.195840 23.542593 -0.500810 -0.754098 0.424882 0.479980 0.746582 1 9 1.000000
mnt_body_m.png
 47 -0.783594 0.820518 25.069994 0.213236 -0.219916 0.951928 0.483398 0.769653 1 9 1.000000
 47 -1.849838 1.117859 24.615362 -0.546133 -0.635300 0.546016 0.468750 0.771362 1 9 1.000000
 47 -1.211094 0.195840 23.542593 -0.500810 -0.754098 0.424882 0.479980 0.746582 1 9 1.000000
mnt_body_m.png
 47 -1.211094 0.195840 23.542593 -0.500810 -0.754098 0.424882 0.479980 0.746582 1 9 1.000000
 47 -1.849838 1.117859 24.615362 -0.546133 -0.635300 0.546016 0.468750 0.771362 1 9 1.000000
 47 -1.888295 0.629097 23.572311 -0.600501 -0.721075 0.345616 0.468018 0.744873 1 9 1.000000
mnt_body_m.png
 47 -1.849838 1.117859 24.615362 -0.546133 -0.635300 0.546016 0.468750 0.771362 1 9 1.000000
 47 -2.914902 1.988045 24.208668 -0.778057 -0.452998 0.435223 0.449463 0.776855 1 9 1.000000
 47 -1.888295 0.629097 23.572311 -0.600501 -0.721075 0.345616 0.468018 0.744873 1 9 1.000000
mnt_body_m.png
 47 -1.888295 0.629097 23.572311 -0.600501 -0.721075 0.345616 0.468018 0.744873 1 9 1.000000
 47 -2.914902 1.988045 24.208668 -0.778057 -0.452998 0.435223 0.449463 0.776855 1 9 1.000000
 47 -2.500988 0.870304 22.665915 -0.735762 -0.626720 0.256663 0.456543 0.736816 1 9 1.000000
mnt_body_m.png
 47 -2.500988 0.870304 22.665915 -0.735762 -0.626720 0.256663 0.456543 0.736816 1 9 1.000000
 47 -2.914902 1.988045 24.208668 -0.778057 -0.452998 0.435223 0.449463 0.776855 1 9 1.000000
 47 -3.090390 1.452466 22.208956 -0.812595 -0.541220 0.216265 0.440918 0.736328 1 9 1.000000
mnt_body_m.png
 47 -3.090390 1.452466 22.208956 -0.812595 -0.541220 0.216265 0.440918 0.736328 1 9 1.000000
 47 -2.914902 1.988045 24.208668 -0.778057 -0.452998 0.435223 0.449463 0.776855 1 9 1.000000
 47 -3.567772 2.256981 22.163980 -0.912027 -0.389051 0.129790 0.429443 0.739990 1 9 1.000000
mnt_body_m.png
 47 -2.914902 1.988045 24.208668 -0.778057 -0.452998 0.435223 0.449463 0.776855 1 9 1.000000
 47 -3.639320 2.735674 22.998524 -0.933491 -0.270240 0.235721 0.428223 0.763184 1 9 1.000000
 47 -3.567772 2.256981 22.163980 -0.912027 -0.389051 0.129790 0.429443 0.739990 1 9 1.000000
mnt_body_m.png
 47 -3.639320 2.735674 22.998524 -0.933491 -0.270240 0.235721 0.428223 0.763184 1 9 1.000000
 47 -4.253377 4.265453 20.802696 -0.697685 0.689347 0.195029 0.393799 0.729248 1 9 1.000000
 47 -3.567772 2.256981 22.163980 -0.912027 -0.389051 0.129790 0.429443 0.739990 1 9 1.000000
mnt_body_m.png
 47 -4.253377 4.265453 20.802696 -0.697685 0.689347 0.195029 0.393799 0.729248 1 9 1.000000
 47 -3.866023 3.150367 21.094875 -0.943898 -0.330004 -0.012442 0.411865 0.731201 1 9 1.000000
 47 -3.567772 2.256981 22.163980 -0.912027 -0.389051 0.129790 0.429443 0.739990 1 9 1.000000
mnt_body_m.png
 47 -3.567772 2.256981 22.163980 -0.912027 -0.389051 0.129790 0.429443 0.739990 1 9 1.000000
 47 -3.866023 3.150367 21.094875 -0.943898 -0.330004 -0.012442 0.411865 0.731201 1 9 1.000000
 47 -3.675712 2.580107 21.510765 -0.948623 -0.316408 0.000237 0.422119 0.733398 1 9 1.000000
mnt_body_m.png
 47 -3.639320 2.735674 22.998524 -0.933491 -0.270240 0.235721 0.428223 0.763184 1 9 1.000000
 47 -3.470055 3.477581 23.805773 -0.603127 0.594306 0.532013 0.427246 0.787476 1 9 1.000000
 47 -4.253377 4.265453 20.802696 -0.697685 0.689347 0.195029 0.393799 0.729248 1 9 1.000000
mnt_body_m.png
 47 -4.253377 4.265453 20.802696 -0.697685 0.689347 0.195029 0.393799 0.729248 1 9 1.000000
 47 -3.470055 3.477581 23.805773 -0.603127 0.594306 0.532013 0.427246 0.787476 1 9 1.000000
 47 -2.723311 3.651690 22.999847 0.241848 0.938219 0.247497 0.428223 0.763184 1 9 1.000000
mnt_body_m.png
 47 -2.723311 3.651690 22.999847 0.241848 0.938219 0.247497 0.428223 0.763184 1 9 1.000000
 47 -3.470055 3.477581 23.805773 -0.603127 0.594306 0.532013 0.427246 0.787476 1 9 1.000000
 47 -1.951221 2.942267 24.198498 0.451208 0.793008 0.409329 0.449463 0.776855 1 9 1.000000
mnt_body_m.png
 47 -3.470055 3.477581 23.805773 -0.603127 0.594306 0.532013 0.427246 0.787476 1 9 1.000000
 47 -3.026852 3.070053 24.569654 -0.463925 0.487760 0.739502 0.439941 0.796509 1 9 1.000000
 47 -1.951221 2.942267 24.198498 0.451208 0.793008 0.409329 0.449463 0.776855 1 9 1.000000
mnt_body_m.png
 47 -3.026852 3.070053 24.569654 -0.463925 0.487760 0.739502 0.439941 0.796509 1 9 1.000000
 47 -2.343445 2.403872 25.074696 -0.188802 0.204117 0.960568 0.456055 0.798218 1 9 1.000000
 47 -1.951221 2.942267 24.198498 0.451208 0.793008 0.409329 0.449463 0.776855 1 9 1.000000
mnt_body_m.png
 47 -1.951221 2.942267 24.198498 0.451208 0.793008 0.409329 0.449463 0.776855 1 9 1.000000
 47 -2.343445 2.403872 25.074696 -0.188802 0.204117 0.960568 0.456055 0.798218 1 9 1.000000
 47 -1.040565 1.922198 24.616554 0.646655 0.548404 0.530180 0.468750 0.771362 1 9 1.000000
mnt_body_m.png
 47 -2.343445 2.403872 25.074696 -0.188802 0.204117 0.960568 0.456055 0.798218 1 9 1.000000
 47 -1.523241 1.590620 25.131956 -0.000702 -0.000205 1.000000 0.470947 0.788086 1 9 1.000000
 47 -1.040565 1.922198 24.616554 0.646655 0.548404 0.530180 0.468750 0.771362 1 9 1.000000
mnt_body_m.png
 47 -1.040565 1.922198 24.616554 0.646655 0.548404 0.530180 0.468750 0.771362 1 9 1.000000
 47 -1.523241 1.590620 25.131956 -0.000702 -0.000205 1.000000 0.470947 0.788086 1 9 1.000000
 47 -0.783594 0.820518 25.069994 0.213236 -0.219916 0.951928 0.483398 0.769653 1 9 1.000000
mnt_body_m.png
 47 -3.026852 3.070053 24.569654 -0.463925 0.487760 0.739502 0.439941 0.796509 1 9 1.000000
 47 -2.914902 1.988045 24.208668 -0.778057 -0.452998 0.435223 0.449463 0.776855 1 9 1.000000
 47 -2.343445 2.403872 25.074696 -0.188802 0.204117 0.960568 0.456055 0.798218 1 9 1.000000
mnt_body_m.png
 47 -2.914902 1.988045 24.208668 -0.778057 -0.452998 0.435223 0.449463 0.776855 1 9 1.000000
 47 -1.849838 1.117859 24.615362 -0.546133 -0.635300 0.546016 0.468750 0.771362 1 9 1.000000
 47 -2.343445 2.403872 25.074696 -0.188802 0.204117 0.960568 0.456055 0.798218 1 9 1.000000
mnt_body_m.png
 47 -2.343445 2.403872 25.074696 -0.188802 0.204117 0.960568 0.456055 0.798218 1 9 1.000000
 47 -1.849838 1.117859 24.615362 -0.546133 -0.635300 0.546016 0.468750 0.771362 1 9 1.000000
 47 -1.523241 1.590620 25.131956 -0.000702 -0.000205 1.000000 0.470947 0.788086 1 9 1.000000
mnt_body_m.png
 47 -1.849838 1.117859 24.615362 -0.546133 -0.635300 0.546016 0.468750 0.771362 1 9 1.000000
 47 -0.783594 0.820518 25.069994 0.213236 -0.219916 0.951928 0.483398 0.769653 1 9 1.000000
 47 -1.523241 1.590620 25.131956 -0.000702 -0.000205 1.000000 0.470947 0.788086 1 9 1.000000
mnt_body_m.png
 47 -3.026852 3.070053 24.569654 -0.463925 0.487760 0.739502 0.439941 0.796509 1 9 1.000000
 47 -3.470055 3.477581 23.805773 -0.603127 0.594306 0.532013 0.427246 0.787476 1 9 1.000000
 47 -2.914902 1.988045 24.208668 -0.778057 -0.452998 0.435223 0.449463 0.776855 1 9 1.000000
mnt_body_m.png
 47 -2.914902 1.988045 24.208668 -0.778057 -0.452998 0.435223 0.449463 0.776855 1 9 1.000000
 47 -3.470055 3.477581 23.805773 -0.603127 0.594306 0.532013 0.427246 0.787476 1 9 1.000000
 47 -3.639320 2.735674 22.998524 -0.933491 -0.270240 0.235721 0.428223 0.763184 1 9 1.000000
mnt_body_m.png
 47 0.236303 -0.245300 24.138760 -0.047264 0.669420 -0.741379 0.329346 0.815674 1 9 1.000000
 47 -0.011210 -0.990969 23.481245 -0.744205 0.375954 -0.552102 0.341797 0.816040 1 9 1.000000
 47 0.053953 0.042765 24.410490 0.100865 0.135100 -0.985685 0.325195 0.808472 1 9 1.000000
mnt_body_m.png
 47 -0.011210 -0.990969 23.481245 -0.744205 0.375954 -0.552102 0.341797 0.816040 1 9 1.000000
 47 -0.769890 -0.985878 24.624958 -0.082874 -0.106045 -0.990902 0.344482 0.796875 1 9 1.000000
 47 0.053953 0.042765 24.410490 0.100865 0.135100 -0.985685 0.325195 0.808472 1 9 1.000000
mnt_body_m.png
 47 -0.769890 -0.985878 24.624958 -0.082874 -0.106045 -0.990902 0.344482 0.796875 1 9 1.000000
 47 -0.944205 -0.266020 23.485966 0.529390 -0.650421 -0.544701 0.341797 0.816040 1 9 1.000000
 47 0.053953 0.042765 24.410490 0.100865 0.135100 -0.985685 0.325195 0.808472 1 9 1.000000
mnt_body_m.png
 47 0.053953 0.042765 24.410490 0.100865 0.135100 -0.985685 0.325195 0.808472 1 9 1.000000
 47 -0.944205 -0.266020 23.485966 0.529390 -0.650421 -0.544701 0.341797 0.816040 1 9 1.000000
 47 -0.261894 0.143932 24.139406 0.663863 0.080245 -0.743537 0.329346 0.815674 1 9 1.000000
mnt_body_m.png
 47 -0.944205 -0.266020 23.485966 0.529390 -0.650421 -0.544701 0.341797 0.816040 1 9 1.000000
 47 -0.769890 -0.985878 24.624958 -0.082874 -0.106045 -0.990902 0.344482 0.796875 1 9 1.000000
 47 -1.626517 -0.675972 23.546465 0.719658 -0.477436 -0.504130 0.356445 0.819946 1 9 1.000000
mnt_body_m.png
 47 -0.769890 -0.985878 24.624958 -0.082874 -0.106045 -0.990902 0.344482 0.796875 1 9 1.000000
 47 -1.593733 -2.014520 24.547045 0.217475 0.248775 -0.943830 0.363770 0.785400 1 9 1.000000
 47 -1.626517 -0.675972 23.546465 0.719658 -0.477436 -0.504130 0.356445 0.819946 1 9 1.000000
mnt_body_m.png
 47 -1.626517 -0.675972 23.546465 0.719658 -0.477436 -0.504130 0.356445 0.819946 1 9 1.000000
 47 -1.593733 -2.014520 24.547045 0.217475 0.248775 -0.943830 0.363770 0.785400 1 9 1.000000
 47 -2.078474 -1.039773 22.688221 0.844393 -0.341075 -0.413119 0.371094 0.829590 1 9 1.000000
mnt_body_m.png
 47 -1.593733 -2.014520 24.547045 0.217475 0.248775 -0.943830 0.363770 0.785400 1 9 1.000000
 47 -2.431130 -3.151030 23.883413 0.391635 0.511136 -0.765089 0.388672 0.784180 1 9 1.000000
 47 -2.078474 -1.039773 22.688221 0.844393 -0.341075 -0.413119 0.371094 0.829590 1 9 1.000000
mnt_body_m.png
 47 -2.078474 -1.039773 22.688221 0.844393 -0.341075 -0.413119 0.371094 0.829590 1 9 1.000000
 47 -2.431130 -3.151030 23.883413 0.391635 0.511136 -0.765089 0.388672 0.784180 1 9 1.000000
 47 -2.585452 -1.612884 22.269562 0.798329 -0.395972 -0.453736 0.385010 0.830444 1 9 1.000000
mnt_body_m.png
 47 -2.585452 -1.612884 22.269562 0.798329 -0.395972 -0.453736 0.385010 0.830444 1 9 1.000000
 47 -2.431130 -3.151030 23.883413 0.391635 0.511136 -0.765089 0.388672 0.784180 1 9 1.000000
 47 -3.009462 -2.367720 22.218779 0.936409 -0.047499 -0.347681 0.397705 0.822632 1 9 1.000000
mnt_body_m.png
 47 -3.009462 -2.367720 22.218779 0.936409 -0.047499 -0.347681 0.397705 0.822632 1 9 1.000000
 47 -2.431130 -3.151030 23.883413 0.391635 0.511136 -0.765089 0.388672 0.784180 1 9 1.000000
 47 -3.063088 -2.708153 21.595707 0.964995 0.066496 -0.253698 0.408447 0.827393 1 9 1.000000
mnt_body_m.png
 47 -3.063088 -2.708153 21.595707 0.964995 0.066496 -0.253698 0.408447 0.827393 1 9 1.000000
 47 -2.431130 -3.151030 23.883413 0.391635 0.511136 -0.765089 0.388672 0.784180 1 9 1.000000
 47 -3.168850 -3.268924 21.203106 0.961586 -0.085314 -0.260911 0.419678 0.826050 1 9 1.000000
mnt_body_m.png
 47 -2.431130 -3.151030 23.883413 0.391635 0.511136 -0.765089 0.388672 0.784180 1 9 1.000000
 47 -3.389576 -4.367455 20.926643 0.542195 0.700546 -0.463961 0.436523 0.816040 1 9 1.000000
 47 -3.168850 -3.268924 21.203106 0.961586 -0.085314 -0.260911 0.419678 0.826050 1 9 1.000000
mnt_body_m.png
 47 -0.769890 -0.985878 24.624958 -0.082874 -0.106045 -0.990902 0.344482 0.796875 1 9 1.000000
 47 -0.258723 -1.736639 23.537668 -0.630268 0.577200 -0.519233 0.356445 0.819946 1 9 1.000000
 47 -1.593733 -2.014520 24.547045 0.217475 0.248775 -0.943830 0.363770 0.785400 1 9 1.000000
mnt_body_m.png
 47 -0.258723 -1.736639 23.537668 -0.630268 0.577200 -0.519233 0.356445 0.819946 1 9 1.000000
 47 -0.465590 -2.297450 22.683332 -0.542366 0.714494 -0.441970 0.371094 0.829590 1 9 1.000000
 47 -1.593733 -2.014520 24.547045 0.217475 0.248775 -0.943830 0.363770 0.785400 1 9 1.000000
mnt_body_m.png
 47 -1.593733 -2.014520 24.547045 0.217475 0.248775 -0.943830 0.363770 0.785400 1 9 1.000000
 47 -0.465590 -2.297450 22.683332 -0.542366 0.714494 -0.441970 0.371094 0.829590 1 9 1.000000
 47 -2.431130 -3.151030 23.883413 0.391635 0.511136 -0.765089 0.388672 0.784180 1 9 1.000000
mnt_body_m.png
 47 -0.465590 -2.297450 22.683332 -0.542366 0.714494 -0.441970 0.371094 0.829590 1 9 1.000000
 47 -0.891049 -2.956050 22.252382 -0.561791 0.695946 -0.447268 0.385010 0.830444 1 9 1.000000
 47 -2.431130 -3.151030 23.883413 0.391635 0.511136 -0.765089 0.388672 0.784180 1 9 1.000000
mnt_body_m.png
 47 -0.891049 -2.956050 22.252382 -0.561791 0.695946 -0.447268 0.385010 0.830444 1 9 1.000000
 47 -1.588995 -3.495173 22.209980 -0.259571 0.911816 -0.318142 0.397705 0.822632 1 9 1.000000
 47 -2.431130 -3.151030 23.883413 0.391635 0.511136 -0.765089 0.388672 0.784180 1 9 1.000000
mnt_body_m.png
 47 -1.588995 -3.495173 22.209980 -0.259571 0.911816 -0.318142 0.397705 0.822632 1 9 1.000000
 47 -1.878947 -3.633298 21.594170 -0.192603 0.949799 -0.246548 0.408447 0.827393 1 9 1.000000
 47 -2.431130 -3.151030 23.883413 0.391635 0.511136 -0.765089 0.388672 0.784180 1 9 1.000000
mnt_body_m.png
 47 -1.878947 -3.633298 21.594170 -0.192603 0.949799 -0.246548 0.408447 0.827393 1 9 1.000000
 47 -2.390681 -3.876891 21.202095 -0.332640 0.909011 -0.251097 0.419678 0.826050 1 9 1.000000
 47 -2.431130 -3.151030 23.883413 0.391635 0.511136 -0.765089 0.388672 0.784180 1 9 1.000000
mnt_body_m.png
 47 -2.431130 -3.151030 23.883413 0.391635 0.511136 -0.765089 0.388672 0.784180 1 9 1.000000
 47 -2.390681 -3.876891 21.202095 -0.332640 0.909011 -0.251097 0.419678 0.826050 1 9 1.000000
 47 -3.389576 -4.367455 20.926643 0.542195 0.700546 -0.463961 0.436523 0.816040 1 9 1.000000
mnt_body_m.png
 47 -0.258723 -1.736639 23.537668 -0.630268 0.577200 -0.519233 0.356445 0.819946 1 9 1.000000
 47 -0.769890 -0.985878 24.624958 -0.082874 -0.106045 -0.990902 0.344482 0.796875 1 9 1.000000
 47 -0.011210 -0.990969 23.481245 -0.744205 0.375954 -0.552102 0.341797 0.816040 1 9 1.000000
mnt_body_m.png
 47 -3.063088 -2.708153 21.595707 -0.978719 0.203431 -0.026915 0.422119 0.733398 1 9 1.000000
 47 -3.168850 -3.268924 21.203106 -0.978721 0.203425 -0.026910 0.411865 0.731201 1 9 1.000000
 47 -3.009462 -2.367720 22.218779 -0.949512 0.280871 0.139781 0.429443 0.739990 1 9 1.000000
mnt_body_m.png
 47 -3.168850 -3.268924 21.203106 -0.978721 0.203425 -0.026910 0.411865 0.731201 1 9 1.000000
 47 -3.389576 -4.367455 20.926643 -0.599182 -0.776495 0.195029 0.393799 0.729248 1 9 1.000000
 47 -3.009462 -2.367720 22.218779 -0.949512 0.280871 0.139781 0.429443 0.739990 1 9 1.000000
mnt_body_m.png
 47 -3.389576 -4.367455 20.926643 -0.599182 -0.776495 0.195029 0.393799 0.729248 1 9 1.000000
 47 -2.991061 -2.865242 22.997984 -0.960699 0.125705 0.247497 0.428223 0.763184 1 9 1.000000
 47 -3.009462 -2.367720 22.218779 -0.949512 0.280871 0.139781 0.429443 0.739990 1 9 1.000000
mnt_body_m.png
 47 -2.991061 -2.865242 22.997984 -0.960699 0.125705 0.247497 0.428223 0.763184 1 9 1.000000
 47 -2.415952 -2.061281 24.127998 -0.842257 0.355632 0.405130 0.449463 0.776855 1 9 1.000000
 47 -3.009462 -2.367720 22.218779 -0.949512 0.280871 0.139781 0.429443 0.739990 1 9 1.000000
mnt_body_m.png
 47 -3.009462 -2.367720 22.218779 -0.949512 0.280871 0.139781 0.429443 0.739990 1 9 1.000000
 47 -2.415952 -2.061281 24.127998 -0.842257 0.355632 0.405130 0.449463 0.776855 1 9 1.000000
 47 -2.585452 -1.612884 22.269562 -0.836145 0.510927 0.199536 0.440918 0.736328 1 9 1.000000
mnt_body_m.png
 47 -2.585452 -1.612884 22.269562 -0.836145 0.510927 0.199536 0.440918 0.736328 1 9 1.000000
 47 -2.415952 -2.061281 24.127998 -0.842257 0.355632 0.405130 0.449463 0.776855 1 9 1.000000
 47 -2.078474 -1.039773 22.688221 -0.807931 0.553172 0.203094 0.456543 0.736816 1 9 1.000000
mnt_body_m.png
 47 -2.078474 -1.039773 22.688221 -0.807931 0.553172 0.203094 0.456543 0.736816 1 9 1.000000
 47 -2.415952 -2.061281 24.127998 -0.842257 0.355632 0.405130 0.449463 0.776855 1 9 1.000000
 47 -1.626517 -0.675972 23.546465 -0.663764 0.683830 0.302976 0.468018 0.744873 1 9 1.000000
mnt_body_m.png
 47 -2.415952 -2.061281 24.127998 -0.842257 0.355632 0.405130 0.449463 0.776855 1 9 1.000000
 47 -1.566088 -1.091975 24.522114 -0.613784 0.592145 0.522144 0.468750 0.771362 1 9 1.000000
 47 -1.626517 -0.675972 23.546465 -0.663764 0.683830 0.302976 0.468018 0.744873 1 9 1.000000
mnt_body_m.png
 47 -1.626517 -0.675972 23.546465 -0.663764 0.683830 0.302976 0.468018 0.744873 1 9 1.000000
 47 -1.566088 -1.091975 24.522114 -0.613784 0.592145 0.522144 0.468750 0.771362 1 9 1.000000
 47 -0.944205 -0.266020 23.485966 -0.555510 0.741124 0.377020 0.479980 0.746582 1 9 1.000000
mnt_body_m.png
 47 -1.566088 -1.091975 24.522114 -0.613784 0.592145 0.522144 0.468750 0.771362 1 9 1.000000
 47 -0.564758 -0.724951 24.949591 0.202848 0.251317 0.946410 0.483398 0.769653 1 9 1.000000
 47 -0.944205 -0.266020 23.485966 -0.555510 0.741124 0.377020 0.479980 0.746582 1 9 1.000000
mnt_body_m.png
 47 -0.944205 -0.266020 23.485966 -0.555510 0.741124 0.377020 0.479980 0.746582 1 9 1.000000
 47 -0.564758 -0.724951 24.949591 0.202848 0.251317 0.946410 0.483398 0.769653 1 9 1.000000
 47 -0.261894 0.143932 24.139406 -0.645572 0.628953 0.433193 0.491943 0.748291 1 9 1.000000
mnt_body_m.png
 47 -0.261894 0.143932 24.139406 -0.645572 0.628953 0.433193 0.491943 0.748291 1 9 1.000000
 47 -0.564758 -0.724951 24.949591 0.202848 0.251317 0.946410 0.483398 0.769653 1 9 1.000000
 47 0.070857 0.055622 24.598797 0.211685 0.251997 0.944292 0.496582 0.759644 1 9 1.000000
mnt_body_m.png
 47 0.070857 0.055622 24.598797 0.211685 0.251997 0.944292 0.496582 0.759644 1 9 1.000000
 47 -0.564758 -0.724951 24.949591 0.202848 0.251317 0.946410 0.483398 0.769653 1 9 1.000000
 47 0.236303 -0.245300 24.138760 0.745200 -0.501427 0.439599 0.491943 0.748291 1 9 1.000000
mnt_body_m.png
 47 0.236303 -0.245300 24.138760 0.745200 -0.501427 0.439599 0.491943 0.748291 1 9 1.000000
 47 -0.564758 -0.724951 24.949591 0.202848 0.251317 0.946410 0.483398 0.769653 1 9 1.000000
 47 -0.011210 -0.990969 23.481245 0.832646 -0.389215 0.393970 0.479980 0.746582 1 9 1.000000
mnt_body_m.png
 47 -0.564758 -0.724951 24.949591 0.202848 0.251317 0.946410 0.483398 0.769653 1 9 1.000000
 47 -0.720482 -1.756809 24.520990 0.711708 -0.451691 0.538002 0.468750 0.771362 1 9 1.000000
 47 -0.011210 -0.990969 23.481245 0.832646 -0.389215 0.393970 0.479980 0.746582 1 9 1.000000
mnt_body_m.png
 47 -0.011210 -0.990969 23.481245 0.832646 -0.389215 0.393970 0.479980 0.746582 1 9 1.000000
 47 -0.720482 -1.756809 24.520990 0.711708 -0.451691 0.538002 0.468750 0.771362 1 9 1.000000
 47 -0.258723 -1.736639 23.537668 0.815517 -0.467984 0.340474 0.468018 0.744873 1 9 1.000000
mnt_body_m.png
 47 -0.720482 -1.756809 24.520990 0.711708 -0.451691 0.538002 0.468750 0.771362 1 9 1.000000
 47 -1.412358 -2.853378 24.137587 0.548763 -0.716221 0.431147 0.449463 0.776855 1 9 1.000000
 47 -0.258723 -1.736639 23.537668 0.815517 -0.467984 0.340474 0.468018 0.744873 1 9 1.000000
mnt_body_m.png
 47 -0.258723 -1.736639 23.537668 0.815517 -0.467984 0.340474 0.468018 0.744873 1 9 1.000000
 47 -1.412358 -2.853378 24.137587 0.548763 -0.716221 0.431147 0.449463 0.776855 1 9 1.000000
 47 -0.465590 -2.297450 22.683332 0.736942 -0.632707 0.237904 0.456543 0.736816 1 9 1.000000
mnt_body_m.png
 47 -0.465590 -2.297450 22.683332 0.736942 -0.632707 0.237904 0.456543 0.736816 1 9 1.000000
 47 -1.412358 -2.853378 24.137587 0.548763 -0.716221 0.431147 0.449463 0.776855 1 9 1.000000
 47 -0.891049 -2.956050 22.252382 0.660400 -0.717443 0.221691 0.440918 0.736328 1 9 1.000000
mnt_body_m.png
 47 -0.891049 -2.956050 22.252382 0.660400 -0.717443 0.221691 0.440918 0.736328 1 9 1.000000
 47 -1.412358 -2.853378 24.137587 0.548763 -0.716221 0.431147 0.449463 0.776855 1 9 1.000000
 47 -1.588995 -3.495173 22.209980 0.497299 -0.857816 0.129790 0.429443 0.739990 1 9 1.000000
mnt_body_m.png
 47 -1.412358 -2.853378 24.137587 0.548763 -0.716221 0.431147 0.449463 0.776855 1 9 1.000000
 47 -2.028694 -3.617119 22.996738 0.381989 -0.893600 0.235721 0.428223 0.763184 1 9 1.000000
 47 -1.588995 -3.495173 22.209980 0.497299 -0.857816 0.129790 0.429443 0.739990 1 9 1.000000
mnt_body_m.png
 47 -2.028694 -3.617119 22.996738 0.381989 -0.893600 0.235721 0.428223 0.763184 1 9 1.000000
 47 -3.389576 -4.367455 20.926643 -0.599182 -0.776495 0.195029 0.393799 0.729248 1 9 1.000000
 47 -1.588995 -3.495173 22.209980 0.497299 -0.857816 0.129790 0.429443 0.739990 1 9 1.000000
mnt_body_m.png
 47 -3.389576 -4.367455 20.926643 -0.599182 -0.776495 0.195029 0.393799 0.729248 1 9 1.000000
 47 -2.390681 -3.876891 21.202095 0.442576 -0.896645 -0.012443 0.411865 0.731201 1 9 1.000000
 47 -1.588995 -3.495173 22.209980 0.497299 -0.857816 0.129790 0.429443 0.739990 1 9 1.000000
mnt_body_m.png
 47 -1.588995 -3.495173 22.209980 0.497299 -0.857816 0.129790 0.429443 0.739990 1 9 1.000000
 47 -2.390681 -3.876891 21.202095 0.442576 -0.896645 -0.012443 0.411865 0.731201 1 9 1.000000
 47 -1.878947 -3.633298 21.594170 0.429656 -0.902993 0.000237 0.422119 0.733398 1 9 1.000000
mnt_body_m.png
 47 -2.028694 -3.617119 22.996738 0.381989 -0.893600 0.235721 0.428223 0.763184 1 9 1.000000
 47 -2.742352 -3.543973 23.757761 -0.516375 -0.671058 0.532013 0.427246 0.787476 1 9 1.000000
 47 -3.389576 -4.367455 20.926643 -0.599182 -0.776495 0.195029 0.393799 0.729248 1 9 1.000000
mnt_body_m.png
 47 -3.389576 -4.367455 20.926643 -0.599182 -0.776495 0.195029 0.393799 0.729248 1 9 1.000000
 47 -2.742352 -3.543973 23.757761 -0.516375 -0.671058 0.532013 0.427246 0.787476 1 9 1.000000
 47 -2.991061 -2.865242 22.997984 -0.960699 0.125705 0.247497 0.428223 0.763184 1 9 1.000000
mnt_body_m.png
 47 -2.991061 -2.865242 22.997984 -0.960699 0.125705 0.247497 0.428223 0.763184 1 9 1.000000
 47 -2.742352 -3.543973 23.757761 -0.516375 -0.671058 0.532013 0.427246 0.787476 1 9 1.000000
 47 -2.415952 -2.061281 24.127998 -0.842257 0.355632 0.405130 0.449463 0.776855 1 9 1.000000
mnt_body_m.png
 47 -2.742352 -3.543973 23.757761 -0.516375 -0.671058 0.532013 0.427246 0.787476 1 9 1.000000
 47 -2.411943 -3.082443 24.477901 -0.427586 -0.519911 0.739502 0.439941 0.796509 1 9 1.000000
 47 -2.415952 -2.061281 24.127998 -0.842257 0.355632 0.405130 0.449463 0.776855 1 9 1.000000
mnt_body_m.png
 47 -2.411943 -3.082443 24.477901 -0.427586 -0.519911 0.739502 0.439941 0.796509 1 9 1.000000
 47 -1.867107 -2.366434 24.954023 -0.179586 -0.212269 0.960568 0.456055 0.798218 1 9 1.000000
 47 -2.415952 -2.061281 24.127998 -0.842257 0.355632 0.405130 0.449463 0.776855 1 9 1.000000
mnt_body_m.png
 47 -2.415952 -2.061281 24.127998 -0.842257 0.355632 0.405130 0.449463 0.776855 1 9 1.000000
 47 -1.867107 -2.366434 24.954023 -0.179586 -0.212269 0.960568 0.456055 0.798218 1 9 1.000000
 47 -1.566088 -1.091975 24.522114 -0.613784 0.592145 0.522144 0.468750 0.771362 1 9 1.000000
mnt_body_m.png
 47 -1.867107 -2.366434 24.954023 -0.179586 -0.212269 0.960568 0.456055 0.798218 1 9 1.000000
 47 -1.200372 -1.505524 25.008005 0.000288 -0.000671 1.000000 0.470947 0.788086 1 9 1.000000
 47 -1.566088 -1.091975 24.522114 -0.613784 0.592145 0.522144 0.468750 0.771362 1 9 1.000000
mnt_body_m.png
 47 -1.566088 -1.091975 24.522114 -0.613784 0.592145 0.522144 0.468750 0.771362 1 9 1.000000
 47 -1.200372 -1.505524 25.008005 0.000288 -0.000671 1.000000 0.470947 0.788086 1 9 1.000000
 47 -0.564758 -0.724951 24.949591 0.202848 0.251317 0.946410 0.483398 0.769653 1 9 1.000000
mnt_body_m.png
 47 -2.411943 -3.082443 24.477901 -0.427586 -0.519911 0.739502 0.439941 0.796509 1 9 1.000000
 47 -1.412358 -2.853378 24.137587 0.548763 -0.716221 0.431147 0.449463 0.776855 1 9 1.000000
 47 -1.867107 -2.366434 24.954023 -0.179586 -0.212269 0.960568 0.456055 0.798218 1 9 1.000000
mnt_body_m.png
 47 -1.412358 -2.853378 24.137587 0.548763 -0.716221 0.431147 0.449463 0.776855 1 9 1.000000
 47 -0.720482 -1.756809 24.520990 0.711708 -0.451691 0.538002 0.468750 0.771362 1 9 1.000000
 47 -1.867107 -2.366434 24.954023 -0.179586 -0.212269 0.960568 0.456055 0.798218 1 9 1.000000
mnt_body_m.png
 47 -1.867107 -2.366434 24.954023 -0.179586 -0.212269 0.960568 0.456055 0.798218 1 9 1.000000
 47 -0.720482 -1.756809 24.520990 0.711708 -0.451691 0.538002 0.468750 0.771362 1 9 1.000000
 47 -1.200372 -1.505524 25.008005 0.000288 -0.000671 1.000000 0.470947 0.788086 1 9 1.000000
mnt_body_m.png
 47 -0.720482 -1.756809 24.520990 0.711708 -0.451691 0.538002 0.468750 0.771362 1 9 1.000000
 47 -0.564758 -0.724951 24.949591 0.202848 0.251317 0.946410 0.483398 0.769653 1 9 1.000000
 47 -1.200372 -1.505524 25.008005 0.000288 -0.000671 1.000000 0.470947 0.788086 1 9 1.000000
mnt_body_m.png
 47 -2.411943 -3.082443 24.477901 -0.427586 -0.519911 0.739502 0.439941 0.796509 1 9 1.000000
 47 -2.742352 -3.543973 23.757761 -0.516375 -0.671058 0.532013 0.427246 0.787476 1 9 1.000000
 47 -1.412358 -2.853378 24.137587 0.548763 -0.716221 0.431147 0.449463 0.776855 1 9 1.000000
mnt_body_m.png
 47 -1.412358 -2.853378 24.137587 0.548763 -0.716221 0.431147 0.449463 0.776855 1 9 1.000000
 47 -2.742352 -3.543973 23.757761 -0.516375 -0.671058 0.532013 0.427246 0.787476 1 9 1.000000
 47 -2.028694 -3.617119 22.996738 0.381989 -0.893600 0.235721 0.428223 0.763184 1 9 1.000000
mnt_body_m.png
 47 5.753832 5.838394 6.252932 -0.658820 -0.657116 -0.366272 0.499268 0.605225 3 32 0.047431 42 0.098814 43 0.853755
 47 8.160114 0.008260 6.257574 -0.930662 -0.000292 -0.365880 0.616211 0.604736 2 32 0.047244 42 0.952756
 47 4.993318 5.073288 8.793763 -0.502501 -0.501508 -0.704261 0.508789 0.697021 3 32 0.200787 42 0.086614 43 0.712599
mnt_body_m.png
 47 4.993318 5.073288 8.793763 -0.502501 -0.501508 -0.704261 0.508789 0.697021 3 32 0.200787 42 0.086614 43 0.712599
 47 8.160114 0.008260 6.257574 -0.930662 -0.000292 -0.365880 0.616211 0.604736 2 32 0.047244 42 0.952756
 47 7.081551 0.010293 8.797792 -0.709881 -0.000567 -0.704321 0.608887 0.697021 3 32 0.200787 41 0.007874 42 0.791339
mnt_body_m.png
 47 5.753832 5.838394 6.252932 -0.658820 -0.657116 -0.366272 0.499268 0.605225 3 32 0.047431 42 0.098814 43 0.853755
 47 4.993318 5.073288 8.793763 -0.502501 -0.501508 -0.704261 0.490967 0.697021 3 32 0.200787 42 0.086614 43 0.712599
 47 -0.000000 8.229958 6.251027 0.000000 -0.930137 -0.367212 0.384521 0.604980 3 32 0.039370 43 0.480315 46 0.480315
mnt_body_m.png
 47 4.993318 5.073288 8.793763 -0.502501 -0.501508 -0.704261 0.490967 0.697021 3 32 0.200787 42 0.086614 43 0.712599
 47 -0.000000 7.148748 8.792109 0.000000 -0.709602 -0.704603 0.391602 0.697021 3 32 0.200000 43 0.400000 46 0.400000
 47 -0.000000 8.229958 6.251027 0.000000 -0.930137 -0.367212 0.384521 0.604980 3 32 0.039370 43 0.480315 46 0.480315
mnt_body_m.png
 47 -0.000000 7.148748 8.792109 0.000000 -0.709602 -0.704603 0.391602 0.697021 3 32 0.200000 43 0.400000 46 0.400000
 47 -4.993319 5.073289 8.793762 0.502501 -0.501508 -0.704260 0.490967 0.697021 3 32 0.200000 45 0.200000 46 0.600000
 47 -0.000000 8.229958 6.251027 0.000000 -0.930137 -0.367212 0.384521 0.604980 3 32 0.039370 43 0.480315 46 0.480315
mnt_body_m.png
 47 -0.000000 8.229958 6.251027 0.000000 -0.930137 -0.367212 0.384521 0.604980 3 32 0.039370 43 0.480315 46 0.480315
 47 -4.993319 5.073289 8.793762 0.502501 -0.501508 -0.704260 0.490967 0.697021 3 32 0.200000 45 0.200000 46 0.600000
 47 -5.753832 5.838394 6.252932 0.658820 -0.657116 -0.366271 0.499268 0.605225 3 32 0.047431 45 0.098814 46 0.853755
mnt_body_m.png
 47 5.753850 -5.821850 6.262210 -0.658821 0.656531 -0.367318 0.499268 0.605225 3 32 0.047431 41 0.774703 42 0.177866
 47 0.000001 -8.213436 6.264116 0.000000 0.929551 -0.368693 0.384521 0.604980 3 32 0.047431 41 0.482213 44 0.470356
 47 4.993334 -5.052701 8.801818 -0.502521 0.500395 -0.705037 0.490967 0.697021 3 32 0.200787 41 0.641733 42 0.157480
mnt_body_m.png
 47 4.993334 -5.052701 8.801818 -0.502521 0.500395 -0.705037 0.490967 0.697021 3 32 0.200787 41 0.641733 42 0.157480
 47 0.000001 -8.213436 6.264116 0.000000 0.929551 -0.368693 0.384521 0.604980 3 32 0.047431 41 0.482213 44 0.470356
 47 0.000001 -7.128181 8.803473 -0.000000 0.708509 -0.705702 0.391602 0.697021 3 32 0.200000 41 0.400000 44 0.400000
mnt_body_m.png
 47 0.000001 -7.128181 8.803473 -0.000000 0.708509 -0.705702 0.391602 0.697021 3 32 0.200000 41 0.400000 44 0.400000
 47 0.000001 -8.213436 6.264116 0.000000 0.929551 -0.368693 0.384521 0.604980 3 32 0.047431 41 0.482213 44 0.470356
 47 -4.993332 -5.052701 8.801818 0.502521 0.500395 -0.705037 0.490967 0.697021 3 32 0.200000 44 0.600000 45 0.200000
mnt_body_m.png
 47 0.000001 -8.213436 6.264116 0.000000 0.929551 -0.368693 0.384521 0.604980 3 32 0.047431 41 0.482213 44 0.470356
 47 -5.753849 -5.821850 6.262209 0.658821 0.656531 -0.367318 0.499268 0.605225 3 32 0.047431 44 0.774703 45 0.177866
 47 -4.993332 -5.052701 8.801818 0.502521 0.500395 -0.705037 0.490967 0.697021 3 32 0.200000 44 0.600000 45 0.200000
mnt_body_m.png
 47 5.753850 -5.821850 6.262210 -0.658821 0.656531 -0.367318 0.499268 0.605225 3 32 0.047431 41 0.774703 42 0.177866
 47 4.993334 -5.052701 8.801818 -0.502521 0.500395 -0.705037 0.508789 0.697021 3 32 0.200787 41 0.641733 42 0.157480
 47 8.160114 0.008260 6.257574 -0.930662 -0.000292 -0.365880 0.616211 0.604736 2 32 0.047244 42 0.952756
mnt_body_m.png
 47 8.160114 0.008260 6.257574 -0.930662 -0.000292 -0.365880 0.616211 0.604736 2 32 0.047244 42 0.952756
 47 4.993334 -5.052701 8.801818 -0.502521 0.500395 -0.705037 0.508789 0.697021 3 32 0.200787 41 0.641733 42 0.157480
 47 7.081551 0.010293 8.797792 -0.709881 -0.000567 -0.704321 0.608887 0.697021 3 32 0.200787 41 0.007874 42 0.791339
mnt_body_m.png
 47 -5.753832 5.838394 6.252932 0.658820 -0.657116 -0.366271 0.499268 0.605225 3 32 0.047431 45 0.098814 46 0.853755
 47 -4.993319 5.073289 8.793762 0.502501 -0.501508 -0.704260 0.508789 0.697021 3 32 0.200000 45 0.200000 46 0.600000
 47 -8.160114 0.008260 6.257574 0.930662 -0.000292 -0.365880 0.616211 0.604736 2 32 0.047244 45 0.952756
mnt_body_m.png
 47 -8.160114 0.008260 6.257574 0.930662 -0.000292 -0.365880 0.616211 0.604736 2 32 0.047244 45 0.952756
 47 -4.993319 5.073289 8.793762 0.502501 -0.501508 -0.704260 0.508789 0.697021 3 32 0.200000 45 0.200000 46 0.600000
 47 -7.081549 0.010293 8.797792 0.709881 -0.000566 -0.704321 0.608887 0.697021 3 32 0.200787 44 0.007874 45 0.791339
mnt_body_m.png
 47 -5.753849 -5.821850 6.262209 0.658821 0.656531 -0.367318 0.499268 0.605225 3 32 0.047431 44 0.774703 45 0.177866
 47 -8.160114 0.008260 6.257574 0.930662 -0.000292 -0.365880 0.616211 0.604736 2 32 0.047244 45 0.952756
 47 -4.993332 -5.052701 8.801818 0.502521 0.500395 -0.705037 0.508789 0.697021 3 32 0.200000 44 0.600000 45 0.200000
mnt_body_m.png
 47 -4.993332 -5.052701 8.801818 0.502521 0.500395 -0.705037 0.508789 0.697021 3 32 0.200000 44 0.600000 45 0.200000
 47 -8.160114 0.008260 6.257574 0.930662 -0.000292 -0.365880 0.616211 0.604736 2 32 0.047244 45 0.952756
 47 -7.081549 0.010293 8.797792 0.709881 -0.000566 -0.704321 0.608887 0.697021 3 32 0.200787 44 0.007874 45 0.791339
mnt_body_m.png
 47 -2.940345 -5.092828 10.077906 0.252038 0.436543 -0.863659 0.451416 0.697021 2 4 0.200000 32 0.800000
 47 0.000000 -5.880690 10.077906 -0.000000 0.504077 -0.863659 0.391602 0.697021 2 4 0.200000 32 0.800000
 47 -3.905142 -6.763906 8.951693 0.364780 0.631818 -0.683916 0.457275 0.637207 2 32 0.200000 44 0.800000
mnt_body_m.png
 47 0.000000 -5.880690 10.077906 -0.000000 0.504077 -0.863659 0.391602 0.697021 2 4 0.200000 32 0.800000
 47 -0.000000 -7.810286 8.951693 0.000000 0.729561 -0.683916 0.385498 0.637207 3 32 0.200000 41 0.400000 44 0.400000
 47 -3.905142 -6.763906 8.951693 0.364780 0.631818 -0.683916 0.457275 0.637207 2 32 0.200000 44 0.800000
mnt_body_m.png
 47 -3.905142 -6.763906 8.951693 0.364780 0.631818 -0.683916 0.457275 0.637207 2 32 0.200000 44 0.800000
 47 -0.000000 -7.810286 8.951693 0.000000 0.729561 -0.683916 0.385498 0.637207 3 32 0.200000 41 0.400000 44 0.400000
 47 -4.375011 -7.577743 7.315361 0.464831 0.805110 -0.368415 0.461426 0.573975 2 32 0.098425 44 0.901575
mnt_body_m.png
 47 -4.375011 -7.577743 7.315361 0.464831 0.805110 -0.368415 0.461426 0.573975 2 32 0.098425 44 0.901575
 47 -0.000000 -7.810286 8.951693 0.000000 0.729561 -0.683916 0.385498 0.637207 3 32 0.200000 41 0.400000 44 0.400000
 47 -0.000000 -8.750023 7.315360 0.000000 0.929661 -0.368415 0.381104 0.573975 3 32 0.098814 41 0.450593 44 0.450593
mnt_body_m.png
 47 -0.000000 -8.750023 7.315360 0.000000 0.929661 -0.368415 0.381104 0.573975 3 32 0.098814 41 0.450593 44 0.450593
 47 -0.000000 -7.810286 8.951693 0.000000 0.729561 -0.683916 0.385498 0.637207 3 32 0.200000 41 0.400000 44 0.400000
 47 4.375011 -7.577744 7.315361 -0.464831 0.805110 -0.368416 0.461426 0.573975 2 32 0.098425 41 0.901575
mnt_body_m.png
 47 4.375011 -7.577744 7.315361 -0.464831 0.805110 -0.368416 0.461426 0.573975 2 32 0.098425 41 0.901575
 47 -0.000000 -7.810286 8.951693 0.000000 0.729561 -0.683916 0.385498 0.637207 3 32 0.200000 41 0.400000 44 0.400000
 47 3.905143 -6.763906 8.951693 -0.364780 0.631818 -0.683916 0.457275 0.637207 2 32 0.200000 41 0.800000
mnt_body_m.png
 47 -0.000000 -7.810286 8.951693 0.000000 0.729561 -0.683916 0.385498 0.637207 3 32 0.200000 41 0.400000 44 0.400000
 47 0.000000 -5.880690 10.077906 -0.000000 0.504077 -0.863659 0.391602 0.697021 2 4 0.200000 32 0.800000
 47 3.905143 -6.763906 8.951693 -0.364780 0.631818 -0.683916 0.457275 0.637207 2 32 0.200000 41 0.800000
mnt_body_m.png
 47 3.905143 -6.763906 8.951693 -0.364780 0.631818 -0.683916 0.457275 0.637207 2 32 0.200000 41 0.800000
 47 0.000000 -5.880690 10.077906 -0.000000 0.504077 -0.863659 0.391602 0.697021 2 4 0.200000 32 0.800000
 47 2.940345 -5.092828 10.077906 -0.252038 0.436543 -0.863659 0.451416 0.697021 2 4 0.200000 32 0.800000
mnt_body_m.png
 47 -2.940345 5.092828 10.077906 0.252038 -0.436544 -0.863659 0.469482 0.697021 2 4 0.200000 32 0.800000
 47 -5.092828 2.940345 10.077906 0.436543 -0.252039 -0.863659 0.533203 0.697021 2 4 0.200000 32 0.800000
 47 -3.905143 6.763904 8.951693 0.364781 -0.631818 -0.683916 0.464600 0.637207 2 32 0.200000 46 0.800000
mnt_body_m.png
 47 -5.092828 2.940345 10.077906 0.436543 -0.252039 -0.863659 0.533203 0.697021 2 4 0.200000 32 0.800000
 47 -6.763906 3.905142 8.951693 0.631818 -0.364781 -0.683916 0.536621 0.637207 3 32 0.200000 45 0.400000 46 0.400000
 47 -3.905143 6.763904 8.951693 0.364781 -0.631818 -0.683916 0.464600 0.637207 2 32 0.200000 46 0.800000
mnt_body_m.png
 47 -3.905143 6.763904 8.951693 0.364781 -0.631818 -0.683916 0.464600 0.637207 2 32 0.200000 46 0.800000
 47 -6.763906 3.905142 8.951693 0.631818 -0.364781 -0.683916 0.536621 0.637207 3 32 0.200000 45 0.400000 46 0.400000
 47 -4.375012 7.577741 7.315359 0.464831 -0.805110 -0.368415 0.461426 0.573975 2 32 0.098425 46 0.901575
mnt_body_m.png
 47 -6.763906 3.905142 8.951693 0.631818 -0.364781 -0.683916 0.536621 0.637207 3 32 0.200000 45 0.400000 46 0.400000
 47 -7.577743 4.375010 7.315360 0.805110 -0.464831 -0.368415 0.539063 0.573975 3 32 0.098814 45 0.450593 46 0.450593
 47 -4.375012 7.577741 7.315359 0.464831 -0.805110 -0.368415 0.461426 0.573975 2 32 0.098425 46 0.901575
mnt_body_m.png
 47 -5.092828 2.940345 10.077906 0.436543 -0.252039 -0.863659 0.548828 0.697021 2 4 0.200000 32 0.800000
 47 -5.880692 -0.000000 10.077906 0.504077 -0.000000 -0.863659 0.606934 0.697021 2 4 0.200000 32 0.800000
 47 -6.763906 3.905142 8.951693 0.631818 -0.364781 -0.683916 0.542969 0.637207 3 32 0.200000 45 0.400000 46 0.400000
mnt_body_m.png
 47 -5.880692 -0.000000 10.077906 0.504077 -0.000000 -0.863659 0.606934 0.697021 2 4 0.200000 32 0.800000
 47 -7.810286 0.000000 8.951694 0.729561 0.000000 -0.683916 0.613281 0.637207 2 32 0.200000 45 0.800000
 47 -6.763906 3.905142 8.951693 0.631818 -0.364781 -0.683916 0.542969 0.637207 3 32 0.200000 45 0.400000 46 0.400000
mnt_body_m.png
 47 -6.763906 3.905142 8.951693 0.631818 -0.364781 -0.683916 0.542969 0.637207 3 32 0.200000 45 0.400000 46 0.400000
 47 -7.810286 0.000000 8.951694 0.729561 0.000000 -0.683916 0.613281 0.637207 2 32 0.200000 45 0.800000
 47 -7.577743 4.375010 7.315360 0.805110 -0.464831 -0.368415 0.539063 0.573975 3 32 0.098814 45 0.450593 46 0.450593
mnt_body_m.png
 47 -7.577743 4.375010 7.315360 0.805110 -0.464831 -0.368415 0.539063 0.573975 3 32 0.098814 45 0.450593 46 0.450593
 47 -7.810286 0.000000 8.951694 0.729561 0.000000 -0.683916 0.613281 0.637207 2 32 0.200000 45 0.800000
 47 -8.750023 0.000000 7.315361 0.929661 0.000000 -0.368415 0.618164 0.573975 2 32 0.098425 45 0.901575
mnt_body_m.png
 47 -7.810286 0.000000 8.951694 0.729561 0.000000 -0.683916 0.613281 0.637207 2 32 0.200000 45 0.800000
 47 -6.763906 -3.905142 8.951693 0.631818 0.364780 -0.683916 0.542969 0.637207 3 32 0.200000 44 0.400000 45 0.400000
 47 -8.750023 0.000000 7.315361 0.929661 0.000000 -0.368415 0.618164 0.573975 2 32 0.098425 45 0.901575
mnt_body_m.png
 47 -8.750023 0.000000 7.315361 0.929661 0.000000 -0.368415 0.618164 0.573975 2 32 0.098425 45 0.901575
 47 -6.763906 -3.905142 8.951693 0.631818 0.364780 -0.683916 0.542969 0.637207 3 32 0.200000 44 0.400000 45 0.400000
 47 -7.577743 -4.375011 7.315360 0.805110 0.464831 -0.368415 0.539063 0.573975 3 32 0.098814 44 0.450593 45 0.450593
mnt_body_m.png
 47 -6.763906 -3.905142 8.951693 0.631818 0.364780 -0.683916 0.542969 0.637207 3 32 0.200000 44 0.400000 45 0.400000
 47 -7.810286 0.000000 8.951694 0.729561 0.000000 -0.683916 0.613281 0.637207 2 32 0.200000 45 0.800000
 47 -5.092828 -2.940345 10.077906 0.436543 0.252039 -0.863659 0.548828 0.697021 2 4 0.200000 32 0.800000
mnt_body_m.png
 47 -5.092828 -2.940345 10.077906 0.436543 0.252039 -0.863659 0.548828 0.697021 2 4 0.200000 32 0.800000
 47 -7.810286 0.000000 8.951694 0.729561 0.000000 -0.683916 0.613281 0.637207 2 32 0.200000 45 0.800000
 47 -5.880692 -0.000000 10.077906 0.504077 -0.000000 -0.863659 0.606934 0.697021 2 4 0.200000 32 0.800000
mnt_body_m.png
 47 -5.092828 -2.940345 10.077906 0.436543 0.252039 -0.863659 0.533203 0.697021 2 4 0.200000 32 0.800000
 47 -2.940345 -5.092828 10.077906 0.252038 0.436543 -0.863659 0.469482 0.697021 2 4 0.200000 32 0.800000
 47 -6.763906 -3.905142 8.951693 0.631818 0.364780 -0.683916 0.536621 0.637207 3 32 0.200000 44 0.400000 45 0.400000
mnt_body_m.png
 47 -2.940345 -5.092828 10.077906 0.252038 0.436543 -0.863659 0.469482 0.697021 2 4 0.200000 32 0.800000
 47 -3.905142 -6.763906 8.951693 0.364780 0.631818 -0.683916 0.464600 0.637207 2 32 0.200000 44 0.800000
 47 -6.763906 -3.905142 8.951693 0.631818 0.364780 -0.683916 0.536621 0.637207 3 32 0.200000 44 0.400000 45 0.400000
mnt_body_m.png
 47 -6.763906 -3.905142 8.951693 0.631818 0.364780 -0.683916 0.536621 0.637207 3 32 0.200000 44 0.400000 45 0.400000
 47 -3.905142 -6.763906 8.951693 0.364780 0.631818 -0.683916 0.464600 0.637207 2 32 0.200000 44 0.800000
 47 -7.577743 -4.375011 7.315360 0.805110 0.464831 -0.368415 0.539063 0.573975 3 32 0.098814 44 0.450593 45 0.450593
mnt_body_m.png
 47 -3.905142 -6.763906 8.951693 0.364780 0.631818 -0.683916 0.464600 0.637207 2 32 0.200000 44 0.800000
 47 -4.375011 -7.577743 7.315361 0.464831 0.805110 -0.368415 0.461426 0.573975 2 32 0.098425 44 0.901575
 47 -7.577743 -4.375011 7.315360 0.805110 0.464831 -0.368415 0.539063 0.573975 3 32 0.098814 44 0.450593 45 0.450593
mnt_body_m.png
 47 -4.375012 7.577741 7.315359 0.464831 -0.805110 -0.368415 0.461426 0.573975 2 32 0.098425 46 0.901575
 47 -0.000000 8.750023 7.315360 0.000000 -0.929661 -0.368415 0.381104 0.573975 3 32 0.098814 43 0.450593 46 0.450593
 47 -3.905143 6.763904 8.951693 0.364781 -0.631818 -0.683916 0.457275 0.637207 2 32 0.200000 46 0.800000
mnt_body_m.png
 47 -0.000000 8.750023 7.315360 0.000000 -0.929661 -0.368415 0.381104 0.573975 3 32 0.098814 43 0.450593 46 0.450593
 47 -0.000000 7.810284 8.951693 0.000000 -0.729561 -0.683916 0.385498 0.637207 3 32 0.200000 43 0.400000 46 0.400000
 47 -3.905143 6.763904 8.951693 0.364781 -0.631818 -0.683916 0.457275 0.637207 2 32 0.200000 46 0.800000
mnt_body_m.png
 47 -3.905143 6.763904 8.951693 0.364781 -0.631818 -0.683916 0.457275 0.637207 2 32 0.200000 46 0.800000
 47 -0.000000 7.810284 8.951693 0.000000 -0.729561 -0.683916 0.385498 0.637207 3 32 0.200000 43 0.400000 46 0.400000
 47 -2.940345 5.092828 10.077906 0.252038 -0.436544 -0.863659 0.451416 0.697021 2 4 0.200000 32 0.800000
mnt_body_m.png
 47 -2.940345 5.092828 10.077906 0.252038 -0.436544 -0.863659 0.451416 0.697021 2 4 0.200000 32 0.800000
 47 -0.000000 7.810284 8.951693 0.000000 -0.729561 -0.683916 0.385498 0.637207 3 32 0.200000 43 0.400000 46 0.400000
 47 0.000000 5.880690 10.077906 -0.000000 -0.504077 -0.863659 0.391602 0.697021 2 4 0.200000 32 0.800000
mnt_body_m.png
 47 0.000000 5.880690 10.077906 -0.000000 -0.504077 -0.863659 0.391602 0.697021 2 4 0.200000 32 0.800000
 47 -0.000000 7.810284 8.951693 0.000000 -0.729561 -0.683916 0.385498 0.637207 3 32 0.200000 43 0.400000 46 0.400000
 47 2.940345 5.092828 10.077906 -0.252038 -0.436543 -0.863659 0.451416 0.697021 2 4 0.200000 32 0.800000
mnt_body_m.png
 47 2.940345 5.092828 10.077906 -0.252038 -0.436543 -0.863659 0.451416 0.697021 2 4 0.200000 32 0.800000
 47 -0.000000 7.810284 8.951693 0.000000 -0.729561 -0.683916 0.385498 0.637207 3 32 0.200000 43 0.400000 46 0.400000
 47 3.905143 6.763905 8.951694 -0.364780 -0.631818 -0.683916 0.457275 0.637207 2 32 0.200000 43 0.800000
mnt_body_m.png
 47 -0.000000 7.810284 8.951693 0.000000 -0.729561 -0.683916 0.385498 0.637207 3 32 0.200000 43 0.400000 46 0.400000
 47 -0.000000 8.750023 7.315360 0.000000 -0.929661 -0.368415 0.381104 0.573975 3 32 0.098814 43 0.450593 46 0.450593
 47 3.905143 6.763905 8.951694 -0.364780 -0.631818 -0.683916 0.457275 0.637207 2 32 0.200000 43 0.800000
mnt_body_m.png
 47 3.905143 6.763905 8.951694 -0.364780 -0.631818 -0.683916 0.457275 0.637207 2 32 0.200000 43 0.800000
 47 -0.000000 8.750023 7.315360 0.000000 -0.929661 -0.368415 0.381104 0.573975 3 32 0.098814 43 0.450593 46 0.450593
 47 4.375012 7.577743 7.315359 -0.464831 -0.805110 -0.368415 0.461426 0.573975 2 32 0.098425 43 0.901575
mnt_body_m.png
 47 2.940345 5.092828 10.077906 -0.252038 -0.436543 -0.863659 0.469482 0.697021 2 4 0.200000 32 0.800000
 47 3.905143 6.763905 8.951694 -0.364780 -0.631818 -0.683916 0.464600 0.637207 2 32 0.200000 43 0.800000
 47 5.092828 2.940345 10.077906 -0.436543 -0.252038 -0.863659 0.533203 0.697021 2 4 0.200000 32 0.800000
mnt_body_m.png
 47 5.092828 2.940345 10.077906 -0.436543 -0.252038 -0.863659 0.533203 0.697021 2 4 0.200000 32 0.800000
 47 3.905143 6.763905 8.951694 -0.364780 -0.631818 -0.683916 0.464600 0.637207 2 32 0.200000 43 0.800000
 47 6.763905 3.905142 8.951693 -0.631818 -0.364780 -0.683916 0.536621 0.637207 3 32 0.200000 42 0.400000 43 0.400000
mnt_body_m.png
 47 3.905143 6.763905 8.951694 -0.364780 -0.631818 -0.683916 0.464600 0.637207 2 32 0.200000 43 0.800000
 47 4.375012 7.577743 7.315359 -0.464831 -0.805110 -0.368415 0.461426 0.573975 2 32 0.098425 43 0.901575
 47 6.763905 3.905142 8.951693 -0.631818 -0.364780 -0.683916 0.536621 0.637207 3 32 0.200000 42 0.400000 43 0.400000
mnt_body_m.png
 47 6.763905 3.905142 8.951693 -0.631818 -0.364780 -0.683916 0.536621 0.637207 3 32 0.200000 42 0.400000 43 0.400000
 47 4.375012 7.577743 7.315359 -0.464831 -0.805110 -0.368415 0.461426 0.573975 2 32 0.098425 43 0.901575
 47 7.577744 4.375010 7.315360 -0.805110 -0.464831 -0.368415 0.539063 0.573975 3 32 0.098814 42 0.450593 43 0.450593
mnt_body_m.png
 47 5.092828 2.940345 10.077906 -0.436543 -0.252038 -0.863659 0.548828 0.697021 2 4 0.200000 32 0.800000
 47 6.763905 3.905142 8.951693 -0.631818 -0.364780 -0.683916 0.542969 0.637207 3 32 0.200000 42 0.400000 43 0.400000
 47 5.880692 -0.000000 10.077906 -0.504077 -0.000000 -0.863659 0.606934 0.697021 2 4 0.200000 32 0.800000
mnt_body_m.png
 47 6.763905 3.905142 8.951693 -0.631818 -0.364780 -0.683916 0.542969 0.637207 3 32 0.200000 42 0.400000 43 0.400000
 47 7.810286 0.000000 8.951694 -0.729560 -0.000000 -0.683916 0.613281 0.637207 2 32 0.200000 42 0.800000
 47 5.880692 -0.000000 10.077906 -0.504077 -0.000000 -0.863659 0.606934 0.697021 2 4 0.200000 32 0.800000
mnt_body_m.png
 47 5.880692 -0.000000 10.077906 -0.504077 -0.000000 -0.863659 0.606934 0.697021 2 4 0.200000 32 0.800000
 47 7.810286 0.000000 8.951694 -0.729560 -0.000000 -0.683916 0.613281 0.637207 2 32 0.200000 42 0.800000
 47 5.092828 -2.940345 10.077906 -0.436543 0.252038 -0.863659 0.548828 0.697021 2 4 0.200000 32 0.800000
mnt_body_m.png
 47 5.092828 -2.940345 10.077906 -0.436543 0.252038 -0.863659 0.548828 0.697021 2 4 0.200000 32 0.800000
 47 7.810286 0.000000 8.951694 -0.729560 -0.000000 -0.683916 0.613281 0.637207 2 32 0.200000 42 0.800000
 47 6.763906 -3.905142 8.951694 -0.631818 0.364780 -0.683916 0.542969 0.637207 3 32 0.200000 41 0.400000 42 0.400000
mnt_body_m.png
 47 7.810286 0.000000 8.951694 -0.729560 -0.000000 -0.683916 0.613281 0.637207 2 32 0.200000 42 0.800000
 47 8.750025 0.000000 7.315361 -0.929661 0.000000 -0.368415 0.618164 0.573975 2 32 0.098425 42 0.901575
 47 6.763906 -3.905142 8.951694 -0.631818 0.364780 -0.683916 0.542969 0.637207 3 32 0.200000 41 0.400000 42 0.400000
mnt_body_m.png
 47 6.763906 -3.905142 8.951694 -0.631818 0.364780 -0.683916 0.542969 0.637207 3 32 0.200000 41 0.400000 42 0.400000
 47 8.750025 0.000000 7.315361 -0.929661 0.000000 -0.368415 0.618164 0.573975 2 32 0.098425 42 0.901575
 47 7.577744 -4.375011 7.315360 -0.805110 0.464831 -0.368415 0.539063 0.573975 3 32 0.098814 41 0.450593 42 0.450593
mnt_body_m.png
 47 8.750025 0.000000 7.315361 -0.929661 0.000000 -0.368415 0.618164 0.573975 2 32 0.098425 42 0.901575
 47 7.810286 0.000000 8.951694 -0.729560 -0.000000 -0.683916 0.613281 0.637207 2 32 0.200000 42 0.800000
 47 7.577744 4.375010 7.315360 -0.805110 -0.464831 -0.368415 0.539063 0.573975 3 32 0.098814 42 0.450593 43 0.450593
mnt_body_m.png
 47 7.577744 4.375010 7.315360 -0.805110 -0.464831 -0.368415 0.539063 0.573975 3 32 0.098814 42 0.450593 43 0.450593
 47 7.810286 0.000000 8.951694 -0.729560 -0.000000 -0.683916 0.613281 0.637207 2 32 0.200000 42 0.800000
 47 6.763905 3.905142 8.951693 -0.631818 -0.364780 -0.683916 0.542969 0.637207 3 32 0.200000 42 0.400000 43 0.400000
mnt_body_m.png
 47 5.092828 -2.940345 10.077906 -0.436543 0.252038 -0.863659 0.533203 0.697021 2 4 0.200000 32 0.800000
 47 6.763906 -3.905142 8.951694 -0.631818 0.364780 -0.683916 0.536621 0.637207 3 32 0.200000 41 0.400000 42 0.400000
 47 2.940345 -5.092828 10.077906 -0.252038 0.436543 -0.863659 0.469482 0.697021 2 4 0.200000 32 0.800000
mnt_body_m.png
 47 2.940345 -5.092828 10.077906 -0.252038 0.436543 -0.863659 0.469482 0.697021 2 4 0.200000 32 0.800000
 47 6.763906 -3.905142 8.951694 -0.631818 0.364780 -0.683916 0.536621 0.637207 3 32 0.200000 41 0.400000 42 0.400000
 47 3.905143 -6.763906 8.951693 -0.364780 0.631818 -0.683916 0.464600 0.637207 2 32 0.200000 41 0.800000
mnt_body_m.png
 47 6.763906 -3.905142 8.951694 -0.631818 0.364780 -0.683916 0.536621 0.637207 3 32 0.200000 41 0.400000 42 0.400000
 47 7.577744 -4.375011 7.315360 -0.805110 0.464831 -0.368415 0.539063 0.573975 3 32 0.098814 41 0.450593 42 0.450593
 47 3.905143 -6.763906 8.951693 -0.364780 0.631818 -0.683916 0.464600 0.637207 2 32 0.200000 41 0.800000
mnt_body_m.png
 47 3.905143 -6.763906 8.951693 -0.364780 0.631818 -0.683916 0.464600 0.637207 2 32 0.200000 41 0.800000
 47 7.577744 -4.375011 7.315360 -0.805110 0.464831 -0.368415 0.539063 0.573975 3 32 0.098814 41 0.450593 42 0.450593
 47 4.375011 -7.577744 7.315361 -0.464831 0.805110 -0.368416 0.461426 0.573975 2 32 0.098425 41 0.901575
mnt_body_m.png
 47 4.993318 5.073288 8.793763 -0.502501 -0.501508 -0.704261 0.508301 0.697021 3 32 0.200787 42 0.086614 43 0.712599
 47 7.081551 0.010293 8.797792 -0.709881 -0.000567 -0.704321 0.606934 0.697021 3 32 0.200787 41 0.007874 42 0.791339
 47 0.000000 0.010292 10.702818 0.000000 -0.000738 -1.000000 0.559082 0.730957 2 4 0.299213 32 0.700787
mnt_body_m.png
 47 0.000000 0.010292 10.702818 0.000000 -0.000738 -1.000000 0.559082 0.730957 2 4 0.299213 32 0.700787
 47 7.081551 0.010293 8.797792 -0.709881 -0.000567 -0.704321 0.606934 0.697021 3 32 0.200787 41 0.007874 42 0.791339
 47 4.993334 -5.052701 8.801818 -0.502521 0.500395 -0.705037 0.508301 0.697021 3 32 0.200787 41 0.641733 42 0.157480
mnt_body_m.png
 47 4.993334 -5.052701 8.801818 -0.502521 0.500395 -0.705037 0.490479 0.697021 3 32 0.200787 41 0.641733 42 0.157480
 47 0.000001 -7.128181 8.803473 -0.000000 0.708509 -0.705702 0.391602 0.697021 3 32 0.200000 41 0.400000 44 0.400000
 47 0.000000 0.010292 10.702818 0.000000 -0.000738 -1.000000 0.438721 0.730957 2 4 0.299213 32 0.700787
mnt_body_m.png
 47 0.000000 0.010292 10.702818 0.000000 -0.000738 -1.000000 0.438721 0.730957 2 4 0.299213 32 0.700787
 47 0.000001 -7.128181 8.803473 -0.000000 0.708509 -0.705702 0.391602 0.697021 3 32 0.200000 41 0.400000 44 0.400000
 47 -4.993332 -5.052701 8.801818 0.502521 0.500395 -0.705037 0.490479 0.697021 3 32 0.200000 44 0.600000 45 0.200000
mnt_body_m.png
 47 -4.993319 5.073289 8.793762 0.502501 -0.501508 -0.704260 0.508301 0.697021 3 32 0.200000 45 0.200000 46 0.600000
 47 0.000000 0.010292 10.702818 0.000000 -0.000738 -1.000000 0.559082 0.730957 2 4 0.299213 32 0.700787
 47 -7.081549 0.010293 8.797792 0.709881 -0.000566 -0.704321 0.606934 0.697021 3 32 0.200787 44 0.007874 45 0.791339
mnt_body_m.png
 47 -7.081549 0.010293 8.797792 0.709881 -0.000566 -0.704321 0.606934 0.697021 3 32 0.200787 44 0.007874 45 0.791339
 47 0.000000 0.010292 10.702818 0.000000 -0.000738 -1.000000 0.559082 0.730957 2 4 0.299213 32 0.700787
 47 -4.993332 -5.052701 8.801818 0.502521 0.500395 -0.705037 0.508301 0.697021 3 32 0.200000 44 0.600000 45 0.200000
mnt_body_m.png
 47 1.259414 -5.311425 0.478302 -0.494751 -0.598926 -0.629690 0.187378 0.811157 2 35 0.007874 36 0.992126
 47 2.193823 -4.367023 0.076626 0.027451 -0.087325 -0.995802 0.194702 0.791992 2 35 0.200000 36 0.800000
 47 2.339570 -5.575916 0.392595 0.151873 -0.719081 -0.678127 0.196289 0.815430 1 36 1.000000
mnt_body_m.png
 47 2.339570 -5.575916 0.392595 0.151873 -0.719081 -0.678127 0.196289 0.815430 1 36 1.000000
 47 2.193823 -4.367023 0.076626 0.027451 -0.087325 -0.995802 0.194702 0.791992 2 35 0.200000 36 0.800000
 47 3.378775 -4.467297 0.400988 -0.000001 -0.303023 -0.952983 0.206055 0.793701 2 35 0.177165 36 0.822835
mnt_body_m.png
 47 2.193823 -4.367023 0.076626 0.027451 -0.087325 -0.995802 0.194702 0.791992 2 35 0.200000 36 0.800000
 47 3.378772 -2.772701 0.368665 0.005938 -0.002559 -0.999979 0.205933 0.761597 2 35 0.800000 36 0.200000
 47 3.378775 -4.467297 0.400988 -0.000001 -0.303023 -0.952983 0.206055 0.793701 2 35 0.177165 36 0.822835
mnt_body_m.png
 47 3.378772 -2.772701 0.368665 0.005938 -0.002559 -0.999979 0.205933 0.761597 2 35 0.800000 36 0.200000
 47 4.563725 -4.367018 0.076623 -0.032630 -0.097364 -0.994714 0.217285 0.791626 2 35 0.200000 36 0.800000
 47 3.378775 -4.467297 0.400988 -0.000001 -0.303023 -0.952983 0.206055 0.793701 2 35 0.177165 36 0.822835
mnt_body_m.png
 47 3.378775 -4.467297 0.400988 -0.000001 -0.303023 -0.952983 0.206055 0.793701 2 35 0.177165 36 0.822835
 47 4.563725 -4.367018 0.076623 -0.032630 -0.097364 -0.994714 0.217285 0.791626 2 35 0.200000 36 0.800000
 47 4.417985 -5.575913 0.392592 -0.146494 -0.720181 -0.678144 0.215942 0.815063 1 36 1.000000
mnt_body_m.png
 47 4.417985 -5.575913 0.392592 -0.146494 -0.720181 -0.678144 0.215942 0.815063 1 36 1.000000
 47 4.563725 -4.367018 0.076623 -0.032630 -0.097364 -0.994714 0.217285 0.791626 2 35 0.200000 36 0.800000
 47 5.438613 -5.311418 0.478295 0.497573 -0.596538 -0.629733 0.224731 0.810425 2 35 0.007874 36 0.992126
mnt_body_m.png
 47 5.438613 -5.311418 0.478295 0.497573 -0.596538 -0.629733 0.224731 0.810425 2 35 0.007874 36 0.992126
 47 4.563725 -4.367018 0.076623 -0.032630 -0.097364 -0.994714 0.217285 0.791626 2 35 0.200000 36 0.800000
 47 5.802927 -4.338665 0.266027 0.655854 -0.131950 -0.743266 0.228027 0.791138 2 35 0.200000 36 0.800000
mnt_body_m.png
 47 4.563725 -4.367018 0.076623 -0.032630 -0.097364 -0.994714 0.217285 0.791626 2 35 0.200000 36 0.800000
 47 4.688038 -2.573169 0.223755 0.072577 0.025876 -0.997027 0.218384 0.757568 2 35 0.800000 36 0.200000
 47 5.802927 -4.338665 0.266027 0.655854 -0.131950 -0.743266 0.228027 0.791138 2 35 0.200000 36 0.800000
mnt_body_m.png
 47 5.802927 -4.338665 0.266027 0.655854 -0.131950 -0.743266 0.228027 0.791138 2 35 0.200000 36 0.800000
 47 4.688038 -2.573169 0.223755 0.072577 0.025876 -0.997027 0.218384 0.757568 2 35 0.800000 36 0.200000
 47 5.620093 -2.542850 0.479984 0.632177 0.073982 -0.771284 0.226685 0.756836 2 35 0.800000 36 0.200000
mnt_body_m.png
 47 5.620093 -2.542850 0.479984 0.632177 0.073982 -0.771284 0.226685 0.756836 2 35 0.800000 36 0.200000
 47 4.688038 -2.573169 0.223755 0.072577 0.025876 -0.997027 0.218384 0.757568 2 35 0.800000 36 0.200000
 47 5.524349 0.659897 0.291507 0.641056 0.125178 -0.757217 0.226196 0.695801 1 35 1.000000
mnt_body_m.png
 47 4.688038 -2.573169 0.223755 0.072577 0.025876 -0.997027 0.218384 0.757568 2 35 0.800000 36 0.200000
 47 3.378756 1.929352 0.076484 0.005632 0.091447 -0.995794 0.205688 0.679932 1 35 1.000000
 47 5.524349 0.659897 0.291507 0.641056 0.125178 -0.757217 0.226196 0.695801 1 35 1.000000
mnt_body_m.png
 47 5.524349 0.659897 0.291507 0.641056 0.125178 -0.757217 0.226196 0.695801 1 35 1.000000
 47 3.378756 1.929352 0.076484 0.005632 0.091447 -0.995794 0.205688 0.679932 1 35 1.000000
 47 4.882516 2.309589 0.316055 0.522511 0.504422 -0.687416 0.220093 0.672363 1 35 1.000000
mnt_body_m.png
 47 4.882516 2.309589 0.316055 0.522511 0.504422 -0.687416 0.220093 0.672363 1 35 1.000000
 47 3.378756 1.929352 0.076484 0.005632 0.091447 -0.995794 0.205688 0.679932 1 35 1.000000
 47 3.363773 2.880669 0.273887 -0.001691 0.741129 -0.671360 0.205444 0.661377 1 35 1.000000
mnt_body_m.png
 47 3.363773 2.880669 0.273887 -0.001691 0.741129 -0.671360 0.205444 0.661377 1 35 1.000000
 47 3.378756 1.929352 0.076484 0.005632 0.091447 -0.995794 0.205688 0.679932 1 35 1.000000
 47 1.841084 2.366238 0.291871 -0.527888 0.537062 -0.657950 0.190918 0.671631 1 35 1.000000
mnt_body_m.png
 47 1.841084 2.366238 0.291871 -0.527888 0.537062 -0.657950 0.190918 0.671631 1 35 1.000000
 47 3.378756 1.929352 0.076484 0.005632 0.091447 -0.995794 0.205688 0.679932 1 35 1.000000
 47 1.197655 0.658954 0.309253 -0.664091 0.130693 -0.736140 0.184814 0.696533 1 35 1.000000
mnt_body_m.png
 47 3.378756 1.929352 0.076484 0.005632 0.091447 -0.995794 0.205688 0.679932 1 35 1.000000
 47 2.233147 -2.573175 0.223759 -0.047670 0.015423 -0.998744 0.194946 0.757935 2 35 0.800000 36 0.200000
 47 1.197655 0.658954 0.309253 -0.664091 0.130693 -0.736140 0.184814 0.696533 1 35 1.000000
mnt_body_m.png
 47 1.197655 0.658954 0.309253 -0.664091 0.130693 -0.736140 0.184814 0.696533 1 35 1.000000
 47 2.233147 -2.573175 0.223759 -0.047670 0.015423 -0.998744 0.194946 0.757935 2 35 0.800000 36 0.200000
 47 1.077927 -2.542860 0.479991 -0.608357 0.072100 -0.790382 0.185181 0.757446 2 35 0.791339 36 0.208661
mnt_body_m.png
 47 2.233147 -2.573175 0.223759 -0.047670 0.015423 -0.998744 0.194946 0.757935 2 35 0.800000 36 0.200000
 47 2.193823 -4.367023 0.076626 0.027451 -0.087325 -0.995802 0.194702 0.791992 2 35 0.200000 36 0.800000
 47 1.077927 -2.542860 0.479991 -0.608357 0.072100 -0.790382 0.185181 0.757446 2 35 0.791339 36 0.208661
mnt_body_m.png
 47 1.077927 -2.542860 0.479991 -0.608357 0.072100 -0.790382 0.185181 0.757446 2 35 0.791339 36 0.208661
 47 2.193823 -4.367023 0.076626 0.027451 -0.087325 -0.995802 0.194702 0.791992 2 35 0.200000 36 0.800000
 47 0.895096 -4.338673 0.266033 -0.649438 -0.123665 -0.750291 0.183838 0.791870 2 35 0.200000 36 0.800000
mnt_body_m.png
 47 2.193823 -4.367023 0.076626 0.027451 -0.087325 -0.995802 0.194702 0.791992 2 35 0.200000 36 0.800000
 47 1.259414 -5.311425 0.478302 -0.494751 -0.598926 -0.629690 0.187378 0.811157 2 35 0.007874 36 0.992126
 47 0.895096 -4.338673 0.266033 -0.649438 -0.123665 -0.750291 0.183838 0.791870 2 35 0.200000 36 0.800000
mnt_body_m.png
 47 2.193823 -4.367023 0.076626 0.027451 -0.087325 -0.995802 0.194702 0.791992 2 35 0.200000 36 0.800000
 47 2.233147 -2.573175 0.223759 -0.047670 0.015423 -0.998744 0.194946 0.757935 2 35 0.800000 36 0.200000
 47 3.378772 -2.772701 0.368665 0.005938 -0.002559 -0.999979 0.205933 0.761597 2 35 0.800000 36 0.200000
mnt_body_m.png
 47 2.233147 -2.573175 0.223759 -0.047670 0.015423 -0.998744 0.194946 0.757935 2 35 0.800000 36 0.200000
 47 3.378756 1.929352 0.076484 0.005632 0.091447 -0.995794 0.205688 0.679932 1 35 1.000000
 47 3.378772 -2.772701 0.368665 0.005938 -0.002559 -0.999979 0.205933 0.761597 2 35 0.800000 36 0.200000
mnt_body_m.png
 47 3.378756 1.929352 0.076484 0.005632 0.091447 -0.995794 0.205688 0.679932 1 35 1.000000
 47 4.688038 -2.573169 0.223755 0.072577 0.025876 -0.997027 0.218384 0.757568 2 35 0.800000 36 0.200000
 47 3.378772 -2.772701 0.368665 0.005938 -0.002559 -0.999979 0.205933 0.761597 2 35 0.800000 36 0.200000
mnt_body_m.png
 47 3.378772 -2.772701 0.368665 0.005938 -0.002559 -0.999979 0.205933 0.761597 2 35 0.800000 36 0.200000
 47 4.688038 -2.573169 0.223755 0.072577 0.025876 -0.997027 0.218384 0.757568 2 35 0.800000 36 0.200000
 47 4.563725 -4.367018 0.076623 -0.032630 -0.097364 -0.994714 0.217285 0.791626 2 35 0.200000 36 0.800000
mnt_body_m.png
 47 1.197655 0.658954 0.309253 -0.664091 0.130693 -0.736140 0.193237 0.843750 1 35 1.000000
 47 1.697300 2.476448 1.153799 -0.707572 0.705719 0.036101 0.182617 0.875732 1 35 1.000000
 47 1.841084 2.366238 0.291871 -0.527888 0.537062 -0.657950 0.176636 0.869263 1 35 1.000000
mnt_body_m.png
 47 1.841084 2.366238 0.291871 -0.527888 0.537062 -0.657950 0.176636 0.869263 1 35 1.000000
 47 1.697300 2.476448 1.153799 -0.707572 0.705719 0.036101 0.182617 0.875732 1 35 1.000000
 47 3.363773 2.880669 0.273887 -0.001691 0.741129 -0.671360 0.171387 0.914978 1 35 1.000000
mnt_body_m.png
 47 1.697300 2.476448 1.153799 -0.707572 0.705719 0.036101 0.182617 0.875732 1 35 1.000000
 47 3.382645 3.113881 1.222335 -0.018207 0.999799 0.008403 0.178955 0.914795 1 35 1.000000
 47 3.363773 2.880669 0.273887 -0.001691 0.741129 -0.671360 0.171387 0.914978 1 35 1.000000
mnt_body_m.png
 47 3.382645 3.113881 1.222335 -0.018207 0.999799 0.008403 0.178955 0.914795 1 35 1.000000
 47 5.005502 2.552835 1.166746 0.686329 0.727110 -0.016212 0.182251 0.953125 1 35 1.000000
 47 3.363773 2.880669 0.273887 -0.001691 0.741129 -0.671360 0.171387 0.914978 1 35 1.000000
mnt_body_m.png
 47 3.363773 2.880669 0.273887 -0.001691 0.741129 -0.671360 0.171387 0.914978 1 35 1.000000
 47 5.005502 2.552835 1.166746 0.686329 0.727110 -0.016212 0.182251 0.953125 1 35 1.000000
 47 4.882516 2.309589 0.316055 0.522511 0.504422 -0.687416 0.177490 0.963287 1 35 1.000000
mnt_body_m.png
 47 5.005502 2.552835 1.166746 0.686329 0.727110 -0.016212 0.182251 0.953125 1 35 1.000000
 47 5.813601 0.629170 1.072274 0.977074 0.205584 -0.055330 0.196533 0.978867 1 35 1.000000
 47 4.882516 2.309589 0.316055 0.522511 0.504422 -0.687416 0.177490 0.963287 1 35 1.000000
mnt_body_m.png
 47 4.882516 2.309589 0.316055 0.522511 0.504422 -0.687416 0.177490 0.963287 1 35 1.000000
 47 5.813601 0.629170 1.072274 0.977074 0.205584 -0.055330 0.196533 0.978867 1 35 1.000000
 47 5.524349 0.659897 0.291507 0.641056 0.125178 -0.757217 0.193604 0.988724 1 35 1.000000
mnt_body_m.png
 47 5.524349 0.659897 0.291507 0.641056 0.125178 -0.757217 0.193604 0.988724 1 35 1.000000
 47 5.813601 0.629170 1.072274 0.977074 0.205584 -0.055330 0.196533 0.978867 1 35 1.000000
 47 5.620093 -2.542850 0.479984 0.632177 0.073982 -0.771284 0.229126 0.994041 2 35 0.800000 36 0.200000
mnt_body_m.png
 47 5.813601 0.629170 1.072274 0.977074 0.205584 -0.055330 0.196533 0.978867 1 35 1.000000
 47 5.957999 -2.530877 1.117599 0.992900 0.076915 -0.090736 0.227661 0.982407 2 35 0.800000 36 0.200000
 47 5.620093 -2.542850 0.479984 0.632177 0.073982 -0.771284 0.229126 0.994041 2 35 0.800000 36 0.200000
mnt_body_m.png
 47 5.620093 -2.542850 0.479984 0.632177 0.073982 -0.771284 0.229126 0.994041 2 35 0.800000 36 0.200000
 47 5.957999 -2.530877 1.117599 0.992900 0.076915 -0.090736 0.227661 0.982407 2 35 0.800000 36 0.200000
 47 5.802927 -4.338665 0.266027 0.655854 -0.131950 -0.743266 0.250488 0.985931 2 35 0.200000 36 0.800000
mnt_body_m.png
 47 5.957999 -2.530877 1.117599 0.992900 0.076915 -0.090736 0.227661 0.982407 2 35 0.800000 36 0.200000
 47 6.126259 -4.361878 1.294946 0.990319 -0.138628 0.007116 0.244995 0.974152 2 35 0.200000 36 0.800000
 47 5.802927 -4.338665 0.266027 0.655854 -0.131950 -0.743266 0.250488 0.985931 2 35 0.200000 36 0.800000
mnt_body_m.png
 47 5.802927 -4.338665 0.266027 0.655854 -0.131950 -0.743266 0.250488 0.985931 2 35 0.200000 36 0.800000
 47 6.126259 -4.361878 1.294946 0.990319 -0.138628 0.007116 0.244995 0.974152 2 35 0.200000 36 0.800000
 47 5.438613 -5.311418 0.478295 0.497573 -0.596538 -0.629733 0.260010 0.968384 2 35 0.007874 36 0.992126
mnt_body_m.png
 47 6.126259 -4.361878 1.294946 0.990319 -0.138628 0.007116 0.244995 0.974152 2 35 0.200000 36 0.800000
 47 5.644099 -5.534639 1.369118 0.657935 -0.752989 -0.011317 0.254883 0.959229 2 35 0.007874 36 0.992126
 47 5.438613 -5.311418 0.478295 0.497573 -0.596538 -0.629733 0.260010 0.968384 2 35 0.007874 36 0.992126
mnt_body_m.png
 47 5.438613 -5.311418 0.478295 0.497573 -0.596538 -0.629733 0.260010 0.968384 2 35 0.007874 36 0.992126
 47 5.644099 -5.534639 1.369118 0.657935 -0.752989 -0.011317 0.254883 0.959229 2 35 0.007874 36 0.992126
 47 4.417985 -5.575913 0.392592 -0.146494 -0.720181 -0.678144 0.265869 0.948242 1 36 1.000000
mnt_body_m.png
 47 5.644099 -5.534639 1.369118 0.657935 -0.752989 -0.011317 0.254883 0.959229 2 35 0.007874 36 0.992126
 47 4.348620 -5.895745 1.509585 -0.176058 -0.981888 0.070000 0.258545 0.937012 1 36 1.000000
 47 4.417985 -5.575913 0.392592 -0.146494 -0.720181 -0.678144 0.265869 0.948242 1 36 1.000000
mnt_body_m.png
 47 4.348620 -5.895745 1.509585 -0.176058 -0.981888 0.070000 0.258545 0.937012 1 36 1.000000
 47 3.378778 -5.183107 1.323088 0.000002 -0.984624 -0.174689 0.259277 0.914673 1 36 1.000000
 47 4.417985 -5.575913 0.392592 -0.146494 -0.720181 -0.678144 0.265869 0.948242 1 36 1.000000
mnt_body_m.png
 47 4.417985 -5.575913 0.392592 -0.146494 -0.720181 -0.678144 0.265869 0.948242 1 36 1.000000
 47 3.378778 -5.183107 1.323088 0.000002 -0.984624 -0.174689 0.259277 0.914673 1 36 1.000000
 47 3.378775 -4.467297 0.400988 -0.000001 -0.303023 -0.952983 0.268799 0.914612 2 35 0.177165 36 0.822835
mnt_body_m.png
 47 3.378775 -4.467297 0.400988 -0.000001 -0.303023 -0.952983 0.268799 0.914612 2 35 0.177165 36 0.822835
 47 3.378778 -5.183107 1.323088 0.000002 -0.984624 -0.174689 0.259277 0.914673 1 36 1.000000
 47 2.339570 -5.575916 0.392595 0.151873 -0.719081 -0.678127 0.265625 0.881104 1 36 1.000000
mnt_body_m.png
 47 3.378778 -5.183107 1.323088 0.000002 -0.984624 -0.174689 0.259277 0.914673 1 36 1.000000
 47 2.408937 -5.895750 1.509587 0.179408 -0.981184 0.071353 0.258545 0.892395 1 36 1.000000
 47 2.339570 -5.575916 0.392595 0.151873 -0.719081 -0.678127 0.265625 0.881104 1 36 1.000000
mnt_body_m.png
 47 2.408937 -5.895750 1.509587 0.179408 -0.981184 0.071353 0.258545 0.892395 1 36 1.000000
 47 1.053930 -5.534645 1.369125 -0.662435 -0.749090 0.006701 0.254639 0.870239 2 35 0.007874 36 0.992126
 47 2.339570 -5.575916 0.392595 0.151873 -0.719081 -0.678127 0.265625 0.881104 1 36 1.000000
mnt_body_m.png
 47 2.339570 -5.575916 0.392595 0.151873 -0.719081 -0.678127 0.265625 0.881104 1 36 1.000000
 47 1.053930 -5.534645 1.369125 -0.662435 -0.749090 0.006701 0.254639 0.870239 2 35 0.007874 36 0.992126
 47 1.259414 -5.311425 0.478302 -0.494751 -0.598926 -0.629690 0.259766 0.860962 2 35 0.007874 36 0.992126
mnt_body_m.png
 47 1.053930 -5.534645 1.369125 -0.662435 -0.749090 0.006701 0.254639 0.870239 2 35 0.007874 36 0.992126
 47 0.571766 -4.322550 1.294953 -0.990243 -0.139336 0.001987 0.244507 0.855225 2 35 0.200000 36 0.800000
 47 1.259414 -5.311425 0.478302 -0.494751 -0.598926 -0.629690 0.259766 0.860962 2 35 0.007874 36 0.992126
mnt_body_m.png
 47 1.259414 -5.311425 0.478302 -0.494751 -0.598926 -0.629690 0.259766 0.860962 2 35 0.007874 36 0.992126
 47 0.571766 -4.322550 1.294953 -0.990243 -0.139336 0.001987 0.244507 0.855225 2 35 0.200000 36 0.800000
 47 0.895096 -4.338673 0.266033 -0.649438 -0.123665 -0.750291 0.250244 0.843628 2 35 0.200000 36 0.800000
mnt_body_m.png
 47 0.571766 -4.322550 1.294953 -0.990243 -0.139336 0.001987 0.244507 0.855225 2 35 0.200000 36 0.800000
 47 0.740020 -2.530889 1.117607 -0.990681 0.093065 -0.099450 0.227539 0.847046 2 35 0.791339 36 0.208661
 47 0.895096 -4.338673 0.266033 -0.649438 -0.123665 -0.750291 0.250244 0.843628 2 35 0.200000 36 0.800000
mnt_body_m.png
 47 0.895096 -4.338673 0.266033 -0.649438 -0.123665 -0.750291 0.250244 0.843628 2 35 0.200000 36 0.800000
 47 0.740020 -2.530889 1.117607 -0.990681 0.093065 -0.099450 0.227539 0.847046 2 35 0.791339 36 0.208661
 47 1.077927 -2.542860 0.479991 -0.608357 0.072100 -0.790382 0.229004 0.835571 2 35 0.791339 36 0.208661
mnt_body_m.png
 47 0.740020 -2.530889 1.117607 -0.990681 0.093065 -0.099450 0.227539 0.847046 2 35 0.791339 36 0.208661
 47 0.961691 0.629773 1.072325 -0.976762 0.212886 -0.024823 0.196533 0.855347 1 35 1.000000
 47 1.077927 -2.542860 0.479991 -0.608357 0.072100 -0.790382 0.229004 0.835571 2 35 0.791339 36 0.208661
mnt_body_m.png
 47 1.077927 -2.542860 0.479991 -0.608357 0.072100 -0.790382 0.229004 0.835571 2 35 0.791339 36 0.208661
 47 0.961691 0.629773 1.072325 -0.976762 0.212886 -0.024823 0.196533 0.855347 1 35 1.000000
 47 1.197655 0.658954 0.309253 -0.664091 0.130693 -0.736140 0.193237 0.843750 1 35 1.000000
mnt_body_m.png
 47 1.197655 0.658954 0.309253 -0.664091 0.130693 -0.736140 0.193237 0.843750 1 35 1.000000
 47 0.961691 0.629773 1.072325 -0.976762 0.212886 -0.024823 0.196533 0.855347 1 35 1.000000
 47 1.697300 2.476448 1.153799 -0.707572 0.705719 0.036101 0.182617 0.875732 1 35 1.000000
mnt_body_m.png
 47 0.961691 0.629773 1.072325 -0.976762 0.212886 -0.024823 0.196533 0.855347 1 35 1.000000
 47 1.953029 2.280256 2.196282 -0.633663 0.652120 0.416186 0.189819 0.887512 2 34 0.086614 35 0.913386
 47 1.697300 2.476448 1.153799 -0.707572 0.705719 0.036101 0.182617 0.875732 1 35 1.000000
mnt_body_m.png
 47 1.697300 2.476448 1.153799 -0.707572 0.705719 0.036101 0.182617 0.875732 1 35 1.000000
 47 1.953029 2.280256 2.196282 -0.633663 0.652120 0.416186 0.189819 0.887512 2 34 0.086614 35 0.913386
 47 3.382645 3.113881 1.222335 -0.018207 0.999799 0.008403 0.178955 0.914795 1 35 1.000000
mnt_body_m.png
 47 1.953029 2.280256 2.196282 -0.633663 0.652120 0.416186 0.189819 0.887512 2 34 0.086614 35 0.913386
 47 3.392266 2.844752 2.281042 -0.030440 0.898860 0.437178 0.187134 0.914795 2 34 0.086614 35 0.913386
 47 3.382645 3.113881 1.222335 -0.018207 0.999799 0.008403 0.178955 0.914795 1 35 1.000000
mnt_body_m.png
 47 3.392266 2.844752 2.281042 -0.030440 0.898860 0.437178 0.187134 0.914795 2 34 0.086614 35 0.913386
 47 4.772346 2.395826 2.247669 0.609178 0.672626 0.420092 0.188965 0.941864 2 34 0.086614 35 0.913386
 47 3.382645 3.113881 1.222335 -0.018207 0.999799 0.008403 0.178955 0.914795 1 35 1.000000
mnt_body_m.png
 47 3.382645 3.113881 1.222335 -0.018207 0.999799 0.008403 0.178955 0.914795 1 35 1.000000
 47 4.772346 2.395826 2.247669 0.609178 0.672626 0.420092 0.188965 0.941864 2 34 0.086614 35 0.913386
 47 5.005502 2.552835 1.166746 0.686329 0.727110 -0.016212 0.182251 0.953125 1 35 1.000000
mnt_body_m.png
 47 5.005502 2.552835 1.166746 0.686329 0.727110 -0.016212 0.182251 0.953125 1 35 1.000000
 47 4.772346 2.395826 2.247669 0.609178 0.672626 0.420092 0.188965 0.941864 2 34 0.086614 35 0.913386
 47 5.813601 0.629170 1.072274 0.977074 0.205584 -0.055330 0.196533 0.978867 1 35 1.000000
mnt_body_m.png
 47 4.772346 2.395826 2.247669 0.609178 0.672626 0.420092 0.188965 0.941864 2 34 0.086614 35 0.913386
 47 5.571775 0.471564 2.186080 0.907116 0.188622 0.376247 0.201538 0.962341 2 34 0.098425 35 0.901575
 47 5.813601 0.629170 1.072274 0.977074 0.205584 -0.055330 0.196533 0.978867 1 35 1.000000
mnt_body_m.png
 47 5.813601 0.629170 1.072274 0.977074 0.205584 -0.055330 0.196533 0.978867 1 35 1.000000
 47 5.571775 0.471564 2.186080 0.907116 0.188622 0.376247 0.201538 0.962341 2 34 0.098425 35 0.901575
 47 5.957999 -2.530877 1.117599 0.992900 0.076915 -0.090736 0.227661 0.982407 2 35 0.800000 36 0.200000
mnt_body_m.png
 47 5.571775 0.471564 2.186080 0.907116 0.188622 0.376247 0.201538 0.962341 2 34 0.098425 35 0.901575
 47 5.595315 -2.679678 2.308900 0.765339 0.005336 0.643605 0.228149 0.962585 3 34 0.019685 35 0.791339 36 0.188976
 47 5.957999 -2.530877 1.117599 0.992900 0.076915 -0.090736 0.227661 0.982407 2 35 0.800000 36 0.200000
mnt_body_m.png
 47 5.957999 -2.530877 1.117599 0.992900 0.076915 -0.090736 0.227661 0.982407 2 35 0.800000 36 0.200000
 47 5.595315 -2.679678 2.308900 0.765339 0.005336 0.643605 0.228149 0.962585 3 34 0.019685 35 0.791339 36 0.188976
 47 6.126259 -4.361878 1.294946 0.990319 -0.138628 0.007116 0.244995 0.974152 2 35 0.200000 36 0.800000
mnt_body_m.png
 47 5.595315 -2.679678 2.308900 0.765339 0.005336 0.643605 0.228149 0.962585 3 34 0.019685 35 0.791339 36 0.188976
 47 5.723967 -4.326639 2.435381 0.727904 -0.085331 0.680349 0.240723 0.956848 2 35 0.200000 36 0.800000
 47 6.126259 -4.361878 1.294946 0.990319 -0.138628 0.007116 0.244995 0.974152 2 35 0.200000 36 0.800000
mnt_body_m.png
 47 5.723967 -4.326639 2.435381 0.727904 -0.085331 0.680349 0.240723 0.956848 2 35 0.200000 36 0.800000
 47 5.540866 -5.288657 2.172357 0.591645 -0.591087 0.548245 0.249023 0.953491 2 35 0.007874 36 0.992126
 47 6.126259 -4.361878 1.294946 0.990319 -0.138628 0.007116 0.244995 0.974152 2 35 0.200000 36 0.800000
mnt_body_m.png
 47 6.126259 -4.361878 1.294946 0.990319 -0.138628 0.007116 0.244995 0.974152 2 35 0.200000 36 0.800000
 47 5.540866 -5.288657 2.172357 0.591645 -0.591087 0.548245 0.249023 0.953491 2 35 0.007874 36 0.992126
 47 5.644099 -5.534639 1.369118 0.657935 -0.752989 -0.011317 0.254883 0.959229 2 35 0.007874 36 0.992126
mnt_body_m.png
 47 5.644099 -5.534639 1.369118 0.657935 -0.752989 -0.011317 0.254883 0.959229 2 35 0.007874 36 0.992126
 47 5.540866 -5.288657 2.172357 0.591645 -0.591087 0.548245 0.249023 0.953491 2 35 0.007874 36 0.992126
 47 4.348620 -5.895745 1.509585 -0.176058 -0.981888 0.070000 0.258545 0.937012 1 36 1.000000
mnt_body_m.png
 47 5.540866 -5.288657 2.172357 0.591645 -0.591087 0.548245 0.249023 0.953491 2 35 0.007874 36 0.992126
 47 4.480013 -5.537412 2.348205 -0.084638 -0.744942 0.661738 0.250977 0.936157 1 36 1.000000
 47 4.348620 -5.895745 1.509585 -0.176058 -0.981888 0.070000 0.258545 0.937012 1 36 1.000000
mnt_body_m.png
 47 4.480013 -5.537412 2.348205 -0.084638 -0.744942 0.661738 0.250977 0.936157 1 36 1.000000
 47 3.378780 -5.012406 1.943708 0.000001 -0.792263 0.610180 0.252686 0.914734 1 36 1.000000
 47 4.348620 -5.895745 1.509585 -0.176058 -0.981888 0.070000 0.258545 0.937012 1 36 1.000000
mnt_body_m.png
 47 4.348620 -5.895745 1.509585 -0.176058 -0.981888 0.070000 0.258545 0.937012 1 36 1.000000
 47 3.378780 -5.012406 1.943708 0.000001 -0.792263 0.610180 0.252686 0.914734 1 36 1.000000
 47 3.378778 -5.183107 1.323088 0.000002 -0.984624 -0.174689 0.259277 0.914673 1 36 1.000000
mnt_body_m.png
 47 3.378778 -5.183107 1.323088 0.000002 -0.984624 -0.174689 0.259277 0.914673 1 36 1.000000
 47 3.378780 -5.012406 1.943708 0.000001 -0.792263 0.610180 0.252686 0.914734 1 36 1.000000
 47 2.408937 -5.895750 1.509587 0.179408 -0.981184 0.071353 0.258545 0.892395 1 36 1.000000
mnt_body_m.png
 47 3.378780 -5.012406 1.943708 0.000001 -0.792263 0.610180 0.252686 0.914734 1 36 1.000000
 47 2.277546 -5.537416 2.348209 0.082369 -0.744003 0.663079 0.250977 0.893372 1 36 1.000000
 47 2.408937 -5.895750 1.509587 0.179408 -0.981184 0.071353 0.258545 0.892395 1 36 1.000000
mnt_body_m.png
 47 2.277546 -5.537416 2.348209 0.082369 -0.744003 0.663079 0.250977 0.893372 1 36 1.000000
 47 1.203215 -5.293471 2.147875 -0.572528 -0.607271 0.550849 0.249146 0.876465 2 35 0.007874 36 0.992126
 47 2.408937 -5.895750 1.509587 0.179408 -0.981184 0.071353 0.258545 0.892395 1 36 1.000000
mnt_body_m.png
 47 2.408937 -5.895750 1.509587 0.179408 -0.981184 0.071353 0.258545 0.892395 1 36 1.000000
 47 1.203215 -5.293471 2.147875 -0.572528 -0.607271 0.550849 0.249146 0.876465 2 35 0.007874 36 0.992126
 47 1.053930 -5.534645 1.369125 -0.662435 -0.749090 0.006701 0.254639 0.870239 2 35 0.007874 36 0.992126
mnt_body_m.png
 47 1.053930 -5.534645 1.369125 -0.662435 -0.749090 0.006701 0.254639 0.870239 2 35 0.007874 36 0.992126
 47 1.203215 -5.293471 2.147875 -0.572528 -0.607271 0.550849 0.249146 0.876465 2 35 0.007874 36 0.992126
 47 0.571766 -4.322550 1.294953 -0.990243 -0.139336 0.001987 0.244507 0.855225 2 35 0.200000 36 0.800000
mnt_body_m.png
 47 1.203215 -5.293471 2.147875 -0.572528 -0.607271 0.550849 0.249146 0.876465 2 35 0.007874 36 0.992126
 47 0.927737 -4.326615 2.412806 -0.742555 -0.127287 0.657580 0.240723 0.871948 2 35 0.200000 36 0.800000
 47 0.571766 -4.322550 1.294953 -0.990243 -0.139336 0.001987 0.244507 0.855225 2 35 0.200000 36 0.800000
mnt_body_m.png
 47 0.927737 -4.326615 2.412806 -0.742555 -0.127287 0.657580 0.240723 0.871948 2 35 0.200000 36 0.800000
 47 1.086106 -2.727761 2.383166 -0.750435 0.012234 0.660831 0.228271 0.868042 3 34 0.007874 35 0.791339 36 0.200787
 47 0.571766 -4.322550 1.294953 -0.990243 -0.139336 0.001987 0.244507 0.855225 2 35 0.200000 36 0.800000
mnt_body_m.png
 47 0.571766 -4.322550 1.294953 -0.990243 -0.139336 0.001987 0.244507 0.855225 2 35 0.200000 36 0.800000
 47 1.086106 -2.727761 2.383166 -0.750435 0.012234 0.660831 0.228271 0.868042 3 34 0.007874 35 0.791339 36 0.200787
 47 0.740020 -2.530889 1.117607 -0.990681 0.093065 -0.099450 0.227539 0.847046 2 35 0.791339 36 0.208661
mnt_body_m.png
 47 1.086106 -2.727761 2.383166 -0.750435 0.012234 0.660831 0.228271 0.868042 3 34 0.007874 35 0.791339 36 0.200787
 47 1.219362 0.512132 2.139708 -0.906318 0.209664 0.366917 0.202148 0.868774 2 34 0.098425 35 0.901575
 47 0.740020 -2.530889 1.117607 -0.990681 0.093065 -0.099450 0.227539 0.847046 2 35 0.791339 36 0.208661
mnt_body_m.png
 47 0.740020 -2.530889 1.117607 -0.990681 0.093065 -0.099450 0.227539 0.847046 2 35 0.791339 36 0.208661
 47 1.219362 0.512132 2.139708 -0.906318 0.209664 0.366917 0.202148 0.868774 2 34 0.098425 35 0.901575
 47 0.961691 0.629773 1.072325 -0.976762 0.212886 -0.024823 0.196533 0.855347 1 35 1.000000
mnt_body_m.png
 47 0.961691 0.629773 1.072325 -0.976762 0.212886 -0.024823 0.196533 0.855347 1 35 1.000000
 47 1.219362 0.512132 2.139708 -0.906318 0.209664 0.366917 0.202148 0.868774 2 34 0.098425 35 0.901575
 47 1.953029 2.280256 2.196282 -0.633663 0.652120 0.416186 0.189819 0.887512 2 34 0.086614 35 0.913386
mnt_body_m.png
 47 1.219362 0.512132 2.139708 -0.906318 0.209664 0.366917 0.202148 0.868774 2 34 0.098425 35 0.901575
 47 2.335076 1.641726 3.261864 -0.635736 0.612404 0.469895 0.198608 0.897766 2 34 0.460630 35 0.539370
 47 1.953029 2.280256 2.196282 -0.633663 0.652120 0.416186 0.189819 0.887512 2 34 0.086614 35 0.913386
mnt_body_m.png
 47 2.335076 1.641726 3.261864 -0.635736 0.612404 0.469895 0.198608 0.897766 2 34 0.460630 35 0.539370
 47 3.378758 2.040132 3.261863 -0.005308 0.840953 0.541083 0.196533 0.915344 2 34 0.448819 35 0.551181
 47 1.953029 2.280256 2.196282 -0.633663 0.652120 0.416186 0.189819 0.887512 2 34 0.086614 35 0.913386
mnt_body_m.png
 47 1.953029 2.280256 2.196282 -0.633663 0.652120 0.416186 0.189819 0.887512 2 34 0.086614 35 0.913386
 47 3.378758 2.040132 3.261863 -0.005308 0.840953 0.541083 0.196533 0.915344 2 34 0.448819 35 0.551181
 47 3.392266 2.844752 2.281042 -0.030440 0.898860 0.437178 0.187134 0.914795 2 34 0.086614 35 0.913386
mnt_body_m.png
 47 3.392266 2.844752 2.281042 -0.030440 0.898860 0.437178 0.187134 0.914795 2 34 0.086614 35 0.913386
 47 3.378758 2.040132 3.261863 -0.005308 0.840953 0.541083 0.196533 0.915344 2 34 0.448819 35 0.551181
 47 4.772346 2.395826 2.247669 0.609178 0.672626 0.420092 0.188965 0.941864 2 34 0.086614 35 0.913386
mnt_body_m.png
 47 3.378758 2.040132 3.261863 -0.005308 0.840953 0.541083 0.196533 0.915344 2 34 0.448819 35 0.551181
 47 4.422456 1.641732 3.261861 0.620705 0.587525 0.519172 0.197876 0.933167 2 34 0.448819 35 0.551181
 47 4.772346 2.395826 2.247669 0.609178 0.672626 0.420092 0.188965 0.941864 2 34 0.086614 35 0.913386
mnt_body_m.png
 47 4.772346 2.395826 2.247669 0.609178 0.672626 0.420092 0.188965 0.941864 2 34 0.086614 35 0.913386
 47 4.422456 1.641732 3.261861 0.620705 0.587525 0.519172 0.197876 0.933167 2 34 0.448819 35 0.551181
 47 5.571775 0.471564 2.186080 0.907116 0.188622 0.376247 0.201538 0.962341 2 34 0.098425 35 0.901575
mnt_body_m.png
 47 4.422456 1.641732 3.261861 0.620705 0.587525 0.519172 0.197876 0.933167 2 34 0.448819 35 0.551181
 47 4.944133 0.267781 3.261860 0.873652 0.079203 0.480062 0.203613 0.942505 2 34 0.500000 35 0.500000
 47 5.571775 0.471564 2.186080 0.907116 0.188622 0.376247 0.201538 0.962341 2 34 0.098425 35 0.901575
mnt_body_m.png
 47 5.571775 0.471564 2.186080 0.907116 0.188622 0.376247 0.201538 0.962341 2 34 0.098425 35 0.901575
 47 4.944133 0.267781 3.261860 0.873652 0.079203 0.480062 0.203613 0.942505 2 34 0.500000 35 0.500000
 47 5.595315 -2.679678 2.308900 0.765339 0.005336 0.643605 0.228149 0.962585 3 34 0.019685 35 0.791339 36 0.188976
mnt_body_m.png
 47 4.944133 0.267781 3.261860 0.873652 0.079203 0.480062 0.203613 0.942505 2 34 0.500000 35 0.500000
 47 4.268200 -1.508433 3.261861 0.452423 -0.534940 0.713549 0.213623 0.932129 3 34 0.421260 35 0.551181 36 0.027559
 47 5.595315 -2.679678 2.308900 0.765339 0.005336 0.643605 0.228149 0.962585 3 34 0.019685 35 0.791339 36 0.188976
mnt_body_m.png
 47 4.268200 -1.508433 3.261861 0.452423 -0.534940 0.713549 0.213623 0.932129 3 34 0.421260 35 0.551181 36 0.027559
 47 4.574066 -3.190951 2.678191 0.082803 -0.061381 0.994674 0.231201 0.938843 3 34 0.019685 35 0.791339 36 0.188976
 47 5.595315 -2.679678 2.308900 0.765339 0.005336 0.643605 0.228149 0.962585 3 34 0.019685 35 0.791339 36 0.188976
mnt_body_m.png
 47 4.574066 -3.190951 2.678191 0.082803 -0.061381 0.994674 0.231201 0.938843 3 34 0.019685 35 0.791339 36 0.188976
 47 4.893522 -4.471102 2.797649 0.193125 -0.145273 0.970360 0.241699 0.946716 2 35 0.220472 36 0.779528
 47 5.595315 -2.679678 2.308900 0.765339 0.005336 0.643605 0.228149 0.962585 3 34 0.019685 35 0.791339 36 0.188976
mnt_body_m.png
 47 5.595315 -2.679678 2.308900 0.765339 0.005336 0.643605 0.228149 0.962585 3 34 0.019685 35 0.791339 36 0.188976
 47 4.893522 -4.471102 2.797649 0.193125 -0.145273 0.970360 0.241699 0.946716 2 35 0.220472 36 0.779528
 47 5.723967 -4.326639 2.435381 0.727904 -0.085331 0.680349 0.240723 0.956848 2 35 0.200000 36 0.800000
mnt_body_m.png
 47 5.723967 -4.326639 2.435381 0.727904 -0.085331 0.680349 0.240723 0.956848 2 35 0.200000 36 0.800000
 47 4.893522 -4.471102 2.797649 0.193125 -0.145273 0.970360 0.241699 0.946716 2 35 0.220472 36 0.779528
 47 5.540866 -5.288657 2.172357 0.591645 -0.591087 0.548245 0.249023 0.953491 2 35 0.007874 36 0.992126
mnt_body_m.png
 47 5.540866 -5.288657 2.172357 0.591645 -0.591087 0.548245 0.249023 0.953491 2 35 0.007874 36 0.992126
 47 4.893522 -4.471102 2.797649 0.193125 -0.145273 0.970360 0.241699 0.946716 2 35 0.220472 36 0.779528
 47 4.480013 -5.537412 2.348205 -0.084638 -0.744942 0.661738 0.250977 0.936157 1 36 1.000000
mnt_body_m.png
 47 4.893522 -4.471102 2.797649 0.193125 -0.145273 0.970360 0.241699 0.946716 2 35 0.220472 36 0.779528
 47 4.043740 -4.615566 2.754181 -0.301086 -0.249839 0.920287 0.242798 0.936584 2 35 0.200000 36 0.800000
 47 4.480013 -5.537412 2.348205 -0.084638 -0.744942 0.661738 0.250977 0.936157 1 36 1.000000
mnt_body_m.png
 47 4.480013 -5.537412 2.348205 -0.084638 -0.744942 0.661738 0.250977 0.936157 1 36 1.000000
 47 4.043740 -4.615566 2.754181 -0.301086 -0.249839 0.920287 0.242798 0.936584 2 35 0.200000 36 0.800000
 47 3.378780 -5.012406 1.943708 0.000001 -0.792263 0.610180 0.252686 0.914734 1 36 1.000000
mnt_body_m.png
 47 4.043740 -4.615566 2.754181 -0.301086 -0.249839 0.920287 0.242798 0.936584 2 35 0.200000 36 0.800000
 47 3.378763 -4.288983 2.399225 0.000019 -0.231344 0.972872 0.244141 0.914795 2 35 0.200000 36 0.800000
 47 3.378780 -5.012406 1.943708 0.000001 -0.792263 0.610180 0.252686 0.914734 1 36 1.000000
mnt_body_m.png
 47 3.378763 -4.288983 2.399225 0.000019 -0.231344 0.972872 0.244141 0.914795 2 35 0.200000 36 0.800000
 47 2.713817 -4.615571 2.754185 0.296286 -0.249467 0.921944 0.242798 0.893005 2 35 0.200000 36 0.800000
 47 3.378780 -5.012406 1.943708 0.000001 -0.792263 0.610180 0.252686 0.914734 1 36 1.000000
mnt_body_m.png
 47 3.378780 -5.012406 1.943708 0.000001 -0.792263 0.610180 0.252686 0.914734 1 36 1.000000
 47 2.713817 -4.615571 2.754185 0.296286 -0.249467 0.921944 0.242798 0.893005 2 35 0.200000 36 0.800000
 47 2.277546 -5.537416 2.348209 0.082369 -0.744003 0.663079 0.250977 0.893372 1 36 1.000000
mnt_body_m.png
 47 2.713817 -4.615571 2.754185 0.296286 -0.249467 0.921944 0.242798 0.893005 2 35 0.200000 36 0.800000
 47 1.811107 -4.471093 2.786363 -0.195458 -0.161216 0.967370 0.241699 0.882446 2 35 0.220472 36 0.779528
 47 2.277546 -5.537416 2.348209 0.082369 -0.744003 0.663079 0.250977 0.893372 1 36 1.000000
mnt_body_m.png
 47 2.277546 -5.537416 2.348209 0.082369 -0.744003 0.663079 0.250977 0.893372 1 36 1.000000
 47 1.811107 -4.471093 2.786363 -0.195458 -0.161216 0.967370 0.241699 0.882446 2 35 0.220472 36 0.779528
 47 1.203215 -5.293471 2.147875 -0.572528 -0.607271 0.550849 0.249146 0.876465 2 35 0.007874 36 0.992126
mnt_body_m.png
 47 1.203215 -5.293471 2.147875 -0.572528 -0.607271 0.550849 0.249146 0.876465 2 35 0.007874 36 0.992126
 47 1.811107 -4.471093 2.786363 -0.195458 -0.161216 0.967370 0.241699 0.882446 2 35 0.220472 36 0.779528
 47 0.927737 -4.326615 2.412806 -0.742555 -0.127287 0.657580 0.240723 0.871948 2 35 0.200000 36 0.800000
mnt_body_m.png
 47 0.927737 -4.326615 2.412806 -0.742555 -0.127287 0.657580 0.240723 0.871948 2 35 0.200000 36 0.800000
 47 1.811107 -4.471093 2.786363 -0.195458 -0.161216 0.967370 0.241699 0.882446 2 35 0.220472 36 0.779528
 47 1.086106 -2.727761 2.383166 -0.750435 0.012234 0.660831 0.228271 0.868042 3 34 0.007874 35 0.791339 36 0.200787
mnt_body_m.png
 47 1.811107 -4.471093 2.786363 -0.195458 -0.161216 0.967370 0.241699 0.882446 2 35 0.220472 36 0.779528
 47 2.183488 -3.190956 2.678195 -0.046264 -0.080114 0.995712 0.231079 0.890930 3 34 0.019685 35 0.791339 36 0.188976
 47 1.086106 -2.727761 2.383166 -0.750435 0.012234 0.660831 0.228271 0.868042 3 34 0.007874 35 0.791339 36 0.200787
mnt_body_m.png
 47 2.183488 -3.190956 2.678195 -0.046264 -0.080114 0.995712 0.231079 0.890930 3 34 0.019685 35 0.791339 36 0.188976
 47 2.489347 -1.573040 3.261864 -0.409669 -0.538662 0.736216 0.214355 0.897705 3 34 0.421260 35 0.551181 36 0.027559
 47 1.086106 -2.727761 2.383166 -0.750435 0.012234 0.660831 0.228271 0.868042 3 34 0.007874 35 0.791339 36 0.200787
mnt_body_m.png
 47 2.489347 -1.573040 3.261864 -0.409669 -0.538662 0.736216 0.214355 0.897705 3 34 0.421260 35 0.551181 36 0.027559
 47 1.813406 0.267771 3.261865 -0.880619 0.090214 0.465158 0.204468 0.888245 2 34 0.500000 35 0.500000
 47 1.086106 -2.727761 2.383166 -0.750435 0.012234 0.660831 0.228271 0.868042 3 34 0.007874 35 0.791339 36 0.200787
mnt_body_m.png
 47 1.086106 -2.727761 2.383166 -0.750435 0.012234 0.660831 0.228271 0.868042 3 34 0.007874 35 0.791339 36 0.200787
 47 1.813406 0.267771 3.261865 -0.880619 0.090214 0.465158 0.204468 0.888245 2 34 0.500000 35 0.500000
 47 1.219362 0.512132 2.139708 -0.906318 0.209664 0.366917 0.202148 0.868774 2 34 0.098425 35 0.901575
mnt_body_m.png
 47 1.813406 0.267771 3.261865 -0.880619 0.090214 0.465158 0.204468 0.888245 2 34 0.500000 35 0.500000
 47 2.335076 1.641726 3.261864 -0.635736 0.612404 0.469895 0.198608 0.897766 2 34 0.460630 35 0.539370
 47 1.219362 0.512132 2.139708 -0.906318 0.209664 0.366917 0.202148 0.868774 2 34 0.098425 35 0.901575
mnt_body_m.png
 47 2.183488 -3.190956 2.678195 -0.046264 -0.080114 0.995712 0.231079 0.890930 3 34 0.019685 35 0.791339 36 0.188976
 47 3.378771 -3.276263 2.409733 0.001652 -0.136147 0.990687 0.234741 0.914795 3 34 0.019685 35 0.791339 36 0.188976
 47 2.489347 -1.573040 3.261864 -0.409669 -0.538662 0.736216 0.214355 0.897705 3 34 0.421260 35 0.551181 36 0.027559
mnt_body_m.png
 47 2.489347 -1.573040 3.261864 -0.409669 -0.538662 0.736216 0.214355 0.897705 3 34 0.421260 35 0.551181 36 0.027559
 47 3.378771 -3.276263 2.409733 0.001652 -0.136147 0.990687 0.234741 0.914795 3 34 0.019685 35 0.791339 36 0.188976
 47 4.268200 -1.508433 3.261861 0.452423 -0.534940 0.713549 0.213623 0.932129 3 34 0.421260 35 0.551181 36 0.027559
mnt_body_m.png
 47 4.268200 -1.508433 3.261861 0.452423 -0.534940 0.713549 0.213623 0.932129 3 34 0.421260 35 0.551181 36 0.027559
 47 3.378771 -3.276263 2.409733 0.001652 -0.136147 0.990687 0.234741 0.914795 3 34 0.019685 35 0.791339 36 0.188976
 47 4.574066 -3.190951 2.678191 0.082803 -0.061381 0.994674 0.231201 0.938843 3 34 0.019685 35 0.791339 36 0.188976
mnt_body_m.png
 47 3.378771 -3.276263 2.409733 0.001652 -0.136147 0.990687 0.234741 0.914795 3 34 0.019685 35 0.791339 36 0.188976
 47 4.043740 -4.615566 2.754181 -0.301086 -0.249839 0.920287 0.242798 0.936584 2 35 0.200000 36 0.800000
 47 4.574066 -3.190951 2.678191 0.082803 -0.061381 0.994674 0.231201 0.938843 3 34 0.019685 35 0.791339 36 0.188976
mnt_body_m.png
 47 4.574066 -3.190951 2.678191 0.082803 -0.061381 0.994674 0.231201 0.938843 3 34 0.019685 35 0.791339 36 0.188976
 47 4.043740 -4.615566 2.754181 -0.301086 -0.249839 0.920287 0.242798 0.936584 2 35 0.200000 36 0.800000
 47 4.893522 -4.471102 2.797649 0.193125 -0.145273 0.970360 0.241699 0.946716 2 35 0.220472 36 0.779528
mnt_body_m.png
 47 4.043740 -4.615566 2.754181 -0.301086 -0.249839 0.920287 0.242798 0.936584 2 35 0.200000 36 0.800000
 47 3.378771 -3.276263 2.409733 0.001652 -0.136147 0.990687 0.234741 0.914795 3 34 0.019685 35 0.791339 36 0.188976
 47 3.378763 -4.288983 2.399225 0.000019 -0.231344 0.972872 0.244141 0.914795 2 35 0.200000 36 0.800000
mnt_body_m.png
 47 3.378763 -4.288983 2.399225 0.000019 -0.231344 0.972872 0.244141 0.914795 2 35 0.200000 36 0.800000
 47 3.378771 -3.276263 2.409733 0.001652 -0.136147 0.990687 0.234741 0.914795 3 34 0.019685 35 0.791339 36 0.188976
 47 2.713817 -4.615571 2.754185 0.296286 -0.249467 0.921944 0.242798 0.893005 2 35 0.200000 36 0.800000
mnt_body_m.png
 47 3.378771 -3.276263 2.409733 0.001652 -0.136147 0.990687 0.234741 0.914795 3 34 0.019685 35 0.791339 36 0.188976
 47 2.183488 -3.190956 2.678195 -0.046264 -0.080114 0.995712 0.231079 0.890930 3 34 0.019685 35 0.791339 36 0.188976
 47 2.713817 -4.615571 2.754185 0.296286 -0.249467 0.921944 0.242798 0.893005 2 35 0.200000 36 0.800000
mnt_body_m.png
 47 2.713817 -4.615571 2.754185 0.296286 -0.249467 0.921944 0.242798 0.893005 2 35 0.200000 36 0.800000
 47 2.183488 -3.190956 2.678195 -0.046264 -0.080114 0.995712 0.231079 0.890930 3 34 0.019685 35 0.791339 36 0.188976
 47 1.811107 -4.471093 2.786363 -0.195458 -0.161216 0.967370 0.241699 0.882446 2 35 0.220472 36 0.779528
mnt_body_m.png
 47 0.000000 -8.384069 16.030840 -0.000000 -0.839116 -0.543952 0.259521 0.849731 1 7 1.000000
 47 0.986434 -8.446929 16.744387 0.382583 -0.909709 -0.161431 0.268799 0.844238 1 7 1.000000
 47 0.000000 -8.642010 16.757824 0.000000 -0.989711 -0.143083 0.267822 0.861694 1 7 1.000000
mnt_body_m.png
 47 0.000000 -8.642010 16.757824 0.000000 -0.989711 -0.143083 0.267822 0.861694 1 7 1.000000
 47 0.986434 -8.446929 16.744387 0.382583 -0.909709 -0.161431 0.268799 0.844238 1 7 1.000000
 47 0.000000 -8.610687 17.470448 -0.000000 -0.967986 0.251003 0.277344 0.866821 1 7 1.000000
mnt_body_m.png
 47 0.986434 -8.446929 16.744387 0.382583 -0.909709 -0.161431 0.268799 0.844238 1 7 1.000000
 47 1.019814 -8.405859 17.439407 0.387821 -0.889024 0.243376 0.276611 0.848267 1 7 1.000000
 47 0.000000 -8.610687 17.470448 -0.000000 -0.967986 0.251003 0.277344 0.866821 1 7 1.000000
mnt_body_m.png
 47 0.000000 -8.610687 17.470448 -0.000000 -0.967986 0.251003 0.277344 0.866821 1 7 1.000000
 47 1.019814 -8.405859 17.439407 0.387821 -0.889024 0.243376 0.276611 0.848267 1 7 1.000000
 47 0.000000 -8.315269 18.056580 0.000000 -0.772646 0.634837 0.285645 0.869141 1 7 1.000000
mnt_body_m.png
 47 1.019814 -8.405859 17.439407 0.387821 -0.889024 0.243376 0.276611 0.848267 1 7 1.000000
 47 0.968955 -8.100695 18.007933 0.315523 -0.720077 0.618009 0.284180 0.851074 1 7 1.000000
 47 0.000000 -8.315269 18.056580 0.000000 -0.772646 0.634837 0.285645 0.869141 1 7 1.000000
mnt_body_m.png
 47 0.000000 -8.315269 18.056580 0.000000 -0.772646 0.634837 0.285645 0.869141 1 7 1.000000
 47 0.968955 -8.100695 18.007933 0.315523 -0.720077 0.618009 0.284180 0.851074 1 7 1.000000
 47 0.000000 -7.840353 18.417240 -0.000000 -0.493424 0.869789 0.292969 0.863770 2 6 0.007874 7 0.992126
mnt_body_m.png
 47 0.968955 -8.100695 18.007933 0.315523 -0.720077 0.618009 0.284180 0.851074 1 7 1.000000
 47 0.996484 -7.723224 18.292095 0.323155 -0.442568 0.836483 0.288574 0.844482 2 6 0.007874 7 0.992126
 47 0.000000 -7.840353 18.417240 -0.000000 -0.493424 0.869789 0.292969 0.863770 2 6 0.007874 7 0.992126
mnt_body_m.png
 47 0.000000 -7.840353 18.417240 -0.000000 -0.493424 0.869789 0.292969 0.863770 2 6 0.007874 7 0.992126
 47 0.996484 -7.723224 18.292095 0.323155 -0.442568 0.836483 0.288574 0.844482 2 6 0.007874 7 0.992126
 47 0.000000 -7.236024 18.654417 0.000000 -0.244746 0.969587 0.298828 0.855713 2 6 0.019685 7 0.980315
mnt_body_m.png
 47 0.996484 -7.723224 18.292095 0.323155 -0.442568 0.836483 0.288574 0.844482 2 6 0.007874 7 0.992126
 47 1.070623 -7.110870 18.483452 0.402796 -0.192227 0.894877 0.293457 0.833862 2 6 0.019685 7 0.980315
 47 0.000000 -7.236024 18.654417 0.000000 -0.244746 0.969587 0.298828 0.855713 2 6 0.019685 7 0.980315
mnt_body_m.png
 47 1.070623 -7.110870 18.483452 0.402796 -0.192227 0.894877 0.293457 0.833862 2 6 0.019685 7 0.980315
 47 0.807991 -6.316147 18.629475 0.299118 0.037342 0.953485 0.300293 0.827759 2 6 0.047244 7 0.952756
 47 0.000000 -7.236024 18.654417 0.000000 -0.244746 0.969587 0.298828 0.855713 2 6 0.019685 7 0.980315
mnt_body_m.png
 47 0.000000 -7.236024 18.654417 0.000000 -0.244746 0.969587 0.298828 0.855713 2 6 0.019685 7 0.980315
 47 0.807991 -6.316147 18.629475 0.299118 0.037342 0.953485 0.300293 0.827759 2 6 0.047244 7 0.952756
 47 0.000000 -6.322289 18.773014 0.000000 0.020955 0.999780 0.305664 0.841064 2 6 0.047244 7 0.952756
mnt_body_m.png
 47 0.000000 -6.322289 18.773014 0.000000 0.020955 0.999780 0.305664 0.841064 2 6 0.047244 7 0.952756
 47 0.807991 -6.316147 18.629475 0.299118 0.037342 0.953485 0.300293 0.827759 2 6 0.047244 7 0.952756
 47 0.000000 -5.159099 18.569624 0.000000 0.120449 0.992719 0.312744 0.800903 2 6 0.098425 7 0.901575
mnt_body_m.png
 47 0.807991 -6.316147 18.629475 0.299118 0.037342 0.953485 0.300293 0.827759 2 6 0.047244 7 0.952756
 47 0.677019 -5.159242 18.477873 0.278631 0.130463 0.951496 0.306396 0.795532 2 6 0.098425 7 0.901575
 47 0.000000 -5.159099 18.569624 0.000000 0.120449 0.992719 0.312744 0.800903 2 6 0.098425 7 0.901575
mnt_body_m.png
 47 0.677019 -5.159242 18.477873 0.278631 0.130463 0.951496 0.306396 0.795532 2 6 0.098425 7 0.901575
 47 0.462034 -3.786373 18.390862 0.283930 0.023357 0.958560 0.309326 0.766479 2 6 0.299213 7 0.700787
 47 0.000000 -5.159099 18.569624 0.000000 0.120449 0.992719 0.312744 0.800903 2 6 0.098425 7 0.901575
mnt_body_m.png
 47 0.000000 -5.159099 18.569624 0.000000 0.120449 0.992719 0.312744 0.800903 2 6 0.098425 7 0.901575
 47 0.462034 -3.786373 18.390862 0.283930 0.023357 0.958560 0.309326 0.766479 2 6 0.299213 7 0.700787
 47 0.000000 -3.786277 18.451605 -0.000000 -0.015442 0.999881 0.314941 0.767578 2 6 0.299213 7 0.700787
mnt_body_m.png
 47 0.000000 -3.786277 18.451605 -0.000000 -0.015442 0.999881 0.314941 0.767578 2 6 0.299213 7 0.700787
 47 0.462034 -3.786373 18.390862 0.283930 0.023357 0.958560 0.309326 0.766479 2 6 0.299213 7 0.700787
 47 0.000000 -2.526642 18.598837 -0.000000 -0.512045 0.858959 0.315430 0.744873 1 6 1.000000
mnt_body_m.png
 47 0.000000 -2.526642 18.598837 -0.000000 -0.512045 0.858959 0.315430 0.744873 1 6 1.000000
 47 0.462034 -3.786373 18.390862 0.283930 0.023357 0.958560 0.309326 0.766479 2 6 0.299213 7 0.700787
 47 0.583299 -2.611183 18.362020 0.373316 -0.493557 0.785517 0.308350 0.742920 1 6 1.000000
mnt_body_m.png
 47 0.462034 -3.786373 18.390862 0.283930 0.023357 0.958560 0.309326 0.766479 2 6 0.299213 7 0.700787
 47 0.884472 -3.786679 18.198059 0.587764 0.107723 0.801828 0.303955 0.765381 2 6 0.299213 7 0.700787
 47 0.583299 -2.611183 18.362020 0.373316 -0.493557 0.785517 0.308350 0.742920 1 6 1.000000
mnt_body_m.png
 47 0.884472 -3.786679 18.198059 0.587764 0.107723 0.801828 0.303955 0.765381 2 6 0.299213 7 0.700787
 47 1.201582 -3.787232 17.849663 0.846750 0.310786 0.431772 0.298828 0.761475 2 6 0.299213 7 0.700787
 47 0.583299 -2.611183 18.362020 0.373316 -0.493557 0.785517 0.308350 0.742920 1 6 1.000000
mnt_body_m.png
 47 0.583299 -2.611183 18.362020 0.373316 -0.493557 0.785517 0.308350 0.742920 1 6 1.000000
 47 1.201582 -3.787232 17.849663 0.846750 0.310786 0.431772 0.298828 0.761475 2 6 0.299213 7 0.700787
 47 0.992008 -3.176620 17.364187 0.829103 -0.387508 0.403022 0.296875 0.746582 1 6 1.000000
mnt_body_m.png
 47 1.201582 -3.787232 17.849663 0.846750 0.310786 0.431772 0.298828 0.761475 2 6 0.299213 7 0.700787
 47 1.327064 -3.787973 17.384521 0.888254 0.457996 -0.035293 0.293945 0.757568 2 6 0.299213 7 0.700787
 47 0.992008 -3.176620 17.364187 0.829103 -0.387508 0.403022 0.296875 0.746582 1 6 1.000000
mnt_body_m.png
 47 1.327064 -3.787973 17.384521 0.888254 0.457996 -0.035293 0.293945 0.757568 2 6 0.299213 7 0.700787
 47 1.056714 -3.817328 16.797928 0.607694 0.579808 -0.542707 0.290039 0.753906 2 6 0.700787 7 0.299213
 47 0.992008 -3.176620 17.364187 0.829103 -0.387508 0.403022 0.296875 0.746582 1 6 1.000000
mnt_body_m.png
 47 0.992008 -3.176620 17.364187 0.829103 -0.387508 0.403022 0.296875 0.746582 1 6 1.000000
 47 1.056714 -3.817328 16.797928 0.607694 0.579808 -0.542707 0.290039 0.753906 2 6 0.700787 7 0.299213
 47 0.510991 -3.892234 16.342636 0.801272 -0.491995 -0.340448 0.285889 0.750366 1 6 1.000000
mnt_body_m.png
 47 1.056714 -3.817328 16.797928 0.607694 0.579808 -0.542707 0.290039 0.753906 2 6 0.700787 7 0.299213
 47 1.081177 -4.451650 16.221870 0.495945 0.531362 -0.686799 0.280518 0.759399 2 6 0.551181 7 0.448819
 47 0.510991 -3.892234 16.342636 0.801272 -0.491995 -0.340448 0.285889 0.750366 1 6 1.000000
mnt_body_m.png
 47 1.081177 -4.451650 16.221870 0.495945 0.531362 -0.686799 0.280518 0.759399 2 6 0.551181 7 0.448819
 47 0.564687 -4.452017 15.992250 0.222986 0.525715 -0.820915 0.274658 0.752319 2 6 0.551181 7 0.448819
 47 0.510991 -3.892234 16.342636 0.801272 -0.491995 -0.340448 0.285889 0.750366 1 6 1.000000
mnt_body_m.png
 47 0.510991 -3.892234 16.342636 0.801272 -0.491995 -0.340448 0.285889 0.750366 1 6 1.000000
 47 0.564687 -4.452017 15.992250 0.222986 0.525715 -0.820915 0.274658 0.752319 2 6 0.551181 7 0.448819
 47 0.000000 -4.104648 16.166344 -0.000000 -0.645518 -0.763745 0.272461 0.743652 1 6 1.000000
mnt_body_m.png
 47 0.564687 -4.452017 15.992250 0.222986 0.525715 -0.820915 0.274658 0.752319 2 6 0.551181 7 0.448819
 47 0.000000 -4.452133 15.920124 0.000000 0.544308 -0.838886 0.267822 0.748779 2 6 0.551181 7 0.448819
 47 0.000000 -4.104648 16.166344 -0.000000 -0.645518 -0.763745 0.272461 0.743652 1 6 1.000000
mnt_body_m.png
 47 0.000000 -4.452133 15.920124 0.000000 0.544308 -0.838886 0.267822 0.748779 2 6 0.551181 7 0.448819
 47 -0.564687 -4.452017 15.992250 -0.222986 0.525715 -0.820915 0.274658 0.752319 2 6 0.551181 7 0.448819
 47 0.000000 -4.104648 16.166344 -0.000000 -0.645518 -0.763745 0.272461 0.743652 1 6 1.000000
mnt_body_m.png
 47 0.000000 -4.104648 16.166344 -0.000000 -0.645518 -0.763745 0.272461 0.743652 1 6 1.000000
 47 -0.564687 -4.452017 15.992250 -0.222986 0.525715 -0.820915 0.274658 0.752319 2 6 0.551181 7 0.448819
 47 -0.510991 -3.892234 16.342636 -0.801272 -0.491995 -0.340448 0.285889 0.750366 1 6 1.000000
mnt_body_m.png
 47 -0.564687 -4.452017 15.992250 -0.222986 0.525715 -0.820915 0.274658 0.752319 2 6 0.551181 7 0.448819
 47 -1.081177 -4.451650 16.221870 -0.495945 0.531362 -0.686799 0.280518 0.759399 2 6 0.551181 7 0.448819
 47 -0.510991 -3.892234 16.342636 -0.801272 -0.491995 -0.340448 0.285889 0.750366 1 6 1.000000
mnt_body_m.png
 47 -1.081177 -4.451650 16.221870 -0.495945 0.531362 -0.686799 0.280518 0.759399 2 6 0.551181 7 0.448819
 47 -1.056714 -3.817328 16.797928 -0.607694 0.579808 -0.542707 0.290039 0.753906 2 6 0.700787 7 0.299213
 47 -0.510991 -3.892234 16.342636 -0.801272 -0.491995 -0.340448 0.285889 0.750366 1 6 1.000000
mnt_body_m.png
 47 -0.510991 -3.892234 16.342636 -0.801272 -0.491995 -0.340448 0.285889 0.750366 1 6 1.000000
 47 -1.056714 -3.817328 16.797928 -0.607694 0.579808 -0.542707 0.290039 0.753906 2 6 0.700787 7 0.299213
 47 -0.992008 -3.176620 17.364187 -0.829103 -0.387508 0.403022 0.296875 0.746582 1 6 1.000000
mnt_body_m.png
 47 -1.056714 -3.817328 16.797928 -0.607694 0.579808 -0.542707 0.290039 0.753906 2 6 0.700787 7 0.299213
 47 -1.327064 -3.787973 17.384521 -0.888254 0.457996 -0.035293 0.293945 0.757568 2 6 0.299213 7 0.700787
 47 -0.992008 -3.176620 17.364187 -0.829103 -0.387508 0.403022 0.296875 0.746582 1 6 1.000000
mnt_body_m.png
 47 -1.327064 -3.787973 17.384521 -0.888254 0.457996 -0.035293 0.293945 0.757568 2 6 0.299213 7 0.700787
 47 -1.201582 -3.787232 17.849663 -0.846750 0.310785 0.431772 0.298828 0.761475 2 6 0.299213 7 0.700787
 47 -0.992008 -3.176620 17.364187 -0.829103 -0.387508 0.403022 0.296875 0.746582 1 6 1.000000
mnt_body_m.png
 47 -0.992008 -3.176620 17.364187 -0.829103 -0.387508 0.403022 0.296875 0.746582 1 6 1.000000
 47 -1.201582 -3.787232 17.849663 -0.846750 0.310785 0.431772 0.298828 0.761475 2 6 0.299213 7 0.700787
 47 -0.583299 -2.611183 18.362020 -0.373316 -0.493557 0.785517 0.308350 0.742920 1 6 1.000000
mnt_body_m.png
 47 -1.201582 -3.787232 17.849663 -0.846750 0.310785 0.431772 0.298828 0.761475 2 6 0.299213 7 0.700787
 47 -0.884472 -3.786679 18.198059 -0.587764 0.107723 0.801828 0.303955 0.765381 2 6 0.299213 7 0.700787
 47 -0.583299 -2.611183 18.362020 -0.373316 -0.493557 0.785517 0.308350 0.742920 1 6 1.000000
mnt_body_m.png
 47 -0.884472 -3.786679 18.198059 -0.587764 0.107723 0.801828 0.303955 0.765381 2 6 0.299213 7 0.700787
 47 -0.462034 -3.786373 18.390862 -0.283930 0.023357 0.958560 0.309326 0.766479 2 6 0.299213 7 0.700787
 47 -0.583299 -2.611183 18.362020 -0.373316 -0.493557 0.785517 0.308350 0.742920 1 6 1.000000
mnt_body_m.png
 47 -0.583299 -2.611183 18.362020 -0.373316 -0.493557 0.785517 0.308350 0.742920 1 6 1.000000
 47 -0.462034 -3.786373 18.390862 -0.283930 0.023357 0.958560 0.309326 0.766479 2 6 0.299213 7 0.700787
 47 0.000000 -2.526642 18.598837 -0.000000 -0.512045 0.858959 0.315430 0.744873 1 6 1.000000
mnt_body_m.png
 47 0.000000 -2.526642 18.598837 -0.000000 -0.512045 0.858959 0.315430 0.744873 1 6 1.000000
 47 -0.462034 -3.786373 18.390862 -0.283930 0.023357 0.958560 0.309326 0.766479 2 6 0.299213 7 0.700787
 47 0.000000 -3.786277 18.451605 -0.000000 -0.015442 0.999881 0.314941 0.767578 2 6 0.299213 7 0.700787
mnt_body_m.png
 47 0.000000 -3.786277 18.451605 -0.000000 -0.015442 0.999881 0.314941 0.767578 2 6 0.299213 7 0.700787
 47 -0.462034 -3.786373 18.390862 -0.283930 0.023357 0.958560 0.309326 0.766479 2 6 0.299213 7 0.700787
 47 0.000000 -5.159099 18.569624 0.000000 0.120449 0.992719 0.312744 0.800903 2 6 0.098425 7 0.901575
mnt_body_m.png
 47 -0.462034 -3.786373 18.390862 -0.283930 0.023357 0.958560 0.309326 0.766479 2 6 0.299213 7 0.700787
 47 -0.677019 -5.159242 18.477873 -0.278631 0.130463 0.951496 0.306396 0.795532 2 6 0.098425 7 0.901575
 47 0.000000 -5.159099 18.569624 0.000000 0.120449 0.992719 0.312744 0.800903 2 6 0.098425 7 0.901575
mnt_body_m.png
 47 -0.677019 -5.159242 18.477873 -0.278631 0.130463 0.951496 0.306396 0.795532 2 6 0.098425 7 0.901575
 47 -0.807991 -6.316147 18.629475 -0.299118 0.037342 0.953485 0.300293 0.827759 2 6 0.047244 7 0.952756
 47 0.000000 -5.159099 18.569624 0.000000 0.120449 0.992719 0.312744 0.800903 2 6 0.098425 7 0.901575
mnt_body_m.png
 47 0.000000 -5.159099 18.569624 0.000000 0.120449 0.992719 0.312744 0.800903 2 6 0.098425 7 0.901575
 47 -0.807991 -6.316147 18.629475 -0.299118 0.037342 0.953485 0.300293 0.827759 2 6 0.047244 7 0.952756
 47 0.000000 -6.322289 18.773014 0.000000 0.020955 0.999780 0.305664 0.841064 2 6 0.047244 7 0.952756
mnt_body_m.png
 47 0.000000 -6.322289 18.773014 0.000000 0.020955 0.999780 0.305664 0.841064 2 6 0.047244 7 0.952756
 47 -0.807991 -6.316147 18.629475 -0.299118 0.037342 0.953485 0.300293 0.827759 2 6 0.047244 7 0.952756
 47 0.000000 -7.236024 18.654417 0.000000 -0.244746 0.969587 0.298828 0.855713 2 6 0.019685 7 0.980315
mnt_body_m.png
 47 -0.807991 -6.316147 18.629475 -0.299118 0.037342 0.953485 0.300293 0.827759 2 6 0.047244 7 0.952756
 47 -1.070623 -7.110870 18.483452 -0.402796 -0.192227 0.894877 0.293457 0.833862 2 6 0.019685 7 0.980315
 47 0.000000 -7.236024 18.654417 0.000000 -0.244746 0.969587 0.298828 0.855713 2 6 0.019685 7 0.980315
mnt_body_m.png
 47 -1.070623 -7.110870 18.483452 -0.402796 -0.192227 0.894877 0.293457 0.833862 2 6 0.019685 7 0.980315
 47 -0.996484 -7.723224 18.292095 -0.323155 -0.442568 0.836483 0.288574 0.844482 2 6 0.007874 7 0.992126
 47 0.000000 -7.236024 18.654417 0.000000 -0.244746 0.969587 0.298828 0.855713 2 6 0.019685 7 0.980315
mnt_body_m.png
 47 0.000000 -7.236024 18.654417 0.000000 -0.244746 0.969587 0.298828 0.855713 2 6 0.019685 7 0.980315
 47 -0.996484 -7.723224 18.292095 -0.323155 -0.442568 0.836483 0.288574 0.844482 2 6 0.007874 7 0.992126
 47 0.000000 -7.840353 18.417240 -0.000000 -0.493424 0.869789 0.292969 0.863770 2 6 0.007874 7 0.992126
mnt_body_m.png
 47 -0.996484 -7.723224 18.292095 -0.323155 -0.442568 0.836483 0.288574 0.844482 2 6 0.007874 7 0.992126
 47 -0.968955 -8.100695 18.007933 -0.315523 -0.720077 0.618009 0.284180 0.851074 1 7 1.000000
 47 0.000000 -7.840353 18.417240 -0.000000 -0.493424 0.869789 0.292969 0.863770 2 6 0.007874 7 0.992126
mnt_body_m.png
 47 0.000000 -7.840353 18.417240 -0.000000 -0.493424 0.869789 0.292969 0.863770 2 6 0.007874 7 0.992126
 47 -0.968955 -8.100695 18.007933 -0.315523 -0.720077 0.618009 0.284180 0.851074 1 7 1.000000
 47 0.000000 -8.315269 18.056580 0.000000 -0.772646 0.634837 0.285645 0.869141 1 7 1.000000
mnt_body_m.png
 47 -0.968955 -8.100695 18.007933 -0.315523 -0.720077 0.618009 0.284180 0.851074 1 7 1.000000
 47 -1.019814 -8.405859 17.439407 -0.387820 -0.889024 0.243376 0.276611 0.848267 1 7 1.000000
 47 0.000000 -8.315269 18.056580 0.000000 -0.772646 0.634837 0.285645 0.869141 1 7 1.000000
mnt_body_m.png
 47 0.000000 -8.315269 18.056580 0.000000 -0.772646 0.634837 0.285645 0.869141 1 7 1.000000
 47 -1.019814 -8.405859 17.439407 -0.387820 -0.889024 0.243376 0.276611 0.848267 1 7 1.000000
 47 0.000000 -8.610687 17.470448 -0.000000 -0.967986 0.251003 0.277344 0.866821 1 7 1.000000
mnt_body_m.png
 47 -1.019814 -8.405859 17.439407 -0.387820 -0.889024 0.243376 0.276611 0.848267 1 7 1.000000
 47 -0.986434 -8.446929 16.744387 -0.382583 -0.909709 -0.161431 0.268799 0.844238 1 7 1.000000
 47 0.000000 -8.610687 17.470448 -0.000000 -0.967986 0.251003 0.277344 0.866821 1 7 1.000000
mnt_body_m.png
 47 0.000000 -8.610687 17.470448 -0.000000 -0.967986 0.251003 0.277344 0.866821 1 7 1.000000
 47 -0.986434 -8.446929 16.744387 -0.382583 -0.909709 -0.161431 0.268799 0.844238 1 7 1.000000
 47 0.000000 -8.642010 16.757824 0.000000 -0.989711 -0.143083 0.267822 0.861694 1 7 1.000000
mnt_body_m.png
 47 0.000000 -8.642010 16.757824 0.000000 -0.989711 -0.143083 0.267822 0.861694 1 7 1.000000
 47 -0.986434 -8.446929 16.744387 -0.382583 -0.909709 -0.161431 0.268799 0.844238 1 7 1.000000
 47 0.000000 -8.384069 16.030840 -0.000000 -0.839116 -0.543952 0.259521 0.849731 1 7 1.000000
mnt_body_m.png
 47 -0.986434 -8.446929 16.744387 -0.382583 -0.909709 -0.161431 0.268799 0.844238 1 7 1.000000
 47 -0.934479 -8.179482 16.070171 -0.347410 -0.776732 -0.525351 0.265625 0.839722 1 7 1.000000
 47 0.000000 -8.384069 16.030840 -0.000000 -0.839116 -0.543952 0.259521 0.849731 1 7 1.000000
mnt_body_m.png
 47 0.000000 -8.384069 16.030840 -0.000000 -0.839116 -0.543952 0.259521 0.849731 1 7 1.000000
 47 -0.934479 -8.179482 16.070171 -0.347410 -0.776732 -0.525351 0.265625 0.839722 1 7 1.000000
 47 0.000000 -7.861448 15.535323 0.000000 -0.549721 -0.835348 0.251221 0.825439 2 6 0.007874 7 0.992126
mnt_body_m.png
 47 -0.934479 -8.179482 16.070171 -0.347410 -0.776732 -0.525351 0.265625 0.839722 1 7 1.000000
 47 -0.950295 -7.755271 15.672139 -0.328610 -0.506580 -0.797115 0.261230 0.822144 2 6 0.007874 7 0.992126
 47 0.000000 -7.861448 15.535323 0.000000 -0.549721 -0.835348 0.251221 0.825439 2 6 0.007874 7 0.992126
mnt_body_m.png
 47 0.000000 -7.861448 15.535323 0.000000 -0.549721 -0.835348 0.251221 0.825439 2 6 0.007874 7 0.992126
 47 -0.950295 -7.755271 15.672139 -0.328610 -0.506580 -0.797115 0.261230 0.822144 2 6 0.007874 7 0.992126
 47 0.000000 -7.184050 15.247122 -0.000000 -0.256522 -0.966538 0.251465 0.806641 2 6 0.019685 7 0.980315
mnt_body_m.png
 47 -0.950295 -7.755271 15.672139 -0.328610 -0.506580 -0.797115 0.261230 0.822144 2 6 0.007874 7 0.992126
 47 -1.013139 -7.117513 15.436540 -0.348750 -0.255392 -0.901747 0.260986 0.806030 2 6 0.019685 7 0.980315
 47 0.000000 -7.184050 15.247122 -0.000000 -0.256522 -0.966538 0.251465 0.806641 2 6 0.019685 7 0.980315
mnt_body_m.png
 47 -1.013139 -7.117513 15.436540 -0.348750 -0.255392 -0.901747 0.260986 0.806030 2 6 0.019685 7 0.980315
 47 -0.821046 -6.207803 15.243235 -0.253647 0.103982 -0.961692 0.261963 0.786621 2 6 0.047244 7 0.952756
 47 0.000000 -7.184050 15.247122 -0.000000 -0.256522 -0.966538 0.251465 0.806641 2 6 0.019685 7 0.980315
mnt_body_m.png
 47 0.000000 -7.184050 15.247122 -0.000000 -0.256522 -0.966538 0.251465 0.806641 2 6 0.019685 7 0.980315
 47 -0.821046 -6.207803 15.243235 -0.253647 0.103982 -0.961692 0.261963 0.786621 2 6 0.047244 7 0.952756
 47 0.000000 -6.237353 15.174700 0.000000 0.101650 -0.994820 0.253662 0.783569 2 6 0.047244 7 0.952756
mnt_body_m.png
 47 0.000000 -6.237353 15.174700 0.000000 0.101650 -0.994820 0.253662 0.783569 2 6 0.047244 7 0.952756
 47 -0.821046 -6.207803 15.243235 -0.253647 0.103982 -0.961692 0.261963 0.786621 2 6 0.047244 7 0.952756
 47 0.000000 -5.163997 15.495234 -0.000000 0.409638 -0.912248 0.263184 0.754150 2 6 0.200000 7 0.800000
mnt_body_m.png
 47 -0.821046 -6.207803 15.243235 -0.253647 0.103982 -0.961692 0.261963 0.786621 2 6 0.047244 7 0.952756
 47 -0.677260 -5.163850 15.584320 -0.246632 0.419992 -0.873372 0.269043 0.761597 2 6 0.200000 7 0.800000
 47 0.000000 -5.163997 15.495234 -0.000000 0.409638 -0.912248 0.263184 0.754150 2 6 0.200000 7 0.800000
mnt_body_m.png
 47 -0.677260 -5.163850 15.584320 -0.246632 0.419992 -0.873372 0.269043 0.761597 2 6 0.200000 7 0.800000
 47 -0.564687 -4.452017 15.992250 -0.222986 0.525715 -0.820915 0.274658 0.752319 2 6 0.551181 7 0.448819
 47 0.000000 -5.163997 15.495234 -0.000000 0.409638 -0.912248 0.263184 0.754150 2 6 0.200000 7 0.800000
mnt_body_m.png
 47 0.000000 -5.163997 15.495234 -0.000000 0.409638 -0.912248 0.263184 0.754150 2 6 0.200000 7 0.800000
 47 -0.564687 -4.452017 15.992250 -0.222986 0.525715 -0.820915 0.274658 0.752319 2 6 0.551181 7 0.448819
 47 0.000000 -4.452133 15.920124 0.000000 0.544308 -0.838886 0.267822 0.748779 2 6 0.551181 7 0.448819
mnt_body_m.png
 47 -0.677260 -5.163850 15.584320 -0.246632 0.419992 -0.873372 0.269043 0.761597 2 6 0.200000 7 0.800000
 47 -1.296716 -5.163403 15.864439 -0.510280 0.439557 -0.739191 0.273193 0.766724 2 6 0.200000 7 0.800000
 47 -0.564687 -4.452017 15.992250 -0.222986 0.525715 -0.820915 0.274658 0.752319 2 6 0.551181 7 0.448819
mnt_body_m.png
 47 -0.564687 -4.452017 15.992250 -0.222986 0.525715 -0.820915 0.274658 0.752319 2 6 0.551181 7 0.448819
 47 -1.296716 -5.163403 15.864439 -0.510280 0.439557 -0.739191 0.273193 0.766724 2 6 0.200000 7 0.800000
 47 -1.081177 -4.451650 16.221870 -0.495945 0.531362 -0.686799 0.280518 0.759399 2 6 0.551181 7 0.448819
mnt_body_m.png
 47 -1.296716 -5.163403 15.864439 -0.510280 0.439557 -0.739191 0.273193 0.766724 2 6 0.200000 7 0.800000
 47 -1.761023 -5.162606 16.364824 -0.793543 0.423022 -0.437426 0.279785 0.772827 2 6 0.200000 7 0.800000
 47 -1.081177 -4.451650 16.221870 -0.495945 0.531362 -0.686799 0.280518 0.759399 2 6 0.551181 7 0.448819
mnt_body_m.png
 47 -1.761023 -5.162606 16.364824 -0.793543 0.423022 -0.437426 0.279785 0.772827 2 6 0.200000 7 0.800000
 47 -1.468309 -4.450986 16.637432 -0.753585 0.503417 -0.422706 0.285889 0.764282 2 6 0.500000 7 0.500000
 47 -1.081177 -4.451650 16.221870 -0.495945 0.531362 -0.686799 0.280518 0.759399 2 6 0.551181 7 0.448819
mnt_body_m.png
 47 -1.081177 -4.451650 16.221870 -0.495945 0.531362 -0.686799 0.280518 0.759399 2 6 0.551181 7 0.448819
 47 -1.468309 -4.450986 16.637432 -0.753585 0.503417 -0.422706 0.285889 0.764282 2 6 0.500000 7 0.500000
 47 -1.056714 -3.817328 16.797928 -0.607694 0.579808 -0.542707 0.290039 0.753906 2 6 0.700787 7 0.299213
mnt_body_m.png
 47 -1.056714 -3.817328 16.797928 -0.607694 0.579808 -0.542707 0.290039 0.753906 2 6 0.700787 7 0.299213
 47 -1.468309 -4.450986 16.637432 -0.753585 0.503417 -0.422706 0.285889 0.764282 2 6 0.500000 7 0.500000
 47 -1.327064 -3.787973 17.384521 -0.888254 0.457996 -0.035293 0.293945 0.757568 2 6 0.299213 7 0.700787
mnt_body_m.png
 47 -1.468309 -4.450986 16.637432 -0.753585 0.503417 -0.422706 0.285889 0.764282 2 6 0.500000 7 0.500000
 47 -1.944548 -5.161542 17.030283 -0.938422 0.345293 0.011719 0.287842 0.778809 2 6 0.098425 7 0.901575
 47 -1.327064 -3.787973 17.384521 -0.888254 0.457996 -0.035293 0.293945 0.757568 2 6 0.299213 7 0.700787
mnt_body_m.png
 47 -1.944548 -5.161542 17.030283 -0.938422 0.345293 0.011719 0.287842 0.778809 2 6 0.098425 7 0.901575
 47 -1.760678 -5.160486 17.694212 -0.855630 0.234518 0.461410 0.293945 0.784424 2 6 0.098425 7 0.901575
 47 -1.327064 -3.787973 17.384521 -0.888254 0.457996 -0.035293 0.293945 0.757568 2 6 0.299213 7 0.700787
mnt_body_m.png
 47 -1.327064 -3.787973 17.384521 -0.888254 0.457996 -0.035293 0.293945 0.757568 2 6 0.299213 7 0.700787
 47 -1.760678 -5.160486 17.694212 -0.855630 0.234518 0.461410 0.293945 0.784424 2 6 0.098425 7 0.901575
 47 -1.201582 -3.787232 17.849663 -0.846750 0.310785 0.431772 0.298828 0.761475 2 6 0.299213 7 0.700787
mnt_body_m.png
 47 -1.760678 -5.160486 17.694212 -0.855630 0.234518 0.461410 0.293945 0.784424 2 6 0.098425 7 0.901575
 47 -1.296018 -5.159691 18.194010 -0.589168 0.170364 0.789846 0.300049 0.790161 2 6 0.098425 7 0.901575
 47 -1.201582 -3.787232 17.849663 -0.846750 0.310785 0.431772 0.298828 0.761475 2 6 0.299213 7 0.700787
mnt_body_m.png
 47 -1.201582 -3.787232 17.849663 -0.846750 0.310785 0.431772 0.298828 0.761475 2 6 0.299213 7 0.700787
 47 -1.296018 -5.159691 18.194010 -0.589168 0.170364 0.789846 0.300049 0.790161 2 6 0.098425 7 0.901575
 47 -0.884472 -3.786679 18.198059 -0.587764 0.107723 0.801828 0.303955 0.765381 2 6 0.299213 7 0.700787
mnt_body_m.png
 47 -1.296018 -5.159691 18.194010 -0.589168 0.170364 0.789846 0.300049 0.790161 2 6 0.098425 7 0.901575
 47 -0.677019 -5.159242 18.477873 -0.278631 0.130463 0.951496 0.306396 0.795532 2 6 0.098425 7 0.901575
 47 -0.884472 -3.786679 18.198059 -0.587764 0.107723 0.801828 0.303955 0.765381 2 6 0.299213 7 0.700787
mnt_body_m.png
 47 -0.884472 -3.786679 18.198059 -0.587764 0.107723 0.801828 0.303955 0.765381 2 6 0.299213 7 0.700787
 47 -0.677019 -5.159242 18.477873 -0.278631 0.130463 0.951496 0.306396 0.795532 2 6 0.098425 7 0.901575
 47 -0.462034 -3.786373 18.390862 -0.283930 0.023357 0.958560 0.309326 0.766479 2 6 0.299213 7 0.700787
mnt_body_m.png
 47 -0.677019 -5.159242 18.477873 -0.278631 0.130463 0.951496 0.306396 0.795532 2 6 0.098425 7 0.901575
 47 -1.296018 -5.159691 18.194010 -0.589168 0.170364 0.789846 0.300049 0.790161 2 6 0.098425 7 0.901575
 47 -0.807991 -6.316147 18.629475 -0.299118 0.037342 0.953485 0.300293 0.827759 2 6 0.047244 7 0.952756
mnt_body_m.png
 47 -1.296018 -5.159691 18.194010 -0.589168 0.170364 0.789846 0.300049 0.790161 2 6 0.098425 7 0.901575
 47 -1.501804 -6.330658 18.273626 -0.624341 0.043675 0.779930 0.295166 0.815918 2 6 0.047244 7 0.952756
 47 -0.807991 -6.316147 18.629475 -0.299118 0.037342 0.953485 0.300293 0.827759 2 6 0.047244 7 0.952756
mnt_body_m.png
 47 -0.807991 -6.316147 18.629475 -0.299118 0.037342 0.953485 0.300293 0.827759 2 6 0.047244 7 0.952756
 47 -1.501804 -6.330658 18.273626 -0.624341 0.043675 0.779930 0.295166 0.815918 2 6 0.047244 7 0.952756
 47 -1.070623 -7.110870 18.483452 -0.402796 -0.192227 0.894877 0.293457 0.833862 2 6 0.019685 7 0.980315
mnt_body_m.png
 47 -1.501804 -6.330658 18.273626 -0.624341 0.043675 0.779930 0.295166 0.815918 2 6 0.047244 7 0.952756
 47 -1.803149 -7.109164 17.881308 -0.772350 -0.215897 0.597381 0.287109 0.824829 2 6 0.019685 7 0.980315
 47 -1.070623 -7.110870 18.483452 -0.402796 -0.192227 0.894877 0.293457 0.833862 2 6 0.019685 7 0.980315
mnt_body_m.png
 47 -1.803149 -7.109164 17.881308 -0.772350 -0.215897 0.597381 0.287109 0.824829 2 6 0.019685 7 0.980315
 47 -1.426591 -7.832105 17.968897 -0.634898 -0.509284 0.580978 0.285156 0.841675 1 7 1.000000
 47 -1.070623 -7.110870 18.483452 -0.402796 -0.192227 0.894877 0.293457 0.833862 2 6 0.019685 7 0.980315
mnt_body_m.png
 47 -1.070623 -7.110870 18.483452 -0.402796 -0.192227 0.894877 0.293457 0.833862 2 6 0.019685 7 0.980315
 47 -1.426591 -7.832105 17.968897 -0.634898 -0.509284 0.580978 0.285156 0.841675 1 7 1.000000
 47 -0.996484 -7.723224 18.292095 -0.323155 -0.442568 0.836483 0.288574 0.844482 2 6 0.007874 7 0.992126
mnt_body_m.png
 47 -0.996484 -7.723224 18.292095 -0.323155 -0.442568 0.836483 0.288574 0.844482 2 6 0.007874 7 0.992126
 47 -1.426591 -7.832105 17.968897 -0.634898 -0.509284 0.580978 0.285156 0.841675 1 7 1.000000
 47 -0.968955 -8.100695 18.007933 -0.315523 -0.720077 0.618009 0.284180 0.851074 1 7 1.000000
mnt_body_m.png
 47 -0.968955 -8.100695 18.007933 -0.315523 -0.720077 0.618009 0.284180 0.851074 1 7 1.000000
 47 -1.426591 -7.832105 17.968897 -0.634898 -0.509284 0.580978 0.285156 0.841675 1 7 1.000000
 47 -1.019814 -8.405859 17.439407 -0.387820 -0.889024 0.243376 0.276611 0.848267 1 7 1.000000
mnt_body_m.png
 47 -1.426591 -7.832105 17.968897 -0.634898 -0.509284 0.580978 0.285156 0.841675 1 7 1.000000
 47 -1.622510 -7.990048 17.351067 -0.725646 -0.655921 0.207858 0.278564 0.836792 2 6 0.007874 7 0.992126
 47 -1.019814 -8.405859 17.439407 -0.387820 -0.889024 0.243376 0.276611 0.848267 1 7 1.000000
mnt_body_m.png
 47 -1.019814 -8.405859 17.439407 -0.387820 -0.889024 0.243376 0.276611 0.848267 1 7 1.000000
 47 -1.622510 -7.990048 17.351067 -0.725646 -0.655921 0.207858 0.278564 0.836792 2 6 0.007874 7 0.992126
 47 -0.986434 -8.446929 16.744387 -0.382583 -0.909709 -0.161431 0.268799 0.844238 1 7 1.000000
mnt_body_m.png
 47 -1.622510 -7.990048 17.351067 -0.725646 -0.655921 0.207858 0.278564 0.836792 2 6 0.007874 7 0.992126
 47 -1.658981 -7.964076 16.667725 -0.707055 -0.680889 -0.190954 0.271973 0.830811 2 6 0.007874 7 0.992126
 47 -0.986434 -8.446929 16.744387 -0.382583 -0.909709 -0.161431 0.268799 0.844238 1 7 1.000000
mnt_body_m.png
 47 -1.658981 -7.964076 16.667725 -0.707055 -0.680889 -0.190954 0.271973 0.830811 2 6 0.007874 7 0.992126
 47 -1.437281 -7.805069 16.038347 -0.593877 -0.582489 -0.554992 0.267334 0.829224 2 6 0.007874 7 0.992126
 47 -0.986434 -8.446929 16.744387 -0.382583 -0.909709 -0.161431 0.268799 0.844238 1 7 1.000000
mnt_body_m.png
 47 -0.986434 -8.446929 16.744387 -0.382583 -0.909709 -0.161431 0.268799 0.844238 1 7 1.000000
 47 -1.437281 -7.805069 16.038347 -0.593877 -0.582489 -0.554992 0.267334 0.829224 2 6 0.007874 7 0.992126
 47 -0.934479 -8.179482 16.070171 -0.347410 -0.776732 -0.525351 0.265625 0.839722 1 7 1.000000
mnt_body_m.png
 47 -0.934479 -8.179482 16.070171 -0.347410 -0.776732 -0.525351 0.265625 0.839722 1 7 1.000000
 47 -1.437281 -7.805069 16.038347 -0.593877 -0.582489 -0.554992 0.267334 0.829224 2 6 0.007874 7 0.992126
 47 -0.950295 -7.755271 15.672139 -0.328610 -0.506580 -0.797115 0.261230 0.822144 2 6 0.007874 7 0.992126
mnt_body_m.png
 47 -1.437281 -7.805069 16.038347 -0.593877 -0.582489 -0.554992 0.267334 0.829224 2 6 0.007874 7 0.992126
 47 -1.818667 -7.079525 15.916446 -0.711206 -0.278267 -0.645565 0.268311 0.810791 2 6 0.019685 7 0.980315
 47 -0.950295 -7.755271 15.672139 -0.328610 -0.506580 -0.797115 0.261230 0.822144 2 6 0.007874 7 0.992126
mnt_body_m.png
 47 -0.950295 -7.755271 15.672139 -0.328610 -0.506580 -0.797115 0.261230 0.822144 2 6 0.007874 7 0.992126
 47 -1.818667 -7.079525 15.916446 -0.711206 -0.278267 -0.645565 0.268311 0.810791 2 6 0.019685 7 0.980315
 47 -1.013139 -7.117513 15.436540 -0.348750 -0.255392 -0.901747 0.260986 0.806030 2 6 0.019685 7 0.980315
mnt_body_m.png
 47 -1.818667 -7.079525 15.916446 -0.711206 -0.278267 -0.645565 0.268311 0.810791 2 6 0.019685 7 0.980315
 47 -1.716696 -6.183045 15.638910 -0.640241 0.119824 -0.758771 0.268799 0.789917 2 6 0.047244 7 0.952756
 47 -1.013139 -7.117513 15.436540 -0.348750 -0.255392 -0.901747 0.260986 0.806030 2 6 0.019685 7 0.980315
mnt_body_m.png
 47 -1.013139 -7.117513 15.436540 -0.348750 -0.255392 -0.901747 0.260986 0.806030 2 6 0.019685 7 0.980315
 47 -1.716696 -6.183045 15.638910 -0.640241 0.119824 -0.758771 0.268799 0.789917 2 6 0.047244 7 0.952756
 47 -0.821046 -6.207803 15.243235 -0.253647 0.103982 -0.961692 0.261963 0.786621 2 6 0.047244 7 0.952756
mnt_body_m.png
 47 -1.716696 -6.183045 15.638910 -0.640241 0.119824 -0.758771 0.268799 0.789917 2 6 0.047244 7 0.952756
 47 -1.296716 -5.163403 15.864439 -0.510280 0.439557 -0.739191 0.273193 0.766724 2 6 0.200000 7 0.800000
 47 -0.821046 -6.207803 15.243235 -0.253647 0.103982 -0.961692 0.261963 0.786621 2 6 0.047244 7 0.952756
mnt_body_m.png
 47 -0.821046 -6.207803 15.243235 -0.253647 0.103982 -0.961692 0.261963 0.786621 2 6 0.047244 7 0.952756
 47 -1.296716 -5.163403 15.864439 -0.510280 0.439557 -0.739191 0.273193 0.766724 2 6 0.200000 7 0.800000
 47 -0.677260 -5.163850 15.584320 -0.246632 0.419992 -0.873372 0.269043 0.761597 2 6 0.200000 7 0.800000
mnt_body_m.png
 47 -1.296716 -5.163403 15.864439 -0.510280 0.439557 -0.739191 0.273193 0.766724 2 6 0.200000 7 0.800000
 47 -1.716696 -6.183045 15.638910 -0.640241 0.119824 -0.758771 0.268799 0.789917 2 6 0.047244 7 0.952756
 47 -1.761023 -5.162606 16.364824 -0.793543 0.423022 -0.437426 0.279785 0.772827 2 6 0.200000 7 0.800000
mnt_body_m.png
 47 -1.716696 -6.183045 15.638910 -0.640241 0.119824 -0.758771 0.268799 0.789917 2 6 0.047244 7 0.952756
 47 -2.134046 -6.186664 16.301653 -0.923699 0.131324 -0.359909 0.275391 0.793823 2 6 0.047244 7 0.952756
 47 -1.761023 -5.162606 16.364824 -0.793543 0.423022 -0.437426 0.279785 0.772827 2 6 0.200000 7 0.800000
mnt_body_m.png
 47 -2.134046 -6.186664 16.301653 -0.923699 0.131324 -0.359909 0.275391 0.793823 2 6 0.047244 7 0.952756
 47 -1.944548 -5.161542 17.030283 -0.938422 0.345293 0.011719 0.287842 0.778809 2 6 0.098425 7 0.901575
 47 -1.761023 -5.162606 16.364824 -0.793543 0.423022 -0.437426 0.279785 0.772827 2 6 0.200000 7 0.800000
mnt_body_m.png
 47 -1.761023 -5.162606 16.364824 -0.793543 0.423022 -0.437426 0.279785 0.772827 2 6 0.200000 7 0.800000
 47 -1.944548 -5.161542 17.030283 -0.938422 0.345293 0.011719 0.287842 0.778809 2 6 0.098425 7 0.901575
 47 -1.468309 -4.450986 16.637432 -0.753585 0.503417 -0.422706 0.285889 0.764282 2 6 0.500000 7 0.500000
mnt_body_m.png
 47 -2.134046 -6.186664 16.301653 -0.923699 0.131324 -0.359909 0.275391 0.793823 2 6 0.047244 7 0.952756
 47 -2.250769 -6.182220 17.073338 -0.981853 0.129985 0.138092 0.283203 0.799194 2 6 0.047244 7 0.952756
 47 -1.944548 -5.161542 17.030283 -0.938422 0.345293 0.011719 0.287842 0.778809 2 6 0.098425 7 0.901575
mnt_body_m.png
 47 -2.250769 -6.182220 17.073338 -0.981853 0.129985 0.138092 0.283203 0.799194 2 6 0.047244 7 0.952756
 47 -1.956766 -6.250201 17.737719 -0.846853 0.084971 0.524996 0.289551 0.806885 2 6 0.047244 7 0.952756
 47 -1.944548 -5.161542 17.030283 -0.938422 0.345293 0.011719 0.287842 0.778809 2 6 0.098425 7 0.901575
mnt_body_m.png
 47 -1.944548 -5.161542 17.030283 -0.938422 0.345293 0.011719 0.287842 0.778809 2 6 0.098425 7 0.901575
 47 -1.956766 -6.250201 17.737719 -0.846853 0.084971 0.524996 0.289551 0.806885 2 6 0.047244 7 0.952756
 47 -1.760678 -5.160486 17.694212 -0.855630 0.234518 0.461410 0.293945 0.784424 2 6 0.098425 7 0.901575
mnt_body_m.png
 47 -1.760678 -5.160486 17.694212 -0.855630 0.234518 0.461410 0.293945 0.784424 2 6 0.098425 7 0.901575
 47 -1.956766 -6.250201 17.737719 -0.846853 0.084971 0.524996 0.289551 0.806885 2 6 0.047244 7 0.952756
 47 -1.296018 -5.159691 18.194010 -0.589168 0.170364 0.789846 0.300049 0.790161 2 6 0.098425 7 0.901575
mnt_body_m.png
 47 -1.296018 -5.159691 18.194010 -0.589168 0.170364 0.789846 0.300049 0.790161 2 6 0.098425 7 0.901575
 47 -1.956766 -6.250201 17.737719 -0.846853 0.084971 0.524996 0.289551 0.806885 2 6 0.047244 7 0.952756
 47 -1.501804 -6.330658 18.273626 -0.624341 0.043675 0.779930 0.295166 0.815918 2 6 0.047244 7 0.952756
mnt_body_m.png
 47 -1.501804 -6.330658 18.273626 -0.624341 0.043675 0.779930 0.295166 0.815918 2 6 0.047244 7 0.952756
 47 -1.956766 -6.250201 17.737719 -0.846853 0.084971 0.524996 0.289551 0.806885 2 6 0.047244 7 0.952756
 47 -1.803149 -7.109164 17.881308 -0.772350 -0.215897 0.597381 0.287109 0.824829 2 6 0.019685 7 0.980315
mnt_body_m.png
 47 -1.956766 -6.250201 17.737719 -0.846853 0.084971 0.524996 0.289551 0.806885 2 6 0.047244 7 0.952756
 47 -2.161875 -7.165545 17.218653 -0.928941 -0.293280 0.225953 0.280518 0.818604 2 6 0.019685 7 0.980315
 47 -1.803149 -7.109164 17.881308 -0.772350 -0.215897 0.597381 0.287109 0.824829 2 6 0.019685 7 0.980315
mnt_body_m.png
 47 -2.161875 -7.165545 17.218653 -0.928941 -0.293280 0.225953 0.280518 0.818604 2 6 0.019685 7 0.980315
 47 -1.622510 -7.990048 17.351067 -0.725646 -0.655921 0.207858 0.278564 0.836792 2 6 0.007874 7 0.992126
 47 -1.803149 -7.109164 17.881308 -0.772350 -0.215897 0.597381 0.287109 0.824829 2 6 0.019685 7 0.980315
mnt_body_m.png
 47 -1.803149 -7.109164 17.881308 -0.772350 -0.215897 0.597381 0.287109 0.824829 2 6 0.019685 7 0.980315
 47 -1.622510 -7.990048 17.351067 -0.725646 -0.655921 0.207858 0.278564 0.836792 2 6 0.007874 7 0.992126
 47 -1.426591 -7.832105 17.968897 -0.634898 -0.509284 0.580978 0.285156 0.841675 1 7 1.000000
mnt_body_m.png
 47 -1.622510 -7.990048 17.351067 -0.725646 -0.655921 0.207858 0.278564 0.836792 2 6 0.007874 7 0.992126
 47 -2.161875 -7.165545 17.218653 -0.928941 -0.293280 0.225953 0.280518 0.818604 2 6 0.019685 7 0.980315
 47 -1.658981 -7.964076 16.667725 -0.707055 -0.680889 -0.190954 0.271973 0.830811 2 6 0.007874 7 0.992126
mnt_body_m.png
 47 -2.161875 -7.165545 17.218653 -0.928941 -0.293280 0.225953 0.280518 0.818604 2 6 0.019685 7 0.980315
 47 -2.156627 -7.140827 16.532949 -0.920979 -0.298984 -0.249812 0.274170 0.812988 2 6 0.019685 7 0.980315
 47 -1.658981 -7.964076 16.667725 -0.707055 -0.680889 -0.190954 0.271973 0.830811 2 6 0.007874 7 0.992126
mnt_body_m.png
 47 -1.658981 -7.964076 16.667725 -0.707055 -0.680889 -0.190954 0.271973 0.830811 2 6 0.007874 7 0.992126
 47 -2.156627 -7.140827 16.532949 -0.920979 -0.298984 -0.249812 0.274170 0.812988 2 6 0.019685 7 0.980315
 47 -1.437281 -7.805069 16.038347 -0.593877 -0.582489 -0.554992 0.267334 0.829224 2 6 0.007874 7 0.992126
mnt_body_m.png
 47 -1.437281 -7.805069 16.038347 -0.593877 -0.582489 -0.554992 0.267334 0.829224 2 6 0.007874 7 0.992126
 47 -2.156627 -7.140827 16.532949 -0.920979 -0.298984 -0.249812 0.274170 0.812988 2 6 0.019685 7 0.980315
 47 -1.818667 -7.079525 15.916446 -0.711206 -0.278267 -0.645565 0.268311 0.810791 2 6 0.019685 7 0.980315
mnt_body_m.png
 47 -2.156627 -7.140827 16.532949 -0.920979 -0.298984 -0.249812 0.274170 0.812988 2 6 0.019685 7 0.980315
 47 -2.134046 -6.186664 16.301653 -0.923699 0.131324 -0.359909 0.275391 0.793823 2 6 0.047244 7 0.952756
 47 -1.818667 -7.079525 15.916446 -0.711206 -0.278267 -0.645565 0.268311 0.810791 2 6 0.019685 7 0.980315
mnt_body_m.png
 47 -1.818667 -7.079525 15.916446 -0.711206 -0.278267 -0.645565 0.268311 0.810791 2 6 0.019685 7 0.980315
 47 -2.134046 -6.186664 16.301653 -0.923699 0.131324 -0.359909 0.275391 0.793823 2 6 0.047244 7 0.952756
 47 -1.716696 -6.183045 15.638910 -0.640241 0.119824 -0.758771 0.268799 0.789917 2 6 0.047244 7 0.952756
mnt_body_m.png
 47 -2.134046 -6.186664 16.301653 -0.923699 0.131324 -0.359909 0.275391 0.793823 2 6 0.047244 7 0.952756
 47 -2.156627 -7.140827 16.532949 -0.920979 -0.298984 -0.249812 0.274170 0.812988 2 6 0.019685 7 0.980315
 47 -2.250769 -6.182220 17.073338 -0.981853 0.129985 0.138092 0.283203 0.799194 2 6 0.047244 7 0.952756
mnt_body_m.png
 47 -2.156627 -7.140827 16.532949 -0.920979 -0.298984 -0.249812 0.274170 0.812988 2 6 0.019685 7 0.980315
 47 -2.161875 -7.165545 17.218653 -0.928941 -0.293280 0.225953 0.280518 0.818604 2 6 0.019685 7 0.980315
 47 -2.250769 -6.182220 17.073338 -0.981853 0.129985 0.138092 0.283203 0.799194 2 6 0.047244 7 0.952756
mnt_body_m.png
 47 -2.250769 -6.182220 17.073338 -0.981853 0.129985 0.138092 0.283203 0.799194 2 6 0.047244 7 0.952756
 47 -2.161875 -7.165545 17.218653 -0.928941 -0.293280 0.225953 0.280518 0.818604 2 6 0.019685 7 0.980315
 47 -1.956766 -6.250201 17.737719 -0.846853 0.084971 0.524996 0.289551 0.806885 2 6 0.047244 7 0.952756
mnt_body_m.png
 47 0.462034 -3.786373 18.390862 0.283930 0.023357 0.958560 0.309326 0.766479 2 6 0.299213 7 0.700787
 47 0.677019 -5.159242 18.477873 0.278631 0.130463 0.951496 0.306396 0.795532 2 6 0.098425 7 0.901575
 47 0.884472 -3.786679 18.198059 0.587764 0.107723 0.801828 0.303955 0.765381 2 6 0.299213 7 0.700787
mnt_body_m.png
 47 0.677019 -5.159242 18.477873 0.278631 0.130463 0.951496 0.306396 0.795532 2 6 0.098425 7 0.901575
 47 1.296018 -5.159691 18.194010 0.589168 0.170364 0.789846 0.300049 0.790161 2 6 0.098425 7 0.901575
 47 0.884472 -3.786679 18.198059 0.587764 0.107723 0.801828 0.303955 0.765381 2 6 0.299213 7 0.700787
mnt_body_m.png
 47 0.884472 -3.786679 18.198059 0.587764 0.107723 0.801828 0.303955 0.765381 2 6 0.299213 7 0.700787
 47 1.296018 -5.159691 18.194010 0.589168 0.170364 0.789846 0.300049 0.790161 2 6 0.098425 7 0.901575
 47 1.201582 -3.787232 17.849663 0.846750 0.310786 0.431772 0.298828 0.761475 2 6 0.299213 7 0.700787
mnt_body_m.png
 47 1.296018 -5.159691 18.194010 0.589168 0.170364 0.789846 0.300049 0.790161 2 6 0.098425 7 0.901575
 47 1.760678 -5.160486 17.694212 0.855630 0.234518 0.461410 0.293945 0.784424 2 6 0.098425 7 0.901575
 47 1.201582 -3.787232 17.849663 0.846750 0.310786 0.431772 0.298828 0.761475 2 6 0.299213 7 0.700787
mnt_body_m.png
 47 1.201582 -3.787232 17.849663 0.846750 0.310786 0.431772 0.298828 0.761475 2 6 0.299213 7 0.700787
 47 1.760678 -5.160486 17.694212 0.855630 0.234518 0.461410 0.293945 0.784424 2 6 0.098425 7 0.901575
 47 1.327064 -3.787973 17.384521 0.888254 0.457996 -0.035293 0.293945 0.757568 2 6 0.299213 7 0.700787
mnt_body_m.png
 47 1.760678 -5.160486 17.694212 0.855630 0.234518 0.461410 0.293945 0.784424 2 6 0.098425 7 0.901575
 47 1.944548 -5.161542 17.030283 0.938422 0.345293 0.011719 0.287842 0.778809 2 6 0.098425 7 0.901575
 47 1.327064 -3.787973 17.384521 0.888254 0.457996 -0.035293 0.293945 0.757568 2 6 0.299213 7 0.700787
mnt_body_m.png
 47 1.944548 -5.161542 17.030283 0.938422 0.345293 0.011719 0.287842 0.778809 2 6 0.098425 7 0.901575
 47 1.468309 -4.450986 16.637432 0.753585 0.503417 -0.422706 0.285889 0.764282 2 6 0.500000 7 0.500000
 47 1.327064 -3.787973 17.384521 0.888254 0.457996 -0.035293 0.293945 0.757568 2 6 0.299213 7 0.700787
mnt_body_m.png
 47 1.327064 -3.787973 17.384521 0.888254 0.457996 -0.035293 0.293945 0.757568 2 6 0.299213 7 0.700787
 47 1.468309 -4.450986 16.637432 0.753585 0.503417 -0.422706 0.285889 0.764282 2 6 0.500000 7 0.500000
 47 1.056714 -3.817328 16.797928 0.607694 0.579808 -0.542707 0.290039 0.753906 2 6 0.700787 7 0.299213
mnt_body_m.png
 47 1.056714 -3.817328 16.797928 0.607694 0.579808 -0.542707 0.290039 0.753906 2 6 0.700787 7 0.299213
 47 1.468309 -4.450986 16.637432 0.753585 0.503417 -0.422706 0.285889 0.764282 2 6 0.500000 7 0.500000
 47 1.081177 -4.451650 16.221870 0.495945 0.531362 -0.686799 0.280518 0.759399 2 6 0.551181 7 0.448819
mnt_body_m.png
 47 1.468309 -4.450986 16.637432 0.753585 0.503417 -0.422706 0.285889 0.764282 2 6 0.500000 7 0.500000
 47 1.761023 -5.162606 16.364824 0.793543 0.423022 -0.437426 0.279785 0.772827 2 6 0.200000 7 0.800000
 47 1.081177 -4.451650 16.221870 0.495945 0.531362 -0.686799 0.280518 0.759399 2 6 0.551181 7 0.448819
mnt_body_m.png
 47 1.761023 -5.162606 16.364824 0.793543 0.423022 -0.437426 0.279785 0.772827 2 6 0.200000 7 0.800000
 47 1.296716 -5.163403 15.864439 0.510280 0.439557 -0.739191 0.273193 0.766724 2 6 0.200000 7 0.800000
 47 1.081177 -4.451650 16.221870 0.495945 0.531362 -0.686799 0.280518 0.759399 2 6 0.551181 7 0.448819
mnt_body_m.png
 47 1.081177 -4.451650 16.221870 0.495945 0.531362 -0.686799 0.280518 0.759399 2 6 0.551181 7 0.448819
 47 1.296716 -5.163403 15.864439 0.510280 0.439557 -0.739191 0.273193 0.766724 2 6 0.200000 7 0.800000
 47 0.564687 -4.452017 15.992250 0.222986 0.525715 -0.820915 0.274658 0.752319 2 6 0.551181 7 0.448819
mnt_body_m.png
 47 1.296716 -5.163403 15.864439 0.510280 0.439557 -0.739191 0.273193 0.766724 2 6 0.200000 7 0.800000
 47 0.677260 -5.163850 15.584320 0.246632 0.419992 -0.873372 0.269043 0.761597 2 6 0.200000 7 0.800000
 47 0.564687 -4.452017 15.992250 0.222986 0.525715 -0.820915 0.274658 0.752319 2 6 0.551181 7 0.448819
mnt_body_m.png
 47 0.677260 -5.163850 15.584320 0.246632 0.419992 -0.873372 0.269043 0.761597 2 6 0.200000 7 0.800000
 47 0.000000 -5.163997 15.495234 -0.000000 0.409638 -0.912248 0.263184 0.754150 2 6 0.200000 7 0.800000
 47 0.564687 -4.452017 15.992250 0.222986 0.525715 -0.820915 0.274658 0.752319 2 6 0.551181 7 0.448819
mnt_body_m.png
 47 0.564687 -4.452017 15.992250 0.222986 0.525715 -0.820915 0.274658 0.752319 2 6 0.551181 7 0.448819
 47 0.000000 -5.163997 15.495234 -0.000000 0.409638 -0.912248 0.263184 0.754150 2 6 0.200000 7 0.800000
 47 0.000000 -4.452133 15.920124 0.000000 0.544308 -0.838886 0.267822 0.748779 2 6 0.551181 7 0.448819
mnt_body_m.png
 47 0.677260 -5.163850 15.584320 0.246632 0.419992 -0.873372 0.269043 0.761597 2 6 0.200000 7 0.800000
 47 0.821046 -6.207803 15.243235 0.253647 0.103982 -0.961692 0.261963 0.786621 2 6 0.047244 7 0.952756
 47 0.000000 -5.163997 15.495234 -0.000000 0.409638 -0.912248 0.263184 0.754150 2 6 0.200000 7 0.800000
mnt_body_m.png
 47 0.000000 -5.163997 15.495234 -0.000000 0.409638 -0.912248 0.263184 0.754150 2 6 0.200000 7 0.800000
 47 0.821046 -6.207803 15.243235 0.253647 0.103982 -0.961692 0.261963 0.786621 2 6 0.047244 7 0.952756
 47 0.000000 -6.237353 15.174700 0.000000 0.101650 -0.994820 0.253662 0.783569 2 6 0.047244 7 0.952756
mnt_body_m.png
 47 0.000000 -6.237353 15.174700 0.000000 0.101650 -0.994820 0.253662 0.783569 2 6 0.047244 7 0.952756
 47 0.821046 -6.207803 15.243235 0.253647 0.103982 -0.961692 0.261963 0.786621 2 6 0.047244 7 0.952756
 47 0.000000 -7.184050 15.247122 -0.000000 -0.256522 -0.966538 0.251465 0.806641 2 6 0.019685 7 0.980315
mnt_body_m.png
 47 0.821046 -6.207803 15.243235 0.253647 0.103982 -0.961692 0.261963 0.786621 2 6 0.047244 7 0.952756
 47 1.013139 -7.117513 15.436540 0.348750 -0.255392 -0.901747 0.260986 0.806030 2 6 0.019685 7 0.980315
 47 0.000000 -7.184050 15.247122 -0.000000 -0.256522 -0.966538 0.251465 0.806641 2 6 0.019685 7 0.980315
mnt_body_m.png
 47 1.013139 -7.117513 15.436540 0.348750 -0.255392 -0.901747 0.260986 0.806030 2 6 0.019685 7 0.980315
 47 0.950295 -7.755271 15.672139 0.328610 -0.506580 -0.797115 0.261230 0.822144 2 6 0.007874 7 0.992126
 47 0.000000 -7.184050 15.247122 -0.000000 -0.256522 -0.966538 0.251465 0.806641 2 6 0.019685 7 0.980315
mnt_body_m.png
 47 0.000000 -7.184050 15.247122 -0.000000 -0.256522 -0.966538 0.251465 0.806641 2 6 0.019685 7 0.980315
 47 0.950295 -7.755271 15.672139 0.328610 -0.506580 -0.797115 0.261230 0.822144 2 6 0.007874 7 0.992126
 47 0.000000 -7.861448 15.535323 0.000000 -0.549721 -0.835348 0.251221 0.825439 2 6 0.007874 7 0.992126
mnt_body_m.png
 47 0.950295 -7.755271 15.672139 0.328610 -0.506580 -0.797115 0.261230 0.822144 2 6 0.007874 7 0.992126
 47 0.934479 -8.179482 16.070171 0.347410 -0.776732 -0.525351 0.265625 0.839722 1 7 1.000000
 47 0.000000 -7.861448 15.535323 0.000000 -0.549721 -0.835348 0.251221 0.825439 2 6 0.007874 7 0.992126
mnt_body_m.png
 47 0.000000 -7.861448 15.535323 0.000000 -0.549721 -0.835348 0.251221 0.825439 2 6 0.007874 7 0.992126
 47 0.934479 -8.179482 16.070171 0.347410 -0.776732 -0.525351 0.265625 0.839722 1 7 1.000000
 47 0.000000 -8.384069 16.030840 -0.000000 -0.839116 -0.543952 0.259521 0.849731 1 7 1.000000
mnt_body_m.png
 47 0.000000 -8.384069 16.030840 -0.000000 -0.839116 -0.543952 0.259521 0.849731 1 7 1.000000
 47 0.934479 -8.179482 16.070171 0.347410 -0.776732 -0.525351 0.265625 0.839722 1 7 1.000000
 47 0.986434 -8.446929 16.744387 0.382583 -0.909709 -0.161431 0.268799 0.844238 1 7 1.000000
mnt_body_m.png
 47 0.934479 -8.179482 16.070171 0.347410 -0.776732 -0.525351 0.265625 0.839722 1 7 1.000000
 47 1.437281 -7.805069 16.038347 0.593877 -0.582489 -0.554992 0.267334 0.829224 2 6 0.007874 7 0.992126
 47 0.986434 -8.446929 16.744387 0.382583 -0.909709 -0.161431 0.268799 0.844238 1 7 1.000000
mnt_body_m.png
 47 1.437281 -7.805069 16.038347 0.593877 -0.582489 -0.554992 0.267334 0.829224 2 6 0.007874 7 0.992126
 47 1.658981 -7.964076 16.667725 0.707055 -0.680889 -0.190954 0.271973 0.830811 2 6 0.007874 7 0.992126
 47 0.986434 -8.446929 16.744387 0.382583 -0.909709 -0.161431 0.268799 0.844238 1 7 1.000000
mnt_body_m.png
 47 1.658981 -7.964076 16.667725 0.707055 -0.680889 -0.190954 0.271973 0.830811 2 6 0.007874 7 0.992126
 47 1.622510 -7.990048 17.351067 0.725646 -0.655921 0.207858 0.278564 0.836792 2 6 0.007874 7 0.992126
 47 0.986434 -8.446929 16.744387 0.382583 -0.909709 -0.161431 0.268799 0.844238 1 7 1.000000
mnt_body_m.png
 47 0.986434 -8.446929 16.744387 0.382583 -0.909709 -0.161431 0.268799 0.844238 1 7 1.000000
 47 1.622510 -7.990048 17.351067 0.725646 -0.655921 0.207858 0.278564 0.836792 2 6 0.007874 7 0.992126
 47 1.019814 -8.405859 17.439407 0.387821 -0.889024 0.243376 0.276611 0.848267 1 7 1.000000
mnt_body_m.png
 47 1.622510 -7.990048 17.351067 0.725646 -0.655921 0.207858 0.278564 0.836792 2 6 0.007874 7 0.992126
 47 1.426591 -7.832105 17.968897 0.634898 -0.509284 0.580978 0.285156 0.841675 1 7 1.000000
 47 1.019814 -8.405859 17.439407 0.387821 -0.889024 0.243376 0.276611 0.848267 1 7 1.000000
mnt_body_m.png
 47 1.019814 -8.405859 17.439407 0.387821 -0.889024 0.243376 0.276611 0.848267 1 7 1.000000
 47 1.426591 -7.832105 17.968897 0.634898 -0.509284 0.580978 0.285156 0.841675 1 7 1.000000
 47 0.968955 -8.100695 18.007933 0.315523 -0.720077 0.618009 0.284180 0.851074 1 7 1.000000
mnt_body_m.png
 47 0.968955 -8.100695 18.007933 0.315523 -0.720077 0.618009 0.284180 0.851074 1 7 1.000000
 47 1.426591 -7.832105 17.968897 0.634898 -0.509284 0.580978 0.285156 0.841675 1 7 1.000000
 47 0.996484 -7.723224 18.292095 0.323155 -0.442568 0.836483 0.288574 0.844482 2 6 0.007874 7 0.992126
mnt_body_m.png
 47 0.996484 -7.723224 18.292095 0.323155 -0.442568 0.836483 0.288574 0.844482 2 6 0.007874 7 0.992126
 47 1.426591 -7.832105 17.968897 0.634898 -0.509284 0.580978 0.285156 0.841675 1 7 1.000000
 47 1.070623 -7.110870 18.483452 0.402796 -0.192227 0.894877 0.293457 0.833862 2 6 0.019685 7 0.980315
mnt_body_m.png
 47 1.426591 -7.832105 17.968897 0.634898 -0.509284 0.580978 0.285156 0.841675 1 7 1.000000
 47 1.803149 -7.109164 17.881308 0.772350 -0.215897 0.597381 0.287109 0.824829 2 6 0.019685 7 0.980315
 47 1.070623 -7.110870 18.483452 0.402796 -0.192227 0.894877 0.293457 0.833862 2 6 0.019685 7 0.980315
mnt_body_m.png
 47 1.803149 -7.109164 17.881308 0.772350 -0.215897 0.597381 0.287109 0.824829 2 6 0.019685 7 0.980315
 47 1.501804 -6.330658 18.273626 0.624341 0.043675 0.779930 0.295166 0.815918 2 6 0.047244 7 0.952756
 47 1.070623 -7.110870 18.483452 0.402796 -0.192227 0.894877 0.293457 0.833862 2 6 0.019685 7 0.980315
mnt_body_m.png
 47 1.070623 -7.110870 18.483452 0.402796 -0.192227 0.894877 0.293457 0.833862 2 6 0.019685 7 0.980315
 47 1.501804 -6.330658 18.273626 0.624341 0.043675 0.779930 0.295166 0.815918 2 6 0.047244 7 0.952756
 47 0.807991 -6.316147 18.629475 0.299118 0.037342 0.953485 0.300293 0.827759 2 6 0.047244 7 0.952756
mnt_body_m.png
 47 1.501804 -6.330658 18.273626 0.624341 0.043675 0.779930 0.295166 0.815918 2 6 0.047244 7 0.952756
 47 1.296018 -5.159691 18.194010 0.589168 0.170364 0.789846 0.300049 0.790161 2 6 0.098425 7 0.901575
 47 0.807991 -6.316147 18.629475 0.299118 0.037342 0.953485 0.300293 0.827759 2 6 0.047244 7 0.952756
mnt_body_m.png
 47 0.807991 -6.316147 18.629475 0.299118 0.037342 0.953485 0.300293 0.827759 2 6 0.047244 7 0.952756
 47 1.296018 -5.159691 18.194010 0.589168 0.170364 0.789846 0.300049 0.790161 2 6 0.098425 7 0.901575
 47 0.677019 -5.159242 18.477873 0.278631 0.130463 0.951496 0.306396 0.795532 2 6 0.098425 7 0.901575
mnt_body_m.png
 47 1.501804 -6.330658 18.273626 0.624341 0.043675 0.779930 0.295166 0.815918 2 6 0.047244 7 0.952756
 47 1.956766 -6.250201 17.737719 0.846853 0.084971 0.524996 0.289551 0.806885 2 6 0.047244 7 0.952756
 47 1.296018 -5.159691 18.194010 0.589168 0.170364 0.789846 0.300049 0.790161 2 6 0.098425 7 0.901575
mnt_body_m.png
 47 1.296018 -5.159691 18.194010 0.589168 0.170364 0.789846 0.300049 0.790161 2 6 0.098425 7 0.901575
 47 1.956766 -6.250201 17.737719 0.846853 0.084971 0.524996 0.289551 0.806885 2 6 0.047244 7 0.952756
 47 1.760678 -5.160486 17.694212 0.855630 0.234518 0.461410 0.293945 0.784424 2 6 0.098425 7 0.901575
mnt_body_m.png
 47 1.760678 -5.160486 17.694212 0.855630 0.234518 0.461410 0.293945 0.784424 2 6 0.098425 7 0.901575
 47 1.956766 -6.250201 17.737719 0.846853 0.084971 0.524996 0.289551 0.806885 2 6 0.047244 7 0.952756
 47 1.944548 -5.161542 17.030283 0.938422 0.345293 0.011719 0.287842 0.778809 2 6 0.098425 7 0.901575
mnt_body_m.png
 47 1.956766 -6.250201 17.737719 0.846853 0.084971 0.524996 0.289551 0.806885 2 6 0.047244 7 0.952756
 47 2.250769 -6.182220 17.073338 0.981853 0.129985 0.138092 0.283203 0.799194 2 6 0.047244 7 0.952756
 47 1.944548 -5.161542 17.030283 0.938422 0.345293 0.011719 0.287842 0.778809 2 6 0.098425 7 0.901575
mnt_body_m.png
 47 2.250769 -6.182220 17.073338 0.981853 0.129985 0.138092 0.283203 0.799194 2 6 0.047244 7 0.952756
 47 2.134046 -6.186664 16.301653 0.923699 0.131324 -0.359909 0.275391 0.793823 2 6 0.047244 7 0.952756
 47 1.944548 -5.161542 17.030283 0.938422 0.345293 0.011719 0.287842 0.778809 2 6 0.098425 7 0.901575
mnt_body_m.png
 47 2.134046 -6.186664 16.301653 0.923699 0.131324 -0.359909 0.275391 0.793823 2 6 0.047244 7 0.952756
 47 1.761023 -5.162606 16.364824 0.793543 0.423022 -0.437426 0.279785 0.772827 2 6 0.200000 7 0.800000
 47 1.944548 -5.161542 17.030283 0.938422 0.345293 0.011719 0.287842 0.778809 2 6 0.098425 7 0.901575
mnt_body_m.png
 47 1.944548 -5.161542 17.030283 0.938422 0.345293 0.011719 0.287842 0.778809 2 6 0.098425 7 0.901575
 47 1.761023 -5.162606 16.364824 0.793543 0.423022 -0.437426 0.279785 0.772827 2 6 0.200000 7 0.800000
 47 1.468309 -4.450986 16.637432 0.753585 0.503417 -0.422706 0.285889 0.764282 2 6 0.500000 7 0.500000
mnt_body_m.png
 47 2.134046 -6.186664 16.301653 0.923699 0.131324 -0.359909 0.275391 0.793823 2 6 0.047244 7 0.952756
 47 1.716696 -6.183045 15.638910 0.640240 0.119824 -0.758772 0.268799 0.789917 2 6 0.047244 7 0.952756
 47 1.761023 -5.162606 16.364824 0.793543 0.423022 -0.437426 0.279785 0.772827 2 6 0.200000 7 0.800000
mnt_body_m.png
 47 1.761023 -5.162606 16.364824 0.793543 0.423022 -0.437426 0.279785 0.772827 2 6 0.200000 7 0.800000
 47 1.716696 -6.183045 15.638910 0.640240 0.119824 -0.758772 0.268799 0.789917 2 6 0.047244 7 0.952756
 47 1.296716 -5.163403 15.864439 0.510280 0.439557 -0.739191 0.273193 0.766724 2 6 0.200000 7 0.800000
mnt_body_m.png
 47 1.716696 -6.183045 15.638910 0.640240 0.119824 -0.758772 0.268799 0.789917 2 6 0.047244 7 0.952756
 47 0.821046 -6.207803 15.243235 0.253647 0.103982 -0.961692 0.261963 0.786621 2 6 0.047244 7 0.952756
 47 1.296716 -5.163403 15.864439 0.510280 0.439557 -0.739191 0.273193 0.766724 2 6 0.200000 7 0.800000
mnt_body_m.png
 47 1.296716 -5.163403 15.864439 0.510280 0.439557 -0.739191 0.273193 0.766724 2 6 0.200000 7 0.800000
 47 0.821046 -6.207803 15.243235 0.253647 0.103982 -0.961692 0.261963 0.786621 2 6 0.047244 7 0.952756
 47 0.677260 -5.163850 15.584320 0.246632 0.419992 -0.873372 0.269043 0.761597 2 6 0.200000 7 0.800000
mnt_body_m.png
 47 0.821046 -6.207803 15.243235 0.253647 0.103982 -0.961692 0.261963 0.786621 2 6 0.047244 7 0.952756
 47 1.716696 -6.183045 15.638910 0.640240 0.119824 -0.758772 0.268799 0.789917 2 6 0.047244 7 0.952756
 47 1.013139 -7.117513 15.436540 0.348750 -0.255392 -0.901747 0.260986 0.806030 2 6 0.019685 7 0.980315
mnt_body_m.png
 47 1.716696 -6.183045 15.638910 0.640240 0.119824 -0.758772 0.268799 0.789917 2 6 0.047244 7 0.952756
 47 1.818667 -7.079525 15.916446 0.711206 -0.278267 -0.645565 0.268311 0.810791 2 6 0.019685 7 0.980315
 47 1.013139 -7.117513 15.436540 0.348750 -0.255392 -0.901747 0.260986 0.806030 2 6 0.019685 7 0.980315
mnt_body_m.png
 47 1.013139 -7.117513 15.436540 0.348750 -0.255392 -0.901747 0.260986 0.806030 2 6 0.019685 7 0.980315
 47 1.818667 -7.079525 15.916446 0.711206 -0.278267 -0.645565 0.268311 0.810791 2 6 0.019685 7 0.980315
 47 0.950295 -7.755271 15.672139 0.328610 -0.506580 -0.797115 0.261230 0.822144 2 6 0.007874 7 0.992126
mnt_body_m.png
 47 1.818667 -7.079525 15.916446 0.711206 -0.278267 -0.645565 0.268311 0.810791 2 6 0.019685 7 0.980315
 47 1.437281 -7.805069 16.038347 0.593877 -0.582489 -0.554992 0.267334 0.829224 2 6 0.007874 7 0.992126
 47 0.950295 -7.755271 15.672139 0.328610 -0.506580 -0.797115 0.261230 0.822144 2 6 0.007874 7 0.992126
mnt_body_m.png
 47 0.950295 -7.755271 15.672139 0.328610 -0.506580 -0.797115 0.261230 0.822144 2 6 0.007874 7 0.992126
 47 1.437281 -7.805069 16.038347 0.593877 -0.582489 -0.554992 0.267334 0.829224 2 6 0.007874 7 0.992126
 47 0.934479 -8.179482 16.070171 0.347410 -0.776732 -0.525351 0.265625 0.839722 1 7 1.000000
mnt_body_m.png
 47 1.818667 -7.079525 15.916446 0.711206 -0.278267 -0.645565 0.268311 0.810791 2 6 0.019685 7 0.980315
 47 2.156627 -7.140827 16.532949 0.920979 -0.298984 -0.249812 0.274170 0.812988 2 6 0.019685 7 0.980315
 47 1.437281 -7.805069 16.038347 0.593877 -0.582489 -0.554992 0.267334 0.829224 2 6 0.007874 7 0.992126
mnt_body_m.png
 47 1.437281 -7.805069 16.038347 0.593877 -0.582489 -0.554992 0.267334 0.829224 2 6 0.007874 7 0.992126
 47 2.156627 -7.140827 16.532949 0.920979 -0.298984 -0.249812 0.274170 0.812988 2 6 0.019685 7 0.980315
 47 1.658981 -7.964076 16.667725 0.707055 -0.680889 -0.190954 0.271973 0.830811 2 6 0.007874 7 0.992126
mnt_body_m.png
 47 2.156627 -7.140827 16.532949 0.920979 -0.298984 -0.249812 0.274170 0.812988 2 6 0.019685 7 0.980315
 47 2.161875 -7.165545 17.218653 0.928941 -0.293280 0.225953 0.280518 0.818604 2 6 0.019685 7 0.980315
 47 1.658981 -7.964076 16.667725 0.707055 -0.680889 -0.190954 0.271973 0.830811 2 6 0.007874 7 0.992126
mnt_body_m.png
 47 1.658981 -7.964076 16.667725 0.707055 -0.680889 -0.190954 0.271973 0.830811 2 6 0.007874 7 0.992126
 47 2.161875 -7.165545 17.218653 0.928941 -0.293280 0.225953 0.280518 0.818604 2 6 0.019685 7 0.980315
 47 1.622510 -7.990048 17.351067 0.725646 -0.655921 0.207858 0.278564 0.836792 2 6 0.007874 7 0.992126
mnt_body_m.png
 47 2.161875 -7.165545 17.218653 0.928941 -0.293280 0.225953 0.280518 0.818604 2 6 0.019685 7 0.980315
 47 1.803149 -7.109164 17.881308 0.772350 -0.215897 0.597381 0.287109 0.824829 2 6 0.019685 7 0.980315
 47 1.622510 -7.990048 17.351067 0.725646 -0.655921 0.207858 0.278564 0.836792 2 6 0.007874 7 0.992126
mnt_body_m.png
 47 1.622510 -7.990048 17.351067 0.725646 -0.655921 0.207858 0.278564 0.836792 2 6 0.007874 7 0.992126
 47 1.803149 -7.109164 17.881308 0.772350 -0.215897 0.597381 0.287109 0.824829 2 6 0.019685 7 0.980315
 47 1.426591 -7.832105 17.968897 0.634898 -0.509284 0.580978 0.285156 0.841675 1 7 1.000000
mnt_body_m.png
 47 2.161875 -7.165545 17.218653 0.928941 -0.293280 0.225953 0.280518 0.818604 2 6 0.019685 7 0.980315
 47 1.956766 -6.250201 17.737719 0.846853 0.084971 0.524996 0.289551 0.806885 2 6 0.047244 7 0.952756
 47 1.803149 -7.109164 17.881308 0.772350 -0.215897 0.597381 0.287109 0.824829 2 6 0.019685 7 0.980315
mnt_body_m.png
 47 1.803149 -7.109164 17.881308 0.772350 -0.215897 0.597381 0.287109 0.824829 2 6 0.019685 7 0.980315
 47 1.956766 -6.250201 17.737719 0.846853 0.084971 0.524996 0.289551 0.806885 2 6 0.047244 7 0.952756
 47 1.501804 -6.330658 18.273626 0.624341 0.043675 0.779930 0.295166 0.815918 2 6 0.047244 7 0.952756
mnt_body_m.png
 47 1.956766 -6.250201 17.737719 0.846853 0.084971 0.524996 0.289551 0.806885 2 6 0.047244 7 0.952756
 47 2.161875 -7.165545 17.218653 0.928941 -0.293280 0.225953 0.280518 0.818604 2 6 0.019685 7 0.980315
 47 2.250769 -6.182220 17.073338 0.981853 0.129985 0.138092 0.283203 0.799194 2 6 0.047244 7 0.952756
mnt_body_m.png
 47 2.161875 -7.165545 17.218653 0.928941 -0.293280 0.225953 0.280518 0.818604 2 6 0.019685 7 0.980315
 47 2.156627 -7.140827 16.532949 0.920979 -0.298984 -0.249812 0.274170 0.812988 2 6 0.019685 7 0.980315
 47 2.250769 -6.182220 17.073338 0.981853 0.129985 0.138092 0.283203 0.799194 2 6 0.047244 7 0.952756
mnt_body_m.png
 47 2.250769 -6.182220 17.073338 0.981853 0.129985 0.138092 0.283203 0.799194 2 6 0.047244 7 0.952756
 47 2.156627 -7.140827 16.532949 0.920979 -0.298984 -0.249812 0.274170 0.812988 2 6 0.019685 7 0.980315
 47 2.134046 -6.186664 16.301653 0.923699 0.131324 -0.359909 0.275391 0.793823 2 6 0.047244 7 0.952756
mnt_body_m.png
 47 2.156627 -7.140827 16.532949 0.920979 -0.298984 -0.249812 0.274170 0.812988 2 6 0.019685 7 0.980315
 47 1.818667 -7.079525 15.916446 0.711206 -0.278267 -0.645565 0.268311 0.810791 2 6 0.019685 7 0.980315
 47 2.134046 -6.186664 16.301653 0.923699 0.131324 -0.359909 0.275391 0.793823 2 6 0.047244 7 0.952756
mnt_body_m.png
 47 2.134046 -6.186664 16.301653 0.923699 0.131324 -0.359909 0.275391 0.793823 2 6 0.047244 7 0.952756
 47 1.818667 -7.079525 15.916446 0.711206 -0.278267 -0.645565 0.268311 0.810791 2 6 0.019685 7 0.980315
 47 1.716696 -6.183045 15.638910 0.640240 0.119824 -0.758772 0.268799 0.789917 2 6 0.047244 7 0.952756
mnt_body_m.png
 47 -2.339570 -5.575916 0.392595 -0.151873 -0.719081 -0.678127 0.196289 0.815430 1 40 1.000000
 47 -2.193823 -4.367023 0.076626 -0.027451 -0.087325 -0.995802 0.194702 0.791992 2 39 0.200000 40 0.800000
 47 -1.259414 -5.311425 0.478302 0.494751 -0.598926 -0.629690 0.187378 0.811157 2 39 0.007874 40 0.992126
mnt_body_m.png
 47 -1.259414 -5.311425 0.478302 0.494751 -0.598926 -0.629690 0.187378 0.811157 2 39 0.007874 40 0.992126
 47 -2.193823 -4.367023 0.076626 -0.027451 -0.087325 -0.995802 0.194702 0.791992 2 39 0.200000 40 0.800000
 47 -0.895096 -4.338673 0.266033 0.649438 -0.123665 -0.750291 0.183838 0.791870 2 39 0.200000 40 0.800000
mnt_body_m.png
 47 -0.895096 -4.338673 0.266033 0.649438 -0.123665 -0.750291 0.183838 0.791870 2 39 0.200000 40 0.800000
 47 -2.193823 -4.367023 0.076626 -0.027451 -0.087325 -0.995802 0.194702 0.791992 2 39 0.200000 40 0.800000
 47 -1.077927 -2.542860 0.479991 0.608357 0.072100 -0.790382 0.185181 0.757446 2 39 0.791339 40 0.208661
mnt_body_m.png
 47 -2.193823 -4.367023 0.076626 -0.027451 -0.087325 -0.995802 0.194702 0.791992 2 39 0.200000 40 0.800000
 47 -2.233147 -2.573175 0.223759 0.047670 0.015423 -0.998744 0.194946 0.757935 2 39 0.800000 40 0.200000
 47 -1.077927 -2.542860 0.479991 0.608357 0.072100 -0.790382 0.185181 0.757446 2 39 0.791339 40 0.208661
mnt_body_m.png
 47 -1.077927 -2.542860 0.479991 0.608357 0.072100 -0.790382 0.185181 0.757446 2 39 0.791339 40 0.208661
 47 -2.233147 -2.573175 0.223759 0.047670 0.015423 -0.998744 0.194946 0.757935 2 39 0.800000 40 0.200000
 47 -1.197655 0.658954 0.309253 0.664091 0.130693 -0.736140 0.184814 0.696533 1 39 1.000000
mnt_body_m.png
 47 -2.233147 -2.573175 0.223759 0.047670 0.015423 -0.998744 0.194946 0.757935 2 39 0.800000 40 0.200000
 47 -3.378756 1.929352 0.076484 -0.005632 0.091447 -0.995794 0.205688 0.679932 1 39 1.000000
 47 -1.197655 0.658954 0.309253 0.664091 0.130693 -0.736140 0.184814 0.696533 1 39 1.000000
mnt_body_m.png
 47 -1.197655 0.658954 0.309253 0.664091 0.130693 -0.736140 0.184814 0.696533 1 39 1.000000
 47 -3.378756 1.929352 0.076484 -0.005632 0.091447 -0.995794 0.205688 0.679932 1 39 1.000000
 47 -1.841084 2.366238 0.291871 0.527888 0.537062 -0.657950 0.190918 0.671631 1 39 1.000000
mnt_body_m.png
 47 -1.841084 2.366238 0.291871 0.527888 0.537062 -0.657950 0.190918 0.671631 1 39 1.000000
 47 -3.378756 1.929352 0.076484 -0.005632 0.091447 -0.995794 0.205688 0.679932 1 39 1.000000
 47 -3.363773 2.880669 0.273887 0.001691 0.741129 -0.671360 0.205444 0.661377 1 39 1.000000
mnt_body_m.png
 47 -3.363773 2.880669 0.273887 0.001691 0.741129 -0.671360 0.205444 0.661377 1 39 1.000000
 47 -3.378756 1.929352 0.076484 -0.005632 0.091447 -0.995794 0.205688 0.679932 1 39 1.000000
 47 -4.882516 2.309589 0.316055 -0.522511 0.504422 -0.687416 0.220093 0.672363 1 39 1.000000
mnt_body_m.png
 47 -4.882516 2.309589 0.316055 -0.522511 0.504422 -0.687416 0.220093 0.672363 1 39 1.000000
 47 -3.378756 1.929352 0.076484 -0.005632 0.091447 -0.995794 0.205688 0.679932 1 39 1.000000
 47 -5.524349 0.659897 0.291507 -0.641056 0.125178 -0.757217 0.226196 0.695801 1 39 1.000000
mnt_body_m.png
 47 -3.378756 1.929352 0.076484 -0.005632 0.091447 -0.995794 0.205688 0.679932 1 39 1.000000
 47 -4.688038 -2.573169 0.223755 -0.072577 0.025876 -0.997027 0.218384 0.757568 2 39 0.800000 40 0.200000
 47 -5.524349 0.659897 0.291507 -0.641056 0.125178 -0.757217 0.226196 0.695801 1 39 1.000000
mnt_body_m.png
 47 -5.524349 0.659897 0.291507 -0.641056 0.125178 -0.757217 0.226196 0.695801 1 39 1.000000
 47 -4.688038 -2.573169 0.223755 -0.072577 0.025876 -0.997027 0.218384 0.757568 2 39 0.800000 40 0.200000
 47 -5.620093 -2.542850 0.479984 -0.632177 0.073982 -0.771284 0.226563 0.756836 2 39 0.800000 40 0.200000
mnt_body_m.png
 47 -5.620093 -2.542850 0.479984 -0.632177 0.073982 -0.771284 0.226563 0.756836 2 39 0.800000 40 0.200000
 47 -4.688038 -2.573169 0.223755 -0.072577 0.025876 -0.997027 0.218384 0.757568 2 39 0.800000 40 0.200000
 47 -5.802927 -4.338665 0.266027 -0.655854 -0.131950 -0.743266 0.228027 0.791138 2 39 0.200000 40 0.800000
mnt_body_m.png
 47 -4.688038 -2.573169 0.223755 -0.072577 0.025876 -0.997027 0.218384 0.757568 2 39 0.800000 40 0.200000
 47 -4.563725 -4.367018 0.076623 0.032630 -0.097364 -0.994714 0.217285 0.791626 2 39 0.200000 40 0.800000
 47 -5.802927 -4.338665 0.266027 -0.655854 -0.131950 -0.743266 0.228027 0.791138 2 39 0.200000 40 0.800000
mnt_body_m.png
 47 -5.802927 -4.338665 0.266027 -0.655854 -0.131950 -0.743266 0.228027 0.791138 2 39 0.200000 40 0.800000
 47 -4.563725 -4.367018 0.076623 0.032630 -0.097364 -0.994714 0.217285 0.791626 2 39 0.200000 40 0.800000
 47 -5.438613 -5.311418 0.478295 -0.497573 -0.596538 -0.629733 0.224731 0.810425 2 39 0.007874 40 0.992126
mnt_body_m.png
 47 -5.438613 -5.311418 0.478295 -0.497573 -0.596538 -0.629733 0.224731 0.810425 2 39 0.007874 40 0.992126
 47 -4.563725 -4.367018 0.076623 0.032630 -0.097364 -0.994714 0.217285 0.791626 2 39 0.200000 40 0.800000
 47 -4.417985 -5.575913 0.392592 0.146495 -0.720181 -0.678144 0.215942 0.815063 1 40 1.000000
mnt_body_m.png
 47 -4.417985 -5.575913 0.392592 0.146495 -0.720181 -0.678144 0.215942 0.815063 1 40 1.000000
 47 -4.563725 -4.367018 0.076623 0.032630 -0.097364 -0.994714 0.217285 0.791626 2 39 0.200000 40 0.800000
 47 -3.378775 -4.467297 0.400988 0.000001 -0.303023 -0.952983 0.206055 0.793701 2 39 0.177165 40 0.822835
mnt_body_m.png
 47 -4.563725 -4.367018 0.076623 0.032630 -0.097364 -0.994714 0.217285 0.791626 2 39 0.200000 40 0.800000
 47 -3.378772 -2.772701 0.368665 -0.005938 -0.002559 -0.999979 0.205933 0.761597 2 39 0.800000 40 0.200000
 47 -3.378775 -4.467297 0.400988 0.000001 -0.303023 -0.952983 0.206055 0.793701 2 39 0.177165 40 0.822835
mnt_body_m.png
 47 -3.378772 -2.772701 0.368665 -0.005938 -0.002559 -0.999979 0.205933 0.761597 2 39 0.800000 40 0.200000
 47 -2.193823 -4.367023 0.076626 -0.027451 -0.087325 -0.995802 0.194702 0.791992 2 39 0.200000 40 0.800000
 47 -3.378775 -4.467297 0.400988 0.000001 -0.303023 -0.952983 0.206055 0.793701 2 39 0.177165 40 0.822835
mnt_body_m.png
 47 -3.378775 -4.467297 0.400988 0.000001 -0.303023 -0.952983 0.206055 0.793701 2 39 0.177165 40 0.822835
 47 -2.193823 -4.367023 0.076626 -0.027451 -0.087325 -0.995802 0.194702 0.791992 2 39 0.200000 40 0.800000
 47 -2.339570 -5.575916 0.392595 -0.151873 -0.719081 -0.678127 0.196289 0.815430 1 40 1.000000
mnt_body_m.png
 47 -2.193823 -4.367023 0.076626 -0.027451 -0.087325 -0.995802 0.194702 0.791992 2 39 0.200000 40 0.800000
 47 -3.378772 -2.772701 0.368665 -0.005938 -0.002559 -0.999979 0.205933 0.761597 2 39 0.800000 40 0.200000
 47 -2.233147 -2.573175 0.223759 0.047670 0.015423 -0.998744 0.194946 0.757935 2 39 0.800000 40 0.200000
mnt_body_m.png
 47 -2.233147 -2.573175 0.223759 0.047670 0.015423 -0.998744 0.194946 0.757935 2 39 0.800000 40 0.200000
 47 -3.378772 -2.772701 0.368665 -0.005938 -0.002559 -0.999979 0.205933 0.761597 2 39 0.800000 40 0.200000
 47 -3.378756 1.929352 0.076484 -0.005632 0.091447 -0.995794 0.205688 0.679932 1 39 1.000000
mnt_body_m.png
 47 -3.378756 1.929352 0.076484 -0.005632 0.091447 -0.995794 0.205688 0.679932 1 39 1.000000
 47 -3.378772 -2.772701 0.368665 -0.005938 -0.002559 -0.999979 0.205933 0.761597 2 39 0.800000 40 0.200000
 47 -4.688038 -2.573169 0.223755 -0.072577 0.025876 -0.997027 0.218384 0.757568 2 39 0.800000 40 0.200000
mnt_body_m.png
 47 -3.378772 -2.772701 0.368665 -0.005938 -0.002559 -0.999979 0.205933 0.761597 2 39 0.800000 40 0.200000
 47 -4.563725 -4.367018 0.076623 0.032630 -0.097364 -0.994714 0.217285 0.791626 2 39 0.200000 40 0.800000
 47 -4.688038 -2.573169 0.223755 -0.072577 0.025876 -0.997027 0.218384 0.757568 2 39 0.800000 40 0.200000
mnt_body_m.png
 47 -1.841084 2.366238 0.291871 0.527888 0.537062 -0.657950 0.176636 0.869263 1 39 1.000000
 47 -1.697300 2.476448 1.153799 0.707571 0.705719 0.036101 0.182617 0.875732 1 39 1.000000
 47 -1.197655 0.658954 0.309253 0.664091 0.130693 -0.736140 0.193237 0.843750 1 39 1.000000
mnt_body_m.png
 47 -1.697300 2.476448 1.153799 0.707571 0.705719 0.036101 0.182617 0.875732 1 39 1.000000
 47 -0.961691 0.629773 1.072325 0.976762 0.212886 -0.024823 0.196533 0.855347 1 39 1.000000
 47 -1.197655 0.658954 0.309253 0.664091 0.130693 -0.736140 0.193237 0.843750 1 39 1.000000
mnt_body_m.png
 47 -1.197655 0.658954 0.309253 0.664091 0.130693 -0.736140 0.193237 0.843750 1 39 1.000000
 47 -0.961691 0.629773 1.072325 0.976762 0.212886 -0.024823 0.196533 0.855347 1 39 1.000000
 47 -1.077927 -2.542860 0.479991 0.608357 0.072100 -0.790382 0.229004 0.835571 2 39 0.791339 40 0.208661
mnt_body_m.png
 47 -0.961691 0.629773 1.072325 0.976762 0.212886 -0.024823 0.196533 0.855347 1 39 1.000000
 47 -0.740020 -2.530889 1.117607 0.990681 0.093065 -0.099450 0.227539 0.847046 2 39 0.791339 40 0.208661
 47 -1.077927 -2.542860 0.479991 0.608357 0.072100 -0.790382 0.229004 0.835571 2 39 0.791339 40 0.208661
mnt_body_m.png
 47 -1.077927 -2.542860 0.479991 0.608357 0.072100 -0.790382 0.229004 0.835571 2 39 0.791339 40 0.208661
 47 -0.740020 -2.530889 1.117607 0.990681 0.093065 -0.099450 0.227539 0.847046 2 39 0.791339 40 0.208661
 47 -0.895096 -4.338673 0.266033 0.649438 -0.123665 -0.750291 0.250244 0.843628 2 39 0.200000 40 0.800000
mnt_body_m.png
 47 -0.740020 -2.530889 1.117607 0.990681 0.093065 -0.099450 0.227539 0.847046 2 39 0.791339 40 0.208661
 47 -0.571766 -4.322550 1.294953 0.990243 -0.139336 0.001987 0.244507 0.855225 2 39 0.200000 40 0.800000
 47 -0.895096 -4.338673 0.266033 0.649438 -0.123665 -0.750291 0.250244 0.843628 2 39 0.200000 40 0.800000
mnt_body_m.png
 47 -0.895096 -4.338673 0.266033 0.649438 -0.123665 -0.750291 0.250244 0.843628 2 39 0.200000 40 0.800000
 47 -0.571766 -4.322550 1.294953 0.990243 -0.139336 0.001987 0.244507 0.855225 2 39 0.200000 40 0.800000
 47 -1.259414 -5.311425 0.478302 0.494751 -0.598926 -0.629690 0.259766 0.860962 2 39 0.007874 40 0.992126
mnt_body_m.png
 47 -0.571766 -4.322550 1.294953 0.990243 -0.139336 0.001987 0.244507 0.855225 2 39 0.200000 40 0.800000
 47 -1.053930 -5.534645 1.369125 0.662435 -0.749090 0.006701 0.254639 0.870239 2 39 0.007874 40 0.992126
 47 -1.259414 -5.311425 0.478302 0.494751 -0.598926 -0.629690 0.259766 0.860962 2 39 0.007874 40 0.992126
mnt_body_m.png
 47 -1.259414 -5.311425 0.478302 0.494751 -0.598926 -0.629690 0.259766 0.860962 2 39 0.007874 40 0.992126
 47 -1.053930 -5.534645 1.369125 0.662435 -0.749090 0.006701 0.254639 0.870239 2 39 0.007874 40 0.992126
 47 -2.339570 -5.575916 0.392595 -0.151873 -0.719081 -0.678127 0.265625 0.881104 1 40 1.000000
mnt_body_m.png
 47 -1.053930 -5.534645 1.369125 0.662435 -0.749090 0.006701 0.254639 0.870239 2 39 0.007874 40 0.992126
 47 -2.408937 -5.895750 1.509587 -0.179408 -0.981184 0.071353 0.258545 0.892395 1 40 1.000000
 47 -2.339570 -5.575916 0.392595 -0.151873 -0.719081 -0.678127 0.265625 0.881104 1 40 1.000000
mnt_body_m.png
 47 -2.408937 -5.895750 1.509587 -0.179408 -0.981184 0.071353 0.258545 0.892395 1 40 1.000000
 47 -3.378778 -5.183107 1.323088 -0.000002 -0.984624 -0.174689 0.259277 0.914673 1 40 1.000000
 47 -2.339570 -5.575916 0.392595 -0.151873 -0.719081 -0.678127 0.265625 0.881104 1 40 1.000000
mnt_body_m.png
 47 -2.339570 -5.575916 0.392595 -0.151873 -0.719081 -0.678127 0.265625 0.881104 1 40 1.000000
 47 -3.378778 -5.183107 1.323088 -0.000002 -0.984624 -0.174689 0.259277 0.914673 1 40 1.000000
 47 -3.378775 -4.467297 0.400988 0.000001 -0.303023 -0.952983 0.268799 0.914612 2 39 0.177165 40 0.822835
mnt_body_m.png
 47 -3.378775 -4.467297 0.400988 0.000001 -0.303023 -0.952983 0.268799 0.914612 2 39 0.177165 40 0.822835
 47 -3.378778 -5.183107 1.323088 -0.000002 -0.984624 -0.174689 0.259277 0.914673 1 40 1.000000
 47 -4.417985 -5.575913 0.392592 0.146495 -0.720181 -0.678144 0.265869 0.948242 1 40 1.000000
mnt_body_m.png
 47 -3.378778 -5.183107 1.323088 -0.000002 -0.984624 -0.174689 0.259277 0.914673 1 40 1.000000
 47 -4.348620 -5.895745 1.509585 0.176058 -0.981888 0.070000 0.258545 0.937012 1 40 1.000000
 47 -4.417985 -5.575913 0.392592 0.146495 -0.720181 -0.678144 0.265869 0.948242 1 40 1.000000
mnt_body_m.png
 47 -4.348620 -5.895745 1.509585 0.176058 -0.981888 0.070000 0.258545 0.937012 1 40 1.000000
 47 -5.644099 -5.534639 1.369118 -0.657935 -0.752989 -0.011317 0.254883 0.959229 2 39 0.007874 40 0.992126
 47 -4.417985 -5.575913 0.392592 0.146495 -0.720181 -0.678144 0.265869 0.948242 1 40 1.000000
mnt_body_m.png
 47 -4.417985 -5.575913 0.392592 0.146495 -0.720181 -0.678144 0.265869 0.948242 1 40 1.000000
 47 -5.644099 -5.534639 1.369118 -0.657935 -0.752989 -0.011317 0.254883 0.959229 2 39 0.007874 40 0.992126
 47 -5.438613 -5.311418 0.478295 -0.497573 -0.596538 -0.629733 0.260010 0.968384 2 39 0.007874 40 0.992126
mnt_body_m.png
 47 -5.644099 -5.534639 1.369118 -0.657935 -0.752989 -0.011317 0.254883 0.959229 2 39 0.007874 40 0.992126
 47 -6.126259 -4.361878 1.294946 -0.990319 -0.138628 0.007116 0.244995 0.974152 2 39 0.200000 40 0.800000
 47 -5.438613 -5.311418 0.478295 -0.497573 -0.596538 -0.629733 0.260010 0.968384 2 39 0.007874 40 0.992126
mnt_body_m.png
 47 -5.438613 -5.311418 0.478295 -0.497573 -0.596538 -0.629733 0.260010 0.968384 2 39 0.007874 40 0.992126
 47 -6.126259 -4.361878 1.294946 -0.990319 -0.138628 0.007116 0.244995 0.974152 2 39 0.200000 40 0.800000
 47 -5.802927 -4.338665 0.266027 -0.655854 -0.131950 -0.743266 0.250488 0.985931 2 39 0.200000 40 0.800000
mnt_body_m.png
 47 -6.126259 -4.361878 1.294946 -0.990319 -0.138628 0.007116 0.244995 0.974152 2 39 0.200000 40 0.800000
 47 -5.957999 -2.530877 1.117599 -0.992900 0.076915 -0.090736 0.227661 0.982407 2 39 0.800000 40 0.200000
 47 -5.802927 -4.338665 0.266027 -0.655854 -0.131950 -0.743266 0.250488 0.985931 2 39 0.200000 40 0.800000
mnt_body_m.png
 47 -5.802927 -4.338665 0.266027 -0.655854 -0.131950 -0.743266 0.250488 0.985931 2 39 0.200000 40 0.800000
 47 -5.957999 -2.530877 1.117599 -0.992900 0.076915 -0.090736 0.227661 0.982407 2 39 0.800000 40 0.200000
 47 -5.620093 -2.542850 0.479984 -0.632177 0.073982 -0.771284 0.229126 0.994041 2 39 0.800000 40 0.200000
mnt_body_m.png
 47 -5.957999 -2.530877 1.117599 -0.992900 0.076915 -0.090736 0.227661 0.982407 2 39 0.800000 40 0.200000
 47 -5.813601 0.629170 1.072274 -0.977074 0.205584 -0.055330 0.196533 0.978867 1 39 1.000000
 47 -5.620093 -2.542850 0.479984 -0.632177 0.073982 -0.771284 0.229126 0.994041 2 39 0.800000 40 0.200000
mnt_body_m.png
 47 -5.620093 -2.542850 0.479984 -0.632177 0.073982 -0.771284 0.229126 0.994041 2 39 0.800000 40 0.200000
 47 -5.813601 0.629170 1.072274 -0.977074 0.205584 -0.055330 0.196533 0.978867 1 39 1.000000
 47 -5.524349 0.659897 0.291507 -0.641056 0.125178 -0.757217 0.193604 0.988724 1 39 1.000000
mnt_body_m.png
 47 -5.524349 0.659897 0.291507 -0.641056 0.125178 -0.757217 0.193604 0.988724 1 39 1.000000
 47 -5.813601 0.629170 1.072274 -0.977074 0.205584 -0.055330 0.196533 0.978867 1 39 1.000000
 47 -4.882516 2.309589 0.316055 -0.522511 0.504422 -0.687416 0.177490 0.963287 1 39 1.000000
mnt_body_m.png
 47 -5.813601 0.629170 1.072274 -0.977074 0.205584 -0.055330 0.196533 0.978867 1 39 1.000000
 47 -5.005502 2.552835 1.166746 -0.686329 0.727110 -0.016212 0.182251 0.953125 1 39 1.000000
 47 -4.882516 2.309589 0.316055 -0.522511 0.504422 -0.687416 0.177490 0.963287 1 39 1.000000
mnt_body_m.png
 47 -4.882516 2.309589 0.316055 -0.522511 0.504422 -0.687416 0.177490 0.963287 1 39 1.000000
 47 -5.005502 2.552835 1.166746 -0.686329 0.727110 -0.016212 0.182251 0.953125 1 39 1.000000
 47 -3.363773 2.880669 0.273887 0.001691 0.741129 -0.671360 0.171387 0.914978 1 39 1.000000
mnt_body_m.png
 47 -5.005502 2.552835 1.166746 -0.686329 0.727110 -0.016212 0.182251 0.953125 1 39 1.000000
 47 -3.382645 3.113881 1.222335 0.018207 0.999799 0.008403 0.178955 0.914795 1 39 1.000000
 47 -3.363773 2.880669 0.273887 0.001691 0.741129 -0.671360 0.171387 0.914978 1 39 1.000000
mnt_body_m.png
 47 -3.382645 3.113881 1.222335 0.018207 0.999799 0.008403 0.178955 0.914795 1 39 1.000000
 47 -1.697300 2.476448 1.153799 0.707571 0.705719 0.036101 0.182617 0.875732 1 39 1.000000
 47 -3.363773 2.880669 0.273887 0.001691 0.741129 -0.671360 0.171387 0.914978 1 39 1.000000
mnt_body_m.png
 47 -3.363773 2.880669 0.273887 0.001691 0.741129 -0.671360 0.171387 0.914978 1 39 1.000000
 47 -1.697300 2.476448 1.153799 0.707571 0.705719 0.036101 0.182617 0.875732 1 39 1.000000
 47 -1.841084 2.366238 0.291871 0.527888 0.537062 -0.657950 0.176636 0.869263 1 39 1.000000
mnt_body_m.png
 47 -3.382645 3.113881 1.222335 0.018207 0.999799 0.008403 0.178955 0.914795 1 39 1.000000
 47 -1.953029 2.280256 2.196282 0.633663 0.652120 0.416186 0.189819 0.887512 2 38 0.086614 39 0.913386
 47 -1.697300 2.476448 1.153799 0.707571 0.705719 0.036101 0.182617 0.875732 1 39 1.000000
mnt_body_m.png
 47 -1.697300 2.476448 1.153799 0.707571 0.705719 0.036101 0.182617 0.875732 1 39 1.000000
 47 -1.953029 2.280256 2.196282 0.633663 0.652120 0.416186 0.189819 0.887512 2 38 0.086614 39 0.913386
 47 -0.961691 0.629773 1.072325 0.976762 0.212886 -0.024823 0.196533 0.855347 1 39 1.000000
mnt_body_m.png
 47 -1.953029 2.280256 2.196282 0.633663 0.652120 0.416186 0.189819 0.887512 2 38 0.086614 39 0.913386
 47 -1.219362 0.512132 2.139708 0.906318 0.209664 0.366917 0.202148 0.868774 2 38 0.098425 39 0.901575
 47 -0.961691 0.629773 1.072325 0.976762 0.212886 -0.024823 0.196533 0.855347 1 39 1.000000
mnt_body_m.png
 47 -0.961691 0.629773 1.072325 0.976762 0.212886 -0.024823 0.196533 0.855347 1 39 1.000000
 47 -1.219362 0.512132 2.139708 0.906318 0.209664 0.366917 0.202148 0.868774 2 38 0.098425 39 0.901575
 47 -0.740020 -2.530889 1.117607 0.990681 0.093065 -0.099450 0.227539 0.847046 2 39 0.791339 40 0.208661
mnt_body_m.png
 47 -1.219362 0.512132 2.139708 0.906318 0.209664 0.366917 0.202148 0.868774 2 38 0.098425 39 0.901575
 47 -1.086106 -2.727761 2.383166 0.750435 0.012234 0.660831 0.228271 0.868042 3 38 0.007874 39 0.791339 40 0.200787
 47 -0.740020 -2.530889 1.117607 0.990681 0.093065 -0.099450 0.227539 0.847046 2 39 0.791339 40 0.208661
mnt_body_m.png
 47 -0.740020 -2.530889 1.117607 0.990681 0.093065 -0.099450 0.227539 0.847046 2 39 0.791339 40 0.208661
 47 -1.086106 -2.727761 2.383166 0.750435 0.012234 0.660831 0.228271 0.868042 3 38 0.007874 39 0.791339 40 0.200787
 47 -0.571766 -4.322550 1.294953 0.990243 -0.139336 0.001987 0.244507 0.855225 2 39 0.200000 40 0.800000
mnt_body_m.png
 47 -1.086106 -2.727761 2.383166 0.750435 0.012234 0.660831 0.228271 0.868042 3 38 0.007874 39 0.791339 40 0.200787
 47 -0.927737 -4.326615 2.412806 0.742555 -0.127287 0.657580 0.240723 0.871948 2 39 0.200000 40 0.800000
 47 -0.571766 -4.322550 1.294953 0.990243 -0.139336 0.001987 0.244507 0.855225 2 39 0.200000 40 0.800000
mnt_body_m.png
 47 -0.927737 -4.326615 2.412806 0.742555 -0.127287 0.657580 0.240723 0.871948 2 39 0.200000 40 0.800000
 47 -1.203215 -5.293471 2.147875 0.572527 -0.607271 0.550849 0.249146 0.876465 2 39 0.007874 40 0.992126
 47 -0.571766 -4.322550 1.294953 0.990243 -0.139336 0.001987 0.244507 0.855225 2 39 0.200000 40 0.800000
mnt_body_m.png
 47 -0.571766 -4.322550 1.294953 0.990243 -0.139336 0.001987 0.244507 0.855225 2 39 0.200000 40 0.800000
 47 -1.203215 -5.293471 2.147875 0.572527 -0.607271 0.550849 0.249146 0.876465 2 39 0.007874 40 0.992126
 47 -1.053930 -5.534645 1.369125 0.662435 -0.749090 0.006701 0.254639 0.870239 2 39 0.007874 40 0.992126
mnt_body_m.png
 47 -1.053930 -5.534645 1.369125 0.662435 -0.749090 0.006701 0.254639 0.870239 2 39 0.007874 40 0.992126
 47 -1.203215 -5.293471 2.147875 0.572527 -0.607271 0.550849 0.249146 0.876465 2 39 0.007874 40 0.992126
 47 -2.408937 -5.895750 1.509587 -0.179408 -0.981184 0.071353 0.258545 0.892395 1 40 1.000000
mnt_body_m.png
 47 -1.203215 -5.293471 2.147875 0.572527 -0.607271 0.550849 0.249146 0.876465 2 39 0.007874 40 0.992126
 47 -2.277546 -5.537416 2.348209 -0.082369 -0.744003 0.663079 0.250977 0.893372 1 40 1.000000
 47 -2.408937 -5.895750 1.509587 -0.179408 -0.981184 0.071353 0.258545 0.892395 1 40 1.000000
mnt_body_m.png
 47 -2.277546 -5.537416 2.348209 -0.082369 -0.744003 0.663079 0.250977 0.893372 1 40 1.000000
 47 -3.378780 -5.012406 1.943708 -0.000001 -0.792263 0.610180 0.252686 0.914734 1 40 1.000000
 47 -2.408937 -5.895750 1.509587 -0.179408 -0.981184 0.071353 0.258545 0.892395 1 40 1.000000
mnt_body_m.png
 47 -2.408937 -5.895750 1.509587 -0.179408 -0.981184 0.071353 0.258545 0.892395 1 40 1.000000
 47 -3.378780 -5.012406 1.943708 -0.000001 -0.792263 0.610180 0.252686 0.914734 1 40 1.000000
 47 -3.378778 -5.183107 1.323088 -0.000002 -0.984624 -0.174689 0.259277 0.914673 1 40 1.000000
mnt_body_m.png
 47 -3.378778 -5.183107 1.323088 -0.000002 -0.984624 -0.174689 0.259277 0.914673 1 40 1.000000
 47 -3.378780 -5.012406 1.943708 -0.000001 -0.792263 0.610180 0.252686 0.914734 1 40 1.000000
 47 -4.348620 -5.895745 1.509585 0.176058 -0.981888 0.070000 0.258545 0.937012 1 40 1.000000
mnt_body_m.png
 47 -3.378780 -5.012406 1.943708 -0.000001 -0.792263 0.610180 0.252686 0.914734 1 40 1.000000
 47 -4.480013 -5.537412 2.348205 0.084638 -0.744942 0.661738 0.250977 0.936157 1 40 1.000000
 47 -4.348620 -5.895745 1.509585 0.176058 -0.981888 0.070000 0.258545 0.937012 1 40 1.000000
mnt_body_m.png
 47 -4.480013 -5.537412 2.348205 0.084638 -0.744942 0.661738 0.250977 0.936157 1 40 1.000000
 47 -5.540866 -5.288657 2.172357 -0.591645 -0.591087 0.548246 0.249023 0.953491 2 39 0.007874 40 0.992126
 47 -4.348620 -5.895745 1.509585 0.176058 -0.981888 0.070000 0.258545 0.937012 1 40 1.000000
mnt_body_m.png
 47 -4.348620 -5.895745 1.509585 0.176058 -0.981888 0.070000 0.258545 0.937012 1 40 1.000000
 47 -5.540866 -5.288657 2.172357 -0.591645 -0.591087 0.548246 0.249023 0.953491 2 39 0.007874 40 0.992126
 47 -5.644099 -5.534639 1.369118 -0.657935 -0.752989 -0.011317 0.254883 0.959229 2 39 0.007874 40 0.992126
mnt_body_m.png
 47 -5.644099 -5.534639 1.369118 -0.657935 -0.752989 -0.011317 0.254883 0.959229 2 39 0.007874 40 0.992126
 47 -5.540866 -5.288657 2.172357 -0.591645 -0.591087 0.548246 0.249023 0.953491 2 39 0.007874 40 0.992126
 47 -6.126259 -4.361878 1.294946 -0.990319 -0.138628 0.007116 0.244995 0.974152 2 39 0.200000 40 0.800000
mnt_body_m.png
 47 -5.540866 -5.288657 2.172357 -0.591645 -0.591087 0.548246 0.249023 0.953491 2 39 0.007874 40 0.992126
 47 -5.723967 -4.326639 2.435381 -0.727904 -0.085331 0.680349 0.240723 0.956848 2 39 0.200000 40 0.800000
 47 -6.126259 -4.361878 1.294946 -0.990319 -0.138628 0.007116 0.244995 0.974152 2 39 0.200000 40 0.800000
mnt_body_m.png
 47 -5.723967 -4.326639 2.435381 -0.727904 -0.085331 0.680349 0.240723 0.956848 2 39 0.200000 40 0.800000
 47 -5.595315 -2.679678 2.308900 -0.765339 0.005336 0.643605 0.228149 0.962585 3 38 0.019685 39 0.791339 40 0.188976
 47 -6.126259 -4.361878 1.294946 -0.990319 -0.138628 0.007116 0.244995 0.974152 2 39 0.200000 40 0.800000
mnt_body_m.png
 47 -6.126259 -4.361878 1.294946 -0.990319 -0.138628 0.007116 0.244995 0.974152 2 39 0.200000 40 0.800000
 47 -5.595315 -2.679678 2.308900 -0.765339 0.005336 0.643605 0.228149 0.962585 3 38 0.019685 39 0.791339 40 0.188976
 47 -5.957999 -2.530877 1.117599 -0.992900 0.076915 -0.090736 0.227661 0.982407 2 39 0.800000 40 0.200000
mnt_body_m.png
 47 -5.595315 -2.679678 2.308900 -0.765339 0.005336 0.643605 0.228149 0.962585 3 38 0.019685 39 0.791339 40 0.188976
 47 -5.571775 0.471564 2.186080 -0.907116 0.188622 0.376247 0.201538 0.962341 2 38 0.098425 39 0.901575
 47 -5.957999 -2.530877 1.117599 -0.992900 0.076915 -0.090736 0.227661 0.982407 2 39 0.800000 40 0.200000
mnt_body_m.png
 47 -5.957999 -2.530877 1.117599 -0.992900 0.076915 -0.090736 0.227661 0.982407 2 39 0.800000 40 0.200000
 47 -5.571775 0.471564 2.186080 -0.907116 0.188622 0.376247 0.201538 0.962341 2 38 0.098425 39 0.901575
 47 -5.813601 0.629170 1.072274 -0.977074 0.205584 -0.055330 0.196533 0.978867 1 39 1.000000
mnt_body_m.png
 47 -5.571775 0.471564 2.186080 -0.907116 0.188622 0.376247 0.201538 0.962341 2 38 0.098425 39 0.901575
 47 -4.772346 2.395826 2.247669 -0.609178 0.672626 0.420092 0.188965 0.941864 2 38 0.086614 39 0.913386
 47 -5.813601 0.629170 1.072274 -0.977074 0.205584 -0.055330 0.196533 0.978867 1 39 1.000000
mnt_body_m.png
 47 -5.813601 0.629170 1.072274 -0.977074 0.205584 -0.055330 0.196533 0.978867 1 39 1.000000
 47 -4.772346 2.395826 2.247669 -0.609178 0.672626 0.420092 0.188965 0.941864 2 38 0.086614 39 0.913386
 47 -5.005502 2.552835 1.166746 -0.686329 0.727110 -0.016212 0.182251 0.953125 1 39 1.000000
mnt_body_m.png
 47 -5.005502 2.552835 1.166746 -0.686329 0.727110 -0.016212 0.182251 0.953125 1 39 1.000000
 47 -4.772346 2.395826 2.247669 -0.609178 0.672626 0.420092 0.188965 0.941864 2 38 0.086614 39 0.913386
 47 -3.382645 3.113881 1.222335 0.018207 0.999799 0.008403 0.178955 0.914795 1 39 1.000000
mnt_body_m.png
 47 -4.772346 2.395826 2.247669 -0.609178 0.672626 0.420092 0.188965 0.941864 2 38 0.086614 39 0.913386
 47 -3.392266 2.844752 2.281042 0.030440 0.898860 0.437178 0.187134 0.914795 2 38 0.086614 39 0.913386
 47 -3.382645 3.113881 1.222335 0.018207 0.999799 0.008403 0.178955 0.914795 1 39 1.000000
mnt_body_m.png
 47 -3.382645 3.113881 1.222335 0.018207 0.999799 0.008403 0.178955 0.914795 1 39 1.000000
 47 -3.392266 2.844752 2.281042 0.030440 0.898860 0.437178 0.187134 0.914795 2 38 0.086614 39 0.913386
 47 -1.953029 2.280256 2.196282 0.633663 0.652120 0.416186 0.189819 0.887512 2 38 0.086614 39 0.913386
mnt_body_m.png
 47 -3.392266 2.844752 2.281042 0.030440 0.898860 0.437178 0.187134 0.914795 2 38 0.086614 39 0.913386
 47 -3.378758 2.040132 3.261863 0.005308 0.840953 0.541083 0.196533 0.915344 2 38 0.448819 39 0.551181
 47 -1.953029 2.280256 2.196282 0.633663 0.652120 0.416186 0.189819 0.887512 2 38 0.086614 39 0.913386
mnt_body_m.png
 47 -3.378758 2.040132 3.261863 0.005308 0.840953 0.541083 0.196533 0.915344 2 38 0.448819 39 0.551181
 47 -2.335076 1.641726 3.261864 0.635736 0.612404 0.469895 0.198608 0.897766 2 38 0.460630 39 0.539370
 47 -1.953029 2.280256 2.196282 0.633663 0.652120 0.416186 0.189819 0.887512 2 38 0.086614 39 0.913386
mnt_body_m.png
 47 -1.953029 2.280256 2.196282 0.633663 0.652120 0.416186 0.189819 0.887512 2 38 0.086614 39 0.913386
 47 -2.335076 1.641726 3.261864 0.635736 0.612404 0.469895 0.198608 0.897766 2 38 0.460630 39 0.539370
 47 -1.219362 0.512132 2.139708 0.906318 0.209664 0.366917 0.202148 0.868774 2 38 0.098425 39 0.901575
mnt_body_m.png
 47 -2.335076 1.641726 3.261864 0.635736 0.612404 0.469895 0.198608 0.897766 2 38 0.460630 39 0.539370
 47 -1.813406 0.267771 3.261865 0.880619 0.090214 0.465158 0.204468 0.888245 2 38 0.500000 39 0.500000
 47 -1.219362 0.512132 2.139708 0.906318 0.209664 0.366917 0.202148 0.868774 2 38 0.098425 39 0.901575
mnt_body_m.png
 47 -1.219362 0.512132 2.139708 0.906318 0.209664 0.366917 0.202148 0.868774 2 38 0.098425 39 0.901575
 47 -1.813406 0.267771 3.261865 0.880619 0.090214 0.465158 0.204468 0.888245 2 38 0.500000 39 0.500000
 47 -1.086106 -2.727761 2.383166 0.750435 0.012234 0.660831 0.228271 0.868042 3 38 0.007874 39 0.791339 40 0.200787
mnt_body_m.png
 47 -1.813406 0.267771 3.261865 0.880619 0.090214 0.465158 0.204468 0.888245 2 38 0.500000 39 0.500000
 47 -2.489347 -1.573040 3.261864 0.409669 -0.538662 0.736216 0.214355 0.897705 3 38 0.421260 39 0.551181 40 0.027559
 47 -1.086106 -2.727761 2.383166 0.750435 0.012234 0.660831 0.228271 0.868042 3 38 0.007874 39 0.791339 40 0.200787
mnt_body_m.png
 47 -2.489347 -1.573040 3.261864 0.409669 -0.538662 0.736216 0.214355 0.897705 3 38 0.421260 39 0.551181 40 0.027559
 47 -2.183488 -3.190956 2.678195 0.046264 -0.080114 0.995712 0.231079 0.890930 3 38 0.019685 39 0.791339 40 0.188976
 47 -1.086106 -2.727761 2.383166 0.750435 0.012234 0.660831 0.228271 0.868042 3 38 0.007874 39 0.791339 40 0.200787
mnt_body_m.png
 47 -2.183488 -3.190956 2.678195 0.046264 -0.080114 0.995712 0.231079 0.890930 3 38 0.019685 39 0.791339 40 0.188976
 47 -1.811107 -4.471093 2.786363 0.195458 -0.161216 0.967370 0.241699 0.882446 2 39 0.220472 40 0.779528
 47 -1.086106 -2.727761 2.383166 0.750435 0.012234 0.660831 0.228271 0.868042 3 38 0.007874 39 0.791339 40 0.200787
mnt_body_m.png
 47 -1.086106 -2.727761 2.383166 0.750435 0.012234 0.660831 0.228271 0.868042 3 38 0.007874 39 0.791339 40 0.200787
 47 -1.811107 -4.471093 2.786363 0.195458 -0.161216 0.967370 0.241699 0.882446 2 39 0.220472 40 0.779528
 47 -0.927737 -4.326615 2.412806 0.742555 -0.127287 0.657580 0.240723 0.871948 2 39 0.200000 40 0.800000
mnt_body_m.png
 47 -0.927737 -4.326615 2.412806 0.742555 -0.127287 0.657580 0.240723 0.871948 2 39 0.200000 40 0.800000
 47 -1.811107 -4.471093 2.786363 0.195458 -0.161216 0.967370 0.241699 0.882446 2 39 0.220472 40 0.779528
 47 -1.203215 -5.293471 2.147875 0.572527 -0.607271 0.550849 0.249146 0.876465 2 39 0.007874 40 0.992126
mnt_body_m.png
 47 -1.203215 -5.293471 2.147875 0.572527 -0.607271 0.550849 0.249146 0.876465 2 39 0.007874 40 0.992126
 47 -1.811107 -4.471093 2.786363 0.195458 -0.161216 0.967370 0.241699 0.882446 2 39 0.220472 40 0.779528
 47 -2.277546 -5.537416 2.348209 -0.082369 -0.744003 0.663079 0.250977 0.893372 1 40 1.000000
mnt_body_m.png
 47 -1.811107 -4.471093 2.786363 0.195458 -0.161216 0.967370 0.241699 0.882446 2 39 0.220472 40 0.779528
 47 -2.713817 -4.615571 2.754185 -0.296286 -0.249467 0.921944 0.242798 0.893005 2 39 0.200000 40 0.800000
 47 -2.277546 -5.537416 2.348209 -0.082369 -0.744003 0.663079 0.250977 0.893372 1 40 1.000000
mnt_body_m.png
 47 -2.277546 -5.537416 2.348209 -0.082369 -0.744003 0.663079 0.250977 0.893372 1 40 1.000000
 47 -2.713817 -4.615571 2.754185 -0.296286 -0.249467 0.921944 0.242798 0.893005 2 39 0.200000 40 0.800000
 47 -3.378780 -5.012406 1.943708 -0.000001 -0.792263 0.610180 0.252686 0.914734 1 40 1.000000
mnt_body_m.png
 47 -2.713817 -4.615571 2.754185 -0.296286 -0.249467 0.921944 0.242798 0.893005 2 39 0.200000 40 0.800000
 47 -3.378763 -4.288983 2.399225 -0.000019 -0.231344 0.972872 0.244141 0.914795 2 39 0.200000 40 0.800000
 47 -3.378780 -5.012406 1.943708 -0.000001 -0.792263 0.610180 0.252686 0.914734 1 40 1.000000
mnt_body_m.png
 47 -3.378763 -4.288983 2.399225 -0.000019 -0.231344 0.972872 0.244141 0.914795 2 39 0.200000 40 0.800000
 47 -4.043740 -4.615566 2.754181 0.301086 -0.249839 0.920287 0.242798 0.936584 2 39 0.200000 40 0.800000
 47 -3.378780 -5.012406 1.943708 -0.000001 -0.792263 0.610180 0.252686 0.914734 1 40 1.000000
mnt_body_m.png
 47 -3.378780 -5.012406 1.943708 -0.000001 -0.792263 0.610180 0.252686 0.914734 1 40 1.000000
 47 -4.043740 -4.615566 2.754181 0.301086 -0.249839 0.920287 0.242798 0.936584 2 39 0.200000 40 0.800000
 47 -4.480013 -5.537412 2.348205 0.084638 -0.744942 0.661738 0.250977 0.936157 1 40 1.000000
mnt_body_m.png
 47 -4.043740 -4.615566 2.754181 0.301086 -0.249839 0.920287 0.242798 0.936584 2 39 0.200000 40 0.800000
 47 -4.893522 -4.471102 2.797649 -0.193125 -0.145273 0.970360 0.241699 0.946716 2 39 0.220472 40 0.779528
 47 -4.480013 -5.537412 2.348205 0.084638 -0.744942 0.661738 0.250977 0.936157 1 40 1.000000
mnt_body_m.png
 47 -4.480013 -5.537412 2.348205 0.084638 -0.744942 0.661738 0.250977 0.936157 1 40 1.000000
 47 -4.893522 -4.471102 2.797649 -0.193125 -0.145273 0.970360 0.241699 0.946716 2 39 0.220472 40 0.779528
 47 -5.540866 -5.288657 2.172357 -0.591645 -0.591087 0.548246 0.249023 0.953491 2 39 0.007874 40 0.992126
mnt_body_m.png
 47 -5.540866 -5.288657 2.172357 -0.591645 -0.591087 0.548246 0.249023 0.953491 2 39 0.007874 40 0.992126
 47 -4.893522 -4.471102 2.797649 -0.193125 -0.145273 0.970360 0.241699 0.946716 2 39 0.220472 40 0.779528
 47 -5.723967 -4.326639 2.435381 -0.727904 -0.085331 0.680349 0.240723 0.956848 2 39 0.200000 40 0.800000
mnt_body_m.png
 47 -5.723967 -4.326639 2.435381 -0.727904 -0.085331 0.680349 0.240723 0.956848 2 39 0.200000 40 0.800000
 47 -4.893522 -4.471102 2.797649 -0.193125 -0.145273 0.970360 0.241699 0.946716 2 39 0.220472 40 0.779528
 47 -5.595315 -2.679678 2.308900 -0.765339 0.005336 0.643605 0.228149 0.962585 3 38 0.019685 39 0.791339 40 0.188976
mnt_body_m.png
 47 -4.893522 -4.471102 2.797649 -0.193125 -0.145273 0.970360 0.241699 0.946716 2 39 0.220472 40 0.779528
 47 -4.574066 -3.190951 2.678191 -0.082803 -0.061381 0.994674 0.231201 0.938843 3 38 0.019685 39 0.791339 40 0.188976
 47 -5.595315 -2.679678 2.308900 -0.765339 0.005336 0.643605 0.228149 0.962585 3 38 0.019685 39 0.791339 40 0.188976
mnt_body_m.png
 47 -4.574066 -3.190951 2.678191 -0.082803 -0.061381 0.994674 0.231201 0.938843 3 38 0.019685 39 0.791339 40 0.188976
 47 -4.268200 -1.508433 3.261861 -0.452423 -0.534940 0.713549 0.213623 0.932129 3 38 0.421260 39 0.551181 40 0.027559
 47 -5.595315 -2.679678 2.308900 -0.765339 0.005336 0.643605 0.228149 0.962585 3 38 0.019685 39 0.791339 40 0.188976
mnt_body_m.png
 47 -4.268200 -1.508433 3.261861 -0.452423 -0.534940 0.713549 0.213623 0.932129 3 38 0.421260 39 0.551181 40 0.027559
 47 -4.944133 0.267781 3.261860 -0.873652 0.079203 0.480062 0.203613 0.942505 2 38 0.500000 39 0.500000
 47 -5.595315 -2.679678 2.308900 -0.765339 0.005336 0.643605 0.228149 0.962585 3 38 0.019685 39 0.791339 40 0.188976
mnt_body_m.png
 47 -5.595315 -2.679678 2.308900 -0.765339 0.005336 0.643605 0.228149 0.962585 3 38 0.019685 39 0.791339 40 0.188976
 47 -4.944133 0.267781 3.261860 -0.873652 0.079203 0.480062 0.203613 0.942505 2 38 0.500000 39 0.500000
 47 -5.571775 0.471564 2.186080 -0.907116 0.188622 0.376247 0.201538 0.962341 2 38 0.098425 39 0.901575
mnt_body_m.png
 47 -4.944133 0.267781 3.261860 -0.873652 0.079203 0.480062 0.203613 0.942505 2 38 0.500000 39 0.500000
 47 -4.422456 1.641732 3.261861 -0.620705 0.587525 0.519172 0.197876 0.933167 2 38 0.448819 39 0.551181
 47 -5.571775 0.471564 2.186080 -0.907116 0.188622 0.376247 0.201538 0.962341 2 38 0.098425 39 0.901575
mnt_body_m.png
 47 -5.571775 0.471564 2.186080 -0.907116 0.188622 0.376247 0.201538 0.962341 2 38 0.098425 39 0.901575
 47 -4.422456 1.641732 3.261861 -0.620705 0.587525 0.519172 0.197876 0.933167 2 38 0.448819 39 0.551181
 47 -4.772346 2.395826 2.247669 -0.609178 0.672626 0.420092 0.188965 0.941864 2 38 0.086614 39 0.913386
mnt_body_m.png
 47 -4.422456 1.641732 3.261861 -0.620705 0.587525 0.519172 0.197876 0.933167 2 38 0.448819 39 0.551181
 47 -3.378758 2.040132 3.261863 0.005308 0.840953 0.541083 0.196533 0.915344 2 38 0.448819 39 0.551181
 47 -4.772346 2.395826 2.247669 -0.609178 0.672626 0.420092 0.188965 0.941864 2 38 0.086614 39 0.913386
mnt_body_m.png
 47 -4.772346 2.395826 2.247669 -0.609178 0.672626 0.420092 0.188965 0.941864 2 38 0.086614 39 0.913386
 47 -3.378758 2.040132 3.261863 0.005308 0.840953 0.541083 0.196533 0.915344 2 38 0.448819 39 0.551181
 47 -3.392266 2.844752 2.281042 0.030440 0.898860 0.437178 0.187134 0.914795 2 38 0.086614 39 0.913386
mnt_body_m.png
 47 -4.574066 -3.190951 2.678191 -0.082803 -0.061381 0.994674 0.231201 0.938843 3 38 0.019685 39 0.791339 40 0.188976
 47 -3.378771 -3.276263 2.409733 -0.001652 -0.136147 0.990687 0.234741 0.914795 3 38 0.019685 39 0.791339 40 0.188976
 47 -4.268200 -1.508433 3.261861 -0.452423 -0.534940 0.713549 0.213623 0.932129 3 38 0.421260 39 0.551181 40 0.027559
mnt_body_m.png
 47 -4.268200 -1.508433 3.261861 -0.452423 -0.534940 0.713549 0.213623 0.932129 3 38 0.421260 39 0.551181 40 0.027559
 47 -3.378771 -3.276263 2.409733 -0.001652 -0.136147 0.990687 0.234741 0.914795 3 38 0.019685 39 0.791339 40 0.188976
 47 -2.489347 -1.573040 3.261864 0.409669 -0.538662 0.736216 0.214355 0.897705 3 38 0.421260 39 0.551181 40 0.027559
mnt_body_m.png
 47 -2.489347 -1.573040 3.261864 0.409669 -0.538662 0.736216 0.214355 0.897705 3 38 0.421260 39 0.551181 40 0.027559
 47 -3.378771 -3.276263 2.409733 -0.001652 -0.136147 0.990687 0.234741 0.914795 3 38 0.019685 39 0.791339 40 0.188976
 47 -2.183488 -3.190956 2.678195 0.046264 -0.080114 0.995712 0.231079 0.890930 3 38 0.019685 39 0.791339 40 0.188976
mnt_body_m.png
 47 -3.378771 -3.276263 2.409733 -0.001652 -0.136147 0.990687 0.234741 0.914795 3 38 0.019685 39 0.791339 40 0.188976
 47 -2.713817 -4.615571 2.754185 -0.296286 -0.249467 0.921944 0.242798 0.893005 2 39 0.200000 40 0.800000
 47 -2.183488 -3.190956 2.678195 0.046264 -0.080114 0.995712 0.231079 0.890930 3 38 0.019685 39 0.791339 40 0.188976
mnt_body_m.png
 47 -2.183488 -3.190956 2.678195 0.046264 -0.080114 0.995712 0.231079 0.890930 3 38 0.019685 39 0.791339 40 0.188976
 47 -2.713817 -4.615571 2.754185 -0.296286 -0.249467 0.921944 0.242798 0.893005 2 39 0.200000 40 0.800000
 47 -1.811107 -4.471093 2.786363 0.195458 -0.161216 0.967370 0.241699 0.882446 2 39 0.220472 40 0.779528
mnt_body_m.png
 47 -2.713817 -4.615571 2.754185 -0.296286 -0.249467 0.921944 0.242798 0.893005 2 39 0.200000 40 0.800000
 47 -3.378771 -3.276263 2.409733 -0.001652 -0.136147 0.990687 0.234741 0.914795 3 38 0.019685 39 0.791339 40 0.188976
 47 -3.378763 -4.288983 2.399225 -0.000019 -0.231344 0.972872 0.244141 0.914795 2 39 0.200000 40 0.800000
mnt_body_m.png
 47 -3.378763 -4.288983 2.399225 -0.000019 -0.231344 0.972872 0.244141 0.914795 2 39 0.200000 40 0.800000
 47 -3.378771 -3.276263 2.409733 -0.001652 -0.136147 0.990687 0.234741 0.914795 3 38 0.019685 39 0.791339 40 0.188976
 47 -4.043740 -4.615566 2.754181 0.301086 -0.249839 0.920287 0.242798 0.936584 2 39 0.200000 40 0.800000
mnt_body_m.png
 47 -3.378771 -3.276263 2.409733 -0.001652 -0.136147 0.990687 0.234741 0.914795 3 38 0.019685 39 0.791339 40 0.188976
 47 -4.574066 -3.190951 2.678191 -0.082803 -0.061381 0.994674 0.231201 0.938843 3 38 0.019685 39 0.791339 40 0.188976
 47 -4.043740 -4.615566 2.754181 0.301086 -0.249839 0.920287 0.242798 0.936584 2 39 0.200000 40 0.800000
mnt_body_m.png
 47 -4.043740 -4.615566 2.754181 0.301086 -0.249839 0.920287 0.242798 0.936584 2 39 0.200000 40 0.800000
 47 -4.574066 -3.190951 2.678191 -0.082803 -0.061381 0.994674 0.231201 0.938843 3 38 0.019685 39 0.791339 40 0.188976
 47 -4.893522 -4.471102 2.797649 -0.193125 -0.145273 0.970360 0.241699 0.946716 2 39 0.220472 40 0.779528
mnt_body_m.png
 47 8.789190 0.006234 3.717356 0.970678 0.000192 0.240385 0.623047 0.510254 1 42 1.000000
 47 8.160114 0.008260 6.257574 0.938838 0.000275 0.344358 0.616211 0.604736 2 32 0.047244 42 0.952756
 47 8.146151 -3.405791 3.720068 0.861431 -0.355524 0.362683 0.561035 0.510254 2 41 0.500000 42 0.500000
mnt_body_m.png
 47 8.160114 0.008260 6.257574 0.938838 0.000275 0.344358 0.616211 0.604736 2 32 0.047244 42 0.952756
 47 5.753850 -5.821850 6.262210 0.664662 -0.662335 0.345741 0.499268 0.605225 3 32 0.047431 41 0.774703 42 0.177866
 47 8.146151 -3.405791 3.720068 0.861431 -0.355524 0.362683 0.561035 0.510254 2 41 0.500000 42 0.500000
mnt_body_m.png
 47 8.146151 -3.405791 3.720068 0.861431 -0.355524 0.362683 0.561035 0.510254 2 41 0.500000 42 0.500000
 47 5.753850 -5.821850 6.262210 0.664662 -0.662335 0.345741 0.499268 0.605225 3 32 0.047431 41 0.774703 42 0.177866
 47 6.197422 -6.270926 3.722346 0.688112 -0.684351 0.241176 0.499512 0.510254 2 41 0.800000 42 0.200000
mnt_body_m.png
 47 6.197422 -6.270926 3.722346 0.688112 -0.684351 0.241176 0.499512 0.510254 2 41 0.800000 42 0.200000
 47 5.753850 -5.821850 6.262210 0.664662 -0.662335 0.345741 0.499268 0.605225 3 32 0.047431 41 0.774703 42 0.177866
 47 3.368682 -8.218010 3.723896 0.357431 -0.860183 0.363768 0.438477 0.510254 2 41 0.901575 44 0.098425
mnt_body_m.png
 47 5.753850 -5.821850 6.262210 0.664662 -0.662335 0.345741 0.499268 0.605225 3 32 0.047431 41 0.774703 42 0.177866
 47 -0.000000 -8.213436 6.264116 -0.000000 -0.937838 0.347073 0.384521 0.604980 3 32 0.047431 41 0.482213 44 0.470356
 47 3.368682 -8.218010 3.723896 0.357431 -0.860183 0.363768 0.438477 0.510254 2 41 0.901575 44 0.098425
mnt_body_m.png
 47 3.368682 -8.218010 3.723896 0.357431 -0.860183 0.363768 0.438477 0.510254 2 41 0.901575 44 0.098425
 47 -0.000000 -8.213436 6.264116 -0.000000 -0.937838 0.347073 0.384521 0.604980 3 32 0.047431 41 0.482213 44 0.470356
 47 -0.000000 -8.846882 3.724398 -0.000000 -0.970276 0.242002 0.376953 0.510254 2 41 0.500000 44 0.500000
mnt_body_m.png
 47 -0.000000 -8.846882 3.724398 -0.000000 -0.970276 0.242002 0.376953 0.510254 2 41 0.500000 44 0.500000
 47 -0.000000 -8.213436 6.264116 -0.000000 -0.937838 0.347073 0.384521 0.604980 3 32 0.047431 41 0.482213 44 0.470356
 47 -3.368681 -8.218008 3.723896 -0.357432 -0.860183 0.363768 0.438477 0.510254 2 41 0.098425 44 0.901575
mnt_body_m.png
 47 -0.000000 -8.213436 6.264116 -0.000000 -0.937838 0.347073 0.384521 0.604980 3 32 0.047431 41 0.482213 44 0.470356
 47 -5.753850 -5.821850 6.262209 -0.664662 -0.662335 0.345741 0.499268 0.605225 3 32 0.047431 44 0.774703 45 0.177866
 47 -3.368681 -8.218008 3.723896 -0.357432 -0.860183 0.363768 0.438477 0.510254 2 41 0.098425 44 0.901575
mnt_body_m.png
 47 -3.368681 -8.218008 3.723896 -0.357432 -0.860183 0.363768 0.438477 0.510254 2 41 0.098425 44 0.901575
 47 -5.753850 -5.821850 6.262209 -0.664662 -0.662335 0.345741 0.499268 0.605225 3 32 0.047431 44 0.774703 45 0.177866
 47 -6.197421 -6.270926 3.722347 -0.688112 -0.684351 0.241176 0.499512 0.510254 2 44 0.800000 45 0.200000
mnt_body_m.png
 47 -6.197421 -6.270926 3.722347 -0.688112 -0.684351 0.241176 0.499512 0.510254 2 44 0.800000 45 0.200000
 47 -5.753850 -5.821850 6.262209 -0.664662 -0.662335 0.345741 0.499268 0.605225 3 32 0.047431 44 0.774703 45 0.177866
 47 -8.146151 -3.405791 3.720068 -0.861431 -0.355524 0.362683 0.561035 0.510254 2 44 0.500000 45 0.500000
mnt_body_m.png
 47 -5.753850 -5.821850 6.262209 -0.664662 -0.662335 0.345741 0.499268 0.605225 3 32 0.047431 44 0.774703 45 0.177866
 47 -8.160114 0.008260 6.257574 -0.938838 0.000275 0.344358 0.616211 0.604736 2 32 0.047244 45 0.952756
 47 -8.146151 -3.405791 3.720068 -0.861431 -0.355524 0.362683 0.561035 0.510254 2 44 0.500000 45 0.500000
mnt_body_m.png
 47 -8.146151 -3.405791 3.720068 -0.861431 -0.355524 0.362683 0.561035 0.510254 2 44 0.500000 45 0.500000
 47 -8.160114 0.008260 6.257574 -0.938838 0.000275 0.344358 0.616211 0.604736 2 32 0.047244 45 0.952756
 47 -8.789190 0.006234 3.717355 -0.970678 0.000192 0.240385 0.623047 0.510254 1 45 1.000000
mnt_body_m.png
 47 8.789190 0.006234 3.717356 0.970678 0.000192 0.240385 0.623047 0.510254 1 42 1.000000
 47 8.146139 3.418277 3.714638 0.861431 0.356102 0.362116 0.561035 0.510254 2 42 0.500000 43 0.500000
 47 8.160114 0.008260 6.257574 0.938838 0.000275 0.344358 0.616211 0.604736 2 32 0.047244 42 0.952756
mnt_body_m.png
 47 8.160114 0.008260 6.257574 0.938838 0.000275 0.344358 0.616211 0.604736 2 32 0.047244 42 0.952756
 47 8.146139 3.418277 3.714638 0.861431 0.356102 0.362116 0.561035 0.510254 2 42 0.500000 43 0.500000
 47 5.753831 5.838394 6.252932 0.664661 0.662886 0.344685 0.499268 0.605225 3 32 0.047431 42 0.098814 43 0.853755
mnt_body_m.png
 47 8.146139 3.418277 3.714638 0.861431 0.356102 0.362116 0.561035 0.510254 2 42 0.500000 43 0.500000
 47 6.197402 6.283427 3.712356 0.688112 0.684734 0.240086 0.499512 0.510254 2 42 0.098425 43 0.901575
 47 5.753831 5.838394 6.252932 0.664661 0.662886 0.344685 0.499268 0.605225 3 32 0.047431 42 0.098814 43 0.853755
mnt_body_m.png
 47 6.197402 6.283427 3.712356 0.688112 0.684734 0.240086 0.499512 0.510254 2 42 0.098425 43 0.901575
 47 3.368671 8.230499 3.710805 0.357429 0.860762 0.362398 0.438477 0.510254 1 43 1.000000
 47 5.753831 5.838394 6.252932 0.664661 0.662886 0.344685 0.499268 0.605225 3 32 0.047431 42 0.098814 43 0.853755
mnt_body_m.png
 47 5.753831 5.838394 6.252932 0.664661 0.662886 0.344685 0.499268 0.605225 3 32 0.047431 42 0.098814 43 0.853755
 47 3.368671 8.230499 3.710805 0.357429 0.860762 0.362398 0.438477 0.510254 1 43 1.000000
 47 -0.000000 8.229958 6.251027 -0.000000 0.938390 0.345579 0.384521 0.604980 3 32 0.039370 43 0.480315 46 0.480315
mnt_body_m.png
 47 3.368671 8.230499 3.710805 0.357429 0.860762 0.362398 0.438477 0.510254 1 43 1.000000
 47 -0.000000 8.859358 3.710305 -0.000000 0.970660 0.240457 0.376953 0.510254 2 43 0.500000 46 0.500000
 47 -0.000000 8.229958 6.251027 -0.000000 0.938390 0.345579 0.384521 0.604980 3 32 0.039370 43 0.480315 46 0.480315
mnt_body_m.png
 47 -0.000000 8.859358 3.710305 -0.000000 0.970660 0.240457 0.376953 0.510254 2 43 0.500000 46 0.500000
 47 -3.368672 8.230498 3.710805 -0.357430 0.860762 0.362398 0.438477 0.510254 1 46 1.000000
 47 -0.000000 8.229958 6.251027 -0.000000 0.938390 0.345579 0.384521 0.604980 3 32 0.039370 43 0.480315 46 0.480315
mnt_body_m.png
 47 -0.000000 8.229958 6.251027 -0.000000 0.938390 0.345579 0.384521 0.604980 3 32 0.039370 43 0.480315 46 0.480315
 47 -3.368672 8.230498 3.710805 -0.357430 0.860762 0.362398 0.438477 0.510254 1 46 1.000000
 47 -5.753832 5.838394 6.252932 -0.664661 0.662886 0.344685 0.499268 0.605225 3 32 0.047431 45 0.098814 46 0.853755
mnt_body_m.png
 47 -3.368672 8.230498 3.710805 -0.357430 0.860762 0.362398 0.438477 0.510254 1 46 1.000000
 47 -6.197401 6.283427 3.712356 -0.688112 0.684734 0.240085 0.499512 0.510254 2 45 0.098425 46 0.901575
 47 -5.753832 5.838394 6.252932 -0.664661 0.662886 0.344685 0.499268 0.605225 3 32 0.047431 45 0.098814 46 0.853755
mnt_body_m.png
 47 -6.197401 6.283427 3.712356 -0.688112 0.684734 0.240085 0.499512 0.510254 2 45 0.098425 46 0.901575
 47 -8.146139 3.418277 3.714638 -0.861431 0.356102 0.362116 0.561035 0.510254 2 45 0.500000 46 0.500000
 47 -5.753832 5.838394 6.252932 -0.664661 0.662886 0.344685 0.499268 0.605225 3 32 0.047431 45 0.098814 46 0.853755
mnt_body_m.png
 47 -5.753832 5.838394 6.252932 -0.664661 0.662886 0.344685 0.499268 0.605225 3 32 0.047431 45 0.098814 46 0.853755
 47 -8.146139 3.418277 3.714638 -0.861431 0.356102 0.362116 0.561035 0.510254 2 45 0.500000 46 0.500000
 47 -8.160114 0.008260 6.257574 -0.938838 0.000275 0.344358 0.616211 0.604736 2 32 0.047244 45 0.952756
mnt_body_m.png
 47 -8.146139 3.418277 3.714638 -0.861431 0.356102 0.362116 0.561035 0.510254 2 45 0.500000 46 0.500000
 47 -8.789190 0.006234 3.717355 -0.970678 0.000192 0.240385 0.623047 0.510254 1 45 1.000000
 47 -8.160114 0.008260 6.257574 -0.938838 0.000275 0.344358 0.616211 0.604736 2 32 0.047244 45 0.952756
mnt_body_m.png
 47 -0.000000 8.750023 7.315361 -0.000000 0.929661 0.368415 0.381104 0.573975 3 32 0.098814 43 0.450593 46 0.450593
 47 -0.000000 9.201473 5.544475 -0.000000 0.969008 0.247028 0.376953 0.510254 3 32 0.039370 43 0.480315 46 0.480315
 47 -4.375012 7.577741 7.315360 -0.464831 0.805110 0.368415 0.461426 0.573975 2 32 0.098425 46 0.901575
mnt_body_m.png
 47 -0.000000 9.201473 5.544475 -0.000000 0.969008 0.247028 0.376953 0.510254 3 32 0.039370 43 0.480315 46 0.480315
 47 -4.600738 7.968709 5.544475 -0.484504 0.839186 0.247029 0.460938 0.510254 1 46 1.000000
 47 -4.375012 7.577741 7.315360 -0.464831 0.805110 0.368415 0.461426 0.573975 2 32 0.098425 46 0.901575
mnt_body_m.png
 47 -4.375012 7.577741 7.315360 -0.464831 0.805110 0.368415 0.461426 0.573975 2 32 0.098425 46 0.901575
 47 -4.600738 7.968709 5.544475 -0.484504 0.839186 0.247029 0.460938 0.510254 1 46 1.000000
 47 -7.577743 4.375010 7.315360 -0.805110 0.464831 0.368415 0.539063 0.573975 3 32 0.098814 45 0.450593 46 0.450593
mnt_body_m.png
 47 -4.600738 7.968709 5.544475 -0.484504 0.839186 0.247029 0.460938 0.510254 1 46 1.000000
 47 -7.968710 4.600737 5.544476 -0.839186 0.484504 0.247029 0.539063 0.510254 2 45 0.500000 46 0.500000
 47 -7.577743 4.375010 7.315360 -0.805110 0.464831 0.368415 0.539063 0.573975 3 32 0.098814 45 0.450593 46 0.450593
mnt_body_m.png
 47 -7.577743 4.375010 7.315360 -0.805110 0.464831 0.368415 0.539063 0.573975 3 32 0.098814 45 0.450593 46 0.450593
 47 -7.968710 4.600737 5.544476 -0.839186 0.484504 0.247029 0.539063 0.510254 2 45 0.500000 46 0.500000
 47 -8.750023 0.000000 7.315361 -0.929661 -0.000000 0.368415 0.618164 0.573975 2 32 0.098425 45 0.901575
mnt_body_m.png
 47 -7.968710 4.600737 5.544476 -0.839186 0.484504 0.247029 0.539063 0.510254 2 45 0.500000 46 0.500000
 47 -9.201473 0.000000 5.544476 -0.969008 0.000000 0.247029 0.619141 0.510254 1 45 1.000000
 47 -8.750023 0.000000 7.315361 -0.929661 -0.000000 0.368415 0.618164 0.573975 2 32 0.098425 45 0.901575
mnt_body_m.png
 47 -8.750023 0.000000 7.315361 -0.929661 -0.000000 0.368415 0.618164 0.573975 2 32 0.098425 45 0.901575
 47 -9.201473 0.000000 5.544476 -0.969008 0.000000 0.247029 0.619141 0.510254 1 45 1.000000
 47 -7.577743 -4.375011 7.315361 -0.805110 -0.464831 0.368415 0.539063 0.573975 3 32 0.098814 44 0.450593 45 0.450593
mnt_body_m.png
 47 -9.201473 0.000000 5.544476 -0.969008 0.000000 0.247029 0.619141 0.510254 1 45 1.000000
 47 -7.968710 -4.600738 5.544477 -0.839186 -0.484504 0.247029 0.539063 0.510254 2 44 0.500000 45 0.500000
 47 -7.577743 -4.375011 7.315361 -0.805110 -0.464831 0.368415 0.539063 0.573975 3 32 0.098814 44 0.450593 45 0.450593
mnt_body_m.png
 47 -7.577743 -4.375011 7.315361 -0.805110 -0.464831 0.368415 0.539063 0.573975 3 32 0.098814 44 0.450593 45 0.450593
 47 -7.968710 -4.600738 5.544477 -0.839186 -0.484504 0.247029 0.539063 0.510254 2 44 0.500000 45 0.500000
 47 -4.375011 -7.577743 7.315361 -0.464831 -0.805110 0.368415 0.461426 0.573975 2 32 0.098425 44 0.901575
mnt_body_m.png
 47 -7.968710 -4.600738 5.544477 -0.839186 -0.484504 0.247029 0.539063 0.510254 2 44 0.500000 45 0.500000
 47 -4.600737 -7.968709 5.544475 -0.484504 -0.839186 0.247029 0.460938 0.510254 1 44 1.000000
 47 -4.375011 -7.577743 7.315361 -0.464831 -0.805110 0.368415 0.461426 0.573975 2 32 0.098425 44 0.901575
mnt_body_m.png
 47 -4.375011 -7.577743 7.315361 -0.464831 -0.805110 0.368415 0.461426 0.573975 2 32 0.098425 44 0.901575
 47 -4.600737 -7.968709 5.544475 -0.484504 -0.839186 0.247029 0.460938 0.510254 1 44 1.000000
 47 -0.000000 -8.750023 7.315360 -0.000000 -0.929661 0.368415 0.381104 0.573975 3 32 0.098814 41 0.450593 44 0.450593
mnt_body_m.png
 47 -4.600737 -7.968709 5.544475 -0.484504 -0.839186 0.247029 0.460938 0.510254 1 44 1.000000
 47 -0.000000 -9.201473 5.544476 -0.000000 -0.969008 0.247029 0.376953 0.510254 3 32 0.039370 41 0.480315 44 0.480315
 47 -0.000000 -8.750023 7.315360 -0.000000 -0.929661 0.368415 0.381104 0.573975 3 32 0.098814 41 0.450593 44 0.450593
mnt_body_m.png
 47 -0.000000 8.750023 7.315361 -0.000000 0.929661 0.368415 0.381104 0.573975 3 32 0.098814 43 0.450593 46 0.450593
 47 4.375012 7.577743 7.315360 0.464831 0.805110 0.368415 0.461426 0.573975 2 32 0.098425 43 0.901575
 47 -0.000000 9.201473 5.544475 -0.000000 0.969008 0.247028 0.376953 0.510254 3 32 0.039370 43 0.480315 46 0.480315
mnt_body_m.png
 47 -0.000000 9.201473 5.544475 -0.000000 0.969008 0.247028 0.376953 0.510254 3 32 0.039370 43 0.480315 46 0.480315
 47 4.375012 7.577743 7.315360 0.464831 0.805110 0.368415 0.461426 0.573975 2 32 0.098425 43 0.901575
 47 4.600737 7.968710 5.544476 0.484504 0.839186 0.247028 0.460938 0.510254 4 32 0.027668 42 0.047431 43 0.865612 46 0.059289
mnt_body_m.png
 47 4.375012 7.577743 7.315360 0.464831 0.805110 0.368415 0.461426 0.573975 2 32 0.098425 43 0.901575
 47 7.577744 4.375010 7.315361 0.805110 0.464831 0.368415 0.539063 0.573975 3 32 0.098814 42 0.450593 43 0.450593
 47 4.600737 7.968710 5.544476 0.484504 0.839186 0.247028 0.460938 0.510254 4 32 0.027668 42 0.047431 43 0.865612 46 0.059289
mnt_body_m.png
 47 4.600737 7.968710 5.544476 0.484504 0.839186 0.247028 0.460938 0.510254 4 32 0.027668 42 0.047431 43 0.865612 46 0.059289
 47 7.577744 4.375010 7.315361 0.805110 0.464831 0.368415 0.539063 0.573975 3 32 0.098814 42 0.450593 43 0.450593
 47 7.968710 4.600738 5.544476 0.839186 0.484504 0.247028 0.539063 0.510254 3 32 0.027668 42 0.379447 43 0.592885
mnt_body_m.png
 47 7.577744 4.375010 7.315361 0.805110 0.464831 0.368415 0.539063 0.573975 3 32 0.098814 42 0.450593 43 0.450593
 47 8.750025 0.000000 7.315361 0.929662 -0.000000 0.368415 0.618164 0.573975 2 32 0.098425 42 0.901575
 47 7.968710 4.600738 5.544476 0.839186 0.484504 0.247028 0.539063 0.510254 3 32 0.027668 42 0.379447 43 0.592885
mnt_body_m.png
 47 7.968710 4.600738 5.544476 0.839186 0.484504 0.247028 0.539063 0.510254 3 32 0.027668 42 0.379447 43 0.592885
 47 8.750025 0.000000 7.315361 0.929662 -0.000000 0.368415 0.618164 0.573975 2 32 0.098425 42 0.901575
 47 9.201473 0.000000 5.544476 0.969008 -0.000000 0.247028 0.619141 0.510254 1 42 1.000000
mnt_body_m.png
 47 8.750025 0.000000 7.315361 0.929662 -0.000000 0.368415 0.618164 0.573975 2 32 0.098425 42 0.901575
 47 7.577743 -4.375011 7.315361 0.805110 -0.464831 0.368415 0.539063 0.573975 3 32 0.098814 41 0.450593 42 0.450593
 47 9.201473 0.000000 5.544476 0.969008 -0.000000 0.247028 0.619141 0.510254 1 42 1.000000
mnt_body_m.png
 47 9.201473 0.000000 5.544476 0.969008 -0.000000 0.247028 0.619141 0.510254 1 42 1.000000
 47 7.577743 -4.375011 7.315361 0.805110 -0.464831 0.368415 0.539063 0.573975 3 32 0.098814 41 0.450593 42 0.450593
 47 7.968710 -4.600738 5.544476 0.839186 -0.484504 0.247029 0.539063 0.510254 3 32 0.027668 41 0.561265 42 0.411067
mnt_body_m.png
 47 7.577743 -4.375011 7.315361 0.805110 -0.464831 0.368415 0.539063 0.573975 3 32 0.098814 41 0.450593 42 0.450593
 47 4.375011 -7.577744 7.315361 0.464831 -0.805110 0.368416 0.461426 0.573975 2 32 0.098425 41 0.901575
 47 7.968710 -4.600738 5.544476 0.839186 -0.484504 0.247029 0.539063 0.510254 3 32 0.027668 41 0.561265 42 0.411067
mnt_body_m.png
 47 7.968710 -4.600738 5.544476 0.839186 -0.484504 0.247029 0.539063 0.510254 3 32 0.027668 41 0.561265 42 0.411067
 47 4.375011 -7.577744 7.315361 0.464831 -0.805110 0.368416 0.461426 0.573975 2 32 0.098425 41 0.901575
 47 4.600738 -7.968712 5.544477 0.484504 -0.839185 0.247029 0.460938 0.510254 4 32 0.027778 41 0.785714 42 0.087302 44 0.099206
mnt_body_m.png
 47 4.375011 -7.577744 7.315361 0.464831 -0.805110 0.368416 0.461426 0.573975 2 32 0.098425 41 0.901575
 47 -0.000000 -8.750023 7.315360 -0.000000 -0.929661 0.368415 0.381104 0.573975 3 32 0.098814 41 0.450593 44 0.450593
 47 4.600738 -7.968712 5.544477 0.484504 -0.839185 0.247029 0.460938 0.510254 4 32 0.027778 41 0.785714 42 0.087302 44 0.099206
mnt_body_m.png
 47 4.600738 -7.968712 5.544477 0.484504 -0.839185 0.247029 0.460938 0.510254 4 32 0.027778 41 0.785714 42 0.087302 44 0.099206
 47 -0.000000 -8.750023 7.315360 -0.000000 -0.929661 0.368415 0.381104 0.573975 3 32 0.098814 41 0.450593 44 0.450593
 47 -0.000000 -9.201473 5.544476 -0.000000 -0.969008 0.247029 0.376953 0.510254 3 32 0.039370 41 0.480315 44 0.480315
mnt_body_m.png
 47 8.789190 0.006234 3.717356 -0.970678 -0.000192 -0.240385 0.623047 0.510254 1 42 1.000000
 47 8.146151 -3.405791 3.720068 -0.861431 0.355524 -0.362683 0.561035 0.510254 2 41 0.500000 42 0.500000
 47 8.160114 0.008260 6.257574 -0.930662 -0.000292 -0.365880 0.616211 0.604736 2 32 0.047244 42 0.952756
mnt_body_m.png
 47 8.160114 0.008260 6.257574 -0.930662 -0.000292 -0.365880 0.616211 0.604736 2 32 0.047244 42 0.952756
 47 8.146151 -3.405791 3.720068 -0.861431 0.355524 -0.362683 0.561035 0.510254 2 41 0.500000 42 0.500000
 47 5.753850 -5.821850 6.262210 -0.658821 0.656531 -0.367318 0.499268 0.605225 3 32 0.047431 41 0.774703 42 0.177866
mnt_body_m.png
 47 8.146151 -3.405791 3.720068 -0.861431 0.355524 -0.362683 0.561035 0.510254 2 41 0.500000 42 0.500000
 47 6.197422 -6.270926 3.722346 -0.688112 0.684351 -0.241176 0.499512 0.510254 2 41 0.800000 42 0.200000
 47 5.753850 -5.821850 6.262210 -0.658821 0.656531 -0.367318 0.499268 0.605225 3 32 0.047431 41 0.774703 42 0.177866
mnt_body_m.png
 47 6.197422 -6.270926 3.722346 -0.688112 0.684351 -0.241176 0.499512 0.510254 2 41 0.800000 42 0.200000
 47 3.368683 -8.218010 3.723896 -0.357431 0.860183 -0.363768 0.438477 0.510254 2 41 0.901575 44 0.098425
 47 5.753850 -5.821850 6.262210 -0.658821 0.656531 -0.367318 0.499268 0.605225 3 32 0.047431 41 0.774703 42 0.177866
mnt_body_m.png
 47 5.753850 -5.821850 6.262210 -0.658821 0.656531 -0.367318 0.499268 0.605225 3 32 0.047431 41 0.774703 42 0.177866
 47 3.368683 -8.218010 3.723896 -0.357431 0.860183 -0.363768 0.438477 0.510254 2 41 0.901575 44 0.098425
 47 0.000001 -8.213436 6.264116 0.000000 0.929551 -0.368693 0.384521 0.604980 3 32 0.047431 41 0.482213 44 0.470356
mnt_body_m.png
 47 3.368683 -8.218010 3.723896 -0.357431 0.860183 -0.363768 0.438477 0.510254 2 41 0.901575 44 0.098425
 47 0.000001 -8.846882 3.724398 0.000000 0.970276 -0.242002 0.376953 0.510254 2 41 0.500000 44 0.500000
 47 0.000001 -8.213436 6.264116 0.000000 0.929551 -0.368693 0.384521 0.604980 3 32 0.047431 41 0.482213 44 0.470356
mnt_body_m.png
 47 0.000001 -8.846882 3.724398 0.000000 0.970276 -0.242002 0.376953 0.510254 2 41 0.500000 44 0.500000
 47 -3.368681 -8.218008 3.723896 0.357432 0.860183 -0.363768 0.438477 0.510254 2 41 0.098425 44 0.901575
 47 0.000001 -8.213436 6.264116 0.000000 0.929551 -0.368693 0.384521 0.604980 3 32 0.047431 41 0.482213 44 0.470356
mnt_body_m.png
 47 0.000001 -8.213436 6.264116 0.000000 0.929551 -0.368693 0.384521 0.604980 3 32 0.047431 41 0.482213 44 0.470356
 47 -3.368681 -8.218008 3.723896 0.357432 0.860183 -0.363768 0.438477 0.510254 2 41 0.098425 44 0.901575
 47 -5.753849 -5.821850 6.262209 0.658821 0.656531 -0.367318 0.499268 0.605225 3 32 0.047431 44 0.774703 45 0.177866
mnt_body_m.png
 47 -3.368681 -8.218008 3.723896 0.357432 0.860183 -0.363768 0.438477 0.510254 2 41 0.098425 44 0.901575
 47 -6.197421 -6.270926 3.722347 0.688112 0.684351 -0.241176 0.499512 0.510254 2 44 0.800000 45 0.200000
 47 -5.753849 -5.821850 6.262209 0.658821 0.656531 -0.367318 0.499268 0.605225 3 32 0.047431 44 0.774703 45 0.177866
mnt_body_m.png
 47 -6.197421 -6.270926 3.722347 0.688112 0.684351 -0.241176 0.499512 0.510254 2 44 0.800000 45 0.200000
 47 -8.146151 -3.405791 3.720068 0.861431 0.355524 -0.362683 0.561035 0.510254 2 44 0.500000 45 0.500000
 47 -5.753849 -5.821850 6.262209 0.658821 0.656531 -0.367318 0.499268 0.605225 3 32 0.047431 44 0.774703 45 0.177866
mnt_body_m.png
 47 -5.753849 -5.821850 6.262209 0.658821 0.656531 -0.367318 0.499268 0.605225 3 32 0.047431 44 0.774703 45 0.177866
 47 -8.146151 -3.405791 3.720068 0.861431 0.355524 -0.362683 0.561035 0.510254 2 44 0.500000 45 0.500000
 47 -8.160114 0.008260 6.257574 0.930662 -0.000292 -0.365880 0.616211 0.604736 2 32 0.047244 45 0.952756
mnt_body_m.png
 47 -8.146151 -3.405791 3.720068 0.861431 0.355524 -0.362683 0.561035 0.510254 2 44 0.500000 45 0.500000
 47 -8.789190 0.006234 3.717355 0.970678 -0.000192 -0.240385 0.623047 0.510254 1 45 1.000000
 47 -8.160114 0.008260 6.257574 0.930662 -0.000292 -0.365880 0.616211 0.604736 2 32 0.047244 45 0.952756
mnt_body_m.png
 47 8.789190 0.006234 3.717356 -0.970678 -0.000192 -0.240385 0.623047 0.510254 1 42 1.000000
 47 8.160114 0.008260 6.257574 -0.930662 -0.000292 -0.365880 0.616211 0.604736 2 32 0.047244 42 0.952756
 47 8.146141 3.418277 3.714638 -0.861431 -0.356101 -0.362116 0.561035 0.510254 2 42 0.500000 43 0.500000
mnt_body_m.png
 47 8.160114 0.008260 6.257574 -0.930662 -0.000292 -0.365880 0.616211 0.604736 2 32 0.047244 42 0.952756
 47 5.753832 5.838394 6.252932 -0.658820 -0.657116 -0.366272 0.499268 0.605225 3 32 0.047431 42 0.098814 43 0.853755
 47 8.146141 3.418277 3.714638 -0.861431 -0.356101 -0.362116 0.561035 0.510254 2 42 0.500000 43 0.500000
mnt_body_m.png
 47 8.146141 3.418277 3.714638 -0.861431 -0.356101 -0.362116 0.561035 0.510254 2 42 0.500000 43 0.500000
 47 5.753832 5.838394 6.252932 -0.658820 -0.657116 -0.366272 0.499268 0.605225 3 32 0.047431 42 0.098814 43 0.853755
 47 6.197402 6.283427 3.712356 -0.688112 -0.684734 -0.240086 0.499512 0.510254 2 42 0.098425 43 0.901575
mnt_body_m.png
 47 6.197402 6.283427 3.712356 -0.688112 -0.684734 -0.240086 0.499512 0.510254 2 42 0.098425 43 0.901575
 47 5.753832 5.838394 6.252932 -0.658820 -0.657116 -0.366272 0.499268 0.605225 3 32 0.047431 42 0.098814 43 0.853755
 47 3.368672 8.230499 3.710805 -0.357429 -0.860762 -0.362398 0.438477 0.510254 1 43 1.000000
mnt_body_m.png
 47 5.753832 5.838394 6.252932 -0.658820 -0.657116 -0.366272 0.499268 0.605225 3 32 0.047431 42 0.098814 43 0.853755
 47 -0.000000 8.229958 6.251027 0.000000 -0.930137 -0.367212 0.384521 0.604980 3 32 0.039370 43 0.480315 46 0.480315
 47 3.368672 8.230499 3.710805 -0.357429 -0.860762 -0.362398 0.438477 0.510254 1 43 1.000000
mnt_body_m.png
 47 3.368672 8.230499 3.710805 -0.357429 -0.860762 -0.362398 0.438477 0.510254 1 43 1.000000
 47 -0.000000 8.229958 6.251027 0.000000 -0.930137 -0.367212 0.384521 0.604980 3 32 0.039370 43 0.480315 46 0.480315
 47 -0.000000 8.859358 3.710305 0.000000 -0.970660 -0.240457 0.376953 0.510254 2 43 0.500000 46 0.500000
mnt_body_m.png
 47 -0.000000 8.859358 3.710305 0.000000 -0.970660 -0.240457 0.376953 0.510254 2 43 0.500000 46 0.500000
 47 -0.000000 8.229958 6.251027 0.000000 -0.930137 -0.367212 0.384521 0.604980 3 32 0.039370 43 0.480315 46 0.480315
 47 -3.368671 8.230498 3.710805 0.357430 -0.860762 -0.362398 0.438477 0.510254 1 46 1.000000
mnt_body_m.png
 47 -0.000000 8.229958 6.251027 0.000000 -0.930137 -0.367212 0.384521 0.604980 3 32 0.039370 43 0.480315 46 0.480315
 47 -5.753832 5.838394 6.252932 0.658820 -0.657116 -0.366271 0.499268 0.605225 3 32 0.047431 45 0.098814 46 0.853755
 47 -3.368671 8.230498 3.710805 0.357430 -0.860762 -0.362398 0.438477 0.510254 1 46 1.000000
mnt_body_m.png
 47 -3.368671 8.230498 3.710805 0.357430 -0.860762 -0.362398 0.438477 0.510254 1 46 1.000000
 47 -5.753832 5.838394 6.252932 0.658820 -0.657116 -0.366271 0.499268 0.605225 3 32 0.047431 45 0.098814 46 0.853755
 47 -6.197401 6.283427 3.712356 0.688112 -0.684734 -0.240085 0.499512 0.510254 2 45 0.098425 46 0.901575
mnt_body_m.png
 47 -6.197401 6.283427 3.712356 0.688112 -0.684734 -0.240085 0.499512 0.510254 2 45 0.098425 46 0.901575
 47 -5.753832 5.838394 6.252932 0.658820 -0.657116 -0.366271 0.499268 0.605225 3 32 0.047431 45 0.098814 46 0.853755
 47 -8.146139 3.418277 3.714638 0.861431 -0.356102 -0.362116 0.561035 0.510254 2 45 0.500000 46 0.500000
mnt_body_m.png
 47 -5.753832 5.838394 6.252932 0.658820 -0.657116 -0.366271 0.499268 0.605225 3 32 0.047431 45 0.098814 46 0.853755
 47 -8.160114 0.008260 6.257574 0.930662 -0.000292 -0.365880 0.616211 0.604736 2 32 0.047244 45 0.952756
 47 -8.146139 3.418277 3.714638 0.861431 -0.356102 -0.362116 0.561035 0.510254 2 45 0.500000 46 0.500000
mnt_body_m.png
 47 -8.146139 3.418277 3.714638 0.861431 -0.356102 -0.362116 0.561035 0.510254 2 45 0.500000 46 0.500000
 47 -8.160114 0.008260 6.257574 0.930662 -0.000292 -0.365880 0.616211 0.604736 2 32 0.047244 45 0.952756
 47 -8.789190 0.006234 3.717355 0.970678 -0.000192 -0.240385 0.623047 0.510254 1 45 1.000000
mnt_body_m.png
 47 -4.600738 7.968709 5.544474 0.484504 -0.839186 -0.247029 0.460938 0.510254 1 46 1.000000
 47 -7.577743 4.375010 7.315360 0.805110 -0.464831 -0.368415 0.539063 0.573975 3 32 0.098814 45 0.450593 46 0.450593
 47 -7.968710 4.600737 5.544475 0.839186 -0.484504 -0.247028 0.539063 0.510254 2 45 0.500000 46 0.500000
mnt_body_m.png
 47 -7.577743 4.375010 7.315360 0.805110 -0.464831 -0.368415 0.539063 0.573975 3 32 0.098814 45 0.450593 46 0.450593
 47 -8.750023 0.000000 7.315361 0.929661 0.000000 -0.368415 0.618164 0.573975 2 32 0.098425 45 0.901575
 47 -7.968710 4.600737 5.544475 0.839186 -0.484504 -0.247028 0.539063 0.510254 2 45 0.500000 46 0.500000
mnt_body_m.png
 47 -7.968710 4.600737 5.544475 0.839186 -0.484504 -0.247028 0.539063 0.510254 2 45 0.500000 46 0.500000
 47 -8.750023 0.000000 7.315361 0.929661 0.000000 -0.368415 0.618164 0.573975 2 32 0.098425 45 0.901575
 47 -9.201473 0.000000 5.544475 0.969008 0.000000 -0.247028 0.619141 0.510254 1 45 1.000000
mnt_body_m.png
 47 -8.750023 0.000000 7.315361 0.929661 0.000000 -0.368415 0.618164 0.573975 2 32 0.098425 45 0.901575
 47 -7.577743 -4.375011 7.315360 0.805110 0.464831 -0.368415 0.539063 0.573975 3 32 0.098814 44 0.450593 45 0.450593
 47 -9.201473 0.000000 5.544475 0.969008 0.000000 -0.247028 0.619141 0.510254 1 45 1.000000
mnt_body_m.png
 47 -9.201473 0.000000 5.544475 0.969008 0.000000 -0.247028 0.619141 0.510254 1 45 1.000000
 47 -7.577743 -4.375011 7.315360 0.805110 0.464831 -0.368415 0.539063 0.573975 3 32 0.098814 44 0.450593 45 0.450593
 47 -7.968710 -4.600738 5.544475 0.839186 0.484504 -0.247029 0.539063 0.510254 2 44 0.500000 45 0.500000
mnt_body_m.png
 47 -7.577743 -4.375011 7.315360 0.805110 0.464831 -0.368415 0.539063 0.573975 3 32 0.098814 44 0.450593 45 0.450593
 47 -4.375011 -7.577743 7.315361 0.464831 0.805110 -0.368415 0.461426 0.573975 2 32 0.098425 44 0.901575
 47 -7.968710 -4.600738 5.544475 0.839186 0.484504 -0.247029 0.539063 0.510254 2 44 0.500000 45 0.500000
mnt_body_m.png
 47 -7.968710 -4.600738 5.544475 0.839186 0.484504 -0.247029 0.539063 0.510254 2 44 0.500000 45 0.500000
 47 -4.375011 -7.577743 7.315361 0.464831 0.805110 -0.368415 0.461426 0.573975 2 32 0.098425 44 0.901575
 47 -4.600737 -7.968710 5.544474 0.484504 0.839186 -0.247029 0.460938 0.510254 1 44 1.000000
mnt_body_m.png
 47 -4.375011 -7.577743 7.315361 0.464831 0.805110 -0.368415 0.461426 0.573975 2 32 0.098425 44 0.901575
 47 -0.000000 -8.750023 7.315360 0.000000 0.929661 -0.368415 0.381104 0.573975 3 32 0.098814 41 0.450593 44 0.450593
 47 -4.600737 -7.968710 5.544474 0.484504 0.839186 -0.247029 0.460938 0.510254 1 44 1.000000
mnt_body_m.png
 47 -4.600737 -7.968710 5.544474 0.484504 0.839186 -0.247029 0.460938 0.510254 1 44 1.000000
 47 -0.000000 -8.750023 7.315360 0.000000 0.929661 -0.368415 0.381104 0.573975 3 32 0.098814 41 0.450593 44 0.450593
 47 -0.000000 -9.201473 5.544474 0.000000 0.969008 -0.247028 0.376953 0.510254 3 32 0.039370 41 0.480315 44 0.480315
mnt_body_m.png
 47 -0.000000 -9.201473 5.544474 0.000000 0.969008 -0.247028 0.376953 0.510254 3 32 0.039370 41 0.480315 44 0.480315
 47 -0.000000 -8.750023 7.315360 0.000000 0.929661 -0.368415 0.381104 0.573975 3 32 0.098814 41 0.450593 44 0.450593
 47 4.600738 -7.968711 5.544475 -0.484504 0.839186 -0.247029 0.460938 0.510254 4 32 0.027778 41 0.785714 42 0.087302 44 0.099206
mnt_body_m.png
 47 -0.000000 -8.750023 7.315360 0.000000 0.929661 -0.368415 0.381104 0.573975 3 32 0.098814 41 0.450593 44 0.450593
 47 4.375011 -7.577744 7.315361 -0.464831 0.805110 -0.368416 0.461426 0.573975 2 32 0.098425 41 0.901575
 47 4.600738 -7.968711 5.544475 -0.484504 0.839186 -0.247029 0.460938 0.510254 4 32 0.027778 41 0.785714 42 0.087302 44 0.099206
mnt_body_m.png
 47 4.600738 -7.968711 5.544475 -0.484504 0.839186 -0.247029 0.460938 0.510254 4 32 0.027778 41 0.785714 42 0.087302 44 0.099206
 47 4.375011 -7.577744 7.315361 -0.464831 0.805110 -0.368416 0.461426 0.573975 2 32 0.098425 41 0.901575
 47 7.968710 -4.600738 5.544475 -0.839186 0.484504 -0.247028 0.539063 0.510254 3 32 0.027668 41 0.561265 42 0.411067
mnt_body_m.png
 47 4.375011 -7.577744 7.315361 -0.464831 0.805110 -0.368416 0.461426 0.573975 2 32 0.098425 41 0.901575
 47 7.577744 -4.375011 7.315360 -0.805110 0.464831 -0.368415 0.539063 0.573975 3 32 0.098814 41 0.450593 42 0.450593
 47 7.968710 -4.600738 5.544475 -0.839186 0.484504 -0.247028 0.539063 0.510254 3 32 0.027668 41 0.561265 42 0.411067
mnt_body_m.png
 47 7.968710 -4.600738 5.544475 -0.839186 0.484504 -0.247028 0.539063 0.510254 3 32 0.027668 41 0.561265 42 0.411067
 47 7.577744 -4.375011 7.315360 -0.805110 0.464831 -0.368415 0.539063 0.573975 3 32 0.098814 41 0.450593 42 0.450593
 47 9.201473 0.000000 5.544475 -0.969008 0.000000 -0.247027 0.619141 0.510254 1 42 1.000000
mnt_body_m.png
 47 7.577744 -4.375011 7.315360 -0.805110 0.464831 -0.368415 0.539063 0.573975 3 32 0.098814 41 0.450593 42 0.450593
 47 8.750025 0.000000 7.315361 -0.929661 0.000000 -0.368415 0.618164 0.573975 2 32 0.098425 42 0.901575
 47 9.201473 0.000000 5.544475 -0.969008 0.000000 -0.247027 0.619141 0.510254 1 42 1.000000
mnt_body_m.png
 47 9.201473 0.000000 5.544475 -0.969008 0.000000 -0.247027 0.619141 0.510254 1 42 1.000000
 47 8.750025 0.000000 7.315361 -0.929661 0.000000 -0.368415 0.618164 0.573975 2 32 0.098425 42 0.901575
 47 7.968710 4.600738 5.544475 -0.839186 -0.484504 -0.247028 0.539063 0.510254 3 32 0.027668 42 0.379447 43 0.592885
mnt_body_m.png
 47 8.750025 0.000000 7.315361 -0.929661 0.000000 -0.368415 0.618164 0.573975 2 32 0.098425 42 0.901575
 47 7.577744 4.375010 7.315360 -0.805110 -0.464831 -0.368415 0.539063 0.573975 3 32 0.098814 42 0.450593 43 0.450593
 47 7.968710 4.600738 5.544475 -0.839186 -0.484504 -0.247028 0.539063 0.510254 3 32 0.027668 42 0.379447 43 0.592885
mnt_body_m.png
 47 7.968710 4.600738 5.544475 -0.839186 -0.484504 -0.247028 0.539063 0.510254 3 32 0.027668 42 0.379447 43 0.592885
 47 7.577744 4.375010 7.315360 -0.805110 -0.464831 -0.368415 0.539063 0.573975 3 32 0.098814 42 0.450593 43 0.450593
 47 4.600737 7.968710 5.544474 -0.484504 -0.839186 -0.247028 0.460938 0.510254 4 32 0.027668 42 0.047431 43 0.865612 46 0.059289
mnt_body_m.png
 47 7.577744 4.375010 7.315360 -0.805110 -0.464831 -0.368415 0.539063 0.573975 3 32 0.098814 42 0.450593 43 0.450593
 47 4.375012 7.577743 7.315359 -0.464831 -0.805110 -0.368415 0.461426 0.573975 2 32 0.098425 43 0.901575
 47 4.600737 7.968710 5.544474 -0.484504 -0.839186 -0.247028 0.460938 0.510254 4 32 0.027668 42 0.047431 43 0.865612 46 0.059289
mnt_body_m.png
 47 4.600737 7.968710 5.544474 -0.484504 -0.839186 -0.247028 0.460938 0.510254 4 32 0.027668 42 0.047431 43 0.865612 46 0.059289
 47 4.375012 7.577743 7.315359 -0.464831 -0.805110 -0.368415 0.461426 0.573975 2 32 0.098425 43 0.901575
 47 -0.000000 9.201473 5.544474 0.000000 -0.969008 -0.247028 0.376953 0.510254 3 32 0.039370 43 0.480315 46 0.480315
mnt_body_m.png
 47 4.375012 7.577743 7.315359 -0.464831 -0.805110 -0.368415 0.461426 0.573975 2 32 0.098425 43 0.901575
 47 -0.000000 8.750023 7.315360 0.000000 -0.929661 -0.368415 0.381104 0.573975 3 32 0.098814 43 0.450593 46 0.450593
 47 -0.000000 9.201473 5.544474 0.000000 -0.969008 -0.247028 0.376953 0.510254 3 32 0.039370 43 0.480315 46 0.480315
mnt_body_m.png
 47 -0.000000 8.750023 7.315360 0.000000 -0.929661 -0.368415 0.381104 0.573975 3 32 0.098814 43 0.450593 46 0.450593
 47 -4.375012 7.577741 7.315359 0.464831 -0.805110 -0.368415 0.461426 0.573975 2 32 0.098425 46 0.901575
 47 -0.000000 9.201473 5.544474 0.000000 -0.969008 -0.247028 0.376953 0.510254 3 32 0.039370 43 0.480315 46 0.480315
mnt_body_m.png
 47 -0.000000 9.201473 5.544474 0.000000 -0.969008 -0.247028 0.376953 0.510254 3 32 0.039370 43 0.480315 46 0.480315
 47 -4.375012 7.577741 7.315359 0.464831 -0.805110 -0.368415 0.461426 0.573975 2 32 0.098425 46 0.901575
 47 -4.600738 7.968709 5.544474 0.484504 -0.839186 -0.247029 0.460938 0.510254 1 46 1.000000
mnt_body_m.png
 47 -4.375012 7.577741 7.315359 0.464831 -0.805110 -0.368415 0.461426 0.573975 2 32 0.098425 46 0.901575
 47 -7.577743 4.375010 7.315360 0.805110 -0.464831 -0.368415 0.539063 0.573975 3 32 0.098814 45 0.450593 46 0.450593
 47 -4.600738 7.968709 5.544474 0.484504 -0.839186 -0.247029 0.460938 0.510254 1 46 1.000000
end
