<?xml version="1.0" encoding="utf-8"?>
<COLLADA xmlns="http://www.collada.org/2005/11/COLLADASchema" version="1.4.1">
  <asset>
    <contributor>
      <author>RandomTBush</author>
      <authoring_tool>OpenCOLLADA for 3ds Max;  Version: 1.3.1;  Revision: 847M;  Platform: x64;  Configuration: Release_Max2010_static</authoring_tool>
    </contributor>
    <created>2017-04-06T02:32:01</created>
    <modified>2017-04-06T02:32:01</modified>
    <unit name="inch" meter="0.0254"/>
    <up_axis>Z_UP</up_axis>
  </asset>
  <library_effects>
    <effect id="Pianta">
      <profile_COMMON>
        <newparam sid="mnt_body_png-surface">
          <surface type="2D">
            <init_from>mnt_body_png</init_from>
          </surface>
        </newparam>
        <newparam sid="mnt_body_png-sampler">
          <sampler2D>
            <source>mnt_body_png-surface</source>
          </sampler2D>
        </newparam>
        <technique sid="common">
          <blinn>
            <emission>
              <color>0 0 0 1</color>
            </emission>
            <ambient>
              <color>0.588 0.588 0.588 1</color>
            </ambient>
            <diffuse>
              <texture texture="mnt_body_png-sampler" texcoord="CHANNEL1"/>
            </diffuse>
            <specular>
              <color>0.9 0.9 0.9 1</color>
            </specular>
            <shininess>
              <float>10</float>
            </shininess>
            <reflective>
              <color>0 0 0 1</color>
            </reflective>
            <transparent opaque="A_ONE">
              <texture texture="mnt_body_png-sampler" texcoord="CHANNEL1"/>
            </transparent>
            <transparency>
              <float>1</float>
            </transparency>
          </blinn>
        </technique>
      </profile_COMMON>
      <extra>
        <technique profile="OpenCOLLADA3dsMax">
          <extended_shader>
            <apply_reflection_dimming>0</apply_reflection_dimming>
            <dim_level>0</dim_level>
            <falloff_type>0</falloff_type>
            <index_of_refraction>1.5</index_of_refraction>
            <opacity_type>0</opacity_type>
            <reflection_level>3</reflection_level>
            <wire_size>1</wire_size>
            <wire_units>0</wire_units>
          </extended_shader>
          <shader>
            <ambient_diffuse_lock>1</ambient_diffuse_lock>
            <ambient_diffuse_texture_lock>1</ambient_diffuse_texture_lock>
            <diffuse_specular_lock>0</diffuse_specular_lock>
            <soften>0.1</soften>
            <use_self_illum_color>0</use_self_illum_color>
          </shader>
        </technique>
      </extra>
    </effect>
  </library_effects>
  <library_materials>
    <material id="Pianta-material" name="Pianta">
      <instance_effect url="#Pianta"/>
    </material>
  </library_materials>
  <library_geometries>
    <geometry id="geom-Pianta" name="Pianta">
      <mesh>
        <source id="geom-Pianta-positions">
          <float_array id="geom-Pianta-positions-array" count="2526">15.8945 -2.265652 16.0939 16.62019 -2.095789 16.17086 16.10516 -1.869549 16.95519 15.48937 -1.963398 16.95532 15.06994 -2.411858 16.02492 14.4065 -2.484504 15.96305 14.5218 -2.25645 14.85445 14.93081 -1.997702 16.94081 13.47634 -2.490959 15.9171 14.13868 -2.055369 16.79472 13.25357 -2.834254 14.82553 14.97015 -2.848292 14.41593 14.16335 -1.352447 17.39002 14.93253 -1.282338 17.50638 15.50269 -1.245061 17.49266 12.51311 -1.557293 16.91107 12.46924 -2.190156 15.92108 12.32527 -2.37932 15.1789 12.12321 -2.155322 14.29467 12.9604 -2.85574 13.86014 14.0824 -3.408772 14.29762 15.19306 -3.38727 13.88255 14.15224 0.140009 17.66742 12.5155 0.075331 17.4386 14.98538 0.13123 17.75186 11.37873 -1.179987 16.63683 11.40475 -1.712386 15.68621 13.71616 -3.299937 13.55383 13.78022 -2.71793 13.05962 12.94691 -2.131793 13.39074 14.71432 -3.91716 13.73372 15.04013 -3.71285 13.13261 14.09763 1.447316 17.4668 14.99975 1.482304 17.53589 15.5474 1.440073 17.51799 15.53621 0.137314 17.72863 11.44108 0.034959 17.01837 11.36468 -1.102042 14.8025 14.57555 -3.82522 13.13657 14.57331 -3.360082 12.76903 15.09189 -2.96806 12.87578 16.13006 -1.201054 17.4643 16.14426 0.141556 17.6813 16.15227 1.372243 17.48545 11.35962 1.133747 16.69281 12.16533 -1.478714 13.82333 11.3605 -0.072266 14.68474 16.81194 -1.142695 17.37909 16.78733 -1.736755 16.97599 12.40524 1.622713 16.9247 11.29584 1.601535 15.77046 13.18931 -0.638711 13.73487 12.33886 -0.395164 14.00304 12.48124 0.347216 14.44608 14.02643 -1.581048 13.44177 17.36754 -1.830836 16.24153 17.40497 -1.516202 16.93904 14.0438 2.105442 16.96758 13.55335 0.317461 14.53254 14.15665 -0.876531 14.07401 14.65032 -2.202632 13.09204 14.52662 -1.857671 14.19465 17.94799 -1.478819 16.32981 18.00874 -1.014021 16.90012 17.50901 -1.064415 17.2411 14.54128 -1.218454 14.70418 15.02214 -2.423262 13.83895 15.34231 -3.150335 13.36446 18.29366 -0.948099 16.46999 18.19411 0.116999 16.99287 17.59624 0.098673 17.39395 16.84155 0.13476 17.60092 18.43634 0.083323 16.52581 18.25794 1.048341 16.44283 18.00468 1.090042 16.94399 17.52832 1.158528 17.22344 16.84003 1.27871 17.42424 17.87311 1.561652 16.36512 17.47272 1.598786 16.98677 16.80792 1.887762 17.0045 16.16917 2.033899 16.9898 17.39227 1.947031 16.25217 16.65177 2.243467 16.1813 15.96489 2.438799 16.09515 15.56717 2.145585 16.99217 17.44735 1.583724 15.57755 16.69984 1.821844 15.3797 15.97321 1.944558 15.24807 15.18599 2.576677 16.01473 15.0224 2.179406 16.97989 18.02247 1.265635 15.94487 17.49686 0.092006 15.4214 16.74217 0.13007 15.19996 15.97488 0.153295 15.05324 15.10139 0.161283 14.96021 15.14755 1.98572 15.15645 14.20869 2.622842 15.89487 13.26804 2.504656 15.70782 18.13464 0.091121 15.82276 18.00866 -1.132151 15.8543 17.39985 -1.455848 15.49097 16.64895 -1.672224 15.28019 15.90309 -1.832189 15.14108 14.44439 2.014823 15.02759 14.56896 0.244759 14.87556 13.47349 1.946337 14.78249 12.2524 2.158919 15.68938 12.40999 1.643692 14.72832 11.35962 1.13233 14.91164 15.0548 -1.976019 15.04968 2.512446 -0.057649 6.152968 0 9.08e-4 5.789567 2.826313 0.934401 6.408888 2.792178 -1.012287 6.456502 0 4.460315 7.217696 0 -4.460281 7.217696 2.723695 3.39369 7.212433 3.900287 0.807053 6.975898 2.756894 -3.496325 7.302656 3.949919 -0.797252 7.070719 0 5.913764 10.48962 0 -5.975196 10.48962 3.936819 4.307954 10.48962 5.791655 -0.00206 10.50681 4.26122 0.003288 7.110582 4.168078 -4.236362 10.48962 0 -2.704075 18.51319 0.594457 -2.760962 18.2426 0 -2.080635 19.26276 2.095403 -1.970247 18.3523 1.522889 -1.462742 19.27187 0.992008 -3.268719 17.36419 0.856096 -0.881706 19.77408 0 -1.284491 19.77503 2.782647 0.165607 18.35783 2.779233 -2.821387 16.42459 3.581613 -1.370592 16.4248 2.149205 0.166836 19.23719 1.388351 0.118652 19.73286 0.990848 -3.784952 16.53896 0 0.019901 20.07251 3.544661 -3.6568 14.33704 3.489898 0.149344 16.99175 4.367837 -2.096223 14.33952 4.076982 -0.98253 15.80514 3.921423 -0.521984 16.53137 1.444832 1.566078 19.26458 0.839868 1.02459 19.73768 0 -4.195208 16.12639 0 -5.200678 14.33691 0 1.375067 19.77145 3.984546 -4.137722 12.64887 3.948428 0.586234 16.54481 3.462755 1.414395 16.47547 4.662485 -0.649148 14.93484 0 2.184223 19.28342 0 -5.835721 12.64886 5.568937 -0.007661 12.65482 4.069107 1.016043 15.82146 1.934771 2.126247 18.3604 4.967392 0.024151 14.31342 4.562447 0.6904 14.94623 0 2.843595 18.3534 4.314589 2.322886 14.33472 2.55539 2.840642 16.4411 0 3.913122 16.42262 3.251192 3.764393 14.33753 3.686532 4.20974 12.63235 0 5.11009 14.33681 0 5.721271 12.64887 1.62251 -7.990047 17.35106 1.65898 -7.964077 16.66772 2.052513 -7.165545 17.21865 0.986434 -8.44693 16.74438 1.019814 -8.405859 17.4394 1.803149 -7.109163 17.8813 1.426591 -7.832104 17.96889 1.437281 -7.805069 16.03834 2.047266 -7.140826 16.53294 2.141408 -6.18222 17.07333 1.956766 -6.250201 17.73771 0 -8.610687 17.47044 0.968955 -8.100695 18.00793 0 -8.315269 18.05657 1.501804 -6.330658 18.27362 1.070623 -7.110869 18.48345 0.996484 -7.723225 18.29209 2.024685 -6.186664 16.30165 1.709306 -7.079525 15.91644 1.837247 -5.03338 17.12743 1.272635 -5.006949 18.1974 0 -8.64201 16.75782 0 -7.840353 18.41723 0.807991 -6.444131 18.62947 0 -7.236024 18.65441 1.628317 -6.183045 15.7907 1.635371 -5.017061 16.36049 0.950295 -7.755272 15.67213 1.013139 -7.117513 15.48235 1.309294 -3.766908 17.26662 0 -8.384068 16.03083 0.934479 -8.179483 16.07017 0 -5.006399 18.54589 0 -6.545098 18.72994 1.038545 -6.207803 15.43249 1.163999 -4.963531 15.85377 0 -7.184049 15.29293 0 -7.861449 15.53532 0.909984 -3.75847 18.16591 0 -3.691705 18.4727 0 -4.951017 15.61816 0 -6.237352 15.26722 3.378775 -4.467297 0.265417 4.417985 -5.575913 0.392591 3.378778 -5.183107 1.323087 2.33957 -5.575916 0.392594 5.329055 -5.311418 0.478294 5.534542 -5.534639 1.369117 4.34862 -5.895745 1.509583 3.37878 -5.012406 1.943707 2.408937 -5.895749 1.509586 1.223015 -5.534645 1.369124 1.428499 -5.311425 0.478301 5.693369 -4.338664 0.266026 6.016702 -4.361878 1.294945 5.431308 -5.288657 2.084536 4.480013 -5.537412 2.348204 2.277546 -5.537416 2.348207 1.3723 -5.29347 2.060054 0.740851 -4.32255 1.294952 1.064181 -4.338673 0.266032 5.848442 -2.530877 1.117599 5.510535 -2.54285 0.479983 5.614409 -4.326639 2.246042 5.485757 -2.679678 2.063131 4.612758 -4.615566 2.622274 2.144799 -4.615571 2.622278 1.096822 -4.326615 2.223466 0.909105 -2.530889 1.117606 1.255191 -2.727761 2.137397 1.247012 -2.54286 0.47999 5.524349 0.659897 0.291506 5.8136 0.62917 1.072273 4.574066 -3.190951 2.432422 3.378763 -4.288982 2.209885 2.183488 -3.190957 2.432426 1.219362 0.512132 2.139707 0.961691 0.629773 1.072324 2.489347 -1.195184 3.261863 1.813406 0.267771 3.261864 1.197655 0.658954 0.309253 4.882516 1.897918 0.316055 5.005501 2.141164 1.166746 5.571775 0.471564 2.186079 3.378771 -3.276263 2.163963 1.6973 2.064777 1.153798 4.268201 -1.130577 3.26186 2.335076 1.369432 3.261864 1.841084 1.954567 0.29187 3.363773 2.468998 0.273886 4.772346 1.984155 2.247669 3.382645 2.70221 1.222334 4.944134 0.267781 3.26186 1.953029 1.868585 2.196281 3.378759 1.767839 3.261862 3.392266 2.43308 2.281041 4.422456 1.369439 3.261861 8.237165 0.618259 14.95275 8.32646 -0.725709 14.91782 7.5783 -0.678557 14.94846 7.593687 0.591383 14.97334 8.326134 -1.141358 15.73634 7.574576 -1.066752 15.73627 6.990727 -0.646341 14.97935 6.993136 -1.006837 15.73624 6.945288 0.599358 15.01077 8.28673 -0.824676 16.62461 7.574578 -0.768101 16.58884 4.840826 -0.573509 15.06106 6.95522 -0.728115 16.55494 4.741586 -0.833167 15.78133 4.799708 0.629361 15.08846 8.202091 0.726969 16.61863 7.586998 0.659214 16.5761 4.653471 -0.605135 16.46655 6.891604 0.62051 16.52958 8.194561 1.052575 15.73459 7.57458 0.967673 15.73465 4.627213 0.627116 16.42533 6.874547 0.904564 15.73472 4.669686 0.881114 15.81161 4.688038 -2.573169 0.223754 3.378756 1.51768 0.076483 4.563725 -4.367018 0.076622 3.378772 -2.772701 0.368665 2.233147 -2.573175 0.223758 2.193823 -4.367023 0.076625 4.033875 0.742526 4.910871 2.723664 0.895877 4.910872 2.789355 0.854063 5.334998 3.968187 0.640894 5.334997 4.324806 -0.098554 5.131995 2.43274 -0.09856 5.131997 2.723161 -1.165948 4.689169 4.034389 -1.078097 4.689166 3.994329 -0.999112 5.501291 4.011803 -1.056968 5.131995 2.745748 -1.178947 5.131997 2.763222 -1.130207 5.501291 -15.8945 -2.265652 16.0939 -16.10516 -1.869549 16.95519 -16.62019 -2.095789 16.17086 -15.48937 -1.963398 16.95532 -15.06994 -2.411858 16.02492 -16.13006 -1.201054 17.4643 -16.78733 -1.736755 16.97599 -15.50269 -1.245061 17.49266 -17.36754 -1.830836 16.24153 -14.93081 -1.997702 16.94081 -14.93253 -1.282338 17.50638 -14.5218 -2.25645 14.85445 -14.4065 -2.484504 15.96305 -16.14426 0.141556 17.6813 -16.81194 -1.142695 17.37909 -15.53621 0.137314 17.72863 -17.40497 -1.516202 16.93904 -14.98538 0.13123 17.75186 -17.94799 -1.478819 16.32981 -14.16335 -1.352447 17.39002 -14.13868 -2.055369 16.79472 -14.15224 0.140009 17.66742 -13.47634 -2.49096 15.9171 -14.97014 -2.848292 14.41592 -13.25357 -2.834254 14.82553 -15.5474 1.440073 17.51799 -16.15227 1.372242 17.48545 -14.99975 1.482304 17.53589 -18.00874 -1.014021 16.90012 -18.29366 -0.948099 16.46999 -12.51311 -1.557293 16.91107 -12.5155 0.075331 17.43859 -14.09763 1.447316 17.4668 -15.19306 -3.387272 13.88255 -14.0824 -3.408772 14.29762 -15.56717 2.145585 16.99217 -16.16917 2.033899 16.9898 -14.0438 2.105442 16.96758 -15.0224 2.179406 16.97989 -18.19411 0.116999 16.99287 -18.43634 0.083323 16.52581 -12.40524 1.622713 16.9247 -14.71432 -3.917162 13.73372 -15.04013 -3.712853 13.13261 -13.71616 -3.299937 13.55383 -12.9604 -2.85574 13.86014 -14.20869 2.622842 15.89487 -13.26804 2.504656 15.70782 -15.18599 2.576677 16.01473 -18.25794 1.048341 16.44283 -14.57555 -3.82522 13.13657 -14.57331 -3.360084 12.76903 -15.09189 -2.968061 12.87578 -12.12321 -2.155322 14.29467 -12.32527 -2.379321 15.17889 -15.96489 2.438799 16.09515 -18.00468 1.090042 16.94399 -17.87311 1.561652 16.36512 -12.46924 -2.190157 15.92108 -11.40475 -1.712387 15.68621 -15.97321 1.944558 15.24807 -16.65177 2.243467 16.1813 -16.80792 1.887762 17.0045 -17.59624 0.098673 17.39395 -17.47272 1.598786 16.98677 -17.39227 1.947031 16.25217 -11.37873 -1.179987 16.63683 -11.36468 -1.102042 14.8025 -16.84003 1.27871 17.42424 -17.50901 -1.064415 17.2411 -17.52832 1.158528 17.22344 -11.44108 0.034959 17.01837 -12.16533 -1.478714 13.82333 -11.3605 -0.072266 14.68474 -16.84155 0.13476 17.60092 -11.35962 1.133747 16.69282 -12.33886 -0.395164 14.00304 -12.48124 0.347216 14.44608 -11.29584 1.601535 15.77046 -12.2524 2.158919 15.68938 -13.18931 -0.638711 13.73487 -13.55335 0.317461 14.53254 -17.44735 1.583724 15.57755 -16.69984 1.821844 15.3797 -12.40999 1.643692 14.72832 -11.35962 1.13233 14.91164 -13.47349 1.946337 14.78249 -14.44439 2.014823 15.02759 -12.94691 -2.131793 13.39074 -14.15665 -0.876531 14.07401 -14.54128 -1.218454 14.70418 -18.02247 1.265635 15.94487 -15.14755 1.98572 15.15645 -14.52662 -1.857672 14.19464 -18.13464 0.091121 15.82276 -14.56896 0.244759 14.87556 -13.78022 -2.71793 13.05962 -15.10139 0.161283 14.96021 -15.0548 -1.976019 15.04968 -15.97488 0.153295 15.05324 -14.02643 -1.581048 13.44177 -18.00866 -1.132151 15.8543 -15.90309 -1.832189 15.14108 -16.64895 -1.672224 15.28019 -16.74218 0.13007 15.19996 -14.65032 -2.202632 13.09203 -17.49686 0.092006 15.4214 -17.39986 -1.455848 15.49097 -15.02214 -2.423262 13.83895 -15.34231 -3.150337 13.36446 -2.512446 -0.057649 6.152968 -2.826313 0.934401 6.408888 -2.792178 -1.012287 6.456502 -3.900287 0.807053 6.975898 -2.723695 3.39369 7.212433 -2.756894 -3.496325 7.302656 -3.949919 -0.797252 7.070719 -4.26122 0.003288 7.110582 -5.791655 -0.00206 10.50681 -3.936819 4.307954 10.48962 -4.168078 -4.236362 10.48962 -0.594457 -2.760962 18.2426 -1.522889 -1.462742 19.27187 -0.856096 -0.881706 19.77408 -2.095403 -1.970247 18.3523 -0.992008 -3.268719 17.36419 -2.782647 0.165607 18.35783 -2.149205 0.166836 19.23719 -1.388351 0.118652 19.73286 -2.779233 -2.821387 16.42459 -3.581613 -1.370592 16.4248 -0.990848 -3.784952 16.53896 -1.444832 1.566078 19.26458 -3.489898 0.149344 16.99175 -1.934771 2.126247 18.3604 -3.462755 1.414395 16.47547 -0.839868 1.02459 19.73768 -3.544661 -3.6568 14.33704 -3.948428 0.586234 16.54481 -3.921423 -0.521984 16.53138 -2.55539 2.840642 16.4411 -3.984546 -4.137722 12.64887 -4.367837 -2.096223 14.33952 -4.069107 1.016043 15.82146 -4.076982 -0.98253 15.80514 -4.314589 2.322886 14.33472 -3.251192 3.764393 14.33753 -5.568937 -0.007661 12.65482 -4.662485 -0.649148 14.93484 -4.967392 0.024151 14.31342 -4.562447 0.6904 14.94623 -3.686532 4.20974 12.63235 -1.62251 -7.990047 17.35106 -2.052513 -7.165545 17.21865 -1.65898 -7.964077 16.66772 -0.986434 -8.44693 16.74438 -1.019814 -8.405859 17.4394 -1.426591 -7.832104 17.96889 -1.803149 -7.109163 17.8813 -2.141408 -6.18222 17.07333 -2.047266 -7.140826 16.53294 -1.956766 -6.250201 17.73771 -1.437281 -7.805069 16.03834 -0.968955 -8.100695 18.00793 -1.070623 -7.110869 18.48345 -0.996484 -7.723225 18.29209 -1.501804 -6.330658 18.27362 -2.024685 -6.186664 16.30165 -1.837247 -5.03338 17.12743 -1.709306 -7.079525 15.91644 -1.272635 -5.006949 18.1974 -0.807991 -6.444131 18.62947 -1.628317 -6.183045 15.7907 -1.635371 -5.017061 16.36049 -1.309294 -3.766908 17.26662 -1.013139 -7.117513 15.48235 -0.950295 -7.755272 15.67213 -0.934479 -8.179483 16.07017 -1.163999 -4.963531 15.85377 -1.038545 -6.207803 15.43249 -0.909984 -3.75847 18.16591 -3.378775 -4.467297 0.265417 -3.378778 -5.183107 1.323087 -4.417985 -5.575913 0.392591 -2.33957 -5.575916 0.392594 -2.408937 -5.895749 1.509586 -3.37878 -5.012406 1.943707 -4.34862 -5.895745 1.509583 -5.534542 -5.534639 1.369117 -5.329055 -5.311418 0.478294 -1.223015 -5.534645 1.369124 -1.428499 -5.311425 0.478301 -2.277546 -5.537416 2.348207 -1.3723 -5.29347 2.060054 -4.480013 -5.537412 2.348204 -5.431308 -5.288657 2.084536 -6.016702 -4.361878 1.294945 -5.693369 -4.338664 0.266026 -0.740851 -4.32255 1.294952 -1.064181 -4.338673 0.266032 -2.144799 -4.615571 2.622278 -1.096822 -4.326615 2.223466 -4.612758 -4.615566 2.622274 -5.614409 -4.326639 2.246042 -5.485757 -2.679678 2.063131 -5.848442 -2.530877 1.117599 -5.510535 -2.54285 0.479983 -0.909105 -2.530889 1.117606 -1.255191 -2.727761 2.137397 -1.247012 -2.54286 0.47999 -3.378763 -4.288982 2.209885 -2.183488 -3.190957 2.432426 -4.574066 -3.190951 2.432422 -5.571775 0.471564 2.186079 -5.8136 0.62917 1.072273 -5.524349 0.659897 0.291506 -1.219362 0.512132 2.139707 -0.961691 0.629773 1.072324 -1.813406 0.267771 3.261864 -2.489347 -1.195184 3.261863 -1.197655 0.658954 0.309253 -3.378771 -3.276263 2.163963 -4.268201 -1.130577 3.26186 -5.005501 2.141164 1.166746 -4.882516 1.897918 0.316055 -1.6973 2.064777 1.153798 -2.335076 1.369432 3.261864 -1.953029 1.868585 2.196281 -1.841084 1.954567 0.29187 -4.944134 0.267781 3.26186 -4.772346 1.984155 2.247669 -3.363773 2.468998 0.273886 -3.382645 2.70221 1.222334 -3.378759 1.767839 3.261862 -3.392266 2.43308 2.281041 -4.422456 1.369439 3.261861 -8.237165 0.618259 14.95275 -8.326461 -0.725709 14.91782 -7.593688 0.591383 14.97334 -7.578301 -0.678557 14.94846 -7.574577 -1.066752 15.73627 -8.326134 -1.141358 15.73634 -6.990728 -0.646341 14.97935 -6.945289 0.599358 15.01077 -6.993137 -1.006837 15.73624 -7.574579 -0.768101 16.58884 -8.28673 -0.824676 16.62461 -4.840826 -0.573509 15.06106 -4.799708 0.629361 15.08846 -4.741587 -0.833167 15.78133 -6.955221 -0.728115 16.55494 -8.202091 0.726969 16.61863 -7.586999 0.659214 16.5761 -4.653471 -0.605135 16.46655 -6.891604 0.62051 16.52958 -8.194562 1.052575 15.73459 -7.574581 0.967673 15.73465 -4.627213 0.627116 16.42533 -6.874547 0.904564 15.73473 -4.669686 0.881114 15.81161 -3.378756 1.51768 0.076483 -4.688038 -2.573169 0.223754 -2.233147 -2.573175 0.223758 -3.378772 -2.772701 0.368665 -4.563725 -4.367018 0.076622 -2.193823 -4.367023 0.076625 -4.033875 0.742526 4.910871 -4.324806 -0.098554 5.131995 -3.968187 0.640894 5.334997 -2.789355 0.854063 5.334998 -2.723664 0.895877 4.910872 -2.723161 -1.165948 4.689169 -4.034389 -1.078097 4.689166 -3.994329 -0.999112 5.501291 -4.011803 -1.056968 5.131995 -2.43274 -0.09856 5.131997 -2.745748 -1.178947 5.131997 -2.763222 -1.130207 5.501291 5.753831 5.838395 6.252931 5.09891 5.180357 8.793678 8.160114 0.008261 6.257573 8.146141 3.418278 3.714638 0 8.229958 6.251027 0 7.299705 8.791988 3.36867 8.230499 3.710806 6.197401 6.283429 3.712356 7.231302 0.010293 8.797792 8.78919 0.006234 3.717355 0 8.85936 3.710305 0 -0.01669 9.710987 6.569797 -0.01669 12.10814 5.67463 3.187125 12.01839 6.798429 0 11.7595 5.77554 -3.560119 11.63946 5.561429 -3.473897 12.0049 5.968412 3.35927 11.63946 3.515171 5.511642 11.83615 6.389835 0 11.10065 5.53376 -3.194917 11.10065 3.172745 -5.961954 11.8477 3.274998 -6.171478 11.45215 3.194917 -5.53376 11.10065 3.734377 5.888147 11.50227 5.53376 3.194917 11.10065 0 6.725953 11.69315 0 -7.244054 11.67602 0 -7.468755 11.37042 0 -6.389835 11.10065 0 7.029651 11.45625 3.194917 5.53376 11.10065 0 6.389835 11.10065 6.730308 0 10.81835 5.828618 3.365154 10.81835 6.401814 0 10.4224 5.544133 3.200907 10.4224 5.828618 -3.365154 10.81835 3.200907 5.544133 10.4224 3.365154 5.828618 10.81835 5.544133 -3.200907 10.4224 3.365154 -5.828618 10.81835 0 6.401814 10.4224 0 6.730308 10.81835 3.200907 -5.544133 10.4224 0 -6.730308 10.81835 0 -6.401814 10.4224 6.763905 -3.905143 8.951694 3.905142 -6.763905 8.951694 7.577743 -4.375012 7.315361 4.375012 -7.577743 7.315361 7.96871 -4.600737 5.544476 9.201473 0 5.544476 8.750023 0 7.315361 0 -8.750024 7.315361 4.600737 -7.96871 5.544475 0 -7.810286 8.951694 7.810285 0 8.951694 10e-7 -9.201475 5.544476 6.763905 3.905143 8.951694 7.577743 4.375012 7.315361 7.96871 4.600738 5.544476 4.600737 7.96871 5.544476 4.375011 7.577743 7.315361 0 9.201475 5.544476 0 8.750025 7.315361 3.905142 6.763905 8.951694 0 7.810286 8.951694 -5.67463 3.187125 12.01839 -6.569797 -0.01669 12.10814 -3.515171 5.511642 11.83615 -5.968412 3.35927 11.63946 -6.798429 0 11.7595 -5.77554 -3.560119 11.63946 -5.561429 -3.473897 12.0049 -3.734377 5.888147 11.50227 -5.53376 3.194917 11.10065 -6.389834 0 11.10065 -5.53376 -3.194917 11.10065 -3.172745 -5.961954 11.8477 -3.194917 5.53376 11.10065 -3.194917 -5.53376 11.10065 -3.274998 -6.171478 11.45215 -5.828618 3.365154 10.81835 -6.730308 0 10.81835 -3.200907 5.544133 10.4224 -5.544134 3.200907 10.4224 -3.365154 5.828618 10.81835 -6.401814 0 10.4224 -5.828618 -3.365154 10.81835 -5.544134 -3.200907 10.4224 -3.365154 -5.828618 10.81835 -3.200907 -5.544133 10.4224 -6.763905 -3.905143 8.951694 -3.905142 -6.763905 8.951694 -7.577743 -4.375012 7.315361 -4.375011 -7.577743 7.315361 -7.96871 -4.600738 5.544476 -9.201474 0 5.544475 -8.750024 0 7.315361 -4.600737 -7.96871 5.544476 -7.810286 0 8.951694 -6.763904 3.905143 8.951694 -7.577743 4.375012 7.315361 -4.600737 7.96871 5.544476 -7.96871 4.600738 5.544475 -4.375011 7.577743 7.315361 -3.905142 6.763905 8.951694 -3.36867 8.230499 3.710806 -5.753831 5.838395 6.252931 -6.197401 6.283429 3.712356 -5.09891 5.180357 8.793678 -8.160114 0.00826 6.257573 -8.14614 3.418277 3.714637 -7.231303 0.010293 8.797792 -8.78919 0.006234 3.717354 -8.146151 -3.405792 3.720068 -5.098926 -5.159768 8.801903 -5.753849 -5.821849 6.262209 -6.197421 -6.270926 3.722346 0 -7.279138 8.803592 0 -8.213437 6.264116 -3.368681 -8.218008 3.723897 10e-7 -8.846882 3.724398 8.146151 -3.405792 3.720068 5.753849 -5.821849 6.262208 6.19742 -6.270926 3.722345 5.098926 -5.159768 8.801904 3.368682 -8.21801 3.723896 -2.674175 -3.204453 21.59417 -2.361842 -3.129631 22.20998 -3.225373 -3.336329 21.20209 -4.304434 -3.608492 20.92664 -2.817286 -3.157494 22.99673 -3.500141 -2.937569 23.75776 -2.055628 -2.538586 24.13758 -1.567058 -2.7474 22.25238 -3.080995 -2.554819 24.4779 -1.013965 -2.19165 22.68333 -2.399198 -1.967735 24.95402 -1.150881 -1.609827 24.52099 -0.69502 -1.686104 23.53767 -1.56804 -1.264259 25.008 -10e-6 -0.001532 24.59879 0.099256 -0.330276 24.13876 -3.860134 -2.579855 21.2031 -3.516857 -1.731483 22.21878 -3.640091 -2.053328 21.59571 -2.872605 -1.55514 24.128 -2.945174 -1.081299 22.26956 -3.602299 -2.22196 22.99798 -2.330118 -0.626118 22.68822 -1.839782 -0.78371 24.52211 -1.812399 -0.364235 23.54646 -0.307129 0.154032 24.1394 -3.114023 -2.617918 23.88341 -2.058631 -1.680349 24.54704 -0.019217 -0.010593 24.41049 -3.202932 2.672634 21.59417 -3.12811 2.3603 22.20998 -3.334807 3.223831 21.20209 -2.537064 2.054087 24.13758 -3.155972 2.815744 22.99673 -2.745879 1.565516 22.25238 -3.60697 4.302893 20.92664 -2.936048 3.4986 23.75776 -2.190129 1.012424 22.68333 -2.553298 3.079453 24.4779 -1.966213 2.397657 24.95402 -1.608307 1.14934 24.52099 -1.684583 0.693478 23.53767 -1.262739 1.566498 25.008 -0.328755 -0.100798 24.13876 -2.578334 3.858591 21.2031 -1.729962 3.515316 22.21878 -2.051807 3.63855 21.59571 -1.553618 2.871063 24.128 -1.079778 2.943632 22.26956 -2.220438 3.600758 22.99798 -0.624597 2.328577 22.68822 -0.782189 1.838242 24.52211 -0.362713 1.810858 23.54646 0.155552 0.305588 24.1394 -2.616397 3.112482 23.88341 -1.678828 2.057089 24.54704 -0.009072 0.017675 24.41049 2.674155 3.201391 21.59417 2.361822 3.126568 22.20998 3.225352 3.333265 21.20209 2.055607 2.535522 24.13758 2.817266 3.15443 22.99673 1.567037 2.744337 22.25238 4.304413 3.605429 20.92664 3.50012 2.934505 23.75776 1.013945 2.188587 22.68333 3.080974 2.551756 24.4779 2.399178 1.964672 24.95402 1.150861 1.606766 24.52099 0.695 1.683041 23.53767 1.568019 1.261198 25.008 -0.099276 0.327213 24.13876 3.860113 2.576792 21.2031 3.516837 1.72842 22.21878 3.640071 2.050264 21.59571 2.872585 1.552076 24.128 2.945153 1.078236 22.26956 3.602278 2.218897 22.99798 2.330098 0.623055 22.68822 1.839762 0.780647 24.52211 1.812378 0.361172 23.54646 0.307109 -0.157093 24.1394 3.114003 2.614855 23.88341 2.058611 1.677286 24.54704 0.019197 0.00753 24.41049 3.202912 -2.675697 21.59417 3.128089 -2.363363 22.20998 3.334787 -3.226894 21.20209 2.537043 -2.05715 24.13758 3.155952 -2.818808 22.99673 2.745859 -1.568579 22.25238 3.606949 -4.305956 20.92664 2.936027 -3.501661 23.75776 2.190109 -1.015486 22.68333 2.553278 -3.082516 24.4779 1.966193 -2.400719 24.95402 1.608286 -1.152403 24.52099 1.684563 -0.696541 23.53767 1.262718 -1.569561 25.008 0.328734 0.097734 24.13876 2.578314 -3.861654 21.2031 1.729942 -3.518377 22.21878 2.051786 -3.641613 21.59571 1.553598 -2.874126 24.128 1.079757 -2.946695 22.26956 2.220417 -3.603821 22.99798 0.624577 -2.33164 22.68822 0.782169 -1.841303 24.52211 0.362693 -1.813919 23.54646 -0.155573 -0.308651 24.1394 2.616376 -3.115545 23.88341 1.678807 -2.060152 24.54704 0.009052 -0.020739 24.41049 0 0.109659 24.03171 -0.188637 -0.078321 24.01587 0 -0.193296 24.41141 0 0.414755 21.94684 0 -0.266302 24.00002 -0.417358 -0.002169 21.9368 0 -0.370555 21.92676 0 0.551569 19.86928 -0.538793 0.012767 19.87014 0 -0.526038 19.871 0.188637 -0.078321 24.01587 0.417358 -0.002169 21.9368 0.538793 0.012767 19.87014</float_array>
          <technique_common>
            <accessor source="#geom-Pianta-positions-array" count="842" stride="3">
              <param name="X" type="float"/>
              <param name="Y" type="float"/>
              <param name="Z" type="float"/>
            </accessor>
          </technique_common>
        </source>
        <source id="geom-Pianta-normals">
          <float_array id="geom-Pianta-normals-array" count="3009">0.207333 -0.978201 -0.011635 0.262266 -0.963088 0.060655 0.127025 -0.784713 0.606704 0.082212 -0.784705 0.614393 0.199506 -0.979696 -0.019836 0.035096 -0.979673 0.197508 0.678922 -0.731533 -0.062648 -0.009918 -0.784464 0.620095 -0.093933 -0.939645 0.329006 -0.097846 -0.787843 0.608054 -0.174333 -0.891071 0.419047 0.750946 -0.066497 0.657007 -0.135033 -0.438391 0.888583 -0.031279 -0.40502 0.913772 0.062661 -0.397187 0.915596 -0.264246 -0.630196 0.730087 -0.360104 -0.835601 0.414844 -0.432322 -0.888368 0.154598 -0.713733 -0.625684 -0.314809 -0.62604 -0.727853 -0.27983 -0.138947 -0.822141 0.552067 0.72174 -0.508594 0.469493 -0.115402 -0.013688 0.993225 -0.274161 -0.01175 0.961612 -0.005912 -0.005871 0.999965 -0.277729 -0.655434 0.702334 -0.501089 -0.863399 0.05875 -0.605185 -0.734357 -0.307361 -0.414852 -0.086094 -0.905807 -0.453685 -0.078205 -0.887724 0.04702 -0.972738 0.22709 0.631448 -0.649092 -0.424208 -0.15651 0.361781 0.919032 -0.027465 0.42893 0.90292 0.076288 0.387067 0.91889 0.060656 -0.003915 0.998151 -0.192034 -0.009792 0.981339 -0.536495 -0.518782 -0.665612 -0.223089 -0.853155 -0.471548 -0.156499 -0.267984 -0.950628 0.704234 0.187789 -0.684682 0.101859 -0.387648 0.916163 0.105677 -0.003915 0.994393 0.107556 0.381619 0.918041 -0.275745 0.62157 0.733222 -0.593303 -0.019575 -0.804741 -0.321204 0.144891 -0.93586 0.184071 -0.374163 0.908911 0.221241 -0.763376 0.606886 -0.342363 0.676966 0.65154 -0.402821 0.914978 -0.02346 0.021552 0.438449 -0.898498 -0.314979 0.377613 -0.870745 -0.144582 0.390969 -0.908977 0.297647 0.491461 -0.818458 0.410672 -0.911614 -0.017548 0.402671 -0.696115 0.594374 -0.148781 0.767034 0.624118 0.309467 0.321197 -0.895021 0.708212 0.450017 -0.543986 0.385277 0.596512 -0.704084 0.891965 0.445959 -0.074291 0.681616 -0.730858 0.035292 0.655835 -0.397275 0.641914 0.36611 -0.332842 0.869011 0.685054 0.133072 -0.716236 0.857294 0.514734 0.009822 0.750947 -0.066497 0.657007 0.999133 0.027465 -0.03128 0.952582 -0.297372 0.064472 0.793832 0.009776 0.608058 0.461945 0.005873 0.886889 0.213434 -0.003916 0.97695 0.999174 0.023458 0.033185 0.939957 0.336843 0.054933 0.676666 0.39109 0.623837 0.38926 0.289501 0.874452 0.215326 0.352503 0.910701 0.70044 0.71229 0.045017 0.466125 0.65798 0.59143 0.250409 0.760859 0.598656 0.160597 0.781335 0.603096 0.475703 0.879116 -0.029374 0.297543 0.953138 -0.05474 0.221068 0.974872 0.027467 0.095944 0.790684 0.60466 0.516899 0.48563 -0.704967 0.309348 0.536447 -0.785193 0.197505 0.585041 -0.786587 0.109484 0.989549 -0.093843 -0.013637 0.82344 0.567239 0.753507 0.371819 -0.542197 0.461904 0.023484 -0.886619 0.252565 0.025457 -0.967245 0.16241 0.029354 -0.986287 0.187708 0.04106 -0.981366 0.148587 0.506774 -0.849177 -0.00391 0.995757 -0.091934 -0.182058 0.980766 -0.070382 0.824362 0.019579 -0.565724 0.744386 -0.305674 -0.593677 0.485413 -0.465828 -0.73985 0.30745 -0.593217 -0.744022 0.207253 -0.545852 -0.811845 0.176151 0.52874 -0.830304 0.236604 0.103644 -0.966062 -0.039099 0.628256 -0.777023 -0.379748 0.912082 -0.154589 -0.242715 0.542186 -0.80444 -0.242794 0.561796 -0.790846 0.402829 -0.434157 -0.805753 -0.900534 0.009788 -0.434675 0 -0.015687 -0.999877 0.045013 0.65783 -0.75182 0.027418 -0.712688 -0.700946 0 0.546087 -0.837728 0 -0.546087 -0.837728 0.462146 0.603152 -0.650099 0.760613 0.518174 -0.391107 0.464178 -0.59929 -0.652219 0.780795 -0.514683 -0.354205 0 0.986708 -0.162504 0 -0.98504 -0.172327 0.773144 0.614595 -0.156593 0.968993 0.013703 -0.246707 0.992412 0.029362 -0.119402 0.786918 -0.593085 -0.170325 0 -0.455662 0.890153 0.571026 -0.336295 0.74889 0 -0.647992 0.761648 0.605004 -0.550285 0.575463 0.506941 -0.43244 0.745658 0.852906 -0.352089 0.385467 0.25846 -0.317188 0.912464 0 -0.38513 0.922862 0.830161 0.041199 0.556 0.592992 -0.643892 0.483491 0.783212 -0.342645 0.518819 0.68685 0.035096 0.725951 0.418703 0.025369 0.907769 0.946231 -0.168422 -0.27619 0 0.009917 0.999951 0.624346 -0.655627 0.424671 0.71858 0.023493 0.695048 0.871563 -0.350571 0.342751 0.557502 -0.741341 0.373639 0.423015 -0.291794 0.857855 0.493312 0.481583 0.724376 0.256259 0.3267 0.909724 0 -0.668933 -0.743323 0 -0.913497 0.406846 0 0.369845 0.929094 0.647685 -0.727937 0.224971 0.49311 0.375691 0.784665 0.752617 0.398803 0.52395 0.874905 -0.440379 -0.201512 0 0.622343 0.782745 0 -0.977373 0.211525 0.982016 0.019562 0.187782 0.553572 0.74331 0.375565 0.606762 0.58137 0.542078 0.940293 0.011729 0.340165 0.834392 0.550398 -0.029183 0 0.843885 0.536524 0.837319 0.40104 0.37157 0.552203 0.687315 0.471879 0 0.869672 0.493631 0.493408 0.767519 0.409223 0.657119 0.729529 0.18969 0 0.906958 0.421222 0 0.965513 0.260357 0.749913 -0.630683 0.199675 0.774368 -0.612065 -0.160407 0.950554 -0.262153 0.166504 0.389865 -0.904978 -0.170351 0.383544 -0.868797 0.313187 0.798206 -0.222964 0.559602 0.598435 -0.526061 0.604264 0.629704 -0.575174 -0.522157 0.930203 -0.252632 -0.26627 0.996305 0.070524 0.049019 0.887422 0.088218 0.452437 0 -0.98292 0.184035 0.293396 -0.692378 0.65919 0 -0.80652 0.591207 0.618801 0.021553 0.785252 0.442265 -0.19768 0.874828 0.291572 -0.440249 0.849215 0.914608 0.12732 -0.383773 0.697153 -0.203608 -0.687402 0.943379 0.317015 0.09766 0.65388 0.225077 0.722345 0 -0.988869 -0.148788 0 -0.530616 0.847612 0.266323 0.029374 0.963436 0 -0.236607 0.971605 0.653868 0.115499 -0.747741 0.81021 0.377699 -0.448223 0.349961 -0.440008 -0.826994 0.398849 -0.158314 -0.903248 0.904526 0.42289 0.054742 0 -0.870115 -0.492849 0.31905 -0.751547 -0.577394 0 0.121405 0.992603 0 0.005914 0.999983 0.291357 0.109481 -0.950329 0.471702 0.373833 -0.798591 0 -0.184035 -0.98292 0 -0.581004 -0.813901 0.585087 0.15263 0.796478 0 0.015665 0.999877 0 0.416474 -0.909148 0 0.119397 -0.992847 0 -0.325014 -0.945709 -0.119306 -0.762758 -0.635584 0 -0.976555 -0.215267 0.119302 -0.762735 -0.635612 0.555793 -0.518601 -0.649729 0.604696 -0.794436 -0.056698 -0.148863 -0.977289 0.150818 0 -0.653372 0.757037 0.144926 -0.97727 0.154725 -0.608618 -0.792592 -0.037193 -0.559761 -0.516702 -0.647833 0.645217 -0.046921 -0.762557 0.983101 -0.164518 0.080292 0.597191 -0.548268 0.585461 -0.084159 -0.649809 0.755424 0.068498 -0.653752 0.753603 -0.597324 -0.556258 0.577738 -0.982246 -0.172232 0.074362 -0.712832 -0.076389 -0.697162 0.997105 0.054738 -0.052783 0.718052 0.044965 -0.694536 0.624395 -0.017547 0.780911 0.76115 -0.035237 0.647619 -0.00782 -0.146869 0.989125 -0.001955 -0.154593 0.987976 -0.627734 -0.056648 0.776364 -0.996311 0.060677 -0.060677 -0.761136 -0.03519 0.647637 -0.630008 0.05281 -0.774791 0.53992 0.103682 -0.835307 0.956912 0.240694 -0.162434 0.07634 -0.041102 0.996234 0 -0.056838 0.998383 -0.058746 -0.056767 0.996658 -0.895428 0.24243 0.373411 -0.975418 0.18999 -0.111639 -0.449808 -0.559363 0.696265 -0.868276 0.084091 0.488903 -0.641929 0.170266 -0.74762 0.543977 0.500954 -0.673152 0.655368 0.755147 -0.015664 0.89447 0.232922 0.381669 0.00391 -0.242567 0.970127 -0.70219 0.711965 -0.005865 0.434779 -0.656067 0.616883 -0.652216 0.611089 0.448536 -0.442539 0.509117 -0.738213 0.00391 0.816356 -0.577536 0.506263 0.758417 0.410489 -0.019574 0.996095 0.086093 0.860719 0.080204 0.502722 -0.528289 0.749387 0.399161 0.001955 0.863986 0.503512 -0.033236 0.911195 0.410632 0.63766 0.588726 0.496782 -0.074388 0.370033 -0.926036 -0.090024 -0.532404 -0.84169 -0.072393 -0.518951 -0.851733 -0.064464 0.527979 -0.846807 -0.135228 -0.989071 -0.058745 -0.097752 -0.993243 -0.062561 -0.062658 -0.409162 -0.910308 -0.082207 -0.991189 -0.103855 -0.045063 0.552346 -0.832396 -0.099747 -0.617716 0.78005 -0.089934 -0.574827 0.813318 0.187818 -0.54977 -0.813927 -0.076375 -0.577577 0.812756 0.131273 -0.990966 0.027466 0.28992 0.591642 -0.752267 -0.107572 0.418606 0.901775 -0.105654 0.571239 0.813955 0.023464 -0.534137 0.845072 -0.054779 0.653232 0.755174 -0.139045 0.988654 -0.056839 -0.09203 0.99465 -0.046921 0.089884 0.53748 0.838472 -0.041151 0.994718 -0.094032 0.134945 0.989443 0.052834 0.105667 0.029349 -0.993968 0.005865 0.050902 -0.998686 0.013685 -0.093936 -0.995484 0.005865 0.025415 -0.99966 -0.07236 0.005865 -0.997361 -0.044966 -0.060559 -0.997151 0.530291 0.772954 0.34833 -0.555165 0.754557 0.349908 -0.516543 0.849227 0.109531 0.614418 0.786649 0.060607 0.984824 -0.070485 0.158598 -0.985007 -0.076372 0.154687 -0.334429 -0.940714 0.056696 0.600246 -0.793819 0.097752 0.618158 -0.776637 0.121309 0.439929 -0.893518 0.089931 -0.560976 -0.824835 0.070381 -0.558016 -0.818428 0.13709 -0.207337 -0.9782 -0.011635 -0.127026 -0.784708 0.60671 -0.262443 -0.963039 0.060652 -0.082306 -0.784699 0.614388 -0.19941 -0.979715 -0.019836 -0.101859 -0.387648 0.916163 -0.221239 -0.76338 0.60688 -0.062376 -0.397194 0.915612 -0.410835 -0.911541 -0.017547 0.009823 -0.78447 0.620089 0.031279 -0.40502 0.913772 -0.678874 -0.731585 -0.062557 -0.035192 -0.979688 0.197416 -0.105677 -0.003915 0.994393 -0.184256 -0.37415 0.908879 -0.060751 -0.003916 0.998145 -0.402834 -0.696055 0.594333 0.005817 -0.005869 0.999966 -0.681616 -0.730858 0.035292 0.135033 -0.438391 0.888583 0.097747 -0.787868 0.608037 0.115402 -0.013689 0.993225 0.094028 -0.939636 0.329003 -0.750811 -0.066493 0.657162 0.174333 -0.891071 0.419047 -0.076288 0.387067 0.91889 -0.107556 0.381619 0.918041 0.027465 0.42893 0.90292 -0.655835 -0.397275 0.641914 -0.952582 -0.297372 0.064472 0.264245 -0.630203 0.730081 0.274161 -0.01175 0.961612 0.156417 0.361786 0.919046 -0.72174 -0.508594 0.469493 0.139047 -0.822173 0.551994 -0.095944 0.790684 0.60466 -0.1606 0.781326 0.603107 0.148781 0.767034 0.624118 0.013542 0.823442 0.56724 -0.793832 0.009776 0.608058 -0.999174 0.023458 0.033185 0.342363 0.676966 0.65154 -0.04702 -0.972738 0.22709 -0.631527 -0.648982 -0.424261 0.605107 -0.734378 -0.307465 0.626029 -0.727864 -0.279825 0.00391 0.995749 -0.092029 0.182055 0.980753 -0.070571 -0.109484 0.989549 -0.093843 -0.939957 0.336843 0.054933 0.223053 -0.853207 -0.471472 0.156499 -0.267984 -0.950628 -0.704234 0.187789 -0.684682 0.713665 -0.625756 -0.314821 0.432409 -0.888326 0.154595 -0.221073 0.974871 0.027467 -0.676666 0.39109 0.623837 -0.700531 0.712201 0.045011 0.360104 -0.835601 0.414844 0.501232 -0.863317 0.058744 -0.197585 0.58497 -0.786619 -0.297543 0.953138 -0.05474 -0.250409 0.760859 0.598656 -0.461795 0.005874 0.886967 -0.466129 0.657973 0.591435 -0.475708 0.879113 -0.029374 0.277817 -0.655416 0.702315 0.536362 -0.518826 -0.665684 -0.215327 0.352493 0.910705 -0.36611 -0.332842 0.869011 -0.38926 0.289501 0.874452 0.191978 -0.009794 0.98135 0.593303 -0.019599 -0.804741 0.321005 0.144887 -0.935929 -0.213434 -0.003916 0.97695 0.275607 0.62169 0.733173 0.314919 0.377656 -0.870748 0.144582 0.390969 -0.908977 0.402741 0.915013 -0.023461 0.379743 0.912069 -0.154682 -0.021554 0.438487 -0.898479 -0.309467 0.321197 -0.895021 -0.516899 0.48563 -0.704967 -0.309371 0.536487 -0.785157 0.242715 0.542186 -0.80444 0.242615 0.561822 -0.790882 0.039099 0.628256 -0.777023 -0.176165 0.528781 -0.830275 0.453647 -0.078199 -0.887744 -0.708349 0.449966 -0.54385 -0.684951 0.133101 -0.716328 -0.753543 0.371848 -0.542127 -0.148682 0.506749 -0.849176 -0.891936 0.446016 -0.074296 -0.824273 0.019577 -0.565854 -0.236582 0.103634 -0.966069 0.414772 -0.086121 -0.905841 -0.187708 0.04106 -0.981366 -0.402749 -0.434173 -0.805784 -0.16241 0.029354 -0.986287 -0.297645 0.49147 -0.818453 -0.744386 -0.305674 -0.593677 -0.207343 -0.545849 -0.811824 -0.307277 -0.593252 -0.744065 -0.252565 0.025459 -0.967245 -0.385277 0.596512 -0.704084 -0.462093 0.023484 -0.886521 -0.48527 -0.465861 -0.739923 -0.857254 0.5148 0.009824 -0.999133 0.027465 -0.03128 0.900534 0.009788 -0.434675 -0.045013 0.65783 -0.75182 -0.027418 -0.712688 -0.700946 -0.760613 0.518174 -0.391107 -0.462146 0.603152 -0.650099 -0.464178 -0.59929 -0.652219 -0.780795 -0.514683 -0.354205 -0.992412 0.029362 -0.119402 -0.968993 0.013703 -0.246707 -0.773144 0.614595 -0.156593 -0.786918 -0.593085 -0.170325 -0.571026 -0.336295 0.74889 -0.506941 -0.43244 0.745658 -0.25846 -0.317188 0.912464 -0.605004 -0.550285 0.575463 -0.852906 -0.352089 0.385467 -0.830161 0.041199 0.556 -0.68685 0.035096 0.725951 -0.418703 0.025369 0.907769 -0.592992 -0.643892 0.483491 -0.783221 -0.342638 0.51881 -0.946231 -0.168422 -0.27619 -0.493312 0.481583 0.724376 -0.718591 0.023493 0.695036 -0.606762 0.58137 0.542078 -0.752628 0.398796 0.52394 -0.256259 0.3267 0.909724 -0.624346 -0.655627 0.424671 -0.493074 0.3757 0.784683 -0.423015 -0.291794 0.857855 -0.552203 0.687315 0.471879 -0.647685 -0.727937 0.224971 -0.871563 -0.350571 0.342751 -0.553572 0.74331 0.375565 -0.557469 -0.74136 0.373649 -0.837319 0.40104 0.37157 -0.493408 0.767519 0.409223 -0.982016 0.019562 0.187782 -0.874888 -0.440371 -0.201604 -0.940293 0.011729 0.340165 -0.83439 0.550397 -0.029279 -0.657119 0.729529 0.18969 -0.749913 -0.630683 0.199675 -0.950554 -0.262153 0.166504 -0.774368 -0.612065 -0.160407 -0.389865 -0.904978 -0.170351 -0.383544 -0.868797 0.313187 -0.598435 -0.526061 0.604264 -0.798206 -0.222964 0.559602 -0.996305 0.070524 0.049019 -0.930203 -0.252632 -0.26627 -0.887422 0.088218 0.452437 -0.629704 -0.575174 -0.522157 -0.293396 -0.692378 0.65919 -0.442265 -0.19768 0.874828 -0.291572 -0.440249 0.849215 -0.618801 0.021553 0.785252 -0.914608 0.12732 -0.383773 -0.943379 0.317015 0.09766 -0.697153 -0.203608 -0.687402 -0.65388 0.225077 0.722345 -0.266323 0.029374 0.963436 -0.653868 0.115499 -0.747741 -0.81021 0.377699 -0.448223 -0.904526 0.42289 0.054742 -0.398849 -0.158314 -0.903248 -0.349961 -0.440008 -0.826994 -0.31905 -0.751547 -0.577394 -0.471702 0.373833 -0.798591 -0.291357 0.109481 -0.950329 -0.585087 0.15263 0.796478 0.119306 -0.762758 -0.635584 -0.119302 -0.762735 -0.635612 -0.144926 -0.97727 0.154725 0.148863 -0.977289 0.150818 -0.604696 -0.794436 -0.056698 -0.555793 -0.518601 -0.649729 0.608618 -0.792592 -0.037193 0.559761 -0.516702 -0.647833 -0.068498 -0.653752 0.753603 0.597324 -0.556258 0.577738 0.084159 -0.649809 0.755424 -0.597191 -0.548268 0.585461 -0.983101 -0.164518 0.080292 -0.645217 -0.046921 -0.762557 0.982246 -0.172232 0.074362 0.712832 -0.076389 -0.697162 0.001955 -0.154593 0.987976 0.627734 -0.056648 0.776364 0.00782 -0.146869 0.989125 -0.624395 -0.017547 0.780911 -0.76115 -0.035237 0.647619 -0.997105 0.054738 -0.052783 -0.718052 0.044965 -0.694536 0.996311 0.060677 -0.060677 0.761136 -0.03519 0.647637 0.630008 0.05281 -0.774791 0.058746 -0.056767 0.996658 -0.07634 -0.041102 0.996234 -0.89447 0.232922 0.381669 -0.956912 0.240694 -0.162434 -0.53992 0.103682 -0.835307 0.895428 0.24243 0.373411 0.975418 0.18999 -0.111639 0.868276 0.084091 0.488903 0.449808 -0.559363 0.696265 0.641929 0.170266 -0.74762 -0.00391 -0.242567 0.970127 -0.434779 -0.656067 0.616883 -0.655368 0.755147 -0.015664 -0.543977 0.500954 -0.673152 0.70219 0.711965 -0.005865 0.652216 0.611089 0.448536 0.528289 0.749387 0.399161 0.442539 0.509117 -0.738213 -0.860719 0.080204 0.502722 -0.506263 0.758417 0.410489 -0.00391 0.816356 -0.577536 0.019574 0.996095 0.086093 -0.001955 0.863986 0.503512 0.033236 0.911195 0.410632 -0.63766 0.588726 0.496782 0.074388 0.370033 -0.926036 0.090025 -0.5324 -0.841692 0.064469 0.528022 -0.84678 0.072387 -0.518904 -0.851762 0.097754 -0.993248 -0.062467 0.135135 -0.989084 -0.058746 0.062658 -0.409162 -0.910308 0.045063 0.552346 -0.832396 0.082207 -0.991189 -0.103855 0.089934 -0.574831 0.813315 0.099653 -0.617722 0.780057 -0.187818 -0.54977 -0.813927 -0.28992 0.591642 -0.752267 -0.131226 -0.990975 0.027371 0.076351 -0.577758 0.812629 0.107572 0.418601 0.901777 0.105687 0.571413 0.813829 -0.023456 -0.533965 0.845181 0.054794 0.65342 0.75501 0.139045 0.988654 -0.056839 0.09203 0.994646 -0.047016 -0.089884 0.53748 0.838472 0.041103 0.994711 -0.094126 -0.134945 0.989443 0.052834 -0.005865 0.050902 -0.998686 -0.105667 0.029349 -0.993968 0.07236 0.005865 -0.997361 -0.005865 0.025415 -0.99966 -0.013685 -0.093936 -0.995484 0.044966 -0.060559 -0.997151 -0.530291 0.772954 0.34833 -0.984824 -0.070485 0.158598 -0.614418 0.786649 0.060607 0.516543 0.849227 0.109531 0.555165 0.754557 0.349908 0.334429 -0.940714 0.056696 -0.600246 -0.793819 0.097752 -0.618158 -0.776637 0.121309 -0.439929 -0.893518 0.089931 0.985007 -0.076372 0.154687 0.560976 -0.824835 0.070381 0.558016 -0.818428 0.13709 0.622515 0.698809 0.352337 0.749585 0.567577 0.340556 0.935827 0 0.352461 0.877147 0.362251 0.315256 0 0.934562 0.355801 0 0.938871 0.344269 0.3639 0.876564 0.314979 0.688321 0.684363 0.240543 0.939504 0 0.342539 0.970606 0 0.240673 0 0.970612 0.24065 0 -0.001957 0.999998 0.448508 -0.066599 0.891294 0.354141 0.180003 0.917705 0.999283 -0.013689 0.035287 0.850383 -0.525875 0.017452 0.262277 -0.193751 0.945342 0.88041 0.469531 0.066473 0.168416 0.256534 0.951749 0.817619 0.054769 -0.573149 0.752592 -0.338175 -0.565016 0.281796 -0.407055 0.868848 0.483529 -0.831965 -0.272092 0.38933 -0.479373 -0.786527 0.534067 0.845114 0.023556 0.583262 0.364008 -0.726157 0 0.344269 0.938871 0 -0.546087 0.837728 0 -0.931433 -0.363914 0 -0.359928 -0.93298 0 0.888083 -0.459682 0.234937 0.489424 -0.839803 0 0.4851 -0.874458 0.637483 0.056703 0.768375 0.995366 0.007822 0.095841 0.857645 0.505213 0.09594 0.522556 0.367945 0.769124 0.580572 -0.269781 0.768215 0.76705 -0.068488 -0.637921 0.698424 0.324728 -0.637774 0.866031 -0.490716 0.09585 0.443857 0.629667 -0.637582 0.490716 0.866031 0.09585 0.269781 0.580572 0.768215 0.367945 -0.522556 0.769124 0.629667 -0.443857 -0.637582 0.505213 -0.857645 0.09594 0 0.769599 -0.638527 0 0.914181 0.405307 0 0.638466 0.76965 0 -0.638466 0.76965 0.324728 -0.698424 -0.637774 0 -0.974368 -0.22496 0 -0.774851 -0.632144 0.655584 -0.305237 0.690681 0.416344 -0.592242 0.68986 0.696604 -0.395273 0.598751 0.405129 -0.690855 0.598824 0.804489 -0.459967 0.375803 0.467585 -0.800179 0.375604 0.792592 -0.55769 0.246537 0.965254 -0.08616 0.246701 0.926563 0.003918 0.376118 0 -0.942443 0.334366 0.408992 -0.878592 0.246578 0 -0.823563 0.567225 0.800735 0.005873 0.59899 0 -0.969107 0.24664 0 -0.722646 0.691218 0.720165 0.064583 0.69079 0.592242 0.416344 0.68986 0.690822 0.405086 0.598891 0.80013 0.467613 0.375673 0.878603 0.408975 0.246568 0.557716 0.792561 0.246576 0.459967 0.804489 0.375803 0 0.969113 0.246617 0 0.90806 0.41884 0.39528 0.696622 0.598725 0 0.774898 0.632087 0.305237 0.655584 0.690681 0 0.722646 0.691218 -0.354141 0.180003 0.917705 -0.448508 -0.066599 0.891294 -0.168416 0.256534 0.951749 -0.88041 0.469531 0.066473 -0.999283 -0.013689 0.035287 -0.850383 -0.525875 0.017452 -0.262277 -0.193751 0.945342 -0.534067 0.845114 0.023556 -0.583262 0.364008 -0.726157 -0.817619 0.054769 -0.573149 -0.752592 -0.338175 -0.565016 -0.281796 -0.407055 0.868848 -0.234937 0.489424 -0.839803 -0.38933 -0.479373 -0.786527 -0.483529 -0.831965 -0.272092 -0.637455 0.056705 0.768398 -0.857645 0.505213 0.09594 -0.995366 0.007822 0.095841 -0.522556 0.367945 0.769124 -0.580572 -0.269781 0.768215 -0.443857 0.629667 -0.637582 -0.698424 0.324728 -0.637774 -0.490716 0.866031 0.09585 -0.76705 -0.068488 -0.637921 -0.866031 -0.490716 0.09585 -0.269781 0.580572 0.768215 -0.367924 -0.522561 0.769131 -0.629696 -0.443843 -0.637563 -0.505213 -0.857645 0.09594 -0.324728 -0.698424 -0.637774 -0.655584 -0.305237 0.690681 -0.696635 -0.39524 0.598737 -0.416344 -0.592242 0.68986 -0.405129 -0.690855 0.598824 -0.804506 -0.459949 0.375789 -0.467577 -0.800164 0.375645 -0.792592 -0.55769 0.246537 -0.965251 -0.08612 0.246725 -0.926563 0.003918 0.376118 -0.408992 -0.878592 0.246578 -0.800718 0.005873 0.599013 -0.720165 0.064583 0.69079 -0.592242 0.416344 0.68986 -0.690841 0.405092 0.598865 -0.800165 0.467558 0.375667 -0.557716 0.792561 0.246576 -0.87862 0.408936 0.246573 -0.459967 0.804489 0.375803 -0.39526 0.696628 0.598731 -0.305237 0.655584 0.690681 -0.655434 0.305259 -0.690814 -0.696628 0.39526 -0.598731 -0.416336 0.592197 -0.689903 -0.405109 0.690862 -0.59883 -0.80452 0.459957 -0.375748 -0.467569 0.80015 -0.375686 -0.792561 0.557716 -0.246576 -0.965245 0.086128 -0.246748 -0.926563 -0.003918 -0.376118 -0.408992 0.878592 -0.246578 0 0.942433 -0.334396 0 0.823532 -0.567269 -0.800701 -0.005873 -0.599036 0 0.96909 -0.246707 0 0.722574 -0.691294 -0.720164 -0.064575 -0.690793 -0.592197 -0.416336 -0.689903 -0.690855 -0.405129 -0.598824 -0.800181 -0.467559 -0.37563 -0.557716 -0.792561 -0.246576 -0.878613 -0.40898 -0.246523 -0.459967 -0.804489 -0.375803 0 -0.96909 -0.246707 0 -0.908096 -0.418762 -0.395273 -0.696604 -0.598751 0 -0.774898 -0.632087 -0.305259 -0.655434 -0.690814 0 -0.722574 -0.691294 0.655461 0.305249 -0.690792 0.416336 0.592197 -0.689903 0.696622 0.39528 -0.598725 0.405122 0.690837 -0.598849 0.804489 0.459967 -0.375803 0.467577 0.800164 -0.375645 0.792561 0.557716 -0.246576 0.965247 0.086167 -0.246724 0.926563 -0.003918 -0.376118 0.408958 0.878614 -0.246557 0.800718 -0.005873 -0.599013 0.720164 -0.064575 -0.690793 0.592197 -0.416336 -0.689903 0.69083 -0.405142 -0.598843 0.800164 -0.467577 -0.375645 0.878603 -0.408975 -0.246568 0.557716 -0.792561 -0.246576 0.459967 -0.804489 -0.375803 0.395273 -0.696604 -0.598751 0.305259 -0.655434 -0.690814 0 -0.97059 -0.24074 0 -0.934538 -0.355864 0.363961 -0.87652 -0.315032 0 -0.938871 -0.344269 0.622487 -0.698838 -0.352328 0.68828 -0.684418 -0.240505 0.74963 -0.567563 -0.340481 0.935838 0 -0.35243 0.877169 -0.362221 -0.31523 0.935854 0 -0.352388 0.970601 0 -0.240695 0.877177 0.3622 -0.315232 0.750411 0.566265 -0.340922 0.622879 0.697365 -0.354548 0.68828 0.684418 -0.240505 0 0.938871 -0.344269 0 0.933629 -0.358241 0.363691 0.876005 -0.316772 0 0.970137 -0.242558 -0.363961 -0.87652 -0.315032 -0.622456 -0.698851 -0.352358 -0.688259 -0.684444 -0.24049 -0.93585 0 -0.352398 -0.74961 -0.567596 -0.340472 -0.877169 -0.362221 -0.31523 -0.935854 0 -0.352388 -0.970595 0 -0.240717 -0.877169 0.362221 -0.31523 -0.622908 0.697344 -0.354537 -0.688284 0.684422 -0.240482 -0.750407 0.566214 -0.341016 -0.750406 0.566214 -0.341016 -0.363676 0.876026 -0.316732 -0.3639 0.876564 0.314979 -0.622504 0.698797 0.352379 -0.688325 0.684367 0.24052 -0.935838 0 0.35243 -0.749585 0.567577 0.340556 -0.877147 0.362251 0.315256 -0.939498 0 0.342555 -0.970601 0 0.240695 -0.877162 -0.362242 0.315227 -0.622927 -0.697312 0.354569 -0.688325 -0.684367 0.24052 -0.750451 -0.5662 0.340941 0 -0.933645 0.358199 0 -0.938871 0.344269 -0.363694 -0.876011 0.316751 0 -0.970143 0.242536 0.877147 -0.362251 0.315256 0.750414 -0.566304 0.34085 0.622898 -0.697332 0.354579 0.688321 -0.684363 0.240543 0.750414 -0.566303 0.34085 0.363711 -0.875997 0.316769 0.240669 -0.97059 -0.005722 0.303035 -0.948157 0.09575 0.240713 -0.970578 -0.005914 -0.745734 -0.638015 0.191881 0.180081 -0.955217 0.234799 -0.649915 -0.542248 0.53252 0.405357 -0.834129 0.374051 0.504927 -0.833821 0.223141 -0.490899 -0.395179 0.776436 0.588575 -0.772433 0.238596 -0.1879 -0.148775 0.970855 0.572696 -0.58837 0.570824 0.640138 -0.698855 0.3191 0.06463 0.04501 0.996894 0.217125 0.174131 0.960487 0.702891 -0.552159 0.448403 -0.914944 0.402658 -0.027276 -0.8807 0.463858 0.095938 -0.762764 0.543779 0.349994 -0.708344 0.677088 0.199503 -0.915789 0.317184 0.246423 -0.675741 0.708978 0.201802 -0.479592 0.677302 0.557901 -0.589378 0.757783 0.279996 -0.391833 0.814896 0.427096 -0.113509 0.960908 -0.252529 0.672604 0.576913 -0.463438 0.581194 0.495128 -0.645803 0.068553 0.969618 -0.234822 -0.379467 0.813788 -0.440174 -0.399494 0.802851 -0.442531 -0.099879 0.938243 -0.331246 0.252634 0.203709 -0.945875 -0.384133 0.670261 -0.634974 0.025428 0.013732 -0.999582 -0.330294 0.537483 -0.775898 0.595043 -0.510807 -0.620484 0.75896 -0.506736 -0.408898 0.457899 -0.456042 -0.763122 0.929315 -0.260171 -0.262078 0.966904 -0.07839 -0.242799 0.888405 -0.279811 -0.363926 0.694912 -0.555987 -0.456043 -0.97058 -0.240708 -0.005913 -0.948129 -0.303065 0.095936 -0.834159 -0.405313 0.374033 -0.955222 -0.180058 0.2348 -0.833832 -0.504896 0.223169 -0.638021 0.745732 0.191869 -0.542281 0.64986 0.532553 -0.772292 -0.588694 0.238758 -0.395074 0.49094 0.776463 -0.148764 0.187878 0.970861 -0.588327 -0.572736 0.570828 -0.698874 -0.640115 0.319104 0.045046 -0.064654 0.996891 0.174095 -0.217049 0.96051 -0.552162 -0.702873 0.448427 0.4027 0.914926 -0.027274 0.463878 0.880688 0.095947 0.543738 0.762783 0.350014 0.677044 0.708384 0.199507 0.317025 0.915786 0.246639 0.708982 0.675742 0.201788 0.677332 0.479526 0.557921 0.757784 0.589375 0.280001 0.814943 0.391774 0.42706 0.960911 0.113486 -0.25253 0.576815 -0.672677 -0.463455 0.495051 -0.581303 -0.645765 0.96957 -0.068666 -0.234989 0.813873 0.379408 -0.440068 0.80283 0.399579 -0.442493 0.938287 0.099942 -0.331104 0.20368 -0.252546 -0.945904 0.670263 0.384145 -0.634965 0.013692 -0.025366 -0.999584 0.537456 0.330346 -0.775894 -0.510836 -0.595069 -0.620435 -0.506616 -0.759044 -0.408892 -0.455952 -0.45796 -0.763139 -0.260221 -0.9293 -0.262081 -0.078302 -0.966905 -0.242823 -0.27981 -0.888412 -0.363909 -0.555974 -0.694898 -0.456081 -0.240713 0.970578 -0.005914 -0.303035 0.948157 0.09575 -0.240669 0.970589 -0.005912 -0.405357 0.834129 0.374051 -0.180081 0.955217 0.234799 -0.504927 0.833821 0.223141 0.745734 0.638015 0.191881 0.649915 0.542248 0.53252 -0.588575 0.772433 0.238596 0.490899 0.395179 0.776436 0.1879 0.148775 0.970855 -0.572697 0.588182 0.571017 -0.640099 0.698812 0.319272 -0.06463 -0.0452 0.996885 -0.217125 -0.174131 0.960487 -0.702891 0.552159 0.448403 0.914944 -0.402658 -0.027276 0.880684 -0.463849 0.096127 0.762764 -0.543779 0.349994 0.708435 -0.676985 0.199528 0.915802 -0.316997 0.246617 0.675741 -0.708978 0.201802 0.479592 -0.677302 0.557901 0.589378 -0.757783 0.279996 0.391772 -0.81496 0.427029 0.113509 -0.960908 -0.252529 -0.672604 -0.576913 -0.463438 -0.581194 -0.495128 -0.645803 -0.068547 -0.969531 -0.235182 0.379526 -0.813724 -0.440243 0.399494 -0.802851 -0.442531 0.099903 -0.93828 -0.331135 -0.252634 -0.203709 -0.945875 0.384133 -0.670261 -0.634974 -0.025428 -0.013541 -0.999585 0.330294 -0.537483 -0.775898 -0.595043 0.510807 -0.620484 -0.75896 0.506736 -0.408898 -0.457938 0.455891 -0.763188 -0.929269 0.260349 -0.262065 -0.966904 0.07839 -0.242799 -0.888405 0.279811 -0.363926 -0.694912 0.555987 -0.456043 0.970578 0.240707 -0.006104 0.948146 0.303071 0.095747 0.97058 0.240708 -0.005913 0.834094 0.405473 0.374004 0.955222 0.180058 0.2348 0.833832 0.504896 0.223169 0.638111 -0.745647 0.191896 0.542214 -0.64997 0.532487 0.772413 0.588596 0.238605 0.395074 -0.49094 0.776463 0.148764 -0.187878 0.970861 0.588327 0.572736 0.570828 0.698874 0.640115 0.319104 -0.045046 0.064654 0.996891 -0.174088 0.217231 0.960471 0.552088 0.702969 0.448367 -0.4027 -0.914926 -0.027274 -0.4638 -0.880731 0.095931 -0.543738 -0.762783 0.350014 -0.677044 -0.708384 0.199507 -0.317025 -0.915786 0.246639 -0.709073 -0.675638 0.201814 -0.67727 -0.479673 0.55787 -0.757784 -0.589375 0.280001 -0.814943 -0.391774 0.42706 -0.960911 -0.113486 -0.25253 -0.576815 0.672677 -0.463455 -0.495051 0.581303 -0.645765 -0.969526 0.068663 -0.23517 -0.813746 -0.37954 -0.44019 -0.802891 -0.399419 -0.442527 -0.938287 -0.099942 -0.331104 -0.20368 0.252546 -0.945904 -0.670263 -0.384145 -0.634965 -0.013692 0.025366 -0.999584 -0.53749 -0.330176 -0.775943 0.510894 0.594945 -0.620506 0.506616 0.759044 -0.408892 0.455952 0.45796 -0.763139 0.260221 0.9293 -0.262081 0.078288 0.966918 -0.242778 0.279858 0.888372 -0.363971 0.5559 0.694997 -0.45602 0 0.912399 0.409302 -0.976629 -0.039143 0.211336 0 -0.174134 0.984722 0 0.992846 0.1194 0 -0.99354 0.113487 -0.981216 0.176266 0.078392 0 -0.998383 0.056839 0 0.997782 0.066566 -0.93903 -0.338443 0.060654 0 -0.997085 0.076294 0.976629 -0.039143 0.211336 0.981216 0.176266 0.078392 0.93903 -0.338443 0.060654</float_array>
          <technique_common>
            <accessor source="#geom-Pianta-normals-array" count="1003" stride="3">
              <param name="X" type="float"/>
              <param name="Y" type="float"/>
              <param name="Z" type="float"/>
            </accessor>
          </technique_common>
        </source>
        <source id="geom-Pianta-map1">
          <float_array id="geom-Pianta-map1-array" count="1521">0.049752 0.767178 0 0.057092 0.770306 0 0.050408 0.783955 0 0.044625 0.782124 0 0.041726 0.764035 0 0.036172 0.762356 0 0.038132 0.753567 0 0.039506 0.781109 0 0.027207 0.759541 0 0.032151 0.778393 0 0.02871 0.738308 0 0.046067 0.749783 0 0.031334 0.791417 0 0.038788 0.794492 0 0.044236 0.795476 0 0.015625 0.781651 0 0.01667 0.757824 0 0.017403 0.741901 0 0.018006 0.721126 0 0.028954 0.720447 0 0.04049 0.734859 0 0.05272 0.737743 0 0.030411 0.818509 0 0.014488 0.816869 0 0.038552 0.818502 0 0.003334 0.780819 0 0.003334 0.753094 0 0.039391 0.720462 0 0.038399 0.706065 0 0.027054 0.706836 0 0.048898 0.727245 0 0.054055 0.716625 0 0.030411 0.841985 0 0.039139 0.841833 0 0.044472 0.840703 0 0.043816 0.818761 0 0.003334 0.815137 0 0.003334 0.71014 0 0.049615 0.717777 0 0.048592 0.707988 0 0.052735 0.697261 0 0.050233 0.79633 0 0.049569 0.818982 0 0.050309 0.839529 0 0.003334 0.845846 0 0.016892 0.70531 0 0.003334 0.68291 0 0.056825 0.796925 0 0.056786 0.78674 0 0.01397 0.850698 0 0.003235 0.872023 0 0.022278 0.678882 0 0.014015 0.68349 0 0.010422 0.669665 0 0.034386 0.684245 0 0.064408 0.775517 0 0.062814 0.789334 0 0.030632 0.854162 0 0.017395 0.657244 0 0.029702 0.666529 0 0.043999 0.689311 0 0.041169 0.665713 0 0.070451 0.782673 0 0.068925 0.797421 0 0.06363 0.797528 0 0.0346 0.653796 0 0.049813 0.674678 0 0.055276 0.663027 0 0.045747 0.651118 0 0.057359 0.688663 0 0.061997 0.69987 0 0.072854 0.796483 0 0.070031 0.818357 0 0.063592 0.81854 0 0.056123 0.819051 0 0.061265 0.678592 0 0.074189 0.817769 0 0.073159 0.838331 0 0.068833 0.832822 0 0.063806 0.836072 0 0.056962 0.837911 0 0.070192 0.851225 0 0.06408 0.844503 0 0.057641 0.848386 0 0.051453 0.852186 0 0.066361 0.875662 0 0.058114 0.874449 0 0.050408 0.873617 0 0.045533 0.854017 0 0.072694 0.887404 0 0.064591 0.897665 0 0.056695 0.894537 0 0.049195 0.89266 0 0.042016 0.872808 0 0.040185 0.855016 0 0.072526 0.903006 0 0.078363 0.903471 0 0.065286 0.927092 0 0.057191 0.927016 0 0.049264 0.927588 0 0.040414 0.928748 0 0.040864 0.891905 0 0.032662 0.873594 0 0.023697 0.875937 0 0.073083 0.92565 0 0.081529 0.925223 0 0.072992 0.950324 0 0.06527 0.957527 0 0.05742 0.963386 0 0.049958 0.968872 0 0.033822 0.891531 0 0.034676 0.926513 0 0.024155 0.893187 0 0.013573 0.875212 0 0.080095 0.948409 0 0.075326 0.963493 0 0.069223 0.974014 0 0.062211 0.9822 0 0.055268 0.988701 0 0.023339 0.924132 0 0.03444 0.958 0 0.014275 0.894087 0 0.003334 0.894804 0 0.047005 0.996391 0 0.013191 0.918166 0 0.041558 0.974945 0 0.035416 0.980354 0 0.003334 0.922522 0 0.113161 0.837011 0 0.086984 0.836355 0 0.116831 0.815953 0 0.116747 0.857374 0 0.086984 0.740139 0 0.086984 0.931739 0 0.114084 0.762028 0 0.129068 0.809956 0 0.114923 0.912589 0 0.130137 0.862753 0 0.086984 0.674548 0 0.086984 0.994293 0 0.132395 0.701892 0 0.165988 0.770825 0 0.136835 0.819188 0 0.135752 0.967681 0 0.136919 0.85182 0 0.166712 0.898375 0 0.244388 0.706989 0 0.243297 0.692775 0 0.253918 0.717288 0 0.256931 0.673075 0 0.26389 0.693515 0 0.235355 0.672068 0 0.270123 0.711131 0 0.264248 0.724979 0 0.280751 0.662531 0 0.245617 0.634478 0 0.263104 0.625841 0 0.281338 0.683871 0 0.281163 0.701778 0 0.227352 0.655474 0 0.280644 0.729961 0 0.236996 0.589273 0 0.280713 0.633783 0 0.254688 0.582368 0 0.266667 0.610933 0 0.27332 0.622339 0 0.295476 0.693103 0 0.291638 0.710178 0 0.214923 0.646128 0 0.202281 0.603212 0 0.298016 0.722599 0 0.23135 0.552491 0 0.285382 0.620851 0 0.295193 0.625536 0 0.271252 0.5925 0 0.308339 0.714298 0 0.191814 0.56112 0 0.277943 0.54921 0 0.231731 0.510857 0 0.187633 0.510857 0 0.291798 0.609392 0 0.302533 0.674121 0 0.278813 0.579339 0 0.286877 0.592134 0 0.319165 0.696582 0 0.277363 0.510857 0 0.305089 0.579629 0 0.312703 0.633417 0 0.337636 0.655344 0 0.324681 0.510857 0 0.323301 0.586862 0 0.327482 0.549607 0 0.355001 0.600931 0 0.370199 0.510857 0 0.365263 0.559251 0 0.278576 0.836782 0 0.271992 0.830808 0 0.280621 0.818578 0 0.268803 0.84419 0 0.276646 0.848234 0 0.287152 0.824773 0 0.285084 0.841733 0 0.267277 0.829183 0 0.274136 0.812955 0 0.283146 0.799184 0 0.289456 0.806889 0 0.277371 0.866804 0 0.284207 0.851087 0 0.285672 0.869146 0 0.295117 0.815923 0 0.2935 0.833906 0 0.288685 0.844495 0 0.275296 0.793797 0 0.268368 0.810803 0 0.287831 0.778767 0 0.300107 0.790135 0 0.267735 0.861639 0 0.292897 0.863775 0 0.300412 0.82771 0 0.298863 0.855688 0 0.268727 0.789906 0 0.279736 0.772793 0 0.261166 0.822187 0 0.260884 0.806004 0 0.293851 0.757557 0 0.259594 0.849737 0 0.265568 0.839673 0 0.312863 0.80087 0 0.305684 0.84107 0 0.261883 0.786618 0 0.273098 0.766712 0 0.285985 0.750362 0 0.251507 0.806584 0 0.251232 0.825467 0 0.303922 0.765332 0 0.314931 0.767536 0 0.263119 0.754192 0 0.253765 0.783528 0 0.272343 0.743603 0 0.29691 0.746479 0 0.308331 0.743038 0 0.315457 0.744793 0 0.268803 0.914641 0 0.265789 0.948226 0 0.259365 0.914694 0 0.265675 0.881094 0 0.259899 0.968376 0 0.25478 0.959228 0 0.258618 0.937011 0 0.252621 0.914748 0 0.258534 0.89237 0 0.254627 0.870199 0 0.259731 0.861013 0 0.250553 0.985931 0 0.245006 0.974151 0 0.248997 0.953483 0 0.250988 0.936133 0 0.250935 0.89337 0 0.249134 0.876486 0 0.244511 0.855184 0 0.250332 0.843664 0 0.22771 0.982406 0 0.229145 0.994041 0 0.240688 0.956855 0 0.228176 0.962577 0 0.242809 0.936591 0 0.242786 0.892988 0 0.240711 0.871954 0 0.227504 0.847105 0 0.228267 0.868086 0 0.228954 0.835515 0 0.19366 0.988724 0 0.196582 0.978874 0 0.231159 0.938842 0 0.24419 0.914786 0 0.231136 0.890921 0 0.202167 0.868772 0 0.196544 0.855344 0 0.214366 0.897673 0 0.204471 0.88822 0 0.193179 0.843786 0 0.177478 0.963294 0 0.182246 0.953132 0 0.201595 0.962348 0 0.234699 0.914771 0 0.182597 0.875753 0 0.213581 0.932128 0 0.198619 0.897749 0 0.176654 0.869322 0 0.171435 0.914984 0 0.188975 0.941871 0 0.178897 0.914771 0 0.203586 0.942519 0 0.189822 0.887526 0 0.196582 0.915351 0 0.187106 0.914771 0 0.197887 0.933196 0 0.098497 0.508904 0 0.109781 0.508904 0 0.098497 0.571962 0 0.115259 0.571962 0 0.119341 0.508904 0 0.115267 0.587526 0 0.098497 0.587526 0 0.128176 0.571962 0 0.128161 0.587526 0 0.128283 0.508904 0 0.115267 0.601709 0 0.128145 0.601709 0 0.098497 0.601709 0 0.140757 0.571962 0 0.140757 0.508904 0 0.140764 0.587526 0 0.115274 0.655657 0 0.140764 0.601709 0 0.128183 0.660807 0 0.098497 0.649248 0 0.158915 0.571962 0 0.151232 0.508904 0 0.158953 0.587526 0 0.115129 0.661395 0 0.140734 0.663539 0 0.158953 0.601709 0 0.128183 0.682628 0 0.097429 0.655657 0 0.170443 0.571962 0 0.161814 0.508904 0 0.17042 0.587526 0 0.158801 0.661982 0 0.140574 0.686885 0 0.170428 0.601709 0 0.170428 0.657557 0 0.171298 0.508904 0 0.180217 0.571962 0 0.180217 0.587526 0 0.180217 0.508904 0 0.180217 0.601709 0 0.170802 0.673884 0 0.158793 0.683391 0 0.180217 0.649126 0 0.179644 0.654017 0 0.226184 0.695872 0 0.218418 0.757572 0 0.205631 0.679927 0 0.226627 0.756855 0 0.220035 0.672259 0 0.228038 0.791188 0 0.217281 0.791585 0 0.205898 0.761585 0 0.19089 0.671603 0 0.20544 0.661479 0 0.194903 0.757877 0 0.184833 0.696414 0 0.22475 0.810414 0 0.215923 0.815045 0 0.20602 0.793744 0 0.194713 0.791943 0 0.185183 0.757389 0 0.196284 0.81548 0 0.187366 0.811177 0 0.183894 0.791829 0 0.062089 0.510346 0 0.061257 0.548249 0 0.052277 0.510346 0 0.070848 0.510346 0 0.078294 0.548592 0 0.077813 0.560929 0 0.061097 0.560784 0 0.049531 0.554353 0 0.037209 0.510346 0 0.079805 0.510346 0 0.091127 0.510346 0 0.091127 0.556283 0 0.091127 0.583482 0 0.077562 0.592187 0 0.062669 0.609598 0 0.050111 0.612833 0 0.019577 0.54403 0 0.018929 0.510346 0 0.036217 0.543839 0 0.036416 0.565026 0 0.037812 0.611215 0 0.004402 0.553857 0 0.036202 0.555108 0 0.019814 0.555505 0 0.004402 0.510346 0 0.019768 0.565591 0 0.02002 0.594377 0 0.004402 0.586625 0 0.499354 0.605266 0 0.508561 0.70177 0 0.616037 0.604808 0 0.561007 0.510167 0 0.384461 0.604908 0 0.391655 0.70177 0 0.490906 0.70177 0 0.438414 0.510167 0 0.499483 0.510167 0 0.608681 0.70177 0 0.623267 0.510167 0 0.377049 0.510167 0 0.406393 1.018906 0 0.387441 0.92595 0 0.423014 0.92595 0 0.387539 0.91448 0 0.348982 0.91448 0 0.348982 0.92595 0 0.367078 1.018906 0 0.423365 0.91448 0 0.457908 0.92595 0 0.439978 1.018906 0 0.387501 0.897879 0 0.348982 0.899972 0 0.311882 0.92595 0 0.311882 0.91448 0 0.312525 0.899771 0 0.330529 1.018906 0 0.457908 0.91448 0 0.423828 0.899754 0 0.49464 0.92595 0 0.473679 1.018906 0 0.275231 0.92595 0 0.295524 1.018906 0 0.275231 0.91448 0 0.277159 0.890815 0 0.49464 0.91448 0 0.461118 0.898862 0 0.493507 0.899636 0 0.403259 0.880718 0 0.403324 0.866801 0 0.434452 0.866801 0 0.43438 0.880718 0 0.372359 0.880718 0 0.403435 0.852922 0 0.434471 0.852922 0 0.372359 0.866801 0 0.465572 0.852922 0 0.465572 0.866801 0 0.465572 0.880718 0 0.341784 0.880718 0 0.372359 0.852922 0 0.341784 0.866801 0 0.496428 0.852922 0 0.49704 0.866801 0 0.496408 0.880718 0 0.310972 0.880718 0 0.341784 0.852922 0 0.310972 0.866801 0 0.310972 0.852922 0 0.533018 0.70177 0 0.469447 0.70177 0 0.53671 0.637133 0 0.464607 0.637133 0 0.538905 0.573864 0 0.461431 0.573864 0 0.538905 0.510167 0 0.619197 0.510167 0 0.617936 0.573864 0 0.542927 0.637133 0 0.381192 0.573864 0 0.460822 0.510167 0 0.385433 0.637133 0 0.457341 0.637133 0 0.613128 0.637133 0 0.54903 0.70177 0 0.451306 0.70177 0 0.606774 0.70177 0 0.422141 0.724338 0 0.429351 0.732761 0 0.411917 0.72137 0 0.393919 0.719059 0 0.428222 0.762219 0 0.427199 0.793133 0 0.449386 0.779675 0 0.441001 0.728008 0 0.440047 0.804746 0 0.456428 0.728611 0 0.455955 0.806805 0 0.468841 0.772671 0 0.467956 0.738956 0 0.471054 0.79395 0 0.496628 0.757626 0 0.492027 0.74332 0 0.419623 0.833104 0 0.4365 0.817555 0 0.388685 0.768414 0 0.408522 0.835164 0 0.371008 0.83846 0 0.385054 0.839757 0 0.397673 0.827779 0 0.363661 0.770191 0 0.356336 0.82359 0 0.325177 0.805936 0 0.329313 0.816968 0 0.363767 0.617868 0 0.36788 0.617868 0 0.367819 0.60573 0 0.359045 0.681674 0 0.371763 0.617868 0 0.36788 0.681674 0 0.376249 0.681674 0 0.356329 0.742603 0 0.36788 0.742603 0 0.379362 0.742603 0 0.367819 0.617868 0 0.367819 0.681674 0 0.367819 0.742603 0</float_array>
          <technique_common>
            <accessor source="#geom-Pianta-map1-array" count="507" stride="3">
              <param name="S" type="float"/>
              <param name="T" type="float"/>
              <param name="P" type="float"/>
            </accessor>
          </technique_common>
        </source>
        <vertices id="geom-Pianta-vertices">
          <input semantic="POSITION" source="#geom-Pianta-positions"/>
        </vertices>
        <triangles material="Pianta" count="1730">
          <input semantic="VERTEX" source="#geom-Pianta-vertices" offset="0"/>
          <input semantic="NORMAL" source="#geom-Pianta-normals" offset="1"/>
          <input semantic="TEXCOORD" source="#geom-Pianta-map1" offset="2" set="0"/>
          <p>0 0 0 1 1 1 2 2 2 0 0 0 3 3 3 4 4 4 0 0 0 2 2 2 3 3 3 4 4 4 5 5 5 6 6 6 4 4 4 7 7 7 5 5 5 4 4 4 3 3 3 7 7 7 5 5 5 8 8 8 6 6 6 5 5 5 7 7 7 9 9 9 5 5 5 9 9 9 8 8 8 6 6 6 10 10 10 11 11 11 6 6 6 8 8 8 10 10 10 7 7 7 12 12 12 9 9 9 7 7 7 13 13 13 12 12 12 7 7 7 3 3 3 13 13 13 3 3 3 14 14 14 13 13 13 3 3 3 2 2 2 14 14 14 8 8 8 15 15 15 16 16 16 8 8 8 9 9 9 15 15 15 8 8 8 17 17 17 10 10 10 8 8 8 16 16 16 17 17 17 9 9 9 12 12 12 15 15 15 10 10 10 18 18 18 19 19 19 10 10 10 17 17 17 18 18 18 10 10 10 19 19 19 20 20 20 10 10 10 20 20 20 11 11 11 11 11 11 20 20 20 21 21 21 12 12 12 22 22 22 23 23 23 12 12 12 13 13 13 22 22 22 12 12 12 23 23 23 15 15 15 13 13 13 24 24 24 22 22 22 13 13 13 14 14 14 24 24 24 15 15 15 25 25 25 16 16 16 15 15 15 23 23 23 25 25 25 16 16 16 25 25 25 26 26 26 16 16 16 26 26 26 17 17 17 17 17 17 26 26 26 18 18 18 19 19 19 27 27 27 20 20 20 19 19 19 28 28 28 27 27 27 19 19 19 29 29 29 28 28 28 19 19 19 18 18 18 29 29 29 20 20 20 27 27 27 30 30 30 20 20 20 30 30 30 21 21 21 21 21 21 30 30 30 31 31 31 22 22 22 32 32 32 23 23 23 22 22 22 33 33 33 32 32 32 22 22 22 24 24 24 33 33 33 24 24 24 34 34 34 33 33 33 24 24 24 35 35 35 34 34 34 24 24 24 14 14 14 35 35 35 25 25 25 23 23 23 36 36 36 26 26 26 37 37 37 18 18 18 30 30 30 27 27 27 38 38 38 30 30 30 38 38 38 31 31 31 31 31 31 38 38 38 39 39 39 31 31 31 39 39 39 40 40 40 35 35 35 14 14 14 41 41 41 35 35 35 41 41 41 42 42 42 35 35 35 43 43 43 34 34 34 35 35 35 42 42 42 43 43 43 14 14 14 2 2 2 41 41 41 36 36 36 23 23 23 44 44 44 37 37 37 45 45 45 18 18 18 37 37 37 46 46 46 45 45 45 18 18 18 45 45 45 29 29 29 38 38 38 27 27 27 39 39 39 41 41 41 47 47 47 42 42 42 41 41 41 2 2 2 48 48 48 41 41 41 48 48 48 47 47 47 2 2 2 1 1 1 48 48 48 23 23 23 49 49 49 44 44 44 23 23 23 32 32 32 49 49 49 44 44 44 49 49 49 50 50 50 45 45 45 51 51 51 29 29 29 45 45 45 52 52 52 51 51 51 45 45 45 46 46 46 52 52 52 46 46 46 53 53 53 52 52 52 29 29 29 54 54 54 28 28 28 29 29 29 51 51 51 54 54 54 27 27 27 28 28 28 39 39 39 1 1 1 55 55 55 48 48 48 48 48 48 55 55 55 56 56 56 48 48 48 56 56 56 47 47 47 32 32 32 33 33 33 57 57 57 32 32 32 57 57 57 49 49 49 52 52 52 53 53 53 51 51 51 51 51 51 53 53 53 58 58 58 51 51 51 58 58 58 59 59 59 51 51 51 59 59 59 54 54 54 54 54 54 60 60 60 28 28 28 54 54 54 61 61 61 60 60 60 54 54 54 59 59 59 61 61 61 28 28 28 60 60 60 39 39 39 39 39 39 60 60 60 40 40 40 55 55 55 62 62 62 56 56 56 56 56 56 62 62 62 63 63 63 56 56 56 64 64 64 47 47 47 56 56 56 63 63 63 64 64 64 58 58 58 65 65 65 59 59 59 59 59 59 65 65 65 61 61 61 60 60 60 66 66 66 40 40 40 60 60 60 61 61 61 66 66 66 61 61 61 11 67 67 66 66 66 61 61 61 6 6 68 11 67 67 61 61 61 65 65 65 6 6 68 40 40 40 66 66 66 67 68 69 40 40 40 67 68 69 31 31 70 62 62 62 68 69 71 63 63 63 63 63 63 68 69 71 69 70 72 63 63 63 70 71 73 64 64 64 63 63 63 69 70 72 70 71 73 64 64 64 71 72 74 47 47 47 64 64 64 70 71 73 71 72 74 47 47 47 71 72 74 42 42 42 66 66 66 11 67 67 67 68 69 11 67 67 21 21 75 67 68 69 67 68 69 21 21 75 31 31 70 68 69 71 72 73 76 69 70 72 69 70 72 72 73 76 73 74 77 69 70 72 73 74 77 74 75 78 69 70 72 74 75 78 70 71 73 70 71 73 74 75 78 75 76 79 70 71 73 75 76 79 71 72 74 71 72 74 75 76 79 76 77 80 71 72 74 76 77 80 42 42 42 42 42 42 76 77 80 43 43 43 73 74 77 77 78 81 74 75 78 74 75 78 77 78 81 78 79 82 74 75 78 78 79 82 75 76 79 75 76 79 78 79 82 76 77 80 76 77 80 78 79 82 79 80 83 76 77 80 79 80 83 43 43 43 43 43 43 79 80 83 80 81 84 43 43 43 80 81 84 34 34 34 77 78 81 81 82 85 78 79 82 78 79 82 81 82 85 79 80 83 79 80 83 81 82 85 82 83 86 79 80 83 82 83 86 80 81 84 80 81 84 82 83 86 83 84 87 80 81 84 84 85 88 34 34 34 80 81 84 83 84 87 84 85 88 34 34 34 84 85 88 33 33 33 81 82 85 77 78 89 85 86 90 81 82 85 86 87 91 82 83 86 81 82 85 85 86 90 86 87 91 82 83 86 87 88 92 83 84 87 82 83 86 86 87 91 87 88 92 83 84 87 87 88 92 88 89 93 83 84 87 88 89 93 84 85 88 84 85 88 88 89 93 89 90 94 84 85 88 89 90 94 33 33 33 33 33 33 89 90 94 57 57 57 77 78 89 90 91 95 85 86 90 77 78 89 73 74 96 90 91 95 85 86 90 90 91 95 91 92 97 85 86 90 92 93 98 86 87 91 85 86 90 91 92 97 92 93 98 86 87 91 93 94 99 87 88 92 86 87 91 92 93 98 93 94 99 87 88 92 94 95 100 95 96 101 87 88 92 93 94 99 94 95 100 87 88 92 95 96 101 88 89 93 88 89 93 96 97 102 89 90 94 88 89 93 95 96 101 96 97 102 89 90 94 96 97 102 57 57 57 57 57 57 97 98 103 49 49 49 57 57 57 96 97 102 97 98 103 90 91 95 98 99 104 91 92 97 90 91 95 73 74 96 98 99 104 73 74 96 72 73 105 98 99 104 91 92 97 99 100 106 100 101 107 91 92 97 98 99 104 99 100 106 91 92 97 100 101 107 92 93 98 92 93 98 100 101 107 101 102 108 92 93 98 101 102 108 93 94 99 93 94 99 102 103 109 94 95 100 93 94 99 101 102 108 102 103 109 95 96 101 103 104 110 96 97 102 95 96 101 104 105 111 103 104 110 95 96 101 94 95 100 104 105 111 96 97 102 103 104 110 97 98 103 97 98 103 103 104 110 105 106 112 97 98 103 105 106 112 106 107 113 97 98 103 106 107 113 49 49 49 49 49 49 106 107 113 50 50 50 98 99 104 72 73 105 68 69 114 98 99 104 68 69 114 99 100 106 99 100 106 62 62 115 100 101 107 99 100 106 68 69 114 62 62 115 100 101 107 62 62 115 55 55 116 100 101 107 55 55 116 101 102 108 101 102 108 55 55 116 1 1 117 101 102 108 0 0 118 102 103 109 101 102 108 1 1 117 0 0 118 103 104 110 104 105 111 58 58 119 103 104 110 58 58 119 105 106 112 104 105 111 94 95 100 65 65 120 104 105 111 65 65 120 58 58 119 105 106 112 107 108 121 106 107 113 105 106 112 58 58 119 107 108 121 106 107 113 107 108 121 50 50 50 50 50 50 107 108 121 108 109 122 0 0 118 4 4 123 102 103 109 58 58 119 53 53 124 107 108 121 94 95 100 109 110 125 65 65 120 94 95 100 102 103 109 109 110 125 65 65 120 109 110 125 6 6 126 107 108 121 53 53 124 108 109 122 108 109 122 53 53 124 46 46 127 4 4 123 6 6 126 109 110 125 4 4 123 109 110 125 102 103 109 110 111 128 111 112 129 112 113 130 110 111 128 113 114 131 111 112 129 111 112 129 114 115 132 112 113 130 111 112 129 113 114 131 115 116 133 112 113 130 116 117 134 117 118 135 112 113 130 114 115 132 116 117 134 113 114 131 118 119 136 115 116 133 113 114 131 119 120 137 118 119 136 114 115 132 120 121 138 116 117 134 115 116 133 118 119 136 121 122 139 116 117 134 120 121 138 122 123 140 116 117 134 122 123 140 117 118 135 117 118 135 123 124 141 124 125 142 117 118 135 122 123 140 123 124 141 118 119 136 125 126 143 121 122 139 118 119 136 119 120 137 125 126 143 119 120 137 124 125 144 123 124 145 119 120 137 123 124 145 125 126 143 126 127 146 127 128 147 128 129 148 127 128 147 129 130 149 130 131 150 127 128 147 130 131 150 128 129 148 127 128 147 131 132 151 129 130 149 128 129 148 130 131 150 132 133 152 128 129 148 132 133 152 133 134 153 129 130 149 134 135 154 130 131 150 129 130 149 131 132 151 135 136 155 129 130 149 135 136 155 136 137 156 129 130 149 136 137 156 134 135 154 130 131 150 134 135 154 137 138 157 130 131 150 137 138 157 138 139 158 130 131 150 138 139 158 132 133 152 131 132 151 139 140 159 135 136 155 132 133 152 140 141 160 133 134 153 132 133 152 138 139 158 140 141 160 135 136 155 141 142 161 136 137 156 135 136 155 139 140 159 141 142 161 136 137 156 142 143 162 134 135 154 136 137 156 143 144 163 144 145 164 136 137 156 144 145 164 145 146 165 136 137 156 141 142 161 143 144 163 136 137 156 145 146 165 142 143 162 137 138 157 134 135 154 146 147 166 137 138 157 146 147 166 138 139 158 138 139 158 147 148 167 140 141 160 138 139 158 146 147 166 147 148 167 139 140 159 148 149 168 149 150 169 139 140 159 149 150 169 141 142 161 140 141 160 147 148 167 150 151 170 141 142 161 149 150 169 151 152 171 141 142 161 151 152 171 143 144 163 142 143 162 145 146 165 152 153 172 142 143 162 152 153 172 153 154 173 142 143 162 153 154 173 134 135 154 144 145 164 143 144 163 154 155 174 147 148 167 155 156 175 150 151 170 147 148 167 146 147 166 155 156 175 149 150 169 156 157 176 151 152 171 151 152 171 157 158 177 143 144 163 151 152 171 125 126 178 157 158 177 151 152 171 121 122 179 125 126 178 151 152 171 156 157 176 121 122 179 152 153 172 158 159 180 153 154 173 134 135 154 159 160 181 146 147 166 134 135 154 153 154 173 159 160 181 154 155 174 160 161 182 161 162 183 154 155 174 143 144 163 160 161 182 155 156 175 146 147 166 162 163 184 143 144 163 157 158 177 160 161 182 125 126 178 123 124 185 157 158 177 158 159 180 161 162 183 163 164 186 158 159 180 163 164 186 153 154 173 159 160 181 162 163 184 146 147 166 159 160 181 153 154 173 164 165 187 159 160 181 164 165 187 162 163 184 160 161 182 157 158 177 163 164 186 160 161 182 163 164 186 161 162 183 162 163 184 164 165 187 165 166 188 123 124 185 122 123 189 157 158 177 163 164 186 166 167 190 164 165 187 163 164 186 164 165 187 153 154 173 163 164 186 167 168 191 166 167 190 163 164 186 157 158 177 167 168 191 164 165 187 166 167 190 165 166 188 165 166 188 166 167 190 168 169 192 122 123 189 120 121 193 167 168 191 122 123 189 167 168 191 157 158 177 166 167 190 169 170 194 168 169 192 166 167 190 167 168 191 169 170 194 167 168 191 120 121 193 169 170 194 170 171 195 171 172 196 172 173 197 170 171 195 173 174 198 171 172 196 170 171 195 174 175 199 173 174 198 170 171 195 172 173 197 175 176 200 170 171 195 175 176 200 176 177 201 170 171 195 176 177 201 174 175 199 171 172 196 173 174 198 177 178 202 171 172 196 178 179 203 172 173 197 171 172 196 177 178 202 178 179 203 172 173 197 178 179 203 179 180 204 172 173 197 179 180 204 180 181 205 172 173 197 180 181 205 175 176 200 174 175 199 181 182 206 173 174 198 174 175 199 176 177 201 182 183 207 174 175 199 183 184 208 181 182 206 174 175 199 182 183 207 183 184 208 175 176 200 180 181 205 184 185 209 175 176 200 185 186 210 176 177 201 175 176 200 184 185 209 185 186 210 176 177 201 186 187 211 182 183 207 176 177 201 185 186 210 186 187 211 178 179 203 187 188 212 179 180 204 178 179 203 188 189 213 187 188 212 178 179 203 177 178 202 188 189 213 179 180 204 189 190 214 180 181 205 179 180 204 187 188 212 189 190 214 180 181 205 189 190 214 190 191 215 180 181 205 190 191 215 184 185 209 181 182 206 191 192 216 173 174 198 182 183 207 186 187 211 192 193 217 182 183 207 192 193 217 183 184 208 184 185 209 193 194 218 185 186 210 184 185 209 190 191 215 193 194 218 185 186 210 193 194 218 194 195 219 185 186 210 194 195 219 186 187 211 186 187 211 194 195 219 192 193 217 187 188 212 188 189 213 195 196 220 187 188 212 196 197 221 189 190 214 187 188 212 195 196 220 196 197 221 188 189 213 197 198 222 198 199 223 188 189 213 198 199 223 195 196 220 188 189 213 177 178 202 197 198 222 189 190 214 199 200 224 190 191 215 189 190 214 196 197 221 199 200 224 191 192 216 200 201 225 173 174 198 173 174 198 200 201 225 201 202 226 173 174 198 201 202 226 177 178 202 193 194 218 190 191 215 202 203 227 193 194 218 203 204 228 194 195 219 193 194 218 202 203 227 203 204 228 195 196 220 198 199 223 204 205 229 195 196 220 204 205 229 205 206 230 195 196 220 205 206 230 196 197 221 196 197 221 139 140 231 199 200 224 196 197 221 205 206 230 139 140 231 198 199 223 206 207 232 204 205 229 198 199 223 197 198 222 206 207 232 177 178 202 201 202 226 197 198 222 197 198 222 201 202 226 207 208 233 197 198 222 207 208 233 206 207 232 200 201 225 207 208 233 201 202 226 202 203 227 190 191 215 208 209 234 202 203 227 208 209 234 209 210 235 204 205 229 210 211 236 205 206 230 204 205 229 206 207 232 211 212 237 204 205 229 211 212 237 210 211 236 205 206 230 210 211 236 139 140 231 139 140 231 210 211 236 148 149 238 139 140 231 131 132 239 199 200 224 190 191 215 199 200 224 208 209 234 208 209 234 127 128 240 209 210 235 208 209 234 199 200 224 127 128 240 209 210 235 127 128 240 126 127 241 131 132 239 127 128 240 199 200 224 212 213 242 213 214 243 214 215 244 212 213 242 214 215 244 215 216 245 213 214 243 216 217 246 217 218 247 213 214 243 217 218 247 218 219 248 213 214 243 218 219 248 214 215 244 214 215 244 219 220 249 220 221 250 214 215 244 220 221 250 215 216 245 214 215 244 218 219 248 219 220 249 215 216 245 221 222 251 222 223 252 215 216 245 220 221 250 221 222 251 216 217 246 223 224 253 224 225 254 216 217 246 224 225 254 217 218 247 217 218 247 224 225 254 225 226 255 217 218 247 225 226 255 218 219 248 218 219 248 226 227 256 219 220 249 218 219 248 225 226 255 226 227 256 220 221 250 219 220 249 227 228 257 220 221 250 228 229 258 221 222 251 220 221 250 227 228 257 228 229 258 221 222 251 229 230 259 222 223 252 221 222 251 228 229 258 229 230 259 222 223 252 229 230 259 230 231 260 223 224 253 231 232 261 224 225 254 223 224 253 232 233 262 231 232 261 224 225 254 233 234 263 225 226 255 224 225 254 234 235 264 233 234 263 224 225 254 231 232 261 234 235 264 225 226 255 233 234 263 235 236 265 225 226 255 235 236 265 226 227 256 226 227 256 235 236 265 219 220 249 227 228 257 219 220 249 236 237 266 227 228 257 236 237 266 228 229 258 228 229 258 236 237 266 237 238 267 228 229 258 237 238 267 229 230 259 229 230 259 238 239 268 230 231 260 229 230 259 239 240 269 238 239 268 229 230 259 237 238 267 239 240 269 230 231 260 238 239 268 240 241 270 232 233 262 241 242 271 242 243 272 232 233 262 242 243 272 231 232 261 233 234 263 243 244 273 235 236 265 233 234 263 234 235 264 243 244 273 235 236 265 243 244 273 244 245 274 235 236 265 244 245 274 219 220 249 219 220 249 244 245 274 236 237 266 236 237 266 244 245 274 245 246 275 236 237 266 245 246 275 237 238 267 237 238 267 245 246 275 239 240 269 238 239 268 246 247 276 247 248 277 238 239 268 239 240 269 246 247 276 238 239 268 247 248 277 240 241 270 239 240 269 248 249 278 249 250 279 239 240 269 245 246 275 248 249 278 239 240 269 249 250 279 246 247 276 240 241 270 247 248 277 250 251 280 241 242 271 251 252 281 242 243 272 242 243 272 252 253 282 253 254 283 242 243 272 251 252 281 252 253 282 242 243 272 253 254 283 231 232 261 244 245 274 254 255 284 245 246 275 244 245 274 243 244 273 254 255 284 245 246 275 254 255 284 248 249 278 247 248 277 246 247 276 255 256 285 247 248 277 255 256 285 250 251 280 248 249 278 254 255 284 256 257 286 249 250 279 257 258 287 246 247 276 250 251 280 255 256 285 258 259 288 251 252 281 259 260 289 252 253 282 252 253 282 260 261 290 253 254 283 252 253 282 259 260 289 261 262 291 252 253 282 261 262 291 260 261 290 231 232 261 253 254 283 234 235 264 254 255 284 243 244 273 256 257 286 256 257 286 234 235 264 262 263 292 256 257 286 243 244 273 234 235 264 257 258 287 263 264 293 246 247 276 257 258 287 264 265 294 263 264 293 258 259 288 255 256 285 259 260 289 259 260 289 255 256 285 261 262 291 260 261 290 261 262 291 265 266 295 260 261 290 266 267 296 253 254 283 260 261 290 264 265 294 266 267 296 260 261 290 265 266 295 264 265 294 261 262 291 263 264 293 265 266 295 261 262 291 255 256 285 263 264 293 234 235 264 253 254 283 262 263 292 262 263 292 253 254 283 266 267 296 263 264 293 255 256 285 246 247 276 263 264 293 264 265 294 265 266 295 108 109 297 46 46 298 267 268 299 46 46 298 268 269 300 267 268 299 46 46 298 37 37 301 268 269 300 267 268 299 269 270 302 270 271 303 267 268 299 268 269 300 269 270 302 268 269 300 271 272 304 272 273 305 268 269 300 272 273 305 269 270 302 268 269 300 37 37 301 271 272 304 37 37 301 26 26 306 271 272 304 269 270 302 273 274 307 270 271 303 269 270 302 272 273 305 274 275 308 269 270 302 274 275 308 273 274 307 270 271 303 273 274 307 275 276 309 271 272 304 276 277 310 272 273 305 271 272 304 26 26 306 25 25 311 271 272 304 25 25 311 276 277 310 272 273 305 277 278 312 274 275 308 272 273 305 276 277 310 277 278 312 273 274 307 278 279 313 275 276 309 273 274 307 274 275 308 278 279 313 274 275 308 279 280 314 280 281 315 274 275 308 277 278 312 279 280 314 274 275 308 280 281 315 278 279 313 275 276 309 278 279 313 281 282 316 276 277 310 282 283 317 277 278 312 276 277 310 25 25 311 36 36 318 276 277 310 36 36 318 282 283 317 277 278 312 282 283 317 283 284 319 277 278 312 283 284 319 279 280 314 278 279 313 280 281 315 154 155 320 278 279 313 154 155 320 281 282 316 279 280 314 284 285 321 280 281 315 279 280 314 285 286 322 284 285 321 279 280 314 283 284 319 285 286 322 280 281 315 144 145 323 154 155 320 280 281 315 284 285 321 144 145 323 281 282 316 154 155 320 161 162 324 282 283 317 286 287 325 283 284 319 282 283 317 44 44 326 286 287 325 282 283 317 36 36 318 44 44 326 283 284 319 287 288 327 285 286 322 283 284 319 286 287 325 287 288 327 284 285 321 285 286 322 288 289 328 284 285 321 145 146 329 144 145 323 284 285 321 288 289 328 145 146 329 285 286 322 287 288 327 289 290 330 285 286 322 289 290 330 290 291 331 285 286 322 290 291 331 288 289 328 44 44 326 50 50 332 286 287 325 286 287 325 267 268 333 270 271 334 286 287 325 270 271 334 287 288 327 286 287 325 108 109 335 267 268 333 286 287 325 50 50 332 108 109 335 287 288 327 270 271 334 275 276 336 287 288 327 275 276 336 289 290 330 288 289 328 290 291 331 158 159 337 288 289 328 158 159 337 152 153 338 288 289 328 152 153 338 145 146 329 289 290 330 281 282 339 290 291 331 289 290 330 275 276 336 281 282 339 290 291 331 161 162 340 158 159 337 290 291 331 281 282 339 161 162 340 241 242 341 291 292 342 292 293 343 241 242 341 232 233 344 291 292 342 241 242 341 292 293 343 251 252 345 291 292 342 232 233 344 223 224 346 291 292 342 223 224 346 293 294 347 291 292 342 293 294 347 294 295 348 291 292 342 294 295 348 292 293 343 292 293 343 258 259 349 259 260 350 292 293 343 295 296 351 250 251 352 292 293 343 259 260 350 251 252 345 292 293 343 294 295 348 295 296 351 292 293 343 250 251 352 258 259 349 223 224 346 216 217 353 293 294 347 293 294 347 216 217 353 213 214 354 293 294 347 213 214 354 212 213 355 293 294 347 212 213 355 294 295 348 294 295 348 212 213 355 296 297 356 294 295 348 296 297 356 295 296 351 295 296 351 296 297 356 240 241 357 295 296 351 240 241 357 250 251 352 212 213 355 215 216 358 296 297 356 296 297 356 222 223 359 230 231 360 296 297 356 215 216 358 222 223 359 296 297 356 230 231 360 240 241 357 266 267 361 297 298 362 262 263 363 266 267 361 264 265 364 297 298 362 297 298 362 298 299 365 299 300 366 297 298 362 299 300 366 300 301 367 297 298 362 264 265 364 298 299 365 297 298 362 301 302 368 262 263 363 297 298 362 300 301 367 301 302 368 262 263 363 301 302 368 256 257 369 264 265 364 257 258 370 298 299 365 298 299 365 249 250 371 302 303 372 298 299 365 257 258 370 249 250 371 298 299 365 302 303 372 299 300 366 299 300 366 302 303 372 110 111 373 299 300 366 110 111 373 112 113 374 299 300 366 112 113 374 300 301 367 300 301 367 112 113 374 117 118 375 300 301 367 124 125 376 301 302 368 300 301 367 117 118 375 124 125 376 256 257 369 303 304 377 248 249 378 256 257 369 304 305 379 303 304 377 256 257 369 301 302 368 304 305 379 124 125 376 305 306 380 301 302 368 124 125 376 119 120 381 305 306 380 303 304 377 302 303 382 248 249 378 303 304 377 306 307 383 307 308 384 303 304 377 304 305 379 306 307 383 303 304 377 307 308 384 302 303 382 248 249 378 302 303 382 249 250 385 304 305 379 301 302 368 306 307 383 305 306 380 308 309 386 306 307 383 305 306 380 113 114 387 308 309 386 305 306 380 119 120 381 113 114 387 305 306 380 306 307 383 301 302 368 302 303 382 308 309 386 110 111 388 302 303 382 307 308 384 308 309 386 306 307 383 308 309 386 307 308 384 308 309 386 113 114 387 110 111 388 309 310 0 310 311 2 311 312 1 309 310 0 312 313 3 310 311 2 309 310 0 313 314 4 312 313 3 310 311 2 314 315 41 315 316 48 310 311 2 315 316 48 311 312 1 310 311 2 316 317 14 314 315 41 310 311 2 312 313 3 316 317 14 311 312 1 315 316 48 317 318 55 312 313 3 313 314 4 318 319 7 312 313 3 319 320 13 316 317 14 312 313 3 318 319 7 319 320 13 313 314 4 320 321 6 321 322 5 313 314 4 321 322 5 318 319 7 314 315 41 322 323 42 323 324 47 314 315 41 323 324 47 315 316 48 314 315 41 324 325 35 322 323 42 314 315 41 316 317 14 324 325 35 315 316 48 325 326 56 317 318 55 315 316 48 323 324 47 325 326 56 316 317 14 326 327 24 324 325 35 316 317 14 319 320 13 326 327 24 317 318 55 325 326 56 327 328 62 318 319 7 328 329 12 319 320 13 318 319 7 329 330 9 328 329 12 318 319 7 321 322 5 329 330 9 319 320 13 330 331 22 326 327 24 319 320 13 328 329 12 330 331 22 321 322 5 320 321 6 331 332 8 321 322 5 331 332 8 329 330 9 320 321 6 332 333 11 333 334 10 320 321 6 333 334 10 331 332 8 324 325 35 326 327 24 334 335 34 324 325 35 334 335 34 335 336 43 324 325 35 335 336 43 322 323 42 326 327 24 330 331 22 336 337 33 326 327 24 336 337 33 334 335 34 327 328 62 325 326 56 337 338 63 327 328 62 337 338 63 338 339 71 329 330 9 331 332 8 339 340 15 329 330 9 339 340 15 328 329 12 328 329 12 340 341 23 330 331 22 328 329 12 339 340 15 340 341 23 330 331 22 340 341 23 341 342 32 330 331 22 341 342 32 336 337 33 332 333 11 342 343 21 343 344 20 332 333 11 343 344 20 333 334 10 334 335 34 336 337 33 344 345 88 334 335 34 344 345 88 345 346 84 334 335 34 345 346 84 335 336 43 336 337 33 341 342 32 346 347 57 336 337 33 346 347 57 347 348 94 336 337 33 347 348 94 344 345 88 338 339 71 337 338 63 348 349 72 338 339 71 348 349 72 349 350 76 341 342 32 350 351 49 346 347 57 341 342 32 340 341 23 350 351 49 342 343 21 351 352 30 343 344 20 342 343 21 352 353 31 351 352 30 343 344 20 351 352 30 353 354 27 343 344 20 354 355 19 333 334 10 343 344 20 353 354 27 354 355 19 346 347 57 355 356 102 347 348 94 346 347 57 350 351 49 356 357 103 346 347 57 356 357 103 355 356 102 347 348 94 355 356 102 357 358 93 347 348 94 357 358 93 344 345 88 349 350 76 348 349 72 358 359 77 351 352 30 359 360 38 353 354 27 351 352 30 352 353 31 359 360 38 352 353 31 360 361 39 359 360 38 352 353 31 361 362 40 360 361 39 333 334 10 362 363 18 363 364 17 333 334 10 354 355 19 362 363 18 333 334 10 363 364 17 331 332 8 344 345 88 357 358 93 364 365 87 344 345 88 364 365 87 345 346 84 358 359 77 348 349 72 365 366 78 358 359 77 365 366 78 366 367 81 359 360 38 360 361 39 353 354 27 363 364 17 367 368 16 331 332 8 363 364 17 362 363 18 368 369 26 363 364 17 368 369 26 367 368 16 331 332 8 367 368 16 339 340 15 364 365 87 357 358 93 369 370 92 364 365 87 369 370 92 370 371 86 364 365 87 370 371 86 345 346 84 345 346 84 370 371 86 371 372 83 345 346 84 371 372 83 335 336 43 348 349 72 372 373 73 365 366 78 348 349 72 337 338 63 372 373 73 366 367 81 373 374 82 374 375 85 366 367 81 365 366 78 373 374 82 368 369 26 375 376 25 367 368 16 368 369 26 362 363 18 376 377 37 335 336 43 371 372 83 377 378 80 335 336 43 377 378 80 322 323 42 337 338 63 378 379 64 372 373 73 337 338 63 325 326 56 378 379 64 365 366 78 372 373 73 379 380 79 365 366 78 379 380 79 373 374 82 375 376 25 339 340 15 367 368 16 375 376 25 340 341 23 339 340 15 375 376 25 380 381 36 340 341 23 376 377 37 362 363 18 381 382 45 376 377 37 381 382 45 382 383 46 322 323 42 377 378 80 383 384 74 322 323 42 383 384 74 323 324 47 325 326 56 323 324 47 378 379 64 378 379 64 383 384 74 372 373 73 378 379 64 323 324 47 383 384 74 379 380 79 377 378 80 373 374 82 379 380 79 383 384 74 377 378 80 379 380 79 372 373 73 383 384 74 340 341 23 384 385 44 350 351 49 340 341 23 380 381 36 384 385 44 382 383 46 381 382 45 385 386 52 382 383 46 385 386 52 386 387 53 373 374 82 371 372 83 374 375 85 373 374 82 377 378 80 371 372 83 384 385 44 387 388 50 350 351 49 350 351 49 387 388 50 388 389 113 350 351 49 388 389 113 356 357 103 385 386 52 381 382 45 389 390 51 385 386 52 389 390 51 386 387 53 386 387 53 389 390 51 390 391 58 371 372 83 370 371 86 374 375 85 374 375 85 391 392 90 366 367 89 374 375 85 370 371 86 392 393 91 374 375 85 392 393 91 391 392 90 387 388 50 393 394 121 388 389 113 387 388 50 394 395 122 393 394 121 388 389 113 395 396 112 356 357 103 388 389 113 393 394 121 395 396 112 356 357 103 396 397 110 355 356 102 356 357 103 395 396 112 396 397 110 381 382 45 397 398 29 389 390 51 381 382 45 362 363 18 397 398 29 390 391 58 389 390 51 398 399 59 390 391 58 398 399 59 399 400 65 370 371 86 369 370 92 392 393 91 366 367 89 391 392 90 400 401 95 366 367 89 400 401 95 358 359 96 394 395 122 386 387 124 393 394 121 394 395 122 382 383 127 386 387 124 395 396 112 390 391 119 396 397 110 395 396 112 393 394 121 390 391 119 355 356 102 396 397 110 401 402 101 355 356 102 401 402 101 357 358 93 362 363 18 354 355 19 397 398 29 399 400 65 402 403 61 320 321 68 399 400 65 398 399 59 402 403 61 358 359 96 400 401 95 403 404 104 358 359 96 403 404 104 349 350 105 386 387 124 390 391 119 393 394 121 390 391 119 404 405 111 396 397 110 390 391 119 399 400 120 404 405 111 357 358 93 401 402 101 369 370 92 354 355 19 353 354 27 405 406 28 354 355 19 405 406 28 397 398 29 320 321 68 402 403 61 332 333 67 349 350 105 403 404 104 338 339 114 404 405 111 401 402 101 396 397 110 404 405 111 406 407 100 401 402 101 404 405 111 399 400 120 406 407 100 399 400 120 407 408 125 406 407 100 399 400 120 320 321 126 407 408 125 369 370 92 401 402 101 406 407 100 369 370 92 406 407 100 408 409 99 369 370 92 408 409 99 392 393 91 353 354 27 360 361 39 405 406 28 397 398 29 405 406 28 409 410 54 397 398 29 409 410 54 389 390 51 338 339 114 403 404 104 410 411 106 338 339 114 410 411 106 327 328 115 406 407 100 407 408 125 411 412 109 406 407 100 411 412 109 408 409 99 407 408 125 320 321 126 313 314 123 407 408 125 313 314 123 411 412 109 408 409 99 411 412 109 412 413 108 408 409 99 412 413 108 413 414 98 408 409 99 413 414 98 392 393 91 392 393 91 413 414 98 391 392 90 360 361 39 414 415 60 405 406 28 360 361 39 361 362 40 414 415 60 389 390 51 409 410 54 398 399 59 403 404 104 400 401 95 415 416 97 403 404 104 415 416 97 410 411 106 327 328 115 416 417 107 317 318 116 327 328 115 410 411 106 416 417 107 313 314 123 309 310 118 411 412 109 391 392 90 415 416 97 400 401 95 391 392 90 413 414 98 415 416 97 405 406 28 414 415 60 409 410 54 361 362 40 417 418 66 414 415 60 361 362 40 418 419 69 417 418 66 361 362 40 352 353 70 418 419 69 398 399 59 409 410 54 402 403 61 415 416 97 416 417 107 410 411 106 415 416 97 413 414 98 416 417 107 416 417 107 413 414 98 412 413 108 416 417 107 412 413 108 317 318 116 317 318 116 412 413 108 311 312 117 309 310 118 311 312 117 412 413 108 309 310 118 412 413 108 411 412 109 409 410 54 414 415 60 402 403 61 417 418 66 332 333 67 402 403 61 417 418 66 418 419 69 332 333 67 417 418 66 402 403 61 414 415 60 418 419 69 342 343 75 332 333 67 418 419 69 352 353 70 342 343 75 419 420 128 420 421 130 111 112 129 419 420 128 111 112 129 421 422 131 420 421 130 114 115 132 111 112 129 420 421 130 422 423 135 423 424 134 420 421 130 423 424 134 114 115 132 111 112 129 115 116 133 421 422 131 421 422 131 115 116 133 424 425 136 421 422 131 424 425 136 425 426 137 114 115 132 423 424 134 120 121 138 422 423 135 426 427 142 427 428 141 422 423 135 427 428 141 428 429 140 422 423 135 428 429 140 423 424 134 423 424 134 428 429 140 120 121 138 115 116 133 121 122 139 424 425 136 424 425 136 121 122 139 429 430 143 424 425 136 429 430 143 425 426 137 425 426 137 427 428 145 426 427 144 425 426 137 429 430 143 427 428 145 126 127 146 128 129 148 430 431 147 128 129 148 431 432 150 430 431 147 128 129 148 432 433 152 431 432 150 128 129 148 133 134 153 432 433 152 430 431 147 431 432 150 433 434 149 430 431 147 433 434 149 434 435 151 431 432 150 435 436 154 433 434 149 431 432 150 436 437 157 435 436 154 431 432 150 437 438 158 436 437 157 431 432 150 432 433 152 437 438 158 432 433 152 133 134 153 140 141 160 432 433 152 140 141 160 437 438 158 433 434 149 438 439 155 434 435 151 433 434 149 439 440 156 438 439 155 433 434 149 435 436 154 439 440 156 434 435 151 438 439 155 440 441 159 436 437 157 441 442 166 435 436 154 436 437 157 437 438 158 441 442 166 435 436 154 442 443 162 439 440 156 435 436 154 441 442 166 443 444 181 435 436 154 444 445 173 442 443 162 435 436 154 443 444 181 444 445 173 437 438 158 140 141 160 445 446 167 437 438 158 445 446 167 441 442 166 140 141 160 150 151 170 445 446 167 438 439 155 439 440 156 446 447 161 438 439 155 446 447 161 440 441 159 440 441 159 149 150 169 148 149 168 440 441 159 446 447 161 149 150 169 441 442 166 162 163 184 443 444 181 441 442 166 155 156 175 162 163 184 441 442 166 445 446 167 155 156 175 442 443 162 447 448 172 448 449 165 442 443 162 444 445 173 447 448 172 442 443 162 448 449 165 439 440 156 443 444 181 449 450 187 444 445 173 443 444 181 162 163 184 449 450 187 445 446 167 150 151 170 155 156 175 446 447 161 450 451 171 149 150 169 446 447 161 439 440 156 451 452 163 446 447 161 451 452 163 450 451 171 149 150 169 450 451 171 156 157 176 162 163 184 165 166 188 449 450 187 447 448 172 444 445 173 452 453 180 448 449 165 453 454 164 439 440 156 439 440 156 453 454 164 451 452 163 449 450 187 454 455 186 444 445 173 449 450 187 455 456 190 454 455 186 449 450 187 165 166 188 455 456 190 451 452 163 456 457 177 450 451 171 451 452 163 453 454 164 457 458 174 451 452 163 458 459 182 456 457 177 451 452 163 457 458 174 458 459 182 156 157 176 450 451 171 121 122 179 165 166 188 168 169 192 455 456 190 444 445 173 454 455 186 452 453 180 452 453 180 454 455 186 459 460 183 454 455 186 456 457 177 458 459 182 454 455 186 455 456 190 460 461 191 454 455 186 460 461 191 456 457 177 454 455 186 458 459 182 459 460 183 455 456 190 169 170 194 460 461 191 455 456 190 168 169 192 169 170 194 456 457 177 460 461 191 428 429 189 456 457 177 428 429 189 427 428 185 456 457 177 429 430 178 450 451 171 456 457 177 427 428 185 429 430 178 457 458 174 459 460 183 458 459 182 121 122 179 450 451 171 429 430 178 460 461 191 169 170 194 120 121 193 460 461 191 120 121 193 428 429 189 461 462 195 462 463 197 463 464 196 461 462 195 464 465 198 465 466 199 461 462 195 463 464 196 464 465 198 461 462 195 466 467 201 467 468 200 461 462 195 467 468 200 462 463 197 461 462 195 465 466 199 466 467 201 462 463 197 468 469 204 469 470 203 462 463 197 470 471 205 468 469 204 462 463 197 469 470 203 463 464 196 462 463 197 467 468 200 470 471 205 463 464 196 471 472 202 464 465 198 463 464 196 469 470 203 471 472 202 465 466 199 464 465 198 181 182 206 465 466 199 472 473 207 466 467 201 465 466 199 181 182 206 183 184 208 465 466 199 183 184 208 472 473 207 466 467 201 473 474 210 467 468 200 466 467 201 472 473 207 474 475 211 466 467 201 474 475 211 473 474 210 467 468 200 475 476 209 470 471 205 467 468 200 473 474 210 475 476 209 468 469 204 476 477 212 469 470 203 468 469 204 470 471 205 477 478 214 468 469 204 477 478 214 476 477 212 469 470 203 476 477 212 478 479 213 469 470 203 478 479 213 471 472 202 470 471 205 479 480 215 477 478 214 470 471 205 475 476 209 479 480 215 181 182 206 464 465 198 191 192 216 472 473 207 192 193 217 474 475 211 472 473 207 183 184 208 192 193 217 473 474 210 194 195 219 480 481 218 473 474 210 480 481 218 475 476 209 473 474 210 474 475 211 194 195 219 474 475 211 192 193 217 194 195 219 475 476 209 480 481 218 479 480 215 476 477 212 481 482 220 478 479 213 476 477 212 477 478 214 482 483 221 476 477 212 482 483 221 481 482 220 477 478 214 479 480 215 483 484 224 477 478 214 483 484 224 482 483 221 478 479 213 484 485 223 485 486 222 478 479 213 481 482 220 484 485 223 478 479 213 485 486 222 471 472 202 191 192 216 464 465 198 200 201 225 464 465 198 486 487 226 200 201 225 464 465 198 471 472 202 486 487 226 194 195 219 203 204 228 480 481 218 480 481 218 202 203 227 479 480 215 480 481 218 203 204 228 202 203 227 482 483 221 483 484 224 440 441 231 482 483 221 440 441 231 487 488 230 482 483 221 487 488 230 481 482 220 484 485 223 481 482 220 488 489 229 484 485 223 488 489 229 206 207 232 484 485 223 206 207 232 485 486 222 471 472 202 485 486 222 486 487 226 485 486 222 207 208 233 486 487 226 485 486 222 206 207 232 207 208 233 200 201 225 486 487 226 207 208 233 202 203 227 489 490 234 479 480 215 202 203 227 209 210 235 489 490 234 479 480 215 489 490 234 483 484 224 440 441 231 148 149 238 210 211 236 440 441 231 483 484 224 434 435 239 440 441 231 210 211 236 487 488 230 487 488 230 210 211 236 488 489 229 487 488 230 488 489 229 481 482 220 488 489 229 211 212 237 206 207 232 488 489 229 210 211 236 211 212 237 489 490 234 209 210 235 430 431 240 489 490 234 430 431 240 483 484 224 209 210 235 126 127 241 430 431 240 483 484 224 430 431 240 434 435 239 490 213 242 491 215 244 492 491 243 490 213 242 493 492 245 491 215 244 491 215 244 494 493 250 495 220 249 491 215 244 493 492 245 494 493 250 491 215 244 495 220 249 496 494 248 491 215 244 496 494 248 492 491 243 492 491 243 497 495 247 498 496 246 492 491 243 496 494 248 497 495 247 493 492 245 499 497 251 494 493 250 493 492 245 500 498 252 499 497 251 494 493 250 501 499 257 495 220 249 494 493 250 499 497 251 502 500 258 494 493 250 502 500 258 501 499 257 496 494 248 495 220 249 503 501 256 496 494 248 504 502 255 497 495 247 496 494 248 503 501 256 504 502 255 497 495 247 504 502 255 505 503 254 497 495 247 505 503 254 498 496 246 498 496 246 505 503 254 506 504 253 499 497 251 500 498 252 507 505 259 499 497 251 507 505 259 502 500 258 500 498 252 508 506 260 507 505 259 501 499 257 509 507 266 495 220 249 501 499 257 502 500 258 509 507 266 502 500 258 510 508 267 509 507 266 502 500 258 507 505 259 510 508 267 503 501 256 511 509 265 504 502 255 503 501 256 495 220 249 511 509 265 504 502 255 512 510 263 505 503 254 504 502 255 511 509 265 512 510 263 505 503 254 512 510 263 513 511 264 505 503 254 513 511 264 514 512 261 505 503 254 514 512 261 506 504 253 506 504 253 514 512 261 515 513 262 507 505 259 508 506 260 516 514 268 507 505 259 516 514 268 517 515 269 507 505 259 517 515 269 510 508 267 508 506 260 518 516 270 516 514 268 495 220 249 509 507 266 519 245 274 495 220 249 519 245 274 511 509 265 509 507 266 520 517 275 519 245 274 509 507 266 510 508 267 520 517 275 510 508 267 517 515 269 520 517 275 511 509 265 519 245 274 521 518 273 511 509 265 521 518 273 512 510 263 512 510 263 521 518 273 513 511 264 514 512 261 522 519 283 523 520 272 514 512 261 513 511 264 522 519 283 514 512 261 523 520 272 515 513 262 515 513 262 523 520 272 524 521 271 516 514 268 525 522 276 517 515 269 516 514 268 526 523 277 525 522 276 516 514 268 518 516 270 526 523 277 517 515 269 527 524 279 528 525 278 517 515 269 528 525 278 520 517 275 517 515 269 525 522 276 527 524 279 518 516 270 529 526 280 526 523 277 519 245 274 520 517 275 530 527 284 519 245 274 530 527 284 521 518 273 520 517 275 528 525 278 530 527 284 521 518 273 530 527 284 531 528 286 521 518 273 531 528 286 513 511 264 523 520 272 522 519 283 532 529 282 523 520 272 532 529 282 533 530 281 523 520 272 533 530 281 524 521 271 526 523 277 534 531 285 525 522 276 526 523 277 529 526 280 534 531 285 527 524 279 525 522 276 535 532 287 525 522 276 534 531 285 536 533 293 525 522 276 536 533 293 535 532 287 528 525 278 531 528 286 530 527 284 529 526 280 537 534 288 534 531 285 531 528 286 538 535 292 513 511 264 513 511 264 538 535 292 522 519 283 532 529 282 522 519 283 539 536 290 532 529 282 540 537 289 533 530 281 532 529 282 541 538 291 540 537 289 532 529 282 539 536 290 541 538 291 534 531 285 540 537 289 541 538 291 534 531 285 537 534 288 540 537 289 534 531 285 541 538 291 536 533 293 535 532 287 536 533 293 542 539 294 536 533 293 541 538 291 543 540 295 536 533 293 543 540 295 542 539 294 538 535 292 544 541 296 522 519 283 522 519 283 544 541 296 539 536 290 539 536 290 543 540 295 541 538 291 539 536 290 542 539 294 543 540 295 539 536 290 544 541 296 542 539 294 394 395 297 545 542 299 382 383 298 545 542 299 546 543 300 382 383 298 545 542 299 547 544 303 548 545 302 545 542 299 548 545 302 546 543 300 382 383 298 546 543 300 376 377 301 546 543 300 549 546 305 550 547 304 546 543 300 548 545 302 549 546 305 546 543 300 550 547 304 376 377 301 547 544 303 551 548 307 548 545 302 547 544 303 552 549 309 551 548 307 548 545 302 551 548 307 553 550 308 548 545 302 553 550 308 549 546 305 376 377 301 550 547 304 368 369 306 549 546 305 553 550 308 554 551 312 549 546 305 555 552 310 550 547 304 549 546 305 554 551 312 555 552 310 550 547 304 555 552 310 375 376 311 550 547 304 375 376 311 368 369 306 551 548 307 552 549 309 556 553 313 551 548 307 556 553 313 553 550 308 552 549 309 557 554 316 556 553 313 553 550 308 558 555 315 559 556 314 553 550 308 559 556 314 554 551 312 553 550 308 556 553 313 558 555 315 554 551 312 560 557 317 555 552 310 554 551 312 561 558 319 560 557 317 554 551 312 559 556 314 561 558 319 555 552 310 380 381 318 375 376 311 555 552 310 560 557 317 380 381 318 556 553 313 457 458 320 558 555 315 556 553 313 557 554 316 457 458 320 557 554 316 459 460 324 457 458 320 558 555 315 457 458 320 453 454 323 558 555 315 562 559 321 559 556 314 558 555 315 453 454 323 562 559 321 559 556 314 562 559 321 563 560 322 559 556 314 563 560 322 561 558 319 560 557 317 561 558 319 564 561 325 560 557 317 564 561 325 384 385 326 560 557 317 384 385 326 380 381 318 561 558 319 563 560 322 565 562 327 561 558 319 565 562 327 564 561 325 453 454 323 448 449 329 562 559 321 562 559 321 566 563 328 563 560 322 562 559 321 448 449 329 566 563 328 563 560 322 567 564 330 565 562 327 563 560 322 566 563 328 568 565 331 563 560 322 568 565 331 567 564 330 384 385 326 564 561 325 387 388 332 564 561 325 547 544 334 545 542 333 564 561 325 565 562 327 547 544 334 564 561 325 394 395 335 387 388 332 564 561 325 545 542 333 394 395 335 565 562 327 552 549 336 547 544 334 565 562 327 567 564 330 552 549 336 448 449 329 447 448 338 566 563 328 566 563 328 452 453 337 568 565 331 566 563 328 447 448 338 452 453 337 567 564 330 557 554 339 552 549 336 567 564 330 568 565 331 557 554 339 568 565 331 452 453 337 459 460 340 568 565 331 459 460 340 557 554 339 524 521 341 569 566 343 570 567 342 524 521 341 570 567 342 515 513 344 524 521 341 533 530 345 569 566 343 569 566 343 540 537 350 537 534 349 569 566 343 529 526 352 571 568 351 569 566 343 533 530 345 540 537 350 569 566 343 572 569 348 570 567 342 569 566 343 571 568 351 572 569 348 569 566 343 537 534 349 529 526 352 570 567 342 506 504 346 515 513 344 570 567 342 573 570 347 506 504 346 570 567 342 572 569 348 573 570 347 529 526 352 518 516 357 571 568 351 571 568 351 518 516 357 574 571 356 571 568 351 574 571 356 572 569 348 572 569 348 574 571 356 490 213 355 572 569 348 490 213 355 573 570 347 506 504 346 573 570 347 498 496 353 573 570 347 492 491 354 498 496 353 573 570 347 490 213 355 492 491 354 518 516 357 508 506 360 574 571 356 574 571 356 500 498 359 493 492 358 574 571 356 508 506 360 500 498 359 574 571 356 493 492 358 490 213 355 544 541 361 538 535 363 575 572 362 544 541 361 575 572 362 542 539 364 538 535 363 531 528 369 576 573 368 538 535 363 576 573 368 575 572 362 575 572 362 577 574 367 578 575 366 575 572 362 578 575 366 579 576 365 575 572 362 579 576 365 542 539 364 575 572 362 576 573 368 577 574 367 542 539 364 579 576 365 535 532 370 531 528 369 580 577 377 581 578 379 531 528 369 528 525 378 580 577 377 531 528 369 581 578 379 576 573 368 576 573 368 582 579 380 426 427 376 576 573 368 426 427 376 577 574 367 576 573 368 581 578 379 583 580 383 576 573 368 583 580 383 582 579 380 577 574 367 420 421 374 578 575 366 577 574 367 422 423 375 420 421 374 577 574 367 426 427 376 422 423 375 579 576 365 584 581 372 527 524 371 579 576 365 527 524 371 535 532 370 579 576 365 578 575 366 584 581 372 581 578 379 580 577 377 583 580 383 580 577 377 528 525 378 584 581 382 580 577 377 585 582 384 583 580 383 580 577 377 584 581 382 585 582 384 528 525 378 527 524 385 584 581 382 426 427 376 582 579 380 425 426 381 583 580 383 586 583 386 582 579 380 583 580 383 585 582 384 586 583 386 582 579 380 586 583 386 421 422 387 582 579 380 421 422 387 425 426 381 420 421 374 419 420 373 578 575 366 584 581 372 578 575 366 419 420 373 584 581 382 419 420 388 586 583 386 584 581 382 586 583 386 585 582 384 586 583 386 419 420 388 421 422 387 587 584 389 588 585 390 589 586 391 587 584 389 589 586 391 590 587 392 587 584 389 591 588 393 592 589 394 587 584 389 592 589 394 588 585 395 587 584 389 593 590 396 591 588 393 587 584 389 590 587 392 594 591 397 587 584 389 594 591 397 593 590 396 588 585 390 595 592 398 589 586 391 589 586 391 596 593 399 590 587 392 591 588 393 593 590 396 597 594 400 598 595 401 599 596 402 600 597 403 599 596 402 601 598 404 600 597 403 599 596 402 602 599 405 601 598 404 599 596 402 603 600 406 602 599 405 599 596 402 598 595 407 603 600 406 600 597 403 604 601 408 605 602 409 600 597 403 601 598 404 604 601 408 600 597 403 605 602 409 598 595 410 601 598 404 606 603 411 604 601 408 601 598 404 607 604 412 606 603 411 601 598 404 602 599 405 607 604 412 602 599 405 608 605 413 609 606 414 602 599 405 603 600 406 608 605 413 602 599 405 610 607 415 607 604 412 602 599 405 609 606 414 610 607 415 603 600 406 598 595 416 608 605 413 604 601 408 611 608 417 605 602 409 604 601 408 612 609 418 611 608 417 604 601 408 606 603 411 612 609 418 605 602 409 611 608 417 613 610 419 605 602 409 613 610 419 598 595 420 608 605 413 614 611 421 609 606 414 608 605 413 598 595 422 614 611 421 609 606 414 614 611 421 615 612 423 609 606 414 616 613 424 610 607 415 609 606 414 615 612 423 616 613 424 611 608 417 617 614 425 613 610 419 611 608 417 618 615 426 617 614 425 611 608 417 612 609 418 618 615 426 617 614 425 618 615 426 619 616 427 606 617 428 620 618 429 621 619 430 606 617 428 621 619 430 612 620 431 606 617 428 607 621 432 620 618 429 620 618 429 622 622 433 623 623 434 620 618 429 623 623 434 621 619 430 620 618 429 624 624 435 622 622 433 620 618 429 607 621 432 624 624 435 621 619 430 623 623 434 625 625 436 621 619 430 625 625 436 626 626 437 621 619 430 626 626 437 612 620 431 612 620 431 626 626 437 618 627 438 607 621 432 610 628 439 624 624 435 622 622 433 624 624 435 627 629 440 624 624 435 628 630 441 627 629 440 624 624 435 610 628 439 628 630 441 625 625 436 629 631 442 626 626 437 626 626 437 629 631 442 630 632 443 626 626 437 630 632 443 618 627 438 618 627 438 630 632 443 619 633 444 610 628 439 616 634 445 628 630 441 627 629 440 628 630 441 631 635 446 628 630 441 632 636 447 631 635 446 628 630 441 616 634 445 632 636 447 631 635 446 632 636 447 633 637 448 627 638 449 631 639 450 634 640 451 631 639 450 635 641 452 634 640 451 634 640 451 635 641 452 636 642 453 635 641 452 637 643 454 636 642 453 636 642 453 637 643 454 638 644 455 636 642 453 638 644 455 639 645 456 636 642 453 639 645 456 640 646 457 636 642 453 640 646 457 634 640 458 637 643 454 641 647 459 642 648 460 637 643 454 642 648 460 638 644 455 637 643 454 643 649 461 641 647 459 637 643 454 635 641 462 643 649 461 640 646 457 644 650 463 634 640 458 634 640 458 644 650 463 627 638 464 641 647 459 645 651 400 642 648 460 643 649 461 635 641 462 633 652 394 635 641 462 631 639 465 633 652 394 644 650 463 622 653 466 627 638 464 623 654 464 622 653 466 646 655 458 622 653 466 644 650 463 646 655 458 646 655 458 644 650 463 647 656 453 644 650 463 640 646 457 647 656 453 647 656 453 648 657 455 649 658 460 647 656 453 649 658 460 650 659 454 647 656 453 640 646 457 648 657 455 647 656 453 650 659 454 646 655 451 640 646 457 639 645 456 648 657 455 649 658 460 651 660 400 650 659 454 650 659 454 651 660 400 652 661 459 650 659 454 652 661 459 653 662 462 650 659 454 653 662 452 646 655 451 646 655 451 653 662 452 623 654 449 652 661 459 654 663 461 653 662 462 653 662 462 654 663 461 625 664 465 653 662 452 625 664 450 623 654 449 654 663 461 629 665 394 625 664 465 598 595 401 655 666 403 656 667 402 655 666 403 657 668 409 658 669 408 655 666 403 659 670 404 656 667 402 655 666 403 658 669 408 659 670 404 655 666 403 598 595 410 657 668 409 656 667 402 660 671 405 661 672 406 656 667 402 659 670 404 660 671 405 656 667 402 661 672 406 598 595 407 657 668 409 613 610 419 662 673 417 657 668 409 662 673 417 658 669 408 657 668 409 598 595 420 613 610 419 658 669 408 662 673 417 663 674 418 658 669 408 664 675 411 659 670 404 658 669 408 663 674 418 664 675 411 659 670 404 665 676 412 660 671 405 659 670 404 664 675 411 665 676 412 661 672 406 660 671 405 666 677 413 661 672 406 666 677 413 598 595 416 613 610 419 617 614 425 662 673 417 662 673 417 617 614 425 667 678 426 662 673 417 667 678 426 663 674 418 665 676 412 668 679 415 660 671 405 666 677 413 669 680 414 614 611 421 666 677 413 660 671 405 669 680 414 666 677 413 614 611 421 598 595 422 617 614 425 619 616 427 667 678 426 668 679 415 616 613 424 669 680 414 668 679 415 669 680 414 660 671 405 669 680 414 615 612 423 614 611 421 669 680 414 616 613 424 615 612 423 664 681 428 670 682 430 671 683 429 664 681 428 663 684 431 670 682 430 664 681 428 671 683 429 665 685 432 670 682 430 672 686 436 673 687 434 670 682 430 674 688 437 672 686 436 670 682 430 673 687 434 671 683 429 670 682 430 663 684 431 674 688 437 671 683 429 673 687 434 675 689 433 671 683 429 675 689 433 676 690 435 671 683 429 676 690 435 665 685 432 663 684 431 667 691 438 674 688 437 665 685 432 676 690 435 668 692 439 672 686 436 674 688 437 629 631 442 674 688 437 630 632 443 629 631 442 674 688 437 667 691 438 630 632 443 675 689 433 677 693 440 676 690 435 676 690 435 677 693 440 678 694 441 676 690 435 678 694 441 668 692 439 667 691 438 619 633 444 630 632 443 668 692 439 678 694 441 616 634 445 677 693 440 679 695 446 678 694 441 678 694 441 679 695 446 632 636 447 678 694 441 632 636 447 616 634 445 679 695 446 633 637 448 632 636 447 677 696 449 680 697 451 679 698 450 680 697 451 681 699 452 679 698 450 680 697 451 682 700 453 681 699 452 681 699 452 682 700 453 683 701 454 682 700 453 684 702 455 683 701 454 682 700 453 685 703 456 684 702 455 682 700 453 686 704 457 685 703 456 682 700 453 680 697 458 686 704 457 683 701 454 687 705 460 641 647 459 683 701 454 684 702 455 687 705 460 683 701 454 641 647 459 643 649 461 683 701 454 643 649 461 681 699 462 686 704 457 680 697 458 688 706 463 680 697 458 677 696 464 688 706 463 687 705 460 645 651 400 641 647 459 643 649 461 633 652 394 681 699 462 681 699 462 633 652 394 679 698 465 688 706 463 677 696 464 675 707 466 673 708 464 689 709 458 675 707 466 689 709 458 688 706 463 675 707 466 689 709 458 690 710 453 688 706 463 688 706 463 690 710 453 686 704 457 690 710 453 691 711 460 692 712 455 690 710 453 693 713 454 691 711 460 690 710 453 692 712 455 686 704 457 690 710 453 689 709 451 693 713 454 686 704 457 692 712 455 685 703 456 691 711 460 693 713 454 651 660 400 693 713 454 652 661 459 651 660 400 693 713 454 694 714 462 652 661 459 693 713 454 689 709 451 694 714 452 689 709 451 673 708 449 694 714 452 652 661 459 694 714 462 654 663 461 694 714 462 672 715 465 654 663 461 694 714 452 673 708 449 672 715 450 654 663 461 672 715 465 629 665 394 627 716 449 634 717 451 631 718 450 634 717 451 635 719 452 631 718 450 634 717 451 636 720 453 635 719 452 635 719 452 636 720 453 637 721 454 636 720 453 638 722 455 637 721 454 636 720 453 639 723 456 638 722 455 636 720 453 640 724 457 639 723 456 636 720 453 634 717 458 640 724 457 637 721 454 642 725 460 641 726 459 637 721 454 638 722 455 642 725 460 637 721 454 641 726 459 643 727 461 637 721 454 643 727 461 635 719 462 640 724 457 634 717 458 644 728 463 634 717 458 627 716 464 644 728 463 642 725 460 645 729 400 641 726 459 643 727 461 633 730 394 635 719 462 635 719 462 633 730 394 631 718 465 644 728 463 627 716 464 622 731 466 623 732 464 646 733 458 622 731 466 646 733 458 644 728 463 622 731 466 646 733 458 647 734 453 644 728 463 644 728 463 647 734 453 640 724 457 647 734 453 649 735 460 648 736 455 647 734 453 650 737 454 649 735 460 647 734 453 648 736 455 640 724 457 647 734 453 646 733 451 650 737 454 640 724 457 648 736 455 639 723 456 649 735 460 650 737 454 651 738 400 650 737 454 652 739 459 651 738 400 650 737 454 653 740 462 652 739 459 650 737 454 646 733 451 653 740 452 646 733 451 623 732 449 653 740 452 652 739 459 653 740 462 654 741 461 653 740 462 625 742 465 654 741 461 653 740 452 623 732 449 625 742 450 654 741 461 625 742 465 629 743 394 677 744 449 679 745 450 680 746 451 679 745 450 681 747 452 680 746 451 680 746 451 681 747 452 682 748 453 681 747 452 683 749 454 682 748 453 682 748 453 683 749 454 684 750 455 682 748 453 684 750 455 685 751 456 682 748 453 685 751 456 686 752 457 682 748 453 686 752 457 680 746 458 683 749 454 641 726 459 687 753 460 683 749 454 687 753 460 684 750 455 683 749 454 643 727 461 641 726 459 683 749 454 681 747 462 643 727 461 686 752 457 688 754 463 680 746 458 680 746 458 688 754 463 677 744 464 641 726 459 645 729 400 687 753 460 643 727 461 681 747 462 633 730 394 681 747 462 679 745 465 633 730 394 688 754 463 675 755 466 677 744 464 673 756 464 675 755 466 689 757 458 675 755 466 688 754 463 689 757 458 689 757 458 688 754 463 690 758 453 688 754 463 686 752 457 690 758 453 690 758 453 692 759 455 691 760 460 690 758 453 691 760 460 693 761 454 690 758 453 686 752 457 692 759 455 690 758 453 693 761 454 689 757 451 686 752 457 685 751 456 692 759 455 691 760 460 651 738 400 693 761 454 693 761 454 651 738 400 652 739 459 693 761 454 652 739 459 694 762 462 693 761 454 694 762 452 689 757 451 689 757 451 694 762 452 673 756 449 652 739 459 654 741 461 694 762 462 694 762 462 654 741 461 672 763 465 694 762 452 672 763 450 673 756 449 654 741 461 629 743 394 672 763 465 597 764 400 591 765 393 695 766 396 591 765 393 592 767 394 696 768 389 591 765 393 696 768 389 695 766 396 695 766 396 696 768 389 697 769 397 592 767 394 698 770 395 696 768 389 696 768 389 698 770 390 699 771 391 696 768 389 699 771 391 700 772 392 696 768 389 700 772 392 697 769 397 698 770 390 701 773 398 699 771 391 699 771 391 702 774 399 700 772 392 702 774 399 699 771 391 703 775 392 699 771 391 704 776 390 705 777 389 699 771 391 701 773 398 704 776 390 699 771 391 705 777 389 703 775 392 703 775 392 705 777 389 706 778 397 705 777 389 704 776 395 707 779 394 705 777 389 707 779 394 708 780 393 705 777 389 708 780 393 709 781 396 705 777 389 709 781 396 706 778 397 708 780 393 710 782 400 709 781 396 597 764 400 593 783 396 591 765 393 593 783 396 587 784 389 591 765 393 593 783 396 594 785 397 587 784 389 591 765 393 587 784 389 592 767 394 587 784 389 589 786 391 588 787 390 587 784 389 590 788 392 589 786 391 587 784 389 588 787 395 592 767 394 587 784 389 594 785 397 590 788 392 589 786 391 595 789 398 588 787 390 589 786 391 590 788 392 596 790 399 596 790 399 711 791 392 589 786 391 711 791 392 712 792 389 589 786 391 711 791 392 713 793 397 712 792 389 589 786 391 712 792 389 714 794 390 589 786 391 714 794 390 595 789 398 712 792 389 708 780 393 707 779 394 712 792 389 707 779 394 714 795 395 712 792 389 715 796 396 708 780 393 712 792 389 713 793 397 715 796 396 708 780 393 715 796 396 710 782 400 597 594 400 695 797 396 591 588 393 695 797 396 696 798 389 591 588 393 695 797 396 697 799 397 696 798 389 591 588 393 696 798 389 592 589 394 696 798 389 699 800 391 698 801 390 696 798 389 700 802 392 699 800 391 696 798 389 698 801 395 592 589 394 696 798 389 697 799 397 700 802 392 699 800 391 701 803 398 698 801 390 699 800 391 700 802 392 702 804 399 702 804 399 703 805 392 699 800 391 703 805 392 705 806 389 699 800 391 703 805 392 706 807 397 705 806 389 699 800 391 705 806 389 704 808 390 699 800 391 704 808 390 701 803 398 705 806 389 708 809 393 707 810 394 705 806 389 707 810 394 704 808 395 705 806 389 709 811 396 708 809 393 705 806 389 706 807 397 709 811 396 708 809 393 709 811 396 710 812 400 596 593 399 589 586 391 711 813 392 589 586 391 714 814 390 712 815 389 589 586 391 595 592 398 714 814 390 589 586 391 712 815 389 711 813 392 711 813 392 712 815 389 713 816 397 712 815 389 714 817 395 707 810 394 712 815 389 707 810 394 708 809 393 712 815 389 708 809 393 715 818 396 712 815 389 715 818 396 713 816 397 708 809 393 710 812 400 715 818 396 716 819 467 717 820 468 718 821 469 718 821 469 717 820 468 719 822 470 719 822 470 720 823 471 721 824 472 719 822 470 717 820 468 720 823 471 720 823 471 722 825 473 721 824 472 720 823 471 717 820 468 722 825 473 717 820 468 723 826 474 722 825 473 721 824 472 722 825 473 724 827 475 723 826 474 725 828 476 722 825 473 722 825 473 726 829 477 724 827 475 722 825 473 727 830 478 726 829 477 722 825 473 725 828 476 728 831 479 722 825 473 728 831 479 727 830 478 726 829 477 727 830 478 729 832 480 727 830 478 730 833 481 729 832 480 727 830 478 728 831 479 731 834 482 727 830 478 731 834 482 730 833 481 732 835 469 733 836 468 734 835 467 732 835 469 719 822 470 733 836 468 733 836 468 735 837 473 736 838 474 733 836 468 737 839 471 735 837 473 733 836 468 719 822 470 737 839 471 719 822 470 721 824 472 737 839 471 736 838 474 735 837 473 738 840 476 737 839 471 721 824 472 735 837 473 735 837 473 721 824 472 724 827 475 735 837 473 724 827 475 726 829 477 735 837 473 726 829 477 739 841 478 735 837 473 740 842 479 738 840 476 735 837 473 739 841 478 740 842 479 726 829 477 729 832 480 739 841 478 739 841 478 729 832 480 730 833 481 739 841 478 741 843 482 740 842 479 739 841 478 730 833 481 741 843 482 718 844 483 719 845 484 742 846 485 718 844 483 742 846 485 716 847 486 742 846 485 725 848 487 723 849 488 742 846 485 723 849 488 717 850 489 742 846 485 717 850 489 716 847 486 742 846 485 743 851 490 725 848 487 725 848 487 743 851 490 728 852 491 743 851 490 744 853 492 728 852 491 728 852 491 744 853 492 731 854 493 743 851 490 740 855 491 744 853 492 743 851 490 742 846 485 738 856 487 743 851 490 738 856 487 740 855 491 740 855 491 741 857 493 744 853 492 742 846 485 719 845 484 732 858 483 742 846 485 734 859 486 733 860 489 742 846 485 733 860 489 736 861 488 742 846 485 736 861 488 738 856 487 742 846 485 732 858 483 734 859 486 745 862 467 746 863 468 747 862 469 746 863 468 748 864 473 749 865 471 746 863 468 750 866 474 748 864 473 746 863 468 749 865 471 751 867 470 746 863 468 751 867 470 747 862 469 749 865 471 748 864 473 752 868 472 749 865 471 752 868 472 751 867 470 750 866 474 753 869 476 748 864 473 748 864 473 754 870 475 752 868 472 748 864 473 755 871 477 754 870 475 748 864 473 756 872 478 755 871 477 748 864 473 753 869 476 757 873 479 748 864 473 757 873 479 756 872 478 755 871 477 756 872 478 758 874 480 756 872 478 730 875 481 758 874 480 756 872 478 757 873 479 759 876 482 756 872 478 759 876 482 730 875 481 760 877 469 761 878 468 762 877 467 760 877 469 751 867 470 761 878 468 761 878 468 763 879 473 764 880 474 761 878 468 765 881 471 763 879 473 761 878 468 751 867 470 765 881 471 751 867 470 752 868 472 765 881 471 764 880 474 763 879 473 766 882 476 765 881 471 752 868 472 763 879 473 763 879 473 752 868 472 754 870 475 763 879 473 754 870 475 755 871 477 763 879 473 755 871 477 767 883 478 763 879 473 768 884 479 766 882 476 763 879 473 767 883 478 768 884 479 755 871 477 758 874 480 767 883 478 767 883 478 758 874 480 730 875 481 767 883 478 769 885 482 768 884 479 767 883 478 730 875 481 769 885 482 747 886 483 751 887 484 770 888 485 747 886 483 770 888 485 745 889 486 770 888 485 753 890 487 750 891 488 770 888 485 750 891 488 746 892 489 770 888 485 746 892 489 745 889 486 770 888 485 771 893 490 753 890 487 753 890 487 771 893 490 757 894 491 771 893 490 772 895 492 757 894 491 757 894 491 772 895 492 759 896 493 771 893 490 768 897 491 772 895 492 771 893 490 770 888 485 766 898 487 771 893 490 766 898 487 768 897 491 768 897 491 769 899 493 772 895 492 770 888 485 751 887 484 760 900 483 770 888 485 762 901 486 761 902 489 770 888 485 761 902 489 764 903 488 770 888 485 764 903 488 766 898 487 770 888 485 760 900 483 762 901 486 773 904 467 774 905 468 775 906 469 774 905 468 776 907 473 777 908 471 774 905 468 778 909 474 776 907 473 774 905 468 777 908 471 779 910 470 774 905 468 779 910 470 775 906 469 777 908 471 776 907 473 780 911 472 777 908 471 780 911 472 779 910 470 778 909 474 781 912 476 776 907 473 776 907 473 782 913 475 780 911 472 776 907 473 783 914 477 782 913 475 776 907 473 784 915 478 783 914 477 776 907 473 781 912 476 785 916 479 776 907 473 785 916 479 784 915 478 783 914 477 784 915 478 786 917 480 784 915 478 730 918 481 786 917 480 784 915 478 785 916 479 787 919 482 784 915 478 787 919 482 730 918 481 788 920 469 789 921 468 790 920 467 788 920 469 779 910 470 789 921 468 789 921 468 791 922 473 792 923 474 789 921 468 793 924 471 791 922 473 789 921 468 779 910 470 793 924 471 779 910 470 780 911 472 793 924 471 792 923 474 791 922 473 794 925 476 793 924 471 780 911 472 791 922 473 791 922 473 780 911 472 782 913 475 791 922 473 782 913 475 783 914 477 791 922 473 783 914 477 795 926 478 791 922 473 796 927 479 794 925 476 791 922 473 795 926 478 796 927 479 783 914 477 786 917 480 795 926 478 795 926 478 786 917 480 730 918 481 795 926 478 797 928 482 796 927 479 795 926 478 730 918 481 797 928 482 775 929 483 779 930 484 798 931 485 775 929 483 798 931 485 773 932 486 798 931 485 781 933 487 778 934 488 798 931 485 778 934 488 774 935 489 798 931 485 774 935 489 773 932 486 798 931 485 799 936 490 781 933 487 781 933 487 799 936 490 785 937 491 799 936 490 800 938 492 785 937 491 785 937 491 800 938 492 787 939 493 799 936 490 796 940 491 800 938 492 799 936 490 798 931 485 794 941 487 799 936 490 794 941 487 796 940 491 796 940 491 797 942 493 800 938 492 798 931 485 779 930 484 788 943 483 798 931 485 790 944 486 789 945 489 798 931 485 789 945 489 792 946 488 798 931 485 792 946 488 794 941 487 798 931 485 788 943 483 790 944 486 801 947 467 802 948 468 803 949 469 802 948 468 804 950 473 805 951 471 802 948 468 806 952 474 804 950 473 802 948 468 805 951 471 807 953 470 802 948 468 807 953 470 803 949 469 805 951 471 804 950 473 808 954 472 805 951 471 808 954 472 807 953 470 806 952 474 809 955 476 804 950 473 804 950 473 810 956 475 808 954 472 804 950 473 811 957 477 810 956 475 804 950 473 812 958 478 811 957 477 804 950 473 809 955 476 813 959 479 804 950 473 813 959 479 812 958 478 811 957 477 812 958 478 814 960 480 812 958 478 730 961 481 814 960 480 812 958 478 813 959 479 815 962 482 812 958 478 815 962 482 730 961 481 816 963 469 817 964 468 818 963 467 816 963 469 807 953 470 817 964 468 817 964 468 819 965 473 820 966 474 817 964 468 821 967 471 819 965 473 817 964 468 807 953 470 821 967 471 807 953 470 808 954 472 821 967 471 820 966 474 819 965 473 822 968 476 821 967 471 808 954 472 819 965 473 819 965 473 808 954 472 810 956 475 819 965 473 810 956 475 811 957 477 819 965 473 811 957 477 823 969 478 819 965 473 824 970 479 822 968 476 819 965 473 823 969 478 824 970 479 811 957 477 814 960 480 823 969 478 823 969 478 814 960 480 730 961 481 823 969 478 825 971 482 824 970 479 823 969 478 730 961 481 825 971 482 803 972 483 807 973 484 826 974 485 803 972 483 826 974 485 801 975 486 826 974 485 809 976 487 806 977 488 826 974 485 806 977 488 802 978 489 826 974 485 802 978 489 801 975 486 826 974 485 827 979 490 809 976 487 809 976 487 827 979 490 813 980 491 827 979 490 828 981 492 813 980 491 813 980 491 828 981 492 815 982 493 827 979 490 824 983 491 828 981 492 827 979 490 826 974 485 822 984 487 827 979 490 822 984 487 824 983 491 824 983 491 825 985 493 828 981 492 826 974 485 807 973 484 816 986 483 826 974 485 818 987 486 817 988 489 826 974 485 817 988 489 820 989 488 826 974 485 820 989 488 822 984 487 826 974 485 816 986 483 818 987 486 829 990 494 830 991 495 831 992 496 829 990 494 832 993 497 830 991 495 830 991 495 833 994 498 831 992 496 830 991 495 832 993 497 834 995 499 830 991 495 835 996 500 833 994 498 830 991 495 834 995 499 835 996 500 832 993 497 836 997 501 834 995 499 834 995 499 837 998 502 835 996 500 834 995 499 836 997 501 837 998 502 835 996 500 837 998 502 838 999 503 829 990 498 831 992 496 839 1000 504 829 990 498 839 1000 504 832 993 500 831 992 496 833 994 494 839 1000 504 839 1000 504 840 1001 505 832 993 500 839 1000 504 835 996 497 840 1001 505 839 1000 504 833 994 494 835 996 497 832 993 500 840 1001 505 836 997 503 840 1001 505 835 996 497 841 1002 506 840 1001 505 841 1002 506 836 997 503 835 996 497 838 999 501 841 1002 506</p>
        </triangles>
      </mesh>
    </geometry>
    <geometry id="geom-Pianta_Eye" name="Pianta_Eye">
      <mesh>
        <source id="geom-Pianta_Eye-positions">
          <float_array id="geom-Pianta_Eye-positions-array" count="78">2.203125 -2.060544 18.14652 1.953125 -2.070309 18.3389 1.879883 -2.560544 17.95804 1.666992 -2.187497 18.41214 1.424805 -2.382809 18.34671 1.290039 -2.599606 18.15921 1.299805 -2.7832 17.90042 1.450195 -2.884762 17.64066 1.702148 -2.874997 17.44828 1.987305 -2.755856 17.37455 2.228516 -2.562497 17.44046 2.363281 -2.3457 17.62699 2.355469 -2.162106 17.88578 -2.203125 -2.060544 18.14652 -1.879883 -2.560544 17.95804 -1.953125 -2.070309 18.3389 -1.666992 -2.187497 18.41214 -1.424805 -2.382809 18.34671 -1.290039 -2.599606 18.15921 -1.299805 -2.7832 17.90042 -1.450195 -2.884762 17.64066 -1.702148 -2.874997 17.44828 -1.987305 -2.755856 17.37455 -2.228516 -2.562497 17.44046 -2.363281 -2.3457 17.62699 -2.355469 -2.162106 17.88578</float_array>
          <technique_common>
            <accessor source="#geom-Pianta_Eye-positions-array" count="26" stride="3">
              <param name="X" type="float"/>
              <param name="Y" type="float"/>
              <param name="Z" type="float"/>
            </accessor>
          </technique_common>
        </source>
        <source id="geom-Pianta_Eye-normals">
          <float_array id="geom-Pianta_Eye-normals-array" count="78">0.545621 -0.582794 0.602203 0.46742 -0.58477 0.662995 0.436179 -0.725665 0.532126 0.377856 -0.622583 0.685285 0.299616 -0.683422 0.665706 0.258028 -0.75259 0.60583 0.260398 -0.810571 0.524564 0.309314 -0.841823 0.442334 0.387377 -0.839295 0.381476 0.477508 -0.802376 0.358021 0.553538 -0.741309 0.379547 0.597195 -0.671609 0.43852 0.594804 -0.614355 0.518436 -0.545621 -0.582794 0.602203 -0.436179 -0.725665 0.532126 -0.46742 -0.58477 0.662995 -0.377856 -0.622583 0.685285 -0.299616 -0.683422 0.665706 -0.258028 -0.75259 0.60583 -0.260398 -0.810571 0.524564 -0.309314 -0.841823 0.442334 -0.387377 -0.839295 0.381476 -0.477508 -0.802376 0.358021 -0.553538 -0.741309 0.379547 -0.597195 -0.671609 0.43852 -0.594804 -0.614355 0.518436</float_array>
          <technique_common>
            <accessor source="#geom-Pianta_Eye-normals-array" count="26" stride="3">
              <param name="X" type="float"/>
              <param name="Y" type="float"/>
              <param name="Z" type="float"/>
            </accessor>
          </technique_common>
        </source>
        <source id="geom-Pianta_Eye-map1">
          <float_array id="geom-Pianta_Eye-map1-array" count="39">0.176562 0.84654 0 0.171786 0.856054 0 0.165316 0.833471 0 0.165278 0.859503 0 0.15877 0.855978 0 0.154025 0.846426 0 0.1523 0.833394 0 0.154063 0.820394 0 0.158839 0.810887 0 0.165347 0.807439 0 0.171847 0.810956 0 0.1766 0.820508 0 0.178332 0.833532 0</float_array>
          <technique_common>
            <accessor source="#geom-Pianta_Eye-map1-array" count="13" stride="3">
              <param name="S" type="float"/>
              <param name="T" type="float"/>
              <param name="P" type="float"/>
            </accessor>
          </technique_common>
        </source>
        <vertices id="geom-Pianta_Eye-vertices">
          <input semantic="POSITION" source="#geom-Pianta_Eye-positions"/>
        </vertices>
        <triangles material="Pianta" count="24">
          <input semantic="VERTEX" source="#geom-Pianta_Eye-vertices" offset="0"/>
          <input semantic="NORMAL" source="#geom-Pianta_Eye-normals" offset="1"/>
          <input semantic="TEXCOORD" source="#geom-Pianta_Eye-map1" offset="2" set="0"/>
          <p>0 0 0 1 1 1 2 2 2 1 1 1 3 3 3 2 2 2 3 3 3 4 4 4 2 2 2 4 4 4 5 5 5 2 2 2 5 5 5 6 6 6 2 2 2 6 6 6 7 7 7 2 2 2 7 7 7 8 8 8 2 2 2 8 8 8 9 9 9 2 2 2 9 9 9 10 10 10 2 2 2 10 10 10 11 11 11 2 2 2 11 11 11 12 12 12 2 2 2 12 12 12 0 0 0 2 2 2 13 13 0 14 14 2 15 15 1 15 15 1 14 14 2 16 16 3 16 16 3 14 14 2 17 17 4 17 17 4 14 14 2 18 18 5 18 18 5 14 14 2 19 19 6 19 19 6 14 14 2 20 20 7 20 20 7 14 14 2 21 21 8 21 21 8 14 14 2 22 22 9 22 22 9 14 14 2 23 23 10 23 23 10 14 14 2 24 24 11 24 24 11 14 14 2 25 25 12 25 25 12 14 14 2 13 13 0</p>
        </triangles>
      </mesh>
    </geometry>
    <geometry id="geom-Pianta_Eye_Close01" name="Pianta_Eye_Close01">
      <mesh>
        <source id="geom-Pianta_Eye_Close01-positions">
          <float_array id="geom-Pianta_Eye_Close01-positions-array" count="78">2.25 -2.154294 17.97367 2.029297 -2.201169 18.09085 1.862305 -2.531247 17.93656 1.755859 -2.320309 18.15531 1.5 -2.480465 18.14945 1.332031 -2.638669 18.07523 1.296875 -2.75195 17.95218 1.40332 -2.791012 17.81253 1.624023 -2.744137 17.69535 1.899414 -2.624997 17.63089 2.154297 -2.46484 17.63675 2.322266 -2.306638 17.71097 2.357422 -2.193356 17.835 -2.25 -2.154294 17.97367 -1.862305 -2.531247 17.93656 -2.029297 -2.201169 18.09085 -1.755859 -2.320309 18.15531 -1.5 -2.480465 18.14945 -1.332031 -2.638669 18.07523 -1.296875 -2.75195 17.95218 -1.40332 -2.791012 17.81253 -1.624023 -2.744137 17.69535 -1.899414 -2.624997 17.63089 -2.154297 -2.46484 17.63675 -2.322266 -2.306638 17.71097 -2.357422 -2.193356 17.835</float_array>
          <technique_common>
            <accessor source="#geom-Pianta_Eye_Close01-positions-array" count="26" stride="3">
              <param name="X" type="float"/>
              <param name="Y" type="float"/>
              <param name="Z" type="float"/>
            </accessor>
          </technique_common>
        </source>
        <source id="geom-Pianta_Eye_Close01-normals">
          <float_array id="geom-Pianta_Eye_Close01-normals-array" count="78">0.508639 -0.58494 0.631769 0.443728 -0.555131 0.703517 0.438266 -0.720013 0.538055 0.379323 -0.567035 0.731154 0.330936 -0.620765 0.710727 0.309047 -0.700253 0.643534 0.31899 -0.77887 0.540006 0.354052 -0.831342 0.428391 0.40888 -0.845155 0.34428 0.469802 -0.82607 0.311278 0.522424 -0.78267 0.33838 0.554394 -0.71895 0.419235 0.550163 -0.64806 0.52663 -0.508639 -0.58494 0.631769 -0.438266 -0.720013 0.538055 -0.443728 -0.555131 0.703517 -0.379323 -0.567035 0.731154 -0.330936 -0.620765 0.710727 -0.309047 -0.700253 0.643534 -0.31899 -0.77887 0.540006 -0.354052 -0.831342 0.428391 -0.40888 -0.845155 0.34428 -0.469802 -0.82607 0.311278 -0.522424 -0.78267 0.33838 -0.554394 -0.71895 0.419235 -0.550163 -0.64806 0.52663</float_array>
          <technique_common>
            <accessor source="#geom-Pianta_Eye_Close01-normals-array" count="26" stride="3">
              <param name="X" type="float"/>
              <param name="Y" type="float"/>
              <param name="Z" type="float"/>
            </accessor>
          </technique_common>
        </source>
        <source id="geom-Pianta_Eye_Close01-map1">
          <float_array id="geom-Pianta_Eye_Close01-map1-array" count="39">0.176562 0.84654 0 0.171786 0.856054 0 0.165316 0.833471 0 0.165278 0.859503 0 0.15877 0.855978 0 0.154025 0.846426 0 0.1523 0.833394 0 0.154063 0.820394 0 0.158839 0.810887 0 0.165347 0.807439 0 0.171847 0.810956 0 0.1766 0.820508 0 0.178332 0.833532 0</float_array>
          <technique_common>
            <accessor source="#geom-Pianta_Eye_Close01-map1-array" count="13" stride="3">
              <param name="S" type="float"/>
              <param name="T" type="float"/>
              <param name="P" type="float"/>
            </accessor>
          </technique_common>
        </source>
        <vertices id="geom-Pianta_Eye_Close01-vertices">
          <input semantic="POSITION" source="#geom-Pianta_Eye_Close01-positions"/>
        </vertices>
        <triangles material="Pianta" count="24">
          <input semantic="VERTEX" source="#geom-Pianta_Eye_Close01-vertices" offset="0"/>
          <input semantic="NORMAL" source="#geom-Pianta_Eye_Close01-normals" offset="1"/>
          <input semantic="TEXCOORD" source="#geom-Pianta_Eye_Close01-map1" offset="2" set="0"/>
          <p>0 0 0 1 1 1 2 2 2 1 1 1 3 3 3 2 2 2 3 3 3 4 4 4 2 2 2 4 4 4 5 5 5 2 2 2 5 5 5 6 6 6 2 2 2 6 6 6 7 7 7 2 2 2 7 7 7 8 8 8 2 2 2 8 8 8 9 9 9 2 2 2 9 9 9 10 10 10 2 2 2 10 10 10 11 11 11 2 2 2 11 11 11 12 12 12 2 2 2 12 12 12 0 0 0 2 2 2 13 13 0 14 14 2 15 15 1 15 15 1 14 14 2 16 16 3 16 16 3 14 14 2 17 17 4 17 17 4 14 14 2 18 18 5 18 18 5 14 14 2 19 19 6 19 19 6 14 14 2 20 20 7 20 20 7 14 14 2 21 21 8 21 21 8 14 14 2 22 22 9 22 22 9 14 14 2 23 23 10 23 23 10 14 14 2 24 24 11 24 24 11 14 14 2 25 25 12 25 25 12 14 14 2 13 13 0</p>
        </triangles>
      </mesh>
    </geometry>
    <geometry id="geom-Pianta_Eye_Close02" name="Pianta_Eye_Close02">
      <mesh>
        <source id="geom-Pianta_Eye_Close02-positions">
          <float_array id="geom-Pianta_Eye_Close02-positions-array" count="78">2.265625 -2.177731 17.9307 2.076172 -2.277341 17.95218 1.87793 -2.554684 17.89164 1.817383 -2.419919 17.97074 1.556641 -2.572262 17.97953 1.364258 -2.691403 17.97855 1.306641 -2.769528 17.92093 1.389648 -2.767575 17.8555 1.598633 -2.701169 17.793 1.865234 -2.568356 17.76566 2.117188 -2.406247 17.76566 2.291016 -2.253903 17.80863 2.347656 -2.175778 17.86625 -2.265625 -2.177731 17.9307 -1.87793 -2.554684 17.89164 -2.076172 -2.277341 17.95218 -1.817383 -2.419919 17.97074 -1.556641 -2.572262 17.97953 -1.364258 -2.691403 17.97855 -1.306641 -2.769528 17.92093 -1.389648 -2.767575 17.8555 -1.598633 -2.701169 17.793 -1.865234 -2.568356 17.76566 -2.117188 -2.406247 17.76566 -2.291016 -2.253903 17.80863 -2.347656 -2.175778 17.86625</float_array>
          <technique_common>
            <accessor source="#geom-Pianta_Eye_Close02-positions-array" count="26" stride="3">
              <param name="X" type="float"/>
              <param name="Y" type="float"/>
              <param name="Z" type="float"/>
            </accessor>
          </technique_common>
        </source>
        <source id="geom-Pianta_Eye_Close02-normals">
          <float_array id="geom-Pianta_Eye_Close02-normals-array" count="78">0.414781 -0.504767 0.757078 0.293485 -0.399134 0.868653 0.434116 -0.707886 0.557172 0.270111 -0.393441 0.878774 0.260065 -0.414554 0.872073 0.281839 -0.573477 0.769214 0.319173 -0.78129 0.53639 0.352414 -0.86931 0.346561 0.409091 -0.896456 0.170327 0.495422 -0.867486 0.045013 0.576818 -0.803631 0.146487 0.600679 -0.735674 0.313 0.557633 -0.657435 0.506779 -0.414781 -0.504767 0.757078 -0.434116 -0.707886 0.557172 -0.293485 -0.399134 0.868653 -0.270111 -0.393441 0.878774 -0.260065 -0.414554 0.872073 -0.281839 -0.573477 0.769214 -0.319173 -0.78129 0.53639 -0.352414 -0.86931 0.346561 -0.409091 -0.896456 0.170327 -0.495422 -0.867486 0.045013 -0.576818 -0.803631 0.146487 -0.600679 -0.735674 0.313 -0.557633 -0.657435 0.506779</float_array>
          <technique_common>
            <accessor source="#geom-Pianta_Eye_Close02-normals-array" count="26" stride="3">
              <param name="X" type="float"/>
              <param name="Y" type="float"/>
              <param name="Z" type="float"/>
            </accessor>
          </technique_common>
        </source>
        <source id="geom-Pianta_Eye_Close02-map1">
          <float_array id="geom-Pianta_Eye_Close02-map1-array" count="39">0.176562 0.84654 0 0.171786 0.856054 0 0.165316 0.833471 0 0.165278 0.859503 0 0.15877 0.855978 0 0.154025 0.846426 0 0.1523 0.833394 0 0.154063 0.820394 0 0.158839 0.810887 0 0.165347 0.807439 0 0.171847 0.810956 0 0.1766 0.820508 0 0.178332 0.833532 0</float_array>
          <technique_common>
            <accessor source="#geom-Pianta_Eye_Close02-map1-array" count="13" stride="3">
              <param name="S" type="float"/>
              <param name="T" type="float"/>
              <param name="P" type="float"/>
            </accessor>
          </technique_common>
        </source>
        <vertices id="geom-Pianta_Eye_Close02-vertices">
          <input semantic="POSITION" source="#geom-Pianta_Eye_Close02-positions"/>
        </vertices>
        <triangles material="Pianta" count="24">
          <input semantic="VERTEX" source="#geom-Pianta_Eye_Close02-vertices" offset="0"/>
          <input semantic="NORMAL" source="#geom-Pianta_Eye_Close02-normals" offset="1"/>
          <input semantic="TEXCOORD" source="#geom-Pianta_Eye_Close02-map1" offset="2" set="0"/>
          <p>0 0 0 1 1 1 2 2 2 1 1 1 3 3 3 2 2 2 3 3 3 4 4 4 2 2 2 4 4 4 5 5 5 2 2 2 5 5 5 6 6 6 2 2 2 6 6 6 7 7 7 2 2 2 7 7 7 8 8 8 2 2 2 8 8 8 9 9 9 2 2 2 9 9 9 10 10 10 2 2 2 10 10 10 11 11 11 2 2 2 11 11 11 12 12 12 2 2 2 12 12 12 0 0 0 2 2 2 13 13 0 14 14 2 15 15 1 15 15 1 14 14 2 16 16 3 16 16 3 14 14 2 17 17 4 17 17 4 14 14 2 18 18 5 18 18 5 14 14 2 19 19 6 19 19 6 14 14 2 20 20 7 20 20 7 14 14 2 21 21 8 21 21 8 14 14 2 22 22 9 22 22 9 14 14 2 23 23 10 23 23 10 14 14 2 24 24 11 24 24 11 14 14 2 25 25 12 25 25 12 14 14 2 13 13 0</p>
        </triangles>
      </mesh>
    </geometry>
  </library_geometries>
  <library_controllers>
    <controller id="geom-Pianta-skin1">
      <skin source="#geom-Pianta">
        <bind_shape_matrix>1 0 0 0 0 1 0 0 0 0 1 0 0 0 0 1</bind_shape_matrix>
        <source id="geom-Pianta-skin1-joints">
          <Name_array id="geom-Pianta-skin1-joints-array" count="41">joint0 joint1 joint2 joint3 joint4 joint5 joint6 joint7 joint8 joint9 joint10 joint11 joint12 joint13 joint14 joint15 joint16 joint17 joint18 joint19 joint20 joint21 joint22 joint23 joint24 joint25 joint26 joint27 joint28 joint29 joint30 joint31 joint32 joint33 joint34 joint35 joint36 joint37 joint38 joint39 joint40</Name_array>
          <technique_common>
            <accessor source="#geom-Pianta-skin1-joints-array" count="41" stride="1">
              <param name="JOINT" type="name"/>
            </accessor>
          </technique_common>
        </source>
        <source id="geom-Pianta-skin1-bind_poses">
          <float_array id="geom-Pianta-skin1-bind_poses-array" count="656">1 0 0 0 0 -1 3.89414e-7 -6.01718e-7 0 -3.89414e-7 -1 7.97 0 0 0 1 -0.866025 -0.5000007 1.94707e-7 7.51612e-4 -0.4698469 0.8137972 -0.3420206 9.163188 0.1710104 -0.2961985 -0.9396924 7.753603 0 0 0 1 -6.39758e-7 -1 3.89414e-7 3.21124e-6 -0.9396926 4.67988e-7 -0.3420203 9.164419 0.3420203 -5.8474e-7 -0.9396926 7.753155 0 0 0 1 0.8660253 -0.5000002 2.02158e-7 -7.55748e-4 -0.4698465 -0.8137976 -0.3420199 9.163186 0.1710102 0.2961978 -0.9396927 7.753604 0 0 0 1 1 0 0 -3.37 0 -1 3.89414e-7 -6.01718e-7 0 -3.89414e-7 -1 6.9 0 0 0 1 1 0 0 -3.37 0 -1 3.89414e-7 -6.01718e-7 0 -3.89414e-7 -1 4.920002 0 0 0 1 1 0 0 -3.37 0 -1 3.89414e-7 -6.01718e-7 0 -3.89414e-7 -1 3.070003 0 0 0 1 1 0 0 -3.37 0 7.54979e-8 1 -0.6700056 0 -1 7.54979e-8 -2.899998 0 0 0 1 -0.8660255 0.4999998 -1.94707e-7 -7.57334e-4 0.4698461 0.8137976 -0.3420206 9.163188 -0.1710101 -0.2961986 -0.9396924 7.753603 0 0 0 1 -6.39758e-7 1 -3.89414e-7 -3.21124e-6 0.9396926 4.67988e-7 -0.3420203 9.164419 -0.3420203 -5.8474e-7 -0.9396926 7.753155 0 0 0 1 0.8660252 0.5000003 -1.94707e-7 7.55432e-4 0.4698465 -0.8137975 -0.3420199 9.163185 -0.1710102 0.2961978 -0.9396927 7.753604 0 0 0 1 1 0 0 3.37 0 -1 3.89414e-7 -6.01718e-7 0 -3.89414e-7 -1 6.9 0 0 0 1 1 0 0 3.37 0 -1 3.89414e-7 -6.01718e-7 0 -3.89414e-7 -1 4.920002 0 0 0 1 1 0 0 3.37 0 -1 3.89414e-7 -6.01718e-7 0 -3.89414e-7 -1 3.070003 0 0 0 1 1 0 0 3.37 0 7.54979e-8 1 -0.6700056 0 -1 7.54979e-8 -2.899998 0 0 0 1 1 0 0 0 0 1 0 -2.50191e-6 0 0 1 -7.97 0 0 0 1 1 0 0 0 0 1 0 -2.50191e-6 0 0 1 -12.18 0 0 0 1 1 0 0 0 0 1 0 -2.50191e-6 0 0 1 -16.46 0 0 0 1 1 0 0 0 0 1 0 -2.50191e-6 0 0 1 -20.15999 0 0 0 1 1 0 0 0 0 1 0 -4.50191e-6 0 0 1 -24.55999 0 0 0 1 1 0 0 0 0 -0.08715589 0.9961947 -17.6864 0 -0.9961947 -0.08715589 -1.825469 0 0 0 1 3.45544e-4 0 -0.9999999 15.77951 0 1 0 -2.50191e-6 0.9999999 0 3.45544e-4 -1.405452 0 0 0 1 3.45544e-4 0 -0.9999999 15.77951 0 1 0 -2.50191e-6 0.9999999 0 3.45544e-4 -4.245452 0 0 0 1 3.45544e-4 0 -0.9999999 15.77951 0 1 0 -3.50191e-6 0.9999999 0 3.45544e-4 -7.545453 0 0 0 1 1.08472e-10 1 -3.13916e-7 1.45154e-6 -3.45544e-4 3.13916e-7 0.9999999 -15.77951 0.9999999 0 3.45544e-4 -11.67545 0 0 0 1 1.08472e-10 1 -3.13916e-7 1.45153e-6 -3.45544e-4 3.13916e-7 0.9999999 -16.32951 0.9999999 0 3.45544e-4 -14.87545 0 0 0 1 1.08472e-10 1 -3.13916e-7 1.45153e-6 -3.45544e-4 3.13916e-7 0.9999999 -16.32951 0.9999999 0 3.45544e-4 -15.95545 0 0 0 1 1.08472e-10 1 -3.13916e-7 2.45154e-6 -3.45544e-4 3.13916e-7 0.9999999 -16.32951 0.9999999 0 3.45544e-4 -17.03545 0 0 0 1 0.5732934 -4.02331e-7 0.8193504 -19.39333 -0.4816025 -0.8090167 0.3369733 0.01754189 0.6628681 -0.5877857 -0.463804 -1.725427 0 0 0 1 0.5732934 -4.02331e-7 0.8193504 -19.39333 -0.4816025 -0.8090167 0.3369733 0.01753998 0.6628681 -0.5877857 -0.463804 -3.805426 0 0 0 1 0.5732934 -4.02331e-7 0.8193504 -19.39334 -0.4816025 -0.8090167 0.3369733 0.01754093 0.6628681 -0.5877857 -0.463804 -4.885425 0 0 0 1 -3.45544e-4 -3.02084e-11 0.9999999 -15.78048 -1.74846e-7 1 -3.02084e-11 -2.74622e-6 -0.9999999 -1.74846e-7 -3.45544e-4 -1.394547 0 0 0 1 -3.45544e-4 -3.02084e-11 0.9999999 -15.78048 -1.74846e-7 1 -3.02084e-11 -2.74622e-6 -0.9999999 -1.74846e-7 -3.45544e-4 -4.234547 0 0 0 1 -3.45544e-4 -3.02084e-11 0.9999999 -15.78048 -1.74846e-7 1 -3.02084e-11 -2.74622e-6 -0.9999999 -1.74846e-7 -3.45544e-4 -7.534546 0 0 0 1 1.74737e-7 -1 3.13947e-7 -2.20753e-6 -3.45544e-4 3.13886e-7 0.9999999 -15.78048 -0.9999999 -1.74846e-7 -3.45544e-4 -11.66454 0 0 0 1 1.74737e-7 -1 3.13947e-7 -2.20753e-6 -3.45544e-4 3.13886e-7 0.9999999 -16.33048 -0.9999999 -1.74846e-7 -3.45544e-4 -14.86454 0 0 0 1 1.74737e-7 -1 3.13947e-7 -1.20753e-6 -3.45544e-4 3.13886e-7 0.9999999 -16.33048 -0.9999999 -1.74846e-7 -3.45544e-4 -15.94454 0 0 0 1 1.74737e-7 -1 3.13947e-7 -1.20753e-6 -3.45544e-4 3.13886e-7 0.9999999 -16.33048 -0.9999999 -1.74846e-7 -3.45544e-4 -17.02454 0 0 0 1 0.5738594 -3.72529e-7 -0.8189539 19.38787 0.4813696 -0.8090163 0.3373068 0.0119524 -0.6625473 -0.5877863 -0.4642612 -1.717762 0 0 0 1 0.5738595 -4.17233e-7 -0.8189542 19.38787 0.4813696 -0.8090163 0.3373068 0.01195431 -0.6625473 -0.5877864 -0.4642613 -3.797759 0 0 0 1 0.5738595 -4.32134e-7 -0.8189541 19.38787 0.4813696 -0.8090163 0.3373067 0.01195717 -0.6625473 -0.5877864 -0.4642613 -4.877759 0 0 0 1</float_array>
          <technique_common>
            <accessor source="#geom-Pianta-skin1-bind_poses-array" count="41" stride="16">
              <param name="TRANSFORM" type="float4x4"/>
            </accessor>
          </technique_common>
        </source>
        <source id="geom-Pianta-skin1-weights">
          <float_array id="geom-Pianta-skin1-weights-array" count="1299">1 0.05098 0.34902 0.6 0.2 0.498039 0.301961 0.05098 0.34902 0.6 0.231373 0.478431 0.290196 0.3019607 0.4941175 0.1019609 0.1019609 0.8 0.2 0.4 0.101961 0.498039 0.5490195 0.3490197 0.1019609 0.6 0.4 0.65098 0.34902 0.6 0.4 0.698039 0.301961 0.65098 0.34902 0.5490195 0.3490197 0.1019609 0.231373 0.478431 0.290196 0.101961 0.898039 0.498039 0.501961 0.2 0.6 0.2 0.2 0.6 0.2 0.6 0.4 0.698039 0.301961 0.65098 0.34902 0.101961 0.898039 0.5490195 0.3490197 0.1019609 0.698039 0.301961 0.698039 0.301961 0.698039 0.301961 0.698039 0.301961 0.101961 0.4 0.498039 0.65098 0.34902 0.5490195 0.3490197 0.1019609 0.231373 0.478431 0.290196 0.231373 0.478431 0.290196 0.698039 0.301961 0.698039 0.301961 0.05098 0.34902 0.6 0.05098 0.34902 0.6 0.05098 0.34902 0.6 0.698039 0.301961 0.2 0.8 0.698039 0.301961 0.2 0.498039 0.301961 0.2 0.498039 0.301961 0.101961 0.898039 0.698039 0.301961 0.6 0.4 0.101961 0.498039 0.4 0.101961 0.898039 0.2 0.301961 0.498039 0.301961 0.698039 0.301961 0.698039 0.65098 0.34902 0.4 0.6 0.698039 0.301961 0.2 0.301961 0.498039 0.101961 0.898039 0.101961 0.898039 0.301961 0.698039 0.537255 0.101961 0.360784 0.698039 0.301961 0.101961 0.898039 0.301961 0.698039 0.2 0.498039 0.301961 0.101961 0.898039 0.301961 0.698039 0.2 0.498039 0.301961 0.101961 0.898039 0.301961 0.698039 0.2 0.498039 0.301961 0.05098 0.34902 0.6 0.301961 0.698039 0.2 0.498039 0.301961 0.05098 0.34902 0.6 0.231373 0.478431 0.290196 0.301961 0.698039 0.2 0.498039 0.301961 0.05098 0.34902 0.6 0.3490197 0.5019605 0.1490199 0.5490195 0.3490197 0.1019609 0.101961 0.898039 0.301961 0.698039 0.2 0.498039 0.301961 0.05098 0.34902 0.6 0.3490197 0.5019605 0.1490199 0.3490197 0.5019605 0.1490199 0.898039 0.101961 0.101961 0.898039 0.101961 0.898039 0.301961 0.698039 0.2 0.498039 0.301961 0.05098005 0.2509803 0.5960786 0.1019611 0.898039 0.101961 0.898039 0.101961 0.101961 0.898039 0.101961 0.898039 0.698039 0.301961 0.3490197 0.5019605 0.1490199 0.498039 0.501961 0.498039 0.501961 0.498039 0.501961 0.498039 0.501961 0.498039 0.501961 0.498039 0.4 0.101961 0.498039 0.4 0.101961 0.498039 0.4 0.101961 0.498039 0.4 0.101961 0.498039 0.501961 0.498039 0.4 0.101961 0.498039 0.501961 0.498039 0.301961 0.2 0.34902 0.65098 0.301961 0.498039 0.2 0.34902 0.65098 0.396078 0.301961 0.301961 0.2 0.301961 0.498039 0.34902 0.65098 0.2 0.498039 0.301961 0.2 0.301961 0.498039 0.498039 0.301961 0.2 0.6 0.2 0.2 0.2 0.498039 0.301961 0.2 0.498039 0.301961 0.396078 0.301961 0.301961 0.34902 0.65098 0.6 0.2 0.2 0.34902 0.65098 0.498039 0.501961 0.498039 0.501961 0.34902 0.65098 0.2 0.498039 0.301961 0.34902 0.65098 0.2 0.498039 0.301961 0.019608 0.980392 0.019608 0.980392 0.019608 0.980392 0.05098 0.94902 0.05098 0.94902 0.05098 0.94902 0.019608 0.980392 0.05098 0.94902 0.019608 0.980392 0.2 0.8 0.2 0.8 0.05098 0.94902 0.019608 0.980392 0.05098 0.94902 0.2 0.8 0.019608 0.980392 0.301961 0.698039 0.2 0.8 0.05098 0.94902 0.05098 0.94902 0.2 0.8 0.019608 0.980392 0.301961 0.698039 0.301961 0.698039 0.2 0.8 0.05098 0.94902 0.2 0.8 0.2 0.8 0.2 0.8 0.2 0.8 0.2 0.8 0.8 0.2 0.8 0.2 0.2 0.8 0.8 0.2 0.2 0.8 0.2 0.8 0.2 0.8 0.8 0.2 0.8 0.2 0.8 0.2 0.8 0.2 0.2 0.8 0.8 0.2 0.101961 0.898039 0.498039 0.501961 0.498039 0.501961 0.101961 0.898039 0.8 0.2 0.498039 0.501961 0.498039 0.501961 0.101961 0.898039 0.498039 0.501961 0.101961 0.898039 0.498039 0.501961 0.101961 0.898039 0.498039 0.501961 0.101961 0.898039 0.101961 0.898039 0.498039 0.501961 0.498039 0.501961 0.101961 0.898039 0.498039 0.501961 0.898039 0.101961 0.898039 0.101961 0.898039 0.101961 0.101961 0.898039 0.498039 0.501961 0.898039 0.101961 0.2 0.8 0.2 0.8 0.101961 0.898039 0.498039 0.501961 0.2 0.8 0.898039 0.101961 0.101961 0.898039 0.498039 0.501961 0.2 0.8 0.898039 0.101961 0.2 0.8 0.8 0.2 0.2 0.8 0.8 0.2 0.8 0.2 0.2 0.8 0.2 0.8 0.2 0.8 0.8 0.2 0.8 0.2 0.498039 0.501961 0.498039 0.501961 0.2 0.8 0.2 0.8 0.8 0.2 0.498039 0.501961 0.498039 0.501961 0.8 0.2 0.05098 0.34902 0.6 0.05098 0.34902 0.6 0.2 0.498039 0.301961 0.231373 0.478431 0.290196 0.3019607 0.4941175 0.1019609 0.1019609 0.05098 0.34902 0.6 0.2 0.498039 0.301961 0.231373 0.478431 0.290196 0.301961 0.698039 0.5490195 0.3490197 0.1019609 0.5490195 0.3490197 0.1019609 0.4 0.101961 0.498039 0.8 0.2 0.05098 0.34902 0.6 0.2 0.498039 0.301961 0.231373 0.478431 0.290196 0.301961 0.698039 0.5490195 0.3490197 0.1019609 0.101961 0.898039 0.65098 0.34902 0.65098 0.34902 0.65098 0.34902 0.6 0.4 0.698039 0.301961 0.6 0.4 0.231373 0.478431 0.290196 0.05098 0.34902 0.6 0.5490195 0.3490197 0.1019609 0.101961 0.898039 0.101961 0.898039 0.101961 0.898039 0.65098 0.34902 0.698039 0.301961 0.231373 0.478431 0.290196 0.05098 0.34902 0.6 0.65098 0.34902 0.5490195 0.3490197 0.1019609 0.101961 0.898039 0.101961 0.898039 0.698039 0.301961 0.6 0.4 0.898039 0.101961 0.3490197 0.5019605 0.1490199 0.2 0.6 0.2 0.2 0.6 0.2 0.05098 0.34902 0.6 0.101961 0.898039 0.101961 0.898039 0.498039 0.501961 0.698039 0.301961 0.05098 0.34902 0.6 0.2 0.498039 0.301961 0.2 0.498039 0.301961 0.301961 0.698039 0.301961 0.698039 0.301961 0.698039 0.698039 0.301961 0.698039 0.301961 0.2 0.498039 0.301961 0.301961 0.698039 0.301961 0.698039 0.698039 0.301961 0.2 0.8 0.698039 0.301961 0.2 0.498039 0.301961 0.698039 0.301961 0.101961 0.498039 0.4 0.101961 0.898039 0.698039 0.301961 0.101961 0.898039 0.6 0.4 0.301961 0.698039 0.2 0.498039 0.301961 0.101961 0.898039 0.698039 0.301961 0.898039 0.101961 0.101961 0.4 0.498039 0.4 0.6 0.537255 0.101961 0.360784 0.101961 0.898039 0.3490197 0.5019605 0.1490199 0.2 0.301961 0.498039 0.101961 0.898039 0.898039 0.101961 0.698039 0.301961 0.3490197 0.5019605 0.1490199 0.3490197 0.5019605 0.1490199 0.05098 0.34902 0.6 0.2 0.301961 0.498039 0.101961 0.898039 0.05098005 0.2509803 0.5960786 0.1019611 0.2 0.498039 0.301961 0.2 0.498039 0.301961 0.698039 0.301961 0.301961 0.698039 0.301961 0.698039 0.698039 0.301961 0.498039 0.501961 0.498039 0.501961 0.498039 0.501961 0.498039 0.501961 0.498039 0.501961 0.498039 0.501961 0.498039 0.4 0.101961 0.498039 0.4 0.101961 0.498039 0.4 0.101961 0.498039 0.501961 0.498039 0.301961 0.2 0.301961 0.498039 0.2 0.498039 0.301961 0.2 0.34902 0.65098 0.2 0.301961 0.498039 0.2 0.301961 0.498039 0.498039 0.501961 0.2 0.498039 0.301961 0.34902 0.65098 0.396078 0.301961 0.301961 0.396078 0.301961 0.301961 0.34902 0.65098 0.34902 0.65098 0.2 0.498039 0.301961 0.6 0.2 0.2 0.34902 0.65098 0.6 0.2 0.2 0.2 0.498039 0.301961 0.019608 0.980392 0.019608 0.980392 0.05098 0.94902 0.019608 0.980392 0.05098 0.94902 0.019608 0.980392 0.05098 0.94902 0.05098 0.94902 0.2 0.8 0.019608 0.980392 0.2 0.8 0.05098 0.94902 0.05098 0.94902 0.2 0.8 0.301961 0.698039 0.019608 0.980392 0.2 0.8 0.05098 0.94902 0.301961 0.698039 0.2 0.8 0.2 0.8 0.2 0.8 0.2 0.8 0.2 0.8 0.2 0.8 0.2 0.8 0.2 0.8 0.2 0.8 0.8 0.2 0.8 0.2 0.8 0.2 0.8 0.2 0.8 0.2 0.8 0.2 0.2 0.8 0.8 0.2 0.8 0.2 0.101961 0.898039 0.101961 0.898039 0.498039 0.501961 0.498039 0.501961 0.8 0.2 0.498039 0.501961 0.498039 0.501961 0.101961 0.898039 0.498039 0.501961 0.101961 0.898039 0.498039 0.501961 0.101961 0.898039 0.498039 0.501961 0.101961 0.898039 0.101961 0.898039 0.498039 0.501961 0.498039 0.501961 0.498039 0.501961 0.101961 0.898039 0.898039 0.101961 0.898039 0.101961 0.898039 0.101961 0.498039 0.501961 0.101961 0.898039 0.2 0.8 0.2 0.8 0.898039 0.101961 0.101961 0.898039 0.498039 0.501961 0.2 0.8 0.898039 0.101961 0.101961 0.898039 0.498039 0.501961 0.2 0.8 0.898039 0.101961 0.2 0.8 0.8 0.2 0.8 0.2 0.8 0.2 0.2 0.8 0.2 0.8 0.2 0.8 0.498039 0.501961 0.8 0.2 0.8 0.2 0.2 0.8 0.2 0.8 0.2 0.8 0.8 0.2 0.498039 0.501961 0.498039 0.501961 0.498039 0.501961 0.8 0.2 0.05098 0.101961 0.847059 0.2 0.078431 0.721569 0.05098 0.94902 0.498039 0.501961 0.039216 0.482353 0.478431 0.2 0.4 0.4 0.101961 0.898039 0.2 0.8 0.498039 0.501961 0.698039 0.301961 0.698039 0.301961 0.698039 0.301961 0.698039 0.301961 0.698039 0.301961 0.698039 0.301961 0.698039 0.301961 0.698039 0.301961 0.8 0.2 0.8 0.2 0.698039 0.301961 0.698039 0.301961 0.8 0.2 0.698039 0.301961 0.8 0.2 0.698039 0.301961 0.698039 0.301961 0.698039 0.301961 0.8 0.2 0.698039 0.301961 0.8 0.2 0.8 0.2 0.8 0.2 0.8 0.2 0.8 0.2 0.8 0.2 0.8 0.2 0.8 0.2 0.8 0.2 0.8 0.2 0.8 0.2 0.8 0.2 0.8 0.2 0.8 0.2 0.8 0.2 0.8 0.2 0.2 0.4 0.4 0.2 0.8 0.101961 0.447059 0.45098 0.101961 0.898039 0.498039 0.501961 0.101961 0.898039 0.101961 0.447059 0.45098 0.2 0.4 0.4 0.2 0.8 0.498039 0.501961 0.2 0.4 0.4 0.101961 0.447059 0.45098 0.498039 0.501961 0.101961 0.898039 0.498039 0.501961 0.101961 0.447059 0.45098 0.2 0.8 0.2 0.4 0.4 0.698039 0.301961 0.698039 0.301961 0.698039 0.301961 0.698039 0.301961 0.698039 0.301961 0.698039 0.301961 0.698039 0.301961 0.698039 0.301961 0.8 0.2 0.8 0.2 0.8 0.2 0.698039 0.301961 0.8 0.2 0.8 0.2 0.698039 0.301961 0.8 0.2 0.8 0.2 0.8 0.2 0.8 0.2 0.8 0.2 0.8 0.2 0.8 0.2 0.8 0.2 0.8 0.2 0.8 0.2 0.2 0.4 0.4 0.2 0.8 0.101961 0.447059 0.45098 0.101961 0.898039 0.498039 0.501961 0.101961 0.898039 0.2 0.8 0.2 0.4 0.4 0.101961 0.447059 0.45098 0.498039 0.501961 0.101961 0.898039 0.2 0.8 0.05098 0.101961 0.847059 0.101961 0.898039 0.2 0.078431 0.721569 0.05098 0.94902 0.498039 0.501961 0.2 0.8 0.498039 0.501961 0.2 0.65098 0.14902 0.05098005 0.7686277 0.1803922 0.8 0.2 0.2 0.4 0.4 0.039216 0.482353 0.478431 0.101961 0.898039 0.498039 0.501961 0.498039 0.501961 0.05098005 0.7686277 0.1803922 0.8 0.2 0.2 0.65098 0.14902 0.898039 0.101961 0.031373 0.968627 0.031373 0.968627 0.101961 0.898039 0.031373 0.968627 0.101961 0.898039 0.101961 0.898039 0.8 0.2 0.8 0.2 0.8 0.2 0.031373 0.968627 0.101961 0.898039 0.8 0.2</float_array>
          <technique_common>
            <accessor source="#geom-Pianta-skin1-weights-array" count="1299" stride="1">
              <param name="WEIGHT" type="float"/>
            </accessor>
          </technique_common>
        </source>
        <joints>
          <input semantic="JOINT" source="#geom-Pianta-skin1-joints"/>
          <input semantic="INV_BIND_MATRIX" source="#geom-Pianta-skin1-bind_poses"/>
        </joints>
        <vertex_weights count="842">
          <input semantic="JOINT" source="#geom-Pianta-skin1-joints" offset="0"/>
          <input semantic="WEIGHT" source="#geom-Pianta-skin1-weights" offset="1"/>
          <vcount>3 3 3 3 4 2 3 3 2 2 2 2 2 3 3 2 2 3 3 2 2 1 2 2 3 2 2 2 2 3 1 1 2 3 3 3 2 2 1 1 1 3 3 3 2 2 2 3 3 2 2 2 3 2 3 2 2 2 1 2 2 3 2 2 2 3 2 1 1 2 2 3 1 1 2 2 3 2 2 3 3 2 3 3 3 2 3 3 3 3 2 2 3 3 3 3 2 1 2 2 2 3 4 2 2 1 2 2 2 3 2 1 2 2 1 1 1 2 1 2 3 3 3 3 2 3 1 1 1 1 1 1 1 1 1 2 3 1 1 1 1 2 3 2 3 3 1 1 1 2 1 3 3 3 3 1 3 3 3 1 2 3 1 2 2 2 2 3 2 3 1 1 2 1 1 2 1 1 2 2 2 1 1 1 2 2 1 2 2 2 2 1 1 2 2 2 2 1 2 2 1 1 2 2 2 2 2 1 2 2 2 2 2 1 1 1 1 1 1 1 1 1 1 2 2 1 1 1 1 2 2 2 2 2 2 2 2 2 2 2 2 1 1 2 2 2 2 1 2 2 1 1 1 2 2 1 2 2 1 1 2 1 2 2 2 2 2 2 2 2 2 2 2 2 2 2 2 2 1 2 2 2 2 2 2 2 2 2 2 2 2 2 1 2 2 2 2 2 2 2 2 2 2 2 2 2 2 2 2 3 3 3 3 4 3 3 3 2 3 3 3 2 3 3 3 2 3 2 2 2 2 2 2 2 3 3 3 2 1 2 2 2 1 2 3 3 2 3 2 1 2 1 1 2 2 2 1 3 1 1 1 1 3 3 3 2 2 2 2 3 3 3 2 2 2 2 2 3 2 2 2 2 2 3 2 3 2 2 2 2 1 2 3 2 2 1 2 3 2 3 2 3 3 2 2 2 3 3 3 3 2 4 3 3 2 2 2 2 1 2 2 2 2 1 1 2 2 3 3 3 1 1 1 1 1 1 1 1 2 3 1 1 3 1 3 1 2 3 3 2 3 2 3 3 2 2 3 3 2 3 3 1 2 1 1 1 1 2 2 2 2 1 1 2 1 2 2 2 2 2 2 2 2 2 2 1 1 2 2 2 2 1 1 1 1 1 1 1 1 1 1 1 1 1 1 2 2 2 2 2 2 2 2 2 2 2 2 2 2 2 2 2 2 1 1 2 1 2 2 1 2 2 1 1 1 2 2 1 2 2 1 1 2 2 2 2 2 2 2 2 2 2 2 2 2 2 1 2 2 2 2 2 2 2 2 2 2 2 2 1 2 2 2 2 2 2 2 2 2 2 2 2 2 2 2 2 2 3 3 2 2 3 3 1 2 2 1 2 2 2 2 2 2 2 2 2 2 2 2 2 2 2 2 2 2 2 2 2 2 2 2 2 2 2 2 2 2 2 2 2 2 2 2 2 3 2 3 2 2 1 2 3 1 3 2 2 3 3 2 1 2 2 3 2 3 2 2 2 2 2 2 2 2 2 2 2 2 2 2 2 2 2 2 2 2 2 2 2 2 2 3 2 3 2 2 1 2 1 2 3 3 1 2 2 2 1 3 2 3 2 2 2 1 2 3 3 2 3 3 2 2 2 3 2 3 2 1 1 1 1 1 1 1 1 1 1 1 1 1 1 1 1 1 1 1 1 1 1 1 1 1 1 1 1 1 1 1 1 1 1 1 1 1 1 1 1 1 1 1 1 1 1 1 1 1 1 1 1 1 1 1 1 1 1 1 1 1 1 1 1 1 1 1 1 1 1 1 1 1 1 1 1 1 1 1 1 1 1 1 1 1 1 1 1 1 1 1 1 1 1 1 1 1 1 1 1 1 1 1 1 1 1 1 1 1 1 1 1 1 2 2 1 2 2 2 2 2 2 2 2 2 2</vcount>
          <v>24 1 25 2 26 3 25 4 26 5 27 6 24 7 25 8 26 9 24 10 25 11 26 12 24 13 25 14 26 15 28 16 24 17 28 18 24 19 28 20 29 21 24 22 25 23 26 24 24 25 28 26 24 27 25 28 28 29 29 30 29 31 30 32 24 33 25 34 24 35 25 36 26 37 24 38 25 39 26 40 23 41 24 42 24 43 28 44 23 45 28 46 29 47 23 48 28 49 29 50 28 51 29 52 29 53 30 54 30 0 24 55 25 56 23 57 24 58 24 59 25 60 26 61 23 62 24 63 23 64 24 65 29 66 30 67 29 68 30 69 24 70 28 71 29 72 30 0 30 0 24 73 25 74 24 75 25 76 26 77 24 78 25 79 26 80 24 81 25 82 26 83 23 84 24 85 23 86 24 87 30 0 30 0 30 0 24 88 25 89 26 90 24 91 25 92 26 93 24 94 25 95 26 96 23 97 24 98 23 99 28 100 23 101 24 102 25 103 26 104 27 105 25 106 26 107 27 108 23 109 24 110 23 111 24 112 24 113 28 114 23 115 24 116 28 117 23 118 24 119 24 120 28 121 29 122 26 123 27 124 26 125 27 126 24 127 25 128 24 0 24 129 28 130 29 131 30 132 24 133 28 134 29 135 26 136 27 137 26 138 27 139 26 140 27 141 24 142 25 143 28 144 29 145 30 146 30 0 27 0 26 147 27 148 26 149 27 150 25 151 26 152 27 153 27 0 27 0 26 154 27 155 26 156 27 157 25 158 26 159 27 160 26 161 27 162 26 163 27 164 25 165 26 166 27 167 24 168 25 169 26 170 26 171 27 172 25 173 26 174 27 175 24 176 25 177 26 178 24 179 25 180 26 181 26 182 27 183 25 184 26 185 27 186 24 187 25 188 26 189 24 190 25 191 26 192 24 193 25 194 26 195 26 196 27 197 26 198 27 199 25 200 26 201 27 202 24 203 25 204 26 205 24 206 25 207 26 208 24 209 25 210 26 211 24 212 25 213 24 0 26 214 27 215 26 216 27 217 26 218 27 219 25 220 26 221 27 222 24 223 25 224 26 225 28 226 24 227 25 228 24 229 25 230 24 0 23 231 24 232 23 233 24 234 23 235 24 236 24 237 25 238 26 239 0 240 4 241 0 0 0 242 4 243 0 244 4 245 0 0 0 0 0 0 0 246 4 247 0 0 0 248 4 249 0 250 15 251 16 252 0 253 15 254 16 255 0 256 15 257 16 258 0 259 15 260 16 261 0 262 4 263 0 264 15 265 16 266 17 0 17 0 17 0 17 0 17 0 17 0 17 0 17 0 17 0 16 267 17 268 16 269 17 270 21 271 17 0 17 0 17 0 17 0 15 272 16 273 16 274 17 275 21 276 15 277 16 278 16 279 21 280 22 281 16 282 21 283 22 284 17 0 17 0 17 0 15 285 16 286 17 0 0 287 15 288 16 289 16 290 21 291 22 292 16 293 17 294 21 295 16 296 21 297 22 298 17 0 0 299 15 300 16 301 0 302 15 303 16 304 16 305 21 306 22 307 17 0 15 308 16 309 16 310 21 311 22 312 17 0 15 313 16 314 16 315 17 316 16 317 17 318 15 319 16 320 0 321 15 322 16 323 15 324 16 325 0 326 15 327 16 328 20 0 20 0 17 329 20 330 20 0 20 0 17 331 20 332 20 0 20 0 17 333 20 334 17 335 20 336 17 337 20 338 20 0 20 0 20 0 17 339 20 340 17 341 20 342 20 0 17 343 20 344 17 345 20 346 17 347 20 348 17 349 20 350 20 0 20 0 17 351 20 352 17 353 20 354 17 355 20 356 17 357 20 358 20 0 17 359 20 360 17 361 20 362 20 0 20 0 17 363 20 364 17 365 20 366 17 367 20 368 17 369 20 370 17 371 20 372 20 0 17 373 20 374 17 375 20 376 17 377 20 378 17 379 20 380 6 381 7 382 7 0 7 0 7 0 7 0 7 0 7 0 7 0 7 0 7 0 7 0 6 383 7 384 6 385 7 386 7 0 7 0 7 0 7 0 6 387 7 388 6 389 7 390 6 391 7 392 6 393 7 394 6 395 7 396 6 397 7 398 6 399 7 400 6 401 7 402 6 403 7 404 6 405 7 406 6 407 7 408 6 409 7 410 6 0 6 0 6 411 7 412 6 413 7 414 6 415 7 416 5 417 6 418 6 0 5 419 6 420 5 421 6 422 6 0 6 0 6 0 5 423 6 424 6 425 7 426 6 0 5 427 6 428 5 429 6 430 6 0 6 0 5 431 6 432 6 0 5 433 6 434 5 435 6 436 5 437 6 438 5 439 6 440 5 441 6 442 22 443 23 444 22 445 23 446 22 447 23 448 22 449 23 450 22 451 23 452 22 453 23 454 22 455 23 456 22 457 23 458 22 459 23 460 22 461 23 462 22 463 23 464 22 0 22 465 23 466 21 467 22 468 21 469 22 470 22 471 23 472 22 473 23 474 21 475 22 476 22 477 23 478 22 479 23 480 22 481 23 482 21 483 22 484 22 485 23 486 21 487 22 488 6 489 7 490 6 0 6 491 7 492 6 493 7 494 6 495 7 496 6 497 7 498 4 499 5 500 4 501 5 502 4 503 5 504 4 505 5 506 4 507 5 508 4 509 5 510 4 511 5 512 4 513 5 514 4 515 5 516 4 517 5 518 4 519 5 520 4 521 5 522 34 523 35 524 36 525 34 526 35 527 36 528 35 529 36 530 37 531 34 532 35 533 36 534 34 535 35 536 36 537 38 538 34 539 35 540 36 541 35 542 36 543 37 544 34 545 35 546 36 547 36 548 37 549 34 550 35 551 36 552 34 553 35 554 36 555 34 556 38 557 39 558 34 559 38 560 34 561 35 562 36 563 35 564 36 565 37 566 34 567 35 568 36 569 36 570 37 571 34 572 35 573 36 574 36 575 37 576 34 577 35 578 34 579 35 580 34 581 35 582 34 583 38 584 39 585 40 586 38 587 39 588 34 589 35 590 36 591 34 592 35 593 36 594 34 595 35 596 36 597 36 598 37 599 37 0 33 600 34 601 33 602 34 603 34 604 35 605 40 0 39 606 40 607 34 608 35 609 36 610 34 611 35 612 36 613 34 614 35 615 34 616 35 617 36 618 36 619 37 620 37 0 33 621 34 622 40 0 40 0 39 623 40 624 38 625 39 626 34 627 35 628 34 0 34 629 35 630 36 631 37 0 40 0 40 0 40 0 33 632 38 633 39 634 33 635 38 636 39 637 34 638 35 639 36 640 36 641 37 642 36 643 37 644 34 645 38 646 33 647 34 648 34 649 35 650 36 651 35 652 36 653 37 654 35 655 36 656 37 657 36 658 37 659 36 660 37 661 36 662 37 663 33 664 34 665 33 666 34 667 35 668 36 669 37 670 36 671 37 672 36 673 37 674 33 675 34 676 33 677 38 678 33 679 34 680 35 681 36 682 37 683 33 684 34 685 33 686 34 687 38 688 33 689 34 690 33 691 34 692 33 693 34 694 34 695 38 696 34 0 36 697 37 698 35 699 36 700 37 701 33 702 34 703 33 704 34 705 34 0 34 706 35 707 34 708 38 709 39 710 34 711 38 712 34 713 35 714 38 715 36 716 37 717 34 718 35 719 36 720 34 721 38 722 39 723 36 724 37 725 34 726 35 727 39 728 40 729 34 730 35 731 36 732 34 733 35 734 36 735 34 736 35 737 36 738 34 739 38 740 39 741 36 742 37 743 34 744 35 745 36 746 38 747 35 748 36 749 37 750 35 751 36 752 37 753 39 754 40 755 36 756 37 757 36 758 37 759 39 760 40 761 40 0 0 762 11 763 0 764 11 765 0 766 11 767 0 768 11 769 0 0 0 0 0 770 11 771 0 772 11 773 0 774 15 775 16 776 0 777 15 778 16 779 0 780 15 781 16 782 17 0 17 0 17 0 17 0 17 0 17 0 17 0 17 0 16 783 17 784 16 785 17 786 31 787 17 0 17 0 16 788 17 789 31 790 17 0 16 791 17 792 31 793 17 0 15 794 16 795 16 796 31 797 32 798 16 799 31 800 32 801 16 802 17 803 0 804 15 805 16 806 15 807 16 808 16 809 31 810 32 811 16 812 31 813 32 814 15 815 16 816 15 817 16 818 0 819 15 820 16 821 16 822 31 823 32 824 15 825 16 826 16 827 31 828 32 829 0 830 15 831 16 832 20 0 17 833 20 834 20 0 20 0 20 0 20 0 17 835 20 836 17 837 20 838 17 839 20 840 17 841 20 842 20 0 20 0 17 843 20 844 20 0 17 845 20 846 17 847 20 848 17 849 20 850 17 851 20 852 17 853 20 854 17 855 20 856 17 857 20 858 17 859 20 860 17 861 20 862 17 863 20 864 20 0 20 0 17 865 20 866 17 867 20 868 17 869 20 870 13 871 14 872 14 0 14 0 14 0 14 0 14 0 14 0 14 0 14 0 14 0 14 0 14 0 14 0 14 0 14 0 13 873 14 874 13 875 14 876 13 877 14 878 13 879 14 880 13 881 14 882 13 883 14 884 13 885 14 886 13 887 14 888 13 889 14 890 13 891 14 892 13 893 14 894 13 895 14 896 13 897 14 898 13 899 14 900 13 901 14 902 13 903 14 904 13 905 14 906 12 907 13 908 13 0 13 0 12 909 13 910 13 0 12 911 13 912 12 913 13 914 13 0 13 915 14 916 12 917 13 918 13 0 13 0 13 0 12 919 13 920 12 921 13 922 13 0 12 923 13 924 12 925 13 926 13 0 13 0 12 927 13 928 12 929 13 930 12 931 13 932 32 933 33 934 32 935 33 936 32 937 33 938 32 939 33 940 32 941 33 942 32 943 33 944 32 945 33 946 32 947 33 948 32 949 33 950 32 951 33 952 32 953 33 954 32 0 31 955 32 956 31 957 32 958 32 959 33 960 32 961 33 962 32 963 33 964 31 965 32 966 32 967 33 968 32 969 33 970 32 971 33 972 31 973 32 974 32 975 33 976 31 977 32 978 13 0 13 979 14 980 13 981 14 982 13 983 14 984 13 985 14 986 13 987 14 988 11 989 12 990 11 991 12 992 11 993 12 994 11 995 12 996 11 997 12 998 11 999 12 1000 11 1001 12 1002 11 1003 12 1004 11 1005 12 1006 11 1007 12 1008 11 1009 12 1010 11 1011 12 1012 0 1013 2 1014 3 1015 0 1016 2 1017 3 1018 0 1019 2 1020 2 1021 3 1022 0 1023 3 1024 10 1025 0 1026 3 1027 10 1028 3 0 2 1029 3 1030 0 1031 2 1032 2 0 3 1033 10 1034 0 1035 15 1036 0 1037 15 1038 0 1039 15 1040 0 1041 15 1042 0 1043 15 1044 0 1045 15 1046 0 1047 15 1048 0 1049 15 1050 0 1051 15 1052 0 1053 15 1054 0 1055 15 1056 0 1057 15 1058 0 1059 15 1060 0 1061 15 1062 0 1063 15 1064 0 1065 15 1066 0 1067 15 1068 0 1069 15 1070 0 1071 15 1072 0 1073 15 1074 0 1075 15 1076 0 1077 15 1078 0 1079 15 1080 0 1081 15 1082 0 1083 15 1084 0 1085 15 1086 0 1087 15 1088 0 1089 15 1090 0 1091 15 1092 0 1093 15 1094 0 1095 15 1096 0 1097 15 1098 0 1099 15 1100 0 1101 15 1102 0 1103 15 1104 0 1105 15 1106 0 1107 1 1108 2 1109 0 1110 1 1111 0 1112 1 1113 2 1114 0 1115 1 1116 1 1117 2 1118 2 0 0 1119 2 1120 0 1121 1 1122 8 1123 1 0 0 1124 1 1125 8 1126 0 1127 2 1128 1 1129 8 1130 0 1131 2 1132 3 1133 0 1134 2 1135 3 1136 2 1137 3 1138 3 0 0 1139 3 1140 3 1141 10 1142 0 1143 3 1144 10 1145 0 1146 3 1147 0 1148 3 1149 10 1150 0 1151 15 1152 0 1153 15 1154 0 1155 15 1156 0 1157 15 1158 0 1159 15 1160 0 1161 15 1162 0 1163 15 1164 0 1165 15 1166 0 1167 15 1168 0 1169 15 1170 0 1171 15 1172 0 1173 15 1174 0 1175 15 1176 0 1177 15 1178 0 1179 15 1180 0 1181 15 1182 0 1183 15 1184 0 1185 15 1186 0 1187 15 1188 0 1189 15 1190 0 1191 15 1192 0 1193 15 1194 0 1195 15 1196 0 1197 15 1198 0 1199 15 1200 0 1201 8 1202 9 1203 0 1204 8 1205 0 1206 8 1207 9 1208 0 1209 8 1210 8 1211 9 1212 9 0 0 1213 9 1214 8 0 0 1215 9 1216 0 1217 9 1218 10 1219 0 1220 9 1221 10 1222 10 0 9 1223 10 1224 0 1225 10 1226 0 1227 10 1228 10 0 0 1229 9 1230 10 1231 9 1232 10 1233 0 1234 9 1235 10 1236 0 1237 9 1238 9 1239 10 1240 0 1241 9 1242 9 0 8 1243 9 1244 0 1245 8 1246 9 1247 0 1248 8 1249 9 1250 8 1251 9 1252 0 1253 1 1254 8 1255 0 1256 1 1257 8 1258 1 1259 8 1260 1 1261 8 1262 1 1263 2 1264 0 1265 1 1266 2 1267 1 1268 2 1269 0 1270 1 1271 2 1272 1 1273 8 1274 19 0 19 0 19 0 19 0 19 0 19 0 19 0 19 0 19 0 19 0 19 0 19 0 19 0 19 0 19 0 19 0 19 0 19 0 19 0 19 0 19 0 19 0 19 0 19 0 19 0 19 0 19 0 19 0 19 0 19 0 19 0 19 0 19 0 19 0 19 0 19 0 19 0 19 0 19 0 19 0 19 0 19 0 19 0 19 0 19 0 19 0 19 0 19 0 19 0 19 0 19 0 19 0 19 0 19 0 19 0 19 0 19 0 19 0 19 0 19 0 19 0 19 0 19 0 19 0 19 0 19 0 19 0 19 0 19 0 19 0 19 0 19 0 19 0 19 0 19 0 19 0 19 0 19 0 19 0 19 0 19 0 19 0 19 0 19 0 19 0 19 0 19 0 19 0 19 0 19 0 19 0 19 0 19 0 19 0 19 0 19 0 19 0 19 0 19 0 19 0 19 0 19 0 19 0 19 0 19 0 19 0 19 0 19 0 19 0 19 0 19 0 19 0 19 0 17 1275 18 1276 17 1277 18 1278 18 0 17 1279 18 1280 17 1281 18 1282 17 1283 18 1284 17 1285 18 1286 17 1287 18 1288 17 1289 18 1290 17 1291 18 1292 17 1293 18 1294 17 1295 18 1296 17 1297 18 1298</v>
        </vertex_weights>
      </skin>
    </controller>
    <controller id="geom-Pianta_Eye-skin1">
      <skin source="#geom-Pianta_Eye">
        <bind_shape_matrix>1 0 0 0 0 1 0 0 0 0 1 0 0 0 0 1</bind_shape_matrix>
        <source id="geom-Pianta_Eye-skin1-joints">
          <Name_array id="geom-Pianta_Eye-skin1-joints-array" count="1">joint17</Name_array>
          <technique_common>
            <accessor source="#geom-Pianta_Eye-skin1-joints-array" count="1" stride="1">
              <param name="JOINT" type="name"/>
            </accessor>
          </technique_common>
        </source>
        <source id="geom-Pianta_Eye-skin1-bind_poses">
          <float_array id="geom-Pianta_Eye-skin1-bind_poses-array" count="16">1 0 0 0 0 1 0 -2.50191e-6 0 0 1 -16.46 0 0 0 1</float_array>
          <technique_common>
            <accessor source="#geom-Pianta_Eye-skin1-bind_poses-array" count="1" stride="16">
              <param name="TRANSFORM" type="float4x4"/>
            </accessor>
          </technique_common>
        </source>
        <source id="geom-Pianta_Eye-skin1-weights">
          <float_array id="geom-Pianta_Eye-skin1-weights-array" count="1">1</float_array>
          <technique_common>
            <accessor source="#geom-Pianta_Eye-skin1-weights-array" count="1" stride="1">
              <param name="WEIGHT" type="float"/>
            </accessor>
          </technique_common>
        </source>
        <joints>
          <input semantic="JOINT" source="#geom-Pianta_Eye-skin1-joints"/>
          <input semantic="INV_BIND_MATRIX" source="#geom-Pianta_Eye-skin1-bind_poses"/>
        </joints>
        <vertex_weights count="26">
          <input semantic="JOINT" source="#geom-Pianta_Eye-skin1-joints" offset="0"/>
          <input semantic="WEIGHT" source="#geom-Pianta_Eye-skin1-weights" offset="1"/>
          <vcount>1 1 1 1 1 1 1 1 1 1 1 1 1 1 1 1 1 1 1 1 1 1 1 1 1 1</vcount>
          <v>0 0 0 0 0 0 0 0 0 0 0 0 0 0 0 0 0 0 0 0 0 0 0 0 0 0 0 0 0 0 0 0 0 0 0 0 0 0 0 0 0 0 0 0 0 0 0 0 0 0 0 0</v>
        </vertex_weights>
      </skin>
    </controller>
    <controller id="geom-Pianta_Eye_Close01-skin1">
      <skin source="#geom-Pianta_Eye_Close01">
        <bind_shape_matrix>1 0 0 0 0 1 0 0 0 0 1 0 0 0 0 1</bind_shape_matrix>
        <source id="geom-Pianta_Eye_Close01-skin1-joints">
          <Name_array id="geom-Pianta_Eye_Close01-skin1-joints-array" count="1">joint17</Name_array>
          <technique_common>
            <accessor source="#geom-Pianta_Eye_Close01-skin1-joints-array" count="1" stride="1">
              <param name="JOINT" type="name"/>
            </accessor>
          </technique_common>
        </source>
        <source id="geom-Pianta_Eye_Close01-skin1-bind_poses">
          <float_array id="geom-Pianta_Eye_Close01-skin1-bind_poses-array" count="16">1 0 0 0 0 1 0 -2.50191e-6 0 0 1 -16.46 0 0 0 1</float_array>
          <technique_common>
            <accessor source="#geom-Pianta_Eye_Close01-skin1-bind_poses-array" count="1" stride="16">
              <param name="TRANSFORM" type="float4x4"/>
            </accessor>
          </technique_common>
        </source>
        <source id="geom-Pianta_Eye_Close01-skin1-weights">
          <float_array id="geom-Pianta_Eye_Close01-skin1-weights-array" count="1">1</float_array>
          <technique_common>
            <accessor source="#geom-Pianta_Eye_Close01-skin1-weights-array" count="1" stride="1">
              <param name="WEIGHT" type="float"/>
            </accessor>
          </technique_common>
        </source>
        <joints>
          <input semantic="JOINT" source="#geom-Pianta_Eye_Close01-skin1-joints"/>
          <input semantic="INV_BIND_MATRIX" source="#geom-Pianta_Eye_Close01-skin1-bind_poses"/>
        </joints>
        <vertex_weights count="26">
          <input semantic="JOINT" source="#geom-Pianta_Eye_Close01-skin1-joints" offset="0"/>
          <input semantic="WEIGHT" source="#geom-Pianta_Eye_Close01-skin1-weights" offset="1"/>
          <vcount>1 1 1 1 1 1 1 1 1 1 1 1 1 1 1 1 1 1 1 1 1 1 1 1 1 1</vcount>
          <v>0 0 0 0 0 0 0 0 0 0 0 0 0 0 0 0 0 0 0 0 0 0 0 0 0 0 0 0 0 0 0 0 0 0 0 0 0 0 0 0 0 0 0 0 0 0 0 0 0 0 0 0</v>
        </vertex_weights>
      </skin>
    </controller>
    <controller id="geom-Pianta_Eye_Close02-skin1">
      <skin source="#geom-Pianta_Eye_Close02">
        <bind_shape_matrix>1 0 0 0 0 1 0 0 0 0 1 0 0 0 0 1</bind_shape_matrix>
        <source id="geom-Pianta_Eye_Close02-skin1-joints">
          <Name_array id="geom-Pianta_Eye_Close02-skin1-joints-array" count="1">joint17</Name_array>
          <technique_common>
            <accessor source="#geom-Pianta_Eye_Close02-skin1-joints-array" count="1" stride="1">
              <param name="JOINT" type="name"/>
            </accessor>
          </technique_common>
        </source>
        <source id="geom-Pianta_Eye_Close02-skin1-bind_poses">
          <float_array id="geom-Pianta_Eye_Close02-skin1-bind_poses-array" count="16">1 0 0 0 0 1 0 -2.50191e-6 0 0 1 -16.46 0 0 0 1</float_array>
          <technique_common>
            <accessor source="#geom-Pianta_Eye_Close02-skin1-bind_poses-array" count="1" stride="16">
              <param name="TRANSFORM" type="float4x4"/>
            </accessor>
          </technique_common>
        </source>
        <source id="geom-Pianta_Eye_Close02-skin1-weights">
          <float_array id="geom-Pianta_Eye_Close02-skin1-weights-array" count="1">1</float_array>
          <technique_common>
            <accessor source="#geom-Pianta_Eye_Close02-skin1-weights-array" count="1" stride="1">
              <param name="WEIGHT" type="float"/>
            </accessor>
          </technique_common>
        </source>
        <joints>
          <input semantic="JOINT" source="#geom-Pianta_Eye_Close02-skin1-joints"/>
          <input semantic="INV_BIND_MATRIX" source="#geom-Pianta_Eye_Close02-skin1-bind_poses"/>
        </joints>
        <vertex_weights count="26">
          <input semantic="JOINT" source="#geom-Pianta_Eye_Close02-skin1-joints" offset="0"/>
          <input semantic="WEIGHT" source="#geom-Pianta_Eye_Close02-skin1-weights" offset="1"/>
          <vcount>1 1 1 1 1 1 1 1 1 1 1 1 1 1 1 1 1 1 1 1 1 1 1 1 1 1</vcount>
          <v>0 0 0 0 0 0 0 0 0 0 0 0 0 0 0 0 0 0 0 0 0 0 0 0 0 0 0 0 0 0 0 0 0 0 0 0 0 0 0 0 0 0 0 0 0 0 0 0 0 0 0 0</v>
        </vertex_weights>
      </skin>
    </controller>
  </library_controllers>
  <library_lights>
    <light id="EnvironmentAmbientLight" name="EnvironmentAmbientLight">
      <technique_common>
        <ambient>
          <color>0 0 0</color>
        </ambient>
      </technique_common>
    </light>
  </library_lights>
  <library_images>
    <image id="mnt_body_png">
      <init_from>./imagesSochi/mnt_body.png</init_from>
    </image>
  </library_images>
  <library_visual_scenes>
    <visual_scene id="MaxScene">
      <node name="EnvironmentAmbientLight">
        <instance_light url="#EnvironmentAmbientLight"/>
      </node>
      <node id="node-bone_root" name="bone_root">
        <rotate>-1 0 0 -89.99998</rotate>
        <node id="node-pos_center" name="pos_center"/>
        <node id="node-rot_center" name="rot_center">
          <translate>0 7.97 0</translate>
          <node id="node-Hips" name="Hips">
            <rotate>1 0 0 -89.99998</rotate>
            <node id="node-Pelvis" name="Pelvis" sid="joint0" type="JOINT">
              <rotate>1 0 0 -180</rotate>
              <node id="node-LeftSkirtA" name="LeftSkirtA" sid="joint1" type="JOINT">
                <translate>2.98 5.159999 -2.449999</translate>
                <rotate>0.04647869 0.1734606 0.9837434 -209.5338</rotate>
              </node>
              <node id="node-LeftSkirtB" name="LeftSkirtB" sid="joint2" type="JOINT">
                <translate>5.96 2.27374e-13 -2.449999</translate>
                <rotate>-0.1710879 -0.171088 -0.9702875 -91.72798</rotate>
              </node>
              <node id="node-LeftSkirtC" name="LeftSkirtC" sid="joint3" type="JOINT">
                <translate>2.98 -5.159997 -2.449999</translate>
                <rotate>-0.5438456 -0.1457231 -0.8264362 -35.92774</rotate>
              </node>
              <node id="node-LeftUpLeg" name="LeftUpLeg" sid="joint4" type="JOINT">
                <translate>3.37 0 1.07</translate>
                <node id="node-LeftLeg" name="LeftLeg" sid="joint5" type="JOINT">
                  <translate>0 -3.41061e-13 1.979998</translate>
                  <node id="node-LeftFoot" name="LeftFoot" sid="joint6" type="JOINT">
                    <translate>0 1.13687e-13 1.849999</translate>
                    <node id="node-LeftToeBase" name="LeftToeBase" sid="joint7" type="JOINT">
                      <translate>0 2.899998 2.399998</translate>
                      <rotate>1 0 0 -89.99998</rotate>
                    </node>
                  </node>
                </node>
              </node>
              <node id="node-RightSkirtA" name="RightSkirtA" sid="joint8" type="JOINT">
                <translate>-2.98 5.159999 -2.449999</translate>
                <rotate>-0.04647861 0.1734606 0.9837434 -150.4662</rotate>
              </node>
              <node id="node-RightSkirtB" name="RightSkirtB" sid="joint9" type="JOINT">
                <translate>-5.96 2.27374e-13 -2.449999</translate>
                <rotate>-0.1710879 0.171088 0.9702875 -91.72798</rotate>
              </node>
              <node id="node-RightSkirtC" name="RightSkirtC" sid="joint10" type="JOINT">
                <translate>-2.98 -5.159997 -2.449999</translate>
                <rotate>-0.5438455 0.1457231 0.8264362 -35.92774</rotate>
              </node>
              <node id="node-RightUpLeg" name="RightUpLeg" sid="joint11" type="JOINT">
                <translate>-3.37 0 1.07</translate>
                <node id="node-RightLeg" name="RightLeg" sid="joint12" type="JOINT">
                  <translate>0 -3.41061e-13 1.979998</translate>
                  <node id="node-RightFoot" name="RightFoot" sid="joint13" type="JOINT">
                    <translate>0 1.13687e-13 1.849999</translate>
                    <node id="node-RightToeBase" name="RightToeBase" sid="joint14" type="JOINT">
                      <translate>0 2.899998 2.399998</translate>
                      <rotate>1 0 0 -89.99998</rotate>
                    </node>
                  </node>
                </node>
              </node>
            </node>
            <node id="node-Spine" name="Spine" sid="joint15" type="JOINT">
              <node id="node-Spine1" name="Spine1" sid="joint16" type="JOINT">
                <translate>0 0 4.209999</translate>
                <node id="node-Head" name="Head" sid="joint17" type="JOINT">
                  <translate>0 0 4.279997</translate>
                  <node id="node-Hair0" name="Hair0" sid="joint18" type="JOINT">
                    <translate>0 0 3.699997</translate>
                    <node id="node-Hair1" name="Hair1" sid="joint19" type="JOINT">
                      <translate>0 2e-6 4.399996</translate>
                    </node>
                  </node>
                  <node id="node-nose" name="nose" sid="joint20" type="JOINT">
                    <translate>0 -3.359999 1</translate>
                    <rotate>-1 0 0 -95.00001</rotate>
                  </node>
                </node>
                <node id="node-LeftShoulder" name="LeftShoulder" sid="joint21" type="JOINT">
                  <translate>1.4 0 3.599998</translate>
                  <rotate>0 -1 0 -89.98019</rotate>
                  <node id="node-LeftArm" name="LeftArm" sid="joint22" type="JOINT">
                    <translate>-1.90735e-6 0 2.84</translate>
                    <node id="node-LeftForeArm" name="LeftForeArm" sid="joint23" type="JOINT">
                      <translate>9.53674e-7 1e-6 3.300001</translate>
                      <node id="node-LeftHand" name="LeftHand" sid="joint24" type="JOINT">
                        <translate>-9.53674e-7 0 4.13</translate>
                        <rotate>0 0 -1 -89.99998</rotate>
                        <node id="node-LeftHandItem" name="LeftHandItem">
                          <translate>1e-6 -0.8999987 3.399999</translate>
                        </node>
                        <node id="node-LeftHandMiddle1" name="LeftHandMiddle1" sid="joint25" type="JOINT">
                          <translate>9.09495e-13 0.5499954 3.200001</translate>
                          <node id="node-LeftHandMiddle2" name="LeftHandMiddle2" sid="joint26" type="JOINT">
                            <translate>-4.54747e-13 0 1.08</translate>
                            <node id="node-LeftHandMiddle3" name="LeftHandMiddle3" sid="joint27" type="JOINT">
                              <translate>-1e-6 3.8147e-6 1.079992</translate>
                            </node>
                          </node>
                        </node>
                        <node id="node-LeftHandThumb1" name="LeftHandThumb1" sid="joint28" type="JOINT">
                          <translate>-0.999999 -0.6999979 0.5999994</translate>
                          <rotate>0.008726417 0.580681 -0.8140844 -90.00441</rotate>
                          <node id="node-LeftHandThumb2" name="LeftHandThumb2" sid="joint29" type="JOINT">
                            <translate>1.90735e-6 1.90735e-6 2.079999</translate>
                            <node id="node-LeftHandThumb3" name="LeftHandThumb3" sid="joint30" type="JOINT">
                              <translate>3.8147e-6 -9.53674e-7 1.079999</translate>
                            </node>
                          </node>
                        </node>
                      </node>
                    </node>
                  </node>
                </node>
                <node id="node-RightShoulder" name="RightShoulder" sid="joint31" type="JOINT">
                  <translate>-1.4 0 3.599998</translate>
                  <rotate>-8.74077e-8 1 -8.74077e-8 -90.0198</rotate>
                  <node id="node-RightArm" name="RightArm" sid="joint32" type="JOINT">
                    <translate>2.86102e-6 0 2.84</translate>
                    <node id="node-RightForeArm" name="RightForeArm" sid="joint33" type="JOINT">
                      <translate>-9.53674e-7 2.27374e-13 3.299999</translate>
                      <node id="node-RightHand" name="RightHand" sid="joint34" type="JOINT">
                        <translate>-3.8147e-6 0 4.129998</translate>
                        <rotate>0 0 1 -89.99998</rotate>
                        <node id="node-RightHandItem" name="RightHandItem">
                          <translate>0 -0.8999968 3.400001</translate>
                        </node>
                        <node id="node-RightHandMiddle1" name="RightHandMiddle1" sid="joint35" type="JOINT">
                          <translate>-6.82121e-13 0.5500011 3.2</translate>
                          <node id="node-RightHandMiddle2" name="RightHandMiddle2" sid="joint36" type="JOINT">
                            <translate>-1e-6 1.90735e-6 1.079999</translate>
                            <node id="node-RightHandMiddle3" name="RightHandMiddle3" sid="joint37" type="JOINT">
                              <translate>-4.54747e-13 -1.90735e-6 1.080001</translate>
                            </node>
                          </node>
                        </node>
                        <node id="node-RightHandThumb1" name="RightHandThumb1" sid="joint38" type="JOINT">
                          <translate>0.999998 -0.6999931 0.5999994</translate>
                          <rotate>0.008726805 -0.5806811 0.8140844 -90.00435</rotate>
                          <node id="node-RightHandThumb2" name="RightHandThumb2" sid="joint39" type="JOINT">
                            <translate>0 -1.90735e-6 2.079998</translate>
                            <node id="node-RightHandThumb3" name="RightHandThumb3" sid="joint40" type="JOINT">
                              <translate>1.90735e-6 -1.90735e-6 1.080001</translate>
                            </node>
                          </node>
                        </node>
                      </node>
                    </node>
                  </node>
                </node>
              </node>
            </node>
          </node>
        </node>
      </node>
      <node id="node-Pianta" name="Pianta">
        <instance_controller url="#geom-Pianta-skin1">
          <skeleton>#node-Pelvis</skeleton>
          <skeleton>#node-Spine</skeleton>
          <bind_material>
            <technique_common>
              <instance_material symbol="Pianta" target="#Pianta-material">
                <bind_vertex_input semantic="CHANNEL1" input_semantic="TEXCOORD" input_set="0"/>
                <bind_vertex_input semantic="CHANNEL1" input_semantic="TEXCOORD" input_set="0"/>
              </instance_material>
            </technique_common>
          </bind_material>
        </instance_controller>
      </node>
      <node id="node-Pianta_Eye" name="Pianta_Eye">
        <instance_controller url="#geom-Pianta_Eye-skin1">
          <skeleton>#node-Head</skeleton>
          <bind_material>
            <technique_common>
              <instance_material symbol="Pianta" target="#Pianta-material">
                <bind_vertex_input semantic="CHANNEL1" input_semantic="TEXCOORD" input_set="0"/>
                <bind_vertex_input semantic="CHANNEL1" input_semantic="TEXCOORD" input_set="0"/>
              </instance_material>
            </technique_common>
          </bind_material>
        </instance_controller>
      </node>
      <node id="node-Pianta_Eye_Close01" name="Pianta_Eye_Close01">
        <instance_controller url="#geom-Pianta_Eye_Close01-skin1">
          <skeleton>#node-Head</skeleton>
          <bind_material>
            <technique_common>
              <instance_material symbol="Pianta" target="#Pianta-material">
                <bind_vertex_input semantic="CHANNEL1" input_semantic="TEXCOORD" input_set="0"/>
                <bind_vertex_input semantic="CHANNEL1" input_semantic="TEXCOORD" input_set="0"/>
              </instance_material>
            </technique_common>
          </bind_material>
        </instance_controller>
      </node>
      <node id="node-Pianta_Eye_Close02" name="Pianta_Eye_Close02">
        <instance_controller url="#geom-Pianta_Eye_Close02-skin1">
          <skeleton>#node-Head</skeleton>
          <bind_material>
            <technique_common>
              <instance_material symbol="Pianta" target="#Pianta-material">
                <bind_vertex_input semantic="CHANNEL1" input_semantic="TEXCOORD" input_set="0"/>
                <bind_vertex_input semantic="CHANNEL1" input_semantic="TEXCOORD" input_set="0"/>
              </instance_material>
            </technique_common>
          </bind_material>
        </instance_controller>
      </node>
    </visual_scene>
  </library_visual_scenes>
  <scene>
    <instance_visual_scene url="#MaxScene"/>
  </scene>
</COLLADA>