version 1
nodes
  0 "bone_root"  -1
  1 "pos_center"   0
  2 "rot_center"   0
  3 "Hips"   2
  4 "Pelvis"   3
  5 "LeftSkirtA"   4
  6 "LeftSkirtB"   4
  7 "LeftSkirtC"   4
  8 "LeftUpLeg"   4
  9 "LeftLeg"   8
 10 "LeftFoot"   9
 11 "LeftToeBase"  10
 12 "RightSkirtA"   4
 13 "RightSkirtB"   4
 14 "RightSkirtC"   4
 15 "RightUpLeg"   4
 16 "RightLeg"  15
 17 "RightFoot"  16
 18 "RightToeBase"  17
 19 "Spine"   3
 20 "Spine1"  19
 21 "Head"  20
 22 "Hair0"  21
 23 "Hair1"  22
 24 "nose"  21
 25 "LeftShoulder"  20
 26 "LeftArm"  25
 27 "LeftForeArm"  26
 28 "LeftHand"  27
 29 "LeftHandItem"  28
 30 "LeftHandMiddle1"  28
 31 "LeftHandMiddle2"  30
 32 "LeftHandMiddle3"  31
 33 "LeftHandThumb1"  28
 34 "LeftHandThumb2"  33
 35 "LeftHandThumb3"  34
 36 "RightShoulder"  20
 37 "RightArm"  36
 38 "RightForeArm"  37
 39 "RightHand"  38
 40 "RightHandItem"  39
 41 "RightHandMiddle1"  39
 42 "RightHandMiddle2"  41
 43 "RightHandMiddle3"  42
 44 "RightHandThumb1"  39
 45 "RightHandThumb2"  44
 46 "RightHandThumb3"  45
 47 "Pianta"  -1
end
skeleton
time 0
  0 0.000000 0.000000 0.000000 1.570796 -0.000000 0.000000
  1 0.000000 0.000000 0.000000 0.000000 -0.000000 0.000000
  2 0.000000 7.970000 0.000000 0.000000 -0.000000 0.000000
  3 0.000000 0.000000 0.000000 -1.570796 0.000000 0.000000
  4 0.000000 0.000000 0.000000 3.141592 -0.000000 0.000000
  5 2.980000 5.159999 -2.449999 0.349066 -0.000000 2.617993
  6 5.960000 0.000000 -2.449999 0.349066 0.000000 1.570797
  7 2.980000 -5.159997 -2.449999 0.349066 -0.000000 0.523599
  8 3.370000 0.000000 1.070000 0.000000 -0.000000 0.000000
  9 0.000000 -0.000000 1.979998 0.000000 -0.000000 0.000000
 10 0.000000 0.000000 1.849999 0.000000 -0.000000 0.000000
 11 0.000000 2.899998 2.399998 -1.570796 0.000000 0.000000
 12 -2.980000 5.159999 -2.449999 0.349066 0.000000 -2.617994
 13 -5.960000 0.000000 -2.449999 0.349066 -0.000000 -1.570797
 14 -2.980000 -5.159997 -2.449999 0.349066 -0.000000 -0.523599
 15 -3.370000 0.000000 1.070000 0.000000 -0.000000 0.000000
 16 0.000000 -0.000000 1.979998 0.000000 -0.000000 0.000000
 17 0.000000 0.000000 1.849999 0.000000 -0.000000 0.000000
 18 0.000000 2.899998 2.399998 -1.570796 0.000000 0.000000
 19 0.000000 0.000000 0.000000 0.000000 -0.000000 0.000000
 20 0.000000 0.000000 4.209999 0.000000 -0.000000 0.000000
 21 0.000000 0.000000 4.279997 0.000000 -0.000000 0.000000
 22 0.000000 0.000000 3.699997 0.000000 -0.000000 0.000000
 23 0.000000 0.000002 4.399996 0.000000 -0.000000 0.000000
 24 0.000000 -3.359999 1.000000 1.658063 -0.000000 0.000000
 25 1.400000 0.000000 3.599998 -0.000000 1.570451 0.000000
 26 -0.000002 0.000000 2.840000 0.000000 -0.000000 0.000000
 27 0.000001 0.000001 3.300001 0.000000 -0.000000 0.000000
 28 -0.000001 0.000000 4.130000 0.000000 -0.000000 1.570796
 29 0.000001 -0.899999 3.399999 0.000000 -0.000000 0.000000
 30 0.000000 0.549995 3.200001 0.000000 -0.000000 0.000000
 31 -0.000000 0.000000 1.080000 0.000000 -0.000000 0.000000
 32 -0.000001 0.000004 1.079992 0.000000 -0.000000 0.000000
 33 -0.999999 -0.699998 0.599999 -0.628319 -0.610865 1.570797
 34 0.000002 0.000002 2.079999 0.000000 -0.000000 0.000000
 35 0.000004 -0.000000 1.079998 0.000000 -0.000000 0.000000
 36 -1.400000 0.000000 3.599998 0.000000 -1.571142 0.000000
 37 0.000003 0.000000 2.840000 0.000000 -0.000000 0.000000
 38 -0.000001 0.000000 3.299999 0.000000 -0.000000 0.000000
 39 -0.000004 0.000000 4.129998 0.000000 0.000000 -1.570796
 40 0.000000 -0.899997 3.400001 0.000000 -0.000000 0.000000
 41 -0.000000 0.550001 3.200000 0.000000 -0.000000 0.000000
 42 -0.000001 0.000002 1.079999 0.000000 -0.000000 0.000000
 43 -0.000000 -0.000002 1.080001 0.000000 -0.000000 0.000000
 44 0.999998 -0.699993 0.599999 -0.628319 0.610865 -1.570796
 45 0.000000 -0.000003 2.079998 0.000000 -0.000000 0.000000
 46 0.000000 -0.000002 1.080001 -0.000000 0.000000 -0.000000
 47 0.000000 0.000000 0.000000 0.000000 -0.000000 0.000000
end
triangles
mnt_body.png
 47 15.894502 -2.265652 16.093903 0.207328 -0.978202 -0.011635 0.049752 0.767178 3 28 0.050980 30 0.349020 31 0.600000
 47 16.620193 -2.095789 16.170860 0.262254 -0.963091 0.060652 0.057092 0.770306 3 30 0.200000 31 0.498039 32 0.301961
 47 16.105160 -1.869549 16.955196 0.127028 -0.784699 0.606722 0.050408 0.783955 3 28 0.050980 30 0.349020 31 0.600000
mnt_body.png
 47 15.894502 -2.265652 16.093903 0.207328 -0.978202 -0.011635 0.049752 0.767178 3 28 0.050980 30 0.349020 31 0.600000
 47 15.489370 -1.963398 16.955322 0.082198 -0.784636 0.614483 0.044625 0.782124 3 28 0.231373 30 0.478431 31 0.290196
 47 15.069939 -2.411858 16.024923 0.199424 -0.979713 -0.019837 0.041726 0.764035 4 28 0.301961 30 0.494117 31 0.101961 33 0.101961
mnt_body.png
 47 15.894502 -2.265652 16.093903 0.207328 -0.978202 -0.011635 0.049752 0.767178 3 28 0.050980 30 0.349020 31 0.600000
 47 16.105160 -1.869549 16.955196 0.127028 -0.784699 0.606722 0.050408 0.783955 3 28 0.050980 30 0.349020 31 0.600000
 47 15.489370 -1.963398 16.955322 0.082198 -0.784636 0.614483 0.044625 0.782124 3 28 0.231373 30 0.478431 31 0.290196
mnt_body.png
 47 15.069939 -2.411858 16.024923 0.199424 -0.979713 -0.019837 0.041726 0.764035 4 28 0.301961 30 0.494117 31 0.101961 33 0.101961
 47 14.406504 -2.484504 15.963048 0.035096 -0.979673 0.197508 0.036172 0.762356 2 28 0.800000 33 0.200000
 47 14.521803 -2.256450 14.854449 0.678957 -0.731500 -0.062651 0.038132 0.753567 3 28 0.400000 33 0.101961 34 0.498039
mnt_body.png
 47 15.069939 -2.411858 16.024923 0.199424 -0.979713 -0.019837 0.041726 0.764035 4 28 0.301961 30 0.494117 31 0.101961 33 0.101961
 47 14.930808 -1.997702 16.940811 -0.009919 -0.784460 0.620100 0.039506 0.781109 3 28 0.549019 30 0.349020 31 0.101961
 47 14.406504 -2.484504 15.963048 0.035096 -0.979673 0.197508 0.036172 0.762356 2 28 0.800000 33 0.200000
mnt_body.png
 47 15.069939 -2.411858 16.024923 0.199424 -0.979713 -0.019837 0.041726 0.764035 4 28 0.301961 30 0.494117 31 0.101961 33 0.101961
 47 15.489370 -1.963398 16.955322 0.082198 -0.784636 0.614483 0.044625 0.782124 3 28 0.231373 30 0.478431 31 0.290196
 47 14.930808 -1.997702 16.940811 -0.009919 -0.784460 0.620100 0.039506 0.781109 3 28 0.549019 30 0.349020 31 0.101961
mnt_body.png
 47 14.406504 -2.484504 15.963048 0.035096 -0.979673 0.197508 0.036172 0.762356 2 28 0.800000 33 0.200000
 47 13.476336 -2.490959 15.917099 -0.093936 -0.939642 0.329013 0.027207 0.759541 2 28 0.600000 33 0.400000
 47 14.521803 -2.256450 14.854449 0.678957 -0.731500 -0.062651 0.038132 0.753567 3 28 0.400000 33 0.101961 34 0.498039
mnt_body.png
 47 14.406504 -2.484504 15.963048 0.035096 -0.979673 0.197508 0.036172 0.762356 2 28 0.800000 33 0.200000
 47 14.930808 -1.997702 16.940811 -0.009919 -0.784460 0.620100 0.039506 0.781109 3 28 0.549019 30 0.349020 31 0.101961
 47 14.138678 -2.055369 16.794716 -0.097846 -0.787843 0.608054 0.032151 0.778393 2 28 0.650980 30 0.349020
mnt_body.png
 47 14.406504 -2.484504 15.963048 0.035096 -0.979673 0.197508 0.036172 0.762356 2 28 0.800000 33 0.200000
 47 14.138678 -2.055369 16.794716 -0.097846 -0.787843 0.608054 0.032151 0.778393 2 28 0.650980 30 0.349020
 47 13.476336 -2.490959 15.917099 -0.093936 -0.939642 0.329013 0.027207 0.759541 2 28 0.600000 33 0.400000
mnt_body.png
 47 14.521803 -2.256450 14.854449 0.678957 -0.731500 -0.062651 0.038132 0.753567 3 28 0.400000 33 0.101961 34 0.498039
 47 13.253567 -2.834255 14.825527 -0.174333 -0.891071 0.419047 0.028710 0.738308 2 33 0.600000 34 0.400000
 47 14.970145 -2.848293 14.415926 0.750905 -0.066502 0.657054 0.046067 0.749783 2 34 0.698039 35 0.301961
mnt_body.png
 47 14.521803 -2.256450 14.854449 0.678957 -0.731500 -0.062651 0.038132 0.753567 3 28 0.400000 33 0.101961 34 0.498039
 47 13.476336 -2.490959 15.917099 -0.093936 -0.939642 0.329013 0.027207 0.759541 2 28 0.600000 33 0.400000
 47 13.253567 -2.834255 14.825527 -0.174333 -0.891071 0.419047 0.028710 0.738308 2 33 0.600000 34 0.400000
mnt_body.png
 47 14.930808 -1.997702 16.940811 -0.009919 -0.784460 0.620100 0.039506 0.781109 3 28 0.549019 30 0.349020 31 0.101961
 47 14.163347 -1.352447 17.390024 -0.135034 -0.438372 0.888592 0.031334 0.791417 2 28 0.650980 30 0.349020
 47 14.138678 -2.055369 16.794716 -0.097846 -0.787843 0.608054 0.032151 0.778393 2 28 0.650980 30 0.349020
mnt_body.png
 47 14.930808 -1.997702 16.940811 -0.009919 -0.784460 0.620100 0.039506 0.781109 3 28 0.549019 30 0.349020 31 0.101961
 47 14.932534 -1.282338 17.506384 -0.031375 -0.405009 0.913774 0.038788 0.794492 3 28 0.549019 30 0.349020 31 0.101961
 47 14.163347 -1.352447 17.390024 -0.135034 -0.438372 0.888592 0.031334 0.791417 2 28 0.650980 30 0.349020
mnt_body.png
 47 14.930808 -1.997702 16.940811 -0.009919 -0.784460 0.620100 0.039506 0.781109 3 28 0.549019 30 0.349020 31 0.101961
 47 15.489370 -1.963398 16.955322 0.082198 -0.784636 0.614483 0.044625 0.782124 3 28 0.231373 30 0.478431 31 0.290196
 47 14.932534 -1.282338 17.506384 -0.031375 -0.405009 0.913774 0.038788 0.794492 3 28 0.549019 30 0.349020 31 0.101961
mnt_body.png
 47 15.489370 -1.963398 16.955322 0.082198 -0.784636 0.614483 0.044625 0.782124 3 28 0.231373 30 0.478431 31 0.290196
 47 15.502686 -1.245061 17.492666 0.062565 -0.397220 0.915588 0.044236 0.795476 3 28 0.231373 30 0.478431 31 0.290196
 47 14.932534 -1.282338 17.506384 -0.031375 -0.405009 0.913774 0.038788 0.794492 3 28 0.549019 30 0.349020 31 0.101961
mnt_body.png
 47 15.489370 -1.963398 16.955322 0.082198 -0.784636 0.614483 0.044625 0.782124 3 28 0.231373 30 0.478431 31 0.290196
 47 16.105160 -1.869549 16.955196 0.127028 -0.784699 0.606722 0.050408 0.783955 3 28 0.050980 30 0.349020 31 0.600000
 47 15.502686 -1.245061 17.492666 0.062565 -0.397220 0.915588 0.044236 0.795476 3 28 0.231373 30 0.478431 31 0.290196
mnt_body.png
 47 13.476336 -2.490959 15.917099 -0.093936 -0.939642 0.329013 0.027207 0.759541 2 28 0.600000 33 0.400000
 47 12.513113 -1.557293 16.911070 -0.264252 -0.630174 0.730103 0.015625 0.781651 2 27 0.101961 28 0.898039
 47 12.469244 -2.190156 15.921082 -0.360104 -0.835601 0.414844 0.016670 0.757824 2 28 0.498039 33 0.501961
mnt_body.png
 47 13.476336 -2.490959 15.917099 -0.093936 -0.939642 0.329013 0.027207 0.759541 2 28 0.600000 33 0.400000
 47 14.138678 -2.055369 16.794716 -0.097846 -0.787843 0.608054 0.032151 0.778393 2 28 0.650980 30 0.349020
 47 12.513113 -1.557293 16.911070 -0.264252 -0.630174 0.730103 0.015625 0.781651 2 27 0.101961 28 0.898039
mnt_body.png
 47 13.476336 -2.490959 15.917099 -0.093936 -0.939642 0.329013 0.027207 0.759541 2 28 0.600000 33 0.400000
 47 12.325272 -2.379321 15.178896 -0.432297 -0.888365 0.154685 0.017403 0.741901 3 27 0.200000 33 0.600000 34 0.200000
 47 13.253567 -2.834255 14.825527 -0.174333 -0.891071 0.419047 0.028710 0.738308 2 33 0.600000 34 0.400000
mnt_body.png
 47 13.476336 -2.490959 15.917099 -0.093936 -0.939642 0.329013 0.027207 0.759541 2 28 0.600000 33 0.400000
 47 12.469244 -2.190156 15.921082 -0.360104 -0.835601 0.414844 0.016670 0.757824 2 28 0.498039 33 0.501961
 47 12.325272 -2.379321 15.178896 -0.432297 -0.888365 0.154685 0.017403 0.741901 3 27 0.200000 33 0.600000 34 0.200000
mnt_body.png
 47 14.138678 -2.055369 16.794716 -0.097846 -0.787843 0.608054 0.032151 0.778393 2 28 0.650980 30 0.349020
 47 14.163347 -1.352447 17.390024 -0.135034 -0.438372 0.888592 0.031334 0.791417 2 28 0.650980 30 0.349020
 47 12.513113 -1.557293 16.911070 -0.264252 -0.630174 0.730103 0.015625 0.781651 2 27 0.101961 28 0.898039
mnt_body.png
 47 13.253567 -2.834255 14.825527 -0.174333 -0.891071 0.419047 0.028710 0.738308 2 33 0.600000 34 0.400000
 47 12.123212 -2.155323 14.294670 -0.713758 -0.625623 -0.314874 0.018006 0.721126 3 27 0.200000 33 0.600000 34 0.200000
 47 12.960403 -2.855741 13.860140 -0.626018 -0.727875 -0.279820 0.028954 0.720447 2 33 0.600000 34 0.400000
mnt_body.png
 47 13.253567 -2.834255 14.825527 -0.174333 -0.891071 0.419047 0.028710 0.738308 2 33 0.600000 34 0.400000
 47 12.325272 -2.379321 15.178896 -0.432297 -0.888365 0.154685 0.017403 0.741901 3 27 0.200000 33 0.600000 34 0.200000
 47 12.123212 -2.155323 14.294670 -0.713758 -0.625623 -0.314874 0.018006 0.721126 3 27 0.200000 33 0.600000 34 0.200000
mnt_body.png
 47 13.253567 -2.834255 14.825527 -0.174333 -0.891071 0.419047 0.028710 0.738308 2 33 0.600000 34 0.400000
 47 12.960403 -2.855741 13.860140 -0.626018 -0.727875 -0.279820 0.028954 0.720447 2 33 0.600000 34 0.400000
 47 14.082402 -3.408772 14.297624 -0.138949 -0.822133 0.552078 0.040490 0.734859 2 34 0.698039 35 0.301961
mnt_body.png
 47 13.253567 -2.834255 14.825527 -0.174333 -0.891071 0.419047 0.028710 0.738308 2 33 0.600000 34 0.400000
 47 14.082402 -3.408772 14.297624 -0.138949 -0.822133 0.552078 0.040490 0.734859 2 34 0.698039 35 0.301961
 47 14.970145 -2.848293 14.415926 0.750905 -0.066502 0.657054 0.046067 0.749783 2 34 0.698039 35 0.301961
mnt_body.png
 47 14.970145 -2.848293 14.415926 0.750905 -0.066502 0.657054 0.046067 0.749783 2 34 0.698039 35 0.301961
 47 14.082402 -3.408772 14.297624 -0.138949 -0.822133 0.552078 0.040490 0.734859 2 34 0.698039 35 0.301961
 47 15.193064 -3.387270 13.882548 0.721740 -0.508594 0.469493 0.052720 0.737743 1 35 1.000000
mnt_body.png
 47 14.163347 -1.352447 17.390024 -0.135034 -0.438372 0.888592 0.031334 0.791417 2 28 0.650980 30 0.349020
 47 14.152237 0.140009 17.667421 -0.115402 -0.013689 0.993225 0.030411 0.818509 2 28 0.650980 30 0.349020
 47 12.515495 0.075331 17.438597 -0.274161 -0.011749 0.961612 0.014488 0.816869 2 27 0.101961 28 0.898039
mnt_body.png
 47 14.163347 -1.352447 17.390024 -0.135034 -0.438372 0.888592 0.031334 0.791417 2 28 0.650980 30 0.349020
 47 14.932534 -1.282338 17.506384 -0.031375 -0.405009 0.913774 0.038788 0.794492 3 28 0.549019 30 0.349020 31 0.101961
 47 14.152237 0.140009 17.667421 -0.115402 -0.013689 0.993225 0.030411 0.818509 2 28 0.650980 30 0.349020
mnt_body.png
 47 14.163347 -1.352447 17.390024 -0.135034 -0.438372 0.888592 0.031334 0.791417 2 28 0.650980 30 0.349020
 47 12.515495 0.075331 17.438597 -0.274161 -0.011749 0.961612 0.014488 0.816869 2 27 0.101961 28 0.898039
 47 12.513113 -1.557293 16.911070 -0.264252 -0.630174 0.730103 0.015625 0.781651 2 27 0.101961 28 0.898039
mnt_body.png
 47 14.932534 -1.282338 17.506384 -0.031375 -0.405009 0.913774 0.038788 0.794492 3 28 0.549019 30 0.349020 31 0.101961
 47 14.985377 0.131230 17.751862 -0.005912 -0.005872 0.999965 0.038552 0.818502 3 28 0.549019 30 0.349020 31 0.101961
 47 14.152237 0.140009 17.667421 -0.115402 -0.013689 0.993225 0.030411 0.818509 2 28 0.650980 30 0.349020
mnt_body.png
 47 14.932534 -1.282338 17.506384 -0.031375 -0.405009 0.913774 0.038788 0.794492 3 28 0.549019 30 0.349020 31 0.101961
 47 15.502686 -1.245061 17.492666 0.062565 -0.397220 0.915588 0.044236 0.795476 3 28 0.231373 30 0.478431 31 0.290196
 47 14.985377 0.131230 17.751862 -0.005912 -0.005872 0.999965 0.038552 0.818502 3 28 0.549019 30 0.349020 31 0.101961
mnt_body.png
 47 12.513113 -1.557293 16.911070 -0.264252 -0.630174 0.730103 0.015625 0.781651 2 27 0.101961 28 0.898039
 47 11.378733 -1.179987 16.636829 -0.277720 -0.655461 0.702312 0.003334 0.780819 2 27 0.698039 28 0.301961
 47 12.469244 -2.190156 15.921082 -0.360104 -0.835601 0.414844 0.016670 0.757824 2 28 0.498039 33 0.501961
mnt_body.png
 47 12.513113 -1.557293 16.911070 -0.264252 -0.630174 0.730103 0.015625 0.781651 2 27 0.101961 28 0.898039
 47 12.515495 0.075331 17.438597 -0.274161 -0.011749 0.961612 0.014488 0.816869 2 27 0.101961 28 0.898039
 47 11.378733 -1.179987 16.636829 -0.277720 -0.655461 0.702312 0.003334 0.780819 2 27 0.698039 28 0.301961
mnt_body.png
 47 12.469244 -2.190156 15.921082 -0.360104 -0.835601 0.414844 0.016670 0.757824 2 28 0.498039 33 0.501961
 47 11.378733 -1.179987 16.636829 -0.277720 -0.655461 0.702312 0.003334 0.780819 2 27 0.698039 28 0.301961
 47 11.404753 -1.712386 15.686209 -0.501074 -0.863408 0.058748 0.003334 0.753094 2 27 0.698039 28 0.301961
mnt_body.png
 47 12.469244 -2.190156 15.921082 -0.360104 -0.835601 0.414844 0.016670 0.757824 2 28 0.498039 33 0.501961
 47 11.404753 -1.712386 15.686209 -0.501074 -0.863408 0.058748 0.003334 0.753094 2 27 0.698039 28 0.301961
 47 12.325272 -2.379321 15.178896 -0.432297 -0.888365 0.154685 0.017403 0.741901 3 27 0.200000 33 0.600000 34 0.200000
mnt_body.png
 47 12.325272 -2.379321 15.178896 -0.432297 -0.888365 0.154685 0.017403 0.741901 3 27 0.200000 33 0.600000 34 0.200000
 47 11.404753 -1.712386 15.686209 -0.501074 -0.863408 0.058748 0.003334 0.753094 2 27 0.698039 28 0.301961
 47 12.123212 -2.155323 14.294670 -0.713758 -0.625623 -0.314874 0.018006 0.721126 3 27 0.200000 33 0.600000 34 0.200000
mnt_body.png
 47 12.960403 -2.855741 13.860140 -0.626018 -0.727875 -0.279820 0.028954 0.720447 2 33 0.600000 34 0.400000
 47 13.716158 -3.299938 13.553835 -0.605189 -0.734313 -0.307458 0.039391 0.720462 2 34 0.698039 35 0.301961
 47 14.082402 -3.408772 14.297624 -0.138949 -0.822133 0.552078 0.040490 0.734859 2 34 0.698039 35 0.301961
mnt_body.png
 47 12.960403 -2.855741 13.860140 -0.626018 -0.727875 -0.279820 0.028954 0.720447 2 33 0.600000 34 0.400000
 47 13.780224 -2.717931 13.059626 -0.414852 -0.086094 -0.905807 0.038399 0.706065 2 34 0.698039 35 0.301961
 47 13.716158 -3.299938 13.553835 -0.605189 -0.734313 -0.307458 0.039391 0.720462 2 34 0.698039 35 0.301961
mnt_body.png
 47 12.960403 -2.855741 13.860140 -0.626018 -0.727875 -0.279820 0.028954 0.720447 2 33 0.600000 34 0.400000
 47 12.946909 -2.131793 13.390739 -0.453761 -0.078202 -0.887685 0.027054 0.706836 3 28 0.101961 33 0.400000 34 0.498039
 47 13.780224 -2.717931 13.059626 -0.414852 -0.086094 -0.905807 0.038399 0.706065 2 34 0.698039 35 0.301961
mnt_body.png
 47 12.960403 -2.855741 13.860140 -0.626018 -0.727875 -0.279820 0.028954 0.720447 2 33 0.600000 34 0.400000
 47 12.123212 -2.155323 14.294670 -0.713758 -0.625623 -0.314874 0.018006 0.721126 3 27 0.200000 33 0.600000 34 0.200000
 47 12.946909 -2.131793 13.390739 -0.453761 -0.078202 -0.887685 0.027054 0.706836 3 28 0.101961 33 0.400000 34 0.498039
mnt_body.png
 47 14.082402 -3.408772 14.297624 -0.138949 -0.822133 0.552078 0.040490 0.734859 2 34 0.698039 35 0.301961
 47 13.716158 -3.299938 13.553835 -0.605189 -0.734313 -0.307458 0.039391 0.720462 2 34 0.698039 35 0.301961
 47 14.714317 -3.917161 13.733724 0.047016 -0.972743 0.227069 0.048898 0.727245 1 35 1.000000
mnt_body.png
 47 14.082402 -3.408772 14.297624 -0.138949 -0.822133 0.552078 0.040490 0.734859 2 34 0.698039 35 0.301961
 47 14.714317 -3.917161 13.733724 0.047016 -0.972743 0.227069 0.048898 0.727245 1 35 1.000000
 47 15.193064 -3.387270 13.882548 0.721740 -0.508594 0.469493 0.052720 0.737743 1 35 1.000000
mnt_body.png
 47 15.193064 -3.387270 13.882548 0.721740 -0.508594 0.469493 0.052720 0.737743 1 35 1.000000
 47 14.714317 -3.917161 13.733724 0.047016 -0.972743 0.227069 0.048898 0.727245 1 35 1.000000
 47 15.040129 -3.712851 13.132614 0.631439 -0.649106 -0.424202 0.054055 0.716625 1 35 1.000000
mnt_body.png
 47 14.152237 0.140009 17.667421 -0.115402 -0.013689 0.993225 0.030411 0.818509 2 28 0.650980 30 0.349020
 47 14.097626 1.447316 17.466801 -0.156602 0.361796 0.919010 0.030411 0.841985 2 28 0.650980 30 0.349020
 47 12.515495 0.075331 17.438597 -0.274161 -0.011749 0.961612 0.014488 0.816869 2 27 0.101961 28 0.898039
mnt_body.png
 47 14.152237 0.140009 17.667421 -0.115402 -0.013689 0.993225 0.030411 0.818509 2 28 0.650980 30 0.349020
 47 14.999746 1.482304 17.535891 -0.027466 0.428911 0.902929 0.039139 0.841833 3 28 0.549019 30 0.349020 31 0.101961
 47 14.097626 1.447316 17.466801 -0.156602 0.361796 0.919010 0.030411 0.841985 2 28 0.650980 30 0.349020
mnt_body.png
 47 14.152237 0.140009 17.667421 -0.115402 -0.013689 0.993225 0.030411 0.818509 2 28 0.650980 30 0.349020
 47 14.985377 0.131230 17.751862 -0.005912 -0.005872 0.999965 0.038552 0.818502 3 28 0.549019 30 0.349020 31 0.101961
 47 14.999746 1.482304 17.535891 -0.027466 0.428911 0.902929 0.039139 0.841833 3 28 0.549019 30 0.349020 31 0.101961
mnt_body.png
 47 14.985377 0.131230 17.751862 -0.005912 -0.005872 0.999965 0.038552 0.818502 3 28 0.549019 30 0.349020 31 0.101961
 47 15.547398 1.440073 17.517996 0.076302 0.387114 0.918869 0.044472 0.840703 3 28 0.231373 30 0.478431 31 0.290196
 47 14.999746 1.482304 17.535891 -0.027466 0.428911 0.902929 0.039139 0.841833 3 28 0.549019 30 0.349020 31 0.101961
mnt_body.png
 47 14.985377 0.131230 17.751862 -0.005912 -0.005872 0.999965 0.038552 0.818502 3 28 0.549019 30 0.349020 31 0.101961
 47 15.536209 0.137314 17.728636 0.060656 -0.003916 0.998151 0.043816 0.818761 3 28 0.231373 30 0.478431 31 0.290196
 47 15.547398 1.440073 17.517996 0.076302 0.387114 0.918869 0.044472 0.840703 3 28 0.231373 30 0.478431 31 0.290196
mnt_body.png
 47 14.985377 0.131230 17.751862 -0.005912 -0.005872 0.999965 0.038552 0.818502 3 28 0.549019 30 0.349020 31 0.101961
 47 15.502686 -1.245061 17.492666 0.062565 -0.397220 0.915588 0.044236 0.795476 3 28 0.231373 30 0.478431 31 0.290196
 47 15.536209 0.137314 17.728636 0.060656 -0.003916 0.998151 0.043816 0.818761 3 28 0.231373 30 0.478431 31 0.290196
mnt_body.png
 47 11.378733 -1.179987 16.636829 -0.277720 -0.655461 0.702312 0.003334 0.780819 2 27 0.698039 28 0.301961
 47 12.515495 0.075331 17.438597 -0.274161 -0.011749 0.961612 0.014488 0.816869 2 27 0.101961 28 0.898039
 47 11.441082 0.034959 17.018368 -0.192070 -0.009792 0.981332 0.003334 0.815137 2 27 0.698039 28 0.301961
mnt_body.png
 47 11.404753 -1.712386 15.686209 -0.501074 -0.863408 0.058748 0.003334 0.753094 2 27 0.698039 28 0.301961
 47 11.364676 -1.102042 14.802502 -0.536539 -0.518788 -0.665571 0.003334 0.710140 2 27 0.698039 28 0.301961
 47 12.123212 -2.155323 14.294670 -0.713758 -0.625623 -0.314874 0.018006 0.721126 3 27 0.200000 33 0.600000 34 0.200000
mnt_body.png
 47 14.714317 -3.917161 13.733724 0.047016 -0.972743 0.227069 0.048898 0.727245 1 35 1.000000
 47 13.716158 -3.299938 13.553835 -0.605189 -0.734313 -0.307458 0.039391 0.720462 2 34 0.698039 35 0.301961
 47 14.575553 -3.825221 13.136572 -0.223061 -0.853143 -0.471584 0.049615 0.717777 1 35 1.000000
mnt_body.png
 47 14.714317 -3.917161 13.733724 0.047016 -0.972743 0.227069 0.048898 0.727245 1 35 1.000000
 47 14.575553 -3.825221 13.136572 -0.223061 -0.853143 -0.471584 0.049615 0.717777 1 35 1.000000
 47 15.040129 -3.712851 13.132614 0.631439 -0.649106 -0.424202 0.054055 0.716625 1 35 1.000000
mnt_body.png
 47 15.040129 -3.712851 13.132614 0.631439 -0.649106 -0.424202 0.054055 0.716625 1 35 1.000000
 47 14.575553 -3.825221 13.136572 -0.223061 -0.853143 -0.471584 0.049615 0.717777 1 35 1.000000
 47 14.573306 -3.360082 12.769033 -0.156499 -0.267984 -0.950628 0.048592 0.707988 1 35 1.000000
mnt_body.png
 47 15.040129 -3.712851 13.132614 0.631439 -0.649106 -0.424202 0.054055 0.716625 1 35 1.000000
 47 14.573306 -3.360082 12.769033 -0.156499 -0.267984 -0.950628 0.048592 0.707988 1 35 1.000000
 47 15.091891 -2.968060 12.875781 0.704234 0.187789 -0.684682 0.052735 0.697261 1 35 1.000000
mnt_body.png
 47 15.536209 0.137314 17.728636 0.060656 -0.003916 0.998151 0.043816 0.818761 3 28 0.231373 30 0.478431 31 0.290196
 47 15.502686 -1.245061 17.492666 0.062565 -0.397220 0.915588 0.044236 0.795476 3 28 0.231373 30 0.478431 31 0.290196
 47 16.130062 -1.201054 17.464304 0.101859 -0.387658 0.916158 0.050233 0.796330 3 28 0.050980 30 0.349020 31 0.600000
mnt_body.png
 47 15.536209 0.137314 17.728636 0.060656 -0.003916 0.998151 0.043816 0.818761 3 28 0.231373 30 0.478431 31 0.290196
 47 16.130062 -1.201054 17.464304 0.101859 -0.387658 0.916158 0.050233 0.796330 3 28 0.050980 30 0.349020 31 0.600000
 47 16.144264 0.141556 17.681301 0.105657 -0.003914 0.994395 0.049569 0.818982 3 28 0.050980 30 0.349020 31 0.600000
mnt_body.png
 47 15.536209 0.137314 17.728636 0.060656 -0.003916 0.998151 0.043816 0.818761 3 28 0.231373 30 0.478431 31 0.290196
 47 16.152271 1.372243 17.485456 0.107577 0.381635 0.918032 0.050309 0.839529 3 28 0.050980 30 0.349020 31 0.600000
 47 15.547398 1.440073 17.517996 0.076302 0.387114 0.918869 0.044472 0.840703 3 28 0.231373 30 0.478431 31 0.290196
mnt_body.png
 47 15.536209 0.137314 17.728636 0.060656 -0.003916 0.998151 0.043816 0.818761 3 28 0.231373 30 0.478431 31 0.290196
 47 16.144264 0.141556 17.681301 0.105657 -0.003914 0.994395 0.049569 0.818982 3 28 0.050980 30 0.349020 31 0.600000
 47 16.152271 1.372243 17.485456 0.107577 0.381635 0.918032 0.050309 0.839529 3 28 0.050980 30 0.349020 31 0.600000
mnt_body.png
 47 15.502686 -1.245061 17.492666 0.062565 -0.397220 0.915588 0.044236 0.795476 3 28 0.231373 30 0.478431 31 0.290196
 47 16.105160 -1.869549 16.955196 0.127028 -0.784699 0.606722 0.050408 0.783955 3 28 0.050980 30 0.349020 31 0.600000
 47 16.130062 -1.201054 17.464304 0.101859 -0.387658 0.916158 0.050233 0.796330 3 28 0.050980 30 0.349020 31 0.600000
mnt_body.png
 47 11.441082 0.034959 17.018368 -0.192070 -0.009792 0.981332 0.003334 0.815137 2 27 0.698039 28 0.301961
 47 12.515495 0.075331 17.438597 -0.274161 -0.011749 0.961612 0.014488 0.816869 2 27 0.101961 28 0.898039
 47 11.359615 1.133747 16.692814 -0.275718 0.621593 0.733213 0.003334 0.845846 2 27 0.698039 28 0.301961
mnt_body.png
 47 11.364676 -1.102042 14.802502 -0.536539 -0.518788 -0.665571 0.003334 0.710140 2 27 0.698039 28 0.301961
 47 12.165332 -1.478715 13.823324 -0.593349 -0.019564 -0.804708 0.016892 0.705310 2 27 0.200000 33 0.800000
 47 12.123212 -2.155323 14.294670 -0.713758 -0.625623 -0.314874 0.018006 0.721126 3 27 0.200000 33 0.600000 34 0.200000
mnt_body.png
 47 11.364676 -1.102042 14.802502 -0.536539 -0.518788 -0.665571 0.003334 0.710140 2 27 0.698039 28 0.301961
 47 11.360504 -0.072266 14.684740 -0.321233 0.144907 -0.935848 0.003334 0.682910 2 27 0.698039 28 0.301961
 47 12.165332 -1.478715 13.823324 -0.593349 -0.019564 -0.804708 0.016892 0.705310 2 27 0.200000 33 0.800000
mnt_body.png
 47 12.123212 -2.155323 14.294670 -0.713758 -0.625623 -0.314874 0.018006 0.721126 3 27 0.200000 33 0.600000 34 0.200000
 47 12.165332 -1.478715 13.823324 -0.593349 -0.019564 -0.804708 0.016892 0.705310 2 27 0.200000 33 0.800000
 47 12.946909 -2.131793 13.390739 -0.453761 -0.078202 -0.887685 0.027054 0.706836 3 28 0.101961 33 0.400000 34 0.498039
mnt_body.png
 47 14.575553 -3.825221 13.136572 -0.223061 -0.853143 -0.471584 0.049615 0.717777 1 35 1.000000
 47 13.716158 -3.299938 13.553835 -0.605189 -0.734313 -0.307458 0.039391 0.720462 2 34 0.698039 35 0.301961
 47 14.573306 -3.360082 12.769033 -0.156499 -0.267984 -0.950628 0.048592 0.707988 1 35 1.000000
mnt_body.png
 47 16.130062 -1.201054 17.464304 0.101859 -0.387658 0.916158 0.050233 0.796330 3 28 0.050980 30 0.349020 31 0.600000
 47 16.811943 -1.142695 17.379095 0.184254 -0.374170 0.908871 0.056825 0.796925 3 30 0.200000 31 0.498039 32 0.301961
 47 16.144264 0.141556 17.681301 0.105657 -0.003914 0.994395 0.049569 0.818982 3 28 0.050980 30 0.349020 31 0.600000
mnt_body.png
 47 16.130062 -1.201054 17.464304 0.101859 -0.387658 0.916158 0.050233 0.796330 3 28 0.050980 30 0.349020 31 0.600000
 47 16.105160 -1.869549 16.955196 0.127028 -0.784699 0.606722 0.050408 0.783955 3 28 0.050980 30 0.349020 31 0.600000
 47 16.787327 -1.736755 16.975996 0.221428 -0.763328 0.606877 0.056786 0.786740 3 30 0.200000 31 0.498039 32 0.301961
mnt_body.png
 47 16.130062 -1.201054 17.464304 0.101859 -0.387658 0.916158 0.050233 0.796330 3 28 0.050980 30 0.349020 31 0.600000
 47 16.787327 -1.736755 16.975996 0.221428 -0.763328 0.606877 0.056786 0.786740 3 30 0.200000 31 0.498039 32 0.301961
 47 16.811943 -1.142695 17.379095 0.184254 -0.374170 0.908871 0.056825 0.796925 3 30 0.200000 31 0.498039 32 0.301961
mnt_body.png
 47 16.105160 -1.869549 16.955196 0.127028 -0.784699 0.606722 0.050408 0.783955 3 28 0.050980 30 0.349020 31 0.600000
 47 16.620193 -2.095789 16.170860 0.262254 -0.963091 0.060652 0.057092 0.770306 3 30 0.200000 31 0.498039 32 0.301961
 47 16.787327 -1.736755 16.975996 0.221428 -0.763328 0.606877 0.056786 0.786740 3 30 0.200000 31 0.498039 32 0.301961
mnt_body.png
 47 12.515495 0.075331 17.438597 -0.274161 -0.011749 0.961612 0.014488 0.816869 2 27 0.101961 28 0.898039
 47 12.405239 1.622713 16.924700 -0.342366 0.676960 0.651545 0.013970 0.850698 2 27 0.101961 28 0.898039
 47 11.359615 1.133747 16.692814 -0.275718 0.621593 0.733213 0.003334 0.845846 2 27 0.698039 28 0.301961
mnt_body.png
 47 12.515495 0.075331 17.438597 -0.274161 -0.011749 0.961612 0.014488 0.816869 2 27 0.101961 28 0.898039
 47 14.097626 1.447316 17.466801 -0.156602 0.361796 0.919010 0.030411 0.841985 2 28 0.650980 30 0.349020
 47 12.405239 1.622713 16.924700 -0.342366 0.676960 0.651545 0.013970 0.850698 2 27 0.101961 28 0.898039
mnt_body.png
 47 11.359615 1.133747 16.692814 -0.275718 0.621593 0.733213 0.003334 0.845846 2 27 0.698039 28 0.301961
 47 12.405239 1.622713 16.924700 -0.342366 0.676960 0.651545 0.013970 0.850698 2 27 0.101961 28 0.898039
 47 11.295837 1.601535 15.770462 -0.402830 0.914974 -0.023460 0.003235 0.872023 2 27 0.698039 28 0.301961
mnt_body.png
 47 12.165332 -1.478715 13.823324 -0.593349 -0.019564 -0.804708 0.016892 0.705310 2 27 0.200000 33 0.800000
 47 13.189308 -0.638711 13.734869 0.021554 0.438467 -0.898489 0.022278 0.678882 2 28 0.600000 33 0.400000
 47 12.946909 -2.131793 13.390739 -0.453761 -0.078202 -0.887685 0.027054 0.706836 3 28 0.101961 33 0.400000 34 0.498039
mnt_body.png
 47 12.165332 -1.478715 13.823324 -0.593349 -0.019564 -0.804708 0.016892 0.705310 2 27 0.200000 33 0.800000
 47 12.338858 -0.395164 14.003042 -0.315008 0.377624 -0.870730 0.014015 0.683490 3 27 0.101961 28 0.498039 33 0.400000
 47 13.189308 -0.638711 13.734869 0.021554 0.438467 -0.898489 0.022278 0.678882 2 28 0.600000 33 0.400000
mnt_body.png
 47 12.165332 -1.478715 13.823324 -0.593349 -0.019564 -0.804708 0.016892 0.705310 2 27 0.200000 33 0.800000
 47 11.360504 -0.072266 14.684740 -0.321233 0.144907 -0.935848 0.003334 0.682910 2 27 0.698039 28 0.301961
 47 12.338858 -0.395164 14.003042 -0.315008 0.377624 -0.870730 0.014015 0.683490 3 27 0.101961 28 0.498039 33 0.400000
mnt_body.png
 47 11.360504 -0.072266 14.684740 -0.321233 0.144907 -0.935848 0.003334 0.682910 2 27 0.698039 28 0.301961
 47 12.481236 0.347216 14.446081 -0.144594 0.391010 -0.908957 0.010422 0.669665 2 27 0.101961 28 0.898039
 47 12.338858 -0.395164 14.003042 -0.315008 0.377624 -0.870730 0.014015 0.683490 3 27 0.101961 28 0.498039 33 0.400000
mnt_body.png
 47 12.946909 -2.131793 13.390739 -0.453761 -0.078202 -0.887685 0.027054 0.706836 3 28 0.101961 33 0.400000 34 0.498039
 47 14.026436 -1.581048 13.441774 0.297558 0.491484 -0.818476 0.034386 0.684245 3 28 0.200000 33 0.301961 34 0.498039
 47 13.780224 -2.717931 13.059626 -0.414852 -0.086094 -0.905807 0.038399 0.706065 2 34 0.698039 35 0.301961
mnt_body.png
 47 12.946909 -2.131793 13.390739 -0.453761 -0.078202 -0.887685 0.027054 0.706836 3 28 0.101961 33 0.400000 34 0.498039
 47 13.189308 -0.638711 13.734869 0.021554 0.438467 -0.898489 0.022278 0.678882 2 28 0.600000 33 0.400000
 47 14.026436 -1.581048 13.441774 0.297558 0.491484 -0.818476 0.034386 0.684245 3 28 0.200000 33 0.301961 34 0.498039
mnt_body.png
 47 13.716158 -3.299938 13.553835 -0.605189 -0.734313 -0.307458 0.039391 0.720462 2 34 0.698039 35 0.301961
 47 13.780224 -2.717931 13.059626 -0.414852 -0.086094 -0.905807 0.038399 0.706065 2 34 0.698039 35 0.301961
 47 14.573306 -3.360082 12.769033 -0.156499 -0.267984 -0.950628 0.048592 0.707988 1 35 1.000000
mnt_body.png
 47 16.620193 -2.095789 16.170860 0.262254 -0.963091 0.060652 0.057092 0.770306 3 30 0.200000 31 0.498039 32 0.301961
 47 17.367544 -1.830836 16.241531 0.410654 -0.911622 -0.017548 0.064408 0.775517 2 31 0.301961 32 0.698039
 47 16.787327 -1.736755 16.975996 0.221428 -0.763328 0.606877 0.056786 0.786740 3 30 0.200000 31 0.498039 32 0.301961
mnt_body.png
 47 16.787327 -1.736755 16.975996 0.221428 -0.763328 0.606877 0.056786 0.786740 3 30 0.200000 31 0.498039 32 0.301961
 47 17.367544 -1.830836 16.241531 0.410654 -0.911622 -0.017548 0.064408 0.775517 2 31 0.301961 32 0.698039
 47 17.404972 -1.516202 16.939041 0.402818 -0.696086 0.594309 0.062814 0.789334 2 31 0.301961 32 0.698039
mnt_body.png
 47 16.787327 -1.736755 16.975996 0.221428 -0.763328 0.606877 0.056786 0.786740 3 30 0.200000 31 0.498039 32 0.301961
 47 17.404972 -1.516202 16.939041 0.402818 -0.696086 0.594309 0.062814 0.789334 2 31 0.301961 32 0.698039
 47 16.811943 -1.142695 17.379095 0.184254 -0.374170 0.908871 0.056825 0.796925 3 30 0.200000 31 0.498039 32 0.301961
mnt_body.png
 47 14.097626 1.447316 17.466801 -0.156602 0.361796 0.919010 0.030411 0.841985 2 28 0.650980 30 0.349020
 47 14.999746 1.482304 17.535891 -0.027466 0.428911 0.902929 0.039139 0.841833 3 28 0.549019 30 0.349020 31 0.101961
 47 14.043802 2.105442 16.967579 -0.148776 0.767053 0.624095 0.030632 0.854162 2 28 0.650980 30 0.349020
mnt_body.png
 47 14.097626 1.447316 17.466801 -0.156602 0.361796 0.919010 0.030411 0.841985 2 28 0.650980 30 0.349020
 47 14.043802 2.105442 16.967579 -0.148776 0.767053 0.624095 0.030632 0.854162 2 28 0.650980 30 0.349020
 47 12.405239 1.622713 16.924700 -0.342366 0.676960 0.651545 0.013970 0.850698 2 27 0.101961 28 0.898039
mnt_body.png
 47 12.338858 -0.395164 14.003042 -0.315008 0.377624 -0.870730 0.014015 0.683490 3 27 0.101961 28 0.498039 33 0.400000
 47 12.481236 0.347216 14.446081 -0.144594 0.391010 -0.908957 0.010422 0.669665 2 27 0.101961 28 0.898039
 47 13.189308 -0.638711 13.734869 0.021554 0.438467 -0.898489 0.022278 0.678882 2 28 0.600000 33 0.400000
mnt_body.png
 47 13.189308 -0.638711 13.734869 0.021554 0.438467 -0.898489 0.022278 0.678882 2 28 0.600000 33 0.400000
 47 12.481236 0.347216 14.446081 -0.144594 0.391010 -0.908957 0.010422 0.669665 2 27 0.101961 28 0.898039
 47 13.553346 0.317461 14.532540 0.309467 0.321197 -0.895021 0.017395 0.657244 1 28 1.000000
mnt_body.png
 47 13.189308 -0.638711 13.734869 0.021554 0.438467 -0.898489 0.022278 0.678882 2 28 0.600000 33 0.400000
 47 13.553346 0.317461 14.532540 0.309467 0.321197 -0.895021 0.017395 0.657244 1 28 1.000000
 47 14.156650 -0.876531 14.074009 0.708162 0.450053 -0.544021 0.029702 0.666529 2 28 0.400000 33 0.600000
mnt_body.png
 47 13.189308 -0.638711 13.734869 0.021554 0.438467 -0.898489 0.022278 0.678882 2 28 0.600000 33 0.400000
 47 14.156650 -0.876531 14.074009 0.708162 0.450053 -0.544021 0.029702 0.666529 2 28 0.400000 33 0.600000
 47 14.026436 -1.581048 13.441774 0.297558 0.491484 -0.818476 0.034386 0.684245 3 28 0.200000 33 0.301961 34 0.498039
mnt_body.png
 47 14.026436 -1.581048 13.441774 0.297558 0.491484 -0.818476 0.034386 0.684245 3 28 0.200000 33 0.301961 34 0.498039
 47 14.650320 -2.202632 13.092039 0.385251 0.596472 -0.704133 0.043999 0.689311 2 34 0.698039 35 0.301961
 47 13.780224 -2.717931 13.059626 -0.414852 -0.086094 -0.905807 0.038399 0.706065 2 34 0.698039 35 0.301961
mnt_body.png
 47 14.026436 -1.581048 13.441774 0.297558 0.491484 -0.818476 0.034386 0.684245 3 28 0.200000 33 0.301961 34 0.498039
 47 14.526622 -1.857671 14.194648 0.891965 0.445959 -0.074291 0.041169 0.665713 3 28 0.200000 33 0.301961 34 0.498039
 47 14.650320 -2.202632 13.092039 0.385251 0.596472 -0.704133 0.043999 0.689311 2 34 0.698039 35 0.301961
mnt_body.png
 47 14.026436 -1.581048 13.441774 0.297558 0.491484 -0.818476 0.034386 0.684245 3 28 0.200000 33 0.301961 34 0.498039
 47 14.156650 -0.876531 14.074009 0.708162 0.450053 -0.544021 0.029702 0.666529 2 28 0.400000 33 0.600000
 47 14.526622 -1.857671 14.194648 0.891965 0.445959 -0.074291 0.041169 0.665713 3 28 0.200000 33 0.301961 34 0.498039
mnt_body.png
 47 13.780224 -2.717931 13.059626 -0.414852 -0.086094 -0.905807 0.038399 0.706065 2 34 0.698039 35 0.301961
 47 14.650320 -2.202632 13.092039 0.385251 0.596472 -0.704133 0.043999 0.689311 2 34 0.698039 35 0.301961
 47 14.573306 -3.360082 12.769033 -0.156499 -0.267984 -0.950628 0.048592 0.707988 1 35 1.000000
mnt_body.png
 47 14.573306 -3.360082 12.769033 -0.156499 -0.267984 -0.950628 0.048592 0.707988 1 35 1.000000
 47 14.650320 -2.202632 13.092039 0.385251 0.596472 -0.704133 0.043999 0.689311 2 34 0.698039 35 0.301961
 47 15.091891 -2.968060 12.875781 0.704234 0.187789 -0.684682 0.052735 0.697261 1 35 1.000000
mnt_body.png
 47 17.367544 -1.830836 16.241531 0.410654 -0.911622 -0.017548 0.064408 0.775517 2 31 0.301961 32 0.698039
 47 17.947994 -1.478819 16.329813 0.681653 -0.730824 0.035284 0.070451 0.782673 2 31 0.101961 32 0.898039
 47 17.404972 -1.516202 16.939041 0.402818 -0.696086 0.594309 0.062814 0.789334 2 31 0.301961 32 0.698039
mnt_body.png
 47 17.404972 -1.516202 16.939041 0.402818 -0.696086 0.594309 0.062814 0.789334 2 31 0.301961 32 0.698039
 47 17.947994 -1.478819 16.329813 0.681653 -0.730824 0.035284 0.070451 0.782673 2 31 0.101961 32 0.898039
 47 18.008741 -1.014021 16.900124 0.655714 -0.397373 0.641977 0.068925 0.797421 2 31 0.101961 32 0.898039
mnt_body.png
 47 17.404972 -1.516202 16.939041 0.402818 -0.696086 0.594309 0.062814 0.789334 2 31 0.301961 32 0.698039
 47 17.509008 -1.064415 17.241098 0.366039 -0.332862 0.869033 0.063630 0.797528 2 31 0.301961 32 0.698039
 47 16.811943 -1.142695 17.379095 0.184254 -0.374170 0.908871 0.056825 0.796925 3 30 0.200000 31 0.498039 32 0.301961
mnt_body.png
 47 17.404972 -1.516202 16.939041 0.402818 -0.696086 0.594309 0.062814 0.789334 2 31 0.301961 32 0.698039
 47 18.008741 -1.014021 16.900124 0.655714 -0.397373 0.641977 0.068925 0.797421 2 31 0.101961 32 0.898039
 47 17.509008 -1.064415 17.241098 0.366039 -0.332862 0.869033 0.063630 0.797528 2 31 0.301961 32 0.698039
mnt_body.png
 47 13.553346 0.317461 14.532540 0.309467 0.321197 -0.895021 0.017395 0.657244 1 28 1.000000
 47 14.541283 -1.218454 14.704182 0.685051 0.133078 -0.716237 0.034600 0.653796 3 28 0.537255 30 0.101961 33 0.360784
 47 14.156650 -0.876531 14.074009 0.708162 0.450053 -0.544021 0.029702 0.666529 2 28 0.400000 33 0.600000
mnt_body.png
 47 14.156650 -0.876531 14.074009 0.708162 0.450053 -0.544021 0.029702 0.666529 2 28 0.400000 33 0.600000
 47 14.541283 -1.218454 14.704182 0.685051 0.133078 -0.716237 0.034600 0.653796 3 28 0.537255 30 0.101961 33 0.360784
 47 14.526622 -1.857671 14.194648 0.891965 0.445959 -0.074291 0.041169 0.665713 3 28 0.200000 33 0.301961 34 0.498039
mnt_body.png
 47 14.650320 -2.202632 13.092039 0.385251 0.596472 -0.704133 0.043999 0.689311 2 34 0.698039 35 0.301961
 47 15.022142 -2.423262 13.838953 0.857278 0.514758 0.009918 0.049813 0.674678 2 34 0.698039 35 0.301961
 47 15.091891 -2.968060 12.875781 0.704234 0.187789 -0.684682 0.052735 0.697261 1 35 1.000000
mnt_body.png
 47 14.650320 -2.202632 13.092039 0.385251 0.596472 -0.704133 0.043999 0.689311 2 34 0.698039 35 0.301961
 47 14.526622 -1.857671 14.194648 0.891965 0.445959 -0.074291 0.041169 0.665713 3 28 0.200000 33 0.301961 34 0.498039
 47 15.022142 -2.423262 13.838953 0.857278 0.514758 0.009918 0.049813 0.674678 2 34 0.698039 35 0.301961
mnt_body.png
 47 14.526622 -1.857671 14.194648 0.891965 0.445959 -0.074291 0.041169 0.665713 3 28 0.200000 33 0.301961 34 0.498039
 47 14.970145 -2.848293 14.415926 0.750905 -0.066502 0.657054 0.055276 0.663027 2 34 0.698039 35 0.301961
 47 15.022142 -2.423262 13.838953 0.857278 0.514758 0.009918 0.049813 0.674678 2 34 0.698039 35 0.301961
mnt_body.png
 47 14.526622 -1.857671 14.194648 0.891965 0.445959 -0.074291 0.041169 0.665713 3 28 0.200000 33 0.301961 34 0.498039
 47 14.521803 -2.256450 14.854449 0.678957 -0.731500 -0.062651 0.045747 0.651118 3 28 0.400000 33 0.101961 34 0.498039
 47 14.970145 -2.848293 14.415926 0.750905 -0.066502 0.657054 0.055276 0.663027 2 34 0.698039 35 0.301961
mnt_body.png
 47 14.526622 -1.857671 14.194648 0.891965 0.445959 -0.074291 0.041169 0.665713 3 28 0.200000 33 0.301961 34 0.498039
 47 14.541283 -1.218454 14.704182 0.685051 0.133078 -0.716237 0.034600 0.653796 3 28 0.537255 30 0.101961 33 0.360784
 47 14.521803 -2.256450 14.854449 0.678957 -0.731500 -0.062651 0.045747 0.651118 3 28 0.400000 33 0.101961 34 0.498039
mnt_body.png
 47 15.091891 -2.968060 12.875781 0.704234 0.187789 -0.684682 0.052735 0.697261 1 35 1.000000
 47 15.022142 -2.423262 13.838953 0.857278 0.514758 0.009918 0.049813 0.674678 2 34 0.698039 35 0.301961
 47 15.342306 -3.150336 13.364465 0.999133 0.027465 -0.031280 0.057359 0.688663 1 35 1.000000
mnt_body.png
 47 15.091891 -2.968060 12.875781 0.704234 0.187789 -0.684682 0.052735 0.697261 1 35 1.000000
 47 15.342306 -3.150336 13.364465 0.999133 0.027465 -0.031280 0.057359 0.688663 1 35 1.000000
 47 15.040129 -3.712851 13.132614 0.631439 -0.649106 -0.424202 0.061997 0.699870 1 35 1.000000
mnt_body.png
 47 17.947994 -1.478819 16.329813 0.681653 -0.730824 0.035284 0.070451 0.782673 2 31 0.101961 32 0.898039
 47 18.293665 -0.948099 16.469995 0.952577 -0.297388 0.064472 0.072854 0.796483 1 32 1.000000
 47 18.008741 -1.014021 16.900124 0.655714 -0.397373 0.641977 0.068925 0.797421 2 31 0.101961 32 0.898039
mnt_body.png
 47 18.008741 -1.014021 16.900124 0.655714 -0.397373 0.641977 0.068925 0.797421 2 31 0.101961 32 0.898039
 47 18.293665 -0.948099 16.469995 0.952577 -0.297388 0.064472 0.072854 0.796483 1 32 1.000000
 47 18.194111 0.116999 16.992868 0.793903 0.009775 0.607966 0.070031 0.818357 2 31 0.101961 32 0.898039
mnt_body.png
 47 18.008741 -1.014021 16.900124 0.655714 -0.397373 0.641977 0.068925 0.797421 2 31 0.101961 32 0.898039
 47 17.596241 0.098673 17.393951 0.461945 0.005873 0.886889 0.063592 0.818540 2 31 0.301961 32 0.698039
 47 17.509008 -1.064415 17.241098 0.366039 -0.332862 0.869033 0.063630 0.797528 2 31 0.301961 32 0.698039
mnt_body.png
 47 18.008741 -1.014021 16.900124 0.655714 -0.397373 0.641977 0.068925 0.797421 2 31 0.101961 32 0.898039
 47 18.194111 0.116999 16.992868 0.793903 0.009775 0.607966 0.070031 0.818357 2 31 0.101961 32 0.898039
 47 17.596241 0.098673 17.393951 0.461945 0.005873 0.886889 0.063592 0.818540 2 31 0.301961 32 0.698039
mnt_body.png
 47 17.509008 -1.064415 17.241098 0.366039 -0.332862 0.869033 0.063630 0.797528 2 31 0.301961 32 0.698039
 47 16.841549 0.134760 17.600925 0.213252 -0.003916 0.976990 0.056123 0.819051 3 30 0.200000 31 0.498039 32 0.301961
 47 16.811943 -1.142695 17.379095 0.184254 -0.374170 0.908871 0.056825 0.796925 3 30 0.200000 31 0.498039 32 0.301961
mnt_body.png
 47 17.509008 -1.064415 17.241098 0.366039 -0.332862 0.869033 0.063630 0.797528 2 31 0.301961 32 0.698039
 47 17.596241 0.098673 17.393951 0.461945 0.005873 0.886889 0.063592 0.818540 2 31 0.301961 32 0.698039
 47 16.841549 0.134760 17.600925 0.213252 -0.003916 0.976990 0.056123 0.819051 3 30 0.200000 31 0.498039 32 0.301961
mnt_body.png
 47 16.811943 -1.142695 17.379095 0.184254 -0.374170 0.908871 0.056825 0.796925 3 30 0.200000 31 0.498039 32 0.301961
 47 16.841549 0.134760 17.600925 0.213252 -0.003916 0.976990 0.056123 0.819051 3 30 0.200000 31 0.498039 32 0.301961
 47 16.144264 0.141556 17.681301 0.105657 -0.003914 0.994395 0.049569 0.818982 3 28 0.050980 30 0.349020 31 0.600000
mnt_body.png
 47 15.022142 -2.423262 13.838953 0.857278 0.514758 0.009918 0.049813 0.674678 2 34 0.698039 35 0.301961
 47 14.970145 -2.848293 14.415926 0.750905 -0.066502 0.657054 0.055276 0.663027 2 34 0.698039 35 0.301961
 47 15.342306 -3.150336 13.364465 0.999133 0.027465 -0.031280 0.057359 0.688663 1 35 1.000000
mnt_body.png
 47 14.970145 -2.848293 14.415926 0.750905 -0.066502 0.657054 0.055276 0.663027 2 34 0.698039 35 0.301961
 47 15.193064 -3.387270 13.882548 0.721740 -0.508594 0.469493 0.061265 0.678592 1 35 1.000000
 47 15.342306 -3.150336 13.364465 0.999133 0.027465 -0.031280 0.057359 0.688663 1 35 1.000000
mnt_body.png
 47 15.342306 -3.150336 13.364465 0.999133 0.027465 -0.031280 0.057359 0.688663 1 35 1.000000
 47 15.193064 -3.387270 13.882548 0.721740 -0.508594 0.469493 0.061265 0.678592 1 35 1.000000
 47 15.040129 -3.712851 13.132614 0.631439 -0.649106 -0.424202 0.061997 0.699870 1 35 1.000000
mnt_body.png
 47 18.293665 -0.948099 16.469995 0.952577 -0.297388 0.064472 0.072854 0.796483 1 32 1.000000
 47 18.436340 0.083323 16.525812 0.999174 0.023456 0.033185 0.074189 0.817769 1 32 1.000000
 47 18.194111 0.116999 16.992868 0.793903 0.009775 0.607966 0.070031 0.818357 2 31 0.101961 32 0.898039
mnt_body.png
 47 18.194111 0.116999 16.992868 0.793903 0.009775 0.607966 0.070031 0.818357 2 31 0.101961 32 0.898039
 47 18.436340 0.083323 16.525812 0.999174 0.023456 0.033185 0.074189 0.817769 1 32 1.000000
 47 18.257938 1.048341 16.442831 0.939957 0.336843 0.054933 0.073159 0.838331 1 32 1.000000
mnt_body.png
 47 18.194111 0.116999 16.992868 0.793903 0.009775 0.607966 0.070031 0.818357 2 31 0.101961 32 0.898039
 47 18.257938 1.048341 16.442831 0.939957 0.336843 0.054933 0.073159 0.838331 1 32 1.000000
 47 18.004684 1.090042 16.943991 0.676675 0.391060 0.623846 0.068833 0.832822 2 31 0.101961 32 0.898039
mnt_body.png
 47 18.194111 0.116999 16.992868 0.793903 0.009775 0.607966 0.070031 0.818357 2 31 0.101961 32 0.898039
 47 18.004684 1.090042 16.943991 0.676675 0.391060 0.623846 0.068833 0.832822 2 31 0.101961 32 0.898039
 47 17.596241 0.098673 17.393951 0.461945 0.005873 0.886889 0.063592 0.818540 2 31 0.301961 32 0.698039
mnt_body.png
 47 17.596241 0.098673 17.393951 0.461945 0.005873 0.886889 0.063592 0.818540 2 31 0.301961 32 0.698039
 47 18.004684 1.090042 16.943991 0.676675 0.391060 0.623846 0.068833 0.832822 2 31 0.101961 32 0.898039
 47 17.528318 1.158528 17.223444 0.389262 0.289479 0.874458 0.063806 0.836072 2 31 0.301961 32 0.698039
mnt_body.png
 47 17.596241 0.098673 17.393951 0.461945 0.005873 0.886889 0.063592 0.818540 2 31 0.301961 32 0.698039
 47 17.528318 1.158528 17.223444 0.389262 0.289479 0.874458 0.063806 0.836072 2 31 0.301961 32 0.698039
 47 16.841549 0.134760 17.600925 0.213252 -0.003916 0.976990 0.056123 0.819051 3 30 0.200000 31 0.498039 32 0.301961
mnt_body.png
 47 16.841549 0.134760 17.600925 0.213252 -0.003916 0.976990 0.056123 0.819051 3 30 0.200000 31 0.498039 32 0.301961
 47 17.528318 1.158528 17.223444 0.389262 0.289479 0.874458 0.063806 0.836072 2 31 0.301961 32 0.698039
 47 16.840034 1.278710 17.424238 0.215510 0.352468 0.910671 0.056962 0.837911 3 30 0.200000 31 0.498039 32 0.301961
mnt_body.png
 47 16.841549 0.134760 17.600925 0.213252 -0.003916 0.976990 0.056123 0.819051 3 30 0.200000 31 0.498039 32 0.301961
 47 16.840034 1.278710 17.424238 0.215510 0.352468 0.910671 0.056962 0.837911 3 30 0.200000 31 0.498039 32 0.301961
 47 16.144264 0.141556 17.681301 0.105657 -0.003914 0.994395 0.049569 0.818982 3 28 0.050980 30 0.349020 31 0.600000
mnt_body.png
 47 16.144264 0.141556 17.681301 0.105657 -0.003914 0.994395 0.049569 0.818982 3 28 0.050980 30 0.349020 31 0.600000
 47 16.840034 1.278710 17.424238 0.215510 0.352468 0.910671 0.056962 0.837911 3 30 0.200000 31 0.498039 32 0.301961
 47 16.152271 1.372243 17.485456 0.107577 0.381635 0.918032 0.050309 0.839529 3 28 0.050980 30 0.349020 31 0.600000
mnt_body.png
 47 18.257938 1.048341 16.442831 0.939957 0.336843 0.054933 0.073159 0.838331 1 32 1.000000
 47 17.873114 1.561652 16.365126 0.700410 0.712320 0.045015 0.070192 0.851225 2 31 0.101961 32 0.898039
 47 18.004684 1.090042 16.943991 0.676675 0.391060 0.623846 0.068833 0.832822 2 31 0.101961 32 0.898039
mnt_body.png
 47 18.004684 1.090042 16.943991 0.676675 0.391060 0.623846 0.068833 0.832822 2 31 0.101961 32 0.898039
 47 17.873114 1.561652 16.365126 0.700410 0.712320 0.045015 0.070192 0.851225 2 31 0.101961 32 0.898039
 47 17.472725 1.598786 16.986774 0.466140 0.657953 0.591449 0.064080 0.844503 2 31 0.301961 32 0.698039
mnt_body.png
 47 18.004684 1.090042 16.943991 0.676675 0.391060 0.623846 0.068833 0.832822 2 31 0.101961 32 0.898039
 47 17.472725 1.598786 16.986774 0.466140 0.657953 0.591449 0.064080 0.844503 2 31 0.301961 32 0.698039
 47 17.528318 1.158528 17.223444 0.389262 0.289479 0.874458 0.063806 0.836072 2 31 0.301961 32 0.698039
mnt_body.png
 47 17.528318 1.158528 17.223444 0.389262 0.289479 0.874458 0.063806 0.836072 2 31 0.301961 32 0.698039
 47 17.472725 1.598786 16.986774 0.466140 0.657953 0.591449 0.064080 0.844503 2 31 0.301961 32 0.698039
 47 16.840034 1.278710 17.424238 0.215510 0.352468 0.910671 0.056962 0.837911 3 30 0.200000 31 0.498039 32 0.301961
mnt_body.png
 47 16.840034 1.278710 17.424238 0.215510 0.352468 0.910671 0.056962 0.837911 3 30 0.200000 31 0.498039 32 0.301961
 47 17.472725 1.598786 16.986774 0.466140 0.657953 0.591449 0.064080 0.844503 2 31 0.301961 32 0.698039
 47 16.807919 1.887762 17.004498 0.250428 0.760819 0.598699 0.057641 0.848386 3 30 0.200000 31 0.498039 32 0.301961
mnt_body.png
 47 16.840034 1.278710 17.424238 0.215510 0.352468 0.910671 0.056962 0.837911 3 30 0.200000 31 0.498039 32 0.301961
 47 16.807919 1.887762 17.004498 0.250428 0.760819 0.598699 0.057641 0.848386 3 30 0.200000 31 0.498039 32 0.301961
 47 16.152271 1.372243 17.485456 0.107577 0.381635 0.918032 0.050309 0.839529 3 28 0.050980 30 0.349020 31 0.600000
mnt_body.png
 47 16.152271 1.372243 17.485456 0.107577 0.381635 0.918032 0.050309 0.839529 3 28 0.050980 30 0.349020 31 0.600000
 47 16.807919 1.887762 17.004498 0.250428 0.760819 0.598699 0.057641 0.848386 3 30 0.200000 31 0.498039 32 0.301961
 47 16.169174 2.033899 16.989807 0.160618 0.781416 0.602986 0.051453 0.852186 3 28 0.050980 30 0.349020 31 0.600000
mnt_body.png
 47 16.152271 1.372243 17.485456 0.107577 0.381635 0.918032 0.050309 0.839529 3 28 0.050980 30 0.349020 31 0.600000
 47 16.169174 2.033899 16.989807 0.160618 0.781416 0.602986 0.051453 0.852186 3 28 0.050980 30 0.349020 31 0.600000
 47 15.547398 1.440073 17.517996 0.076302 0.387114 0.918869 0.044472 0.840703 3 28 0.231373 30 0.478431 31 0.290196
mnt_body.png
 47 17.873114 1.561652 16.365126 0.700410 0.712320 0.045015 0.070192 0.851225 2 31 0.101961 32 0.898039
 47 17.392273 1.947031 16.252169 0.475840 0.879041 -0.029371 0.066361 0.875662 2 31 0.301961 32 0.698039
 47 17.472725 1.598786 16.986774 0.466140 0.657953 0.591449 0.064080 0.844503 2 31 0.301961 32 0.698039
mnt_body.png
 47 17.472725 1.598786 16.986774 0.466140 0.657953 0.591449 0.064080 0.844503 2 31 0.301961 32 0.698039
 47 17.392273 1.947031 16.252169 0.475840 0.879041 -0.029371 0.066361 0.875662 2 31 0.301961 32 0.698039
 47 16.807919 1.887762 17.004498 0.250428 0.760819 0.598699 0.057641 0.848386 3 30 0.200000 31 0.498039 32 0.301961
mnt_body.png
 47 16.807919 1.887762 17.004498 0.250428 0.760819 0.598699 0.057641 0.848386 3 30 0.200000 31 0.498039 32 0.301961
 47 17.392273 1.947031 16.252169 0.475840 0.879041 -0.029371 0.066361 0.875662 2 31 0.301961 32 0.698039
 47 16.651775 2.243467 16.181299 0.297543 0.953138 -0.054740 0.058114 0.874449 3 30 0.200000 31 0.498039 32 0.301961
mnt_body.png
 47 16.807919 1.887762 17.004498 0.250428 0.760819 0.598699 0.057641 0.848386 3 30 0.200000 31 0.498039 32 0.301961
 47 16.651775 2.243467 16.181299 0.297543 0.953138 -0.054740 0.058114 0.874449 3 30 0.200000 31 0.498039 32 0.301961
 47 16.169174 2.033899 16.989807 0.160618 0.781416 0.602986 0.051453 0.852186 3 28 0.050980 30 0.349020 31 0.600000
mnt_body.png
 47 16.169174 2.033899 16.989807 0.160618 0.781416 0.602986 0.051453 0.852186 3 28 0.050980 30 0.349020 31 0.600000
 47 16.651775 2.243467 16.181299 0.297543 0.953138 -0.054740 0.058114 0.874449 3 30 0.200000 31 0.498039 32 0.301961
 47 15.964892 2.438799 16.095154 0.220972 0.974893 0.027466 0.050408 0.873617 3 28 0.050980 30 0.349020 31 0.600000
mnt_body.png
 47 16.169174 2.033899 16.989807 0.160618 0.781416 0.602986 0.051453 0.852186 3 28 0.050980 30 0.349020 31 0.600000
 47 15.567173 2.145585 16.992168 0.095930 0.790610 0.604758 0.045533 0.854017 3 28 0.231373 30 0.478431 31 0.290196
 47 15.547398 1.440073 17.517996 0.076302 0.387114 0.918869 0.044472 0.840703 3 28 0.231373 30 0.478431 31 0.290196
mnt_body.png
 47 16.169174 2.033899 16.989807 0.160618 0.781416 0.602986 0.051453 0.852186 3 28 0.050980 30 0.349020 31 0.600000
 47 15.964892 2.438799 16.095154 0.220972 0.974893 0.027466 0.050408 0.873617 3 28 0.050980 30 0.349020 31 0.600000
 47 15.567173 2.145585 16.992168 0.095930 0.790610 0.604758 0.045533 0.854017 3 28 0.231373 30 0.478431 31 0.290196
mnt_body.png
 47 15.547398 1.440073 17.517996 0.076302 0.387114 0.918869 0.044472 0.840703 3 28 0.231373 30 0.478431 31 0.290196
 47 15.567173 2.145585 16.992168 0.095930 0.790610 0.604758 0.045533 0.854017 3 28 0.231373 30 0.478431 31 0.290196
 47 14.999746 1.482304 17.535891 -0.027466 0.428911 0.902929 0.039139 0.841833 3 28 0.549019 30 0.349020 31 0.101961
mnt_body.png
 47 17.392273 1.947031 16.252169 0.475840 0.879041 -0.029371 0.066361 0.875662 2 31 0.301961 32 0.698039
 47 17.873114 1.561652 16.365126 0.700410 0.712320 0.045015 0.072694 0.887404 2 31 0.101961 32 0.898039
 47 17.447353 1.583724 15.577557 0.517036 0.485592 -0.704893 0.064591 0.897665 2 31 0.301961 32 0.698039
mnt_body.png
 47 17.392273 1.947031 16.252169 0.475840 0.879041 -0.029371 0.066361 0.875662 2 31 0.301961 32 0.698039
 47 16.699842 1.821844 15.379700 0.309204 0.536493 -0.785218 0.056695 0.894537 3 30 0.200000 31 0.498039 32 0.301961
 47 16.651775 2.243467 16.181299 0.297543 0.953138 -0.054740 0.058114 0.874449 3 30 0.200000 31 0.498039 32 0.301961
mnt_body.png
 47 17.392273 1.947031 16.252169 0.475840 0.879041 -0.029371 0.066361 0.875662 2 31 0.301961 32 0.698039
 47 17.447353 1.583724 15.577557 0.517036 0.485592 -0.704893 0.064591 0.897665 2 31 0.301961 32 0.698039
 47 16.699842 1.821844 15.379700 0.309204 0.536493 -0.785218 0.056695 0.894537 3 30 0.200000 31 0.498039 32 0.301961
mnt_body.png
 47 16.651775 2.243467 16.181299 0.297543 0.953138 -0.054740 0.058114 0.874449 3 30 0.200000 31 0.498039 32 0.301961
 47 15.973210 1.944558 15.248075 0.197427 0.585103 -0.786560 0.049195 0.892660 3 28 0.050980 30 0.349020 31 0.600000
 47 15.964892 2.438799 16.095154 0.220972 0.974893 0.027466 0.050408 0.873617 3 28 0.050980 30 0.349020 31 0.600000
mnt_body.png
 47 16.651775 2.243467 16.181299 0.297543 0.953138 -0.054740 0.058114 0.874449 3 30 0.200000 31 0.498039 32 0.301961
 47 16.699842 1.821844 15.379700 0.309204 0.536493 -0.785218 0.056695 0.894537 3 30 0.200000 31 0.498039 32 0.301961
 47 15.973210 1.944558 15.248075 0.197427 0.585103 -0.786560 0.049195 0.892660 3 28 0.050980 30 0.349020 31 0.600000
mnt_body.png
 47 15.964892 2.438799 16.095154 0.220972 0.974893 0.027466 0.050408 0.873617 3 28 0.050980 30 0.349020 31 0.600000
 47 15.973210 1.944558 15.248075 0.197427 0.585103 -0.786560 0.049195 0.892660 3 28 0.050980 30 0.349020 31 0.600000
 47 15.185991 2.576677 16.014730 0.109669 0.989529 -0.093839 0.042016 0.872808 3 28 0.349020 30 0.501961 31 0.149020
mnt_body.png
 47 15.964892 2.438799 16.095154 0.220972 0.974893 0.027466 0.050408 0.873617 3 28 0.050980 30 0.349020 31 0.600000
 47 15.185991 2.576677 16.014730 0.109669 0.989529 -0.093839 0.042016 0.872808 3 28 0.349020 30 0.501961 31 0.149020
 47 15.567173 2.145585 16.992168 0.095930 0.790610 0.604758 0.045533 0.854017 3 28 0.231373 30 0.478431 31 0.290196
mnt_body.png
 47 15.567173 2.145585 16.992168 0.095930 0.790610 0.604758 0.045533 0.854017 3 28 0.231373 30 0.478431 31 0.290196
 47 15.185991 2.576677 16.014730 0.109669 0.989529 -0.093839 0.042016 0.872808 3 28 0.349020 30 0.501961 31 0.149020
 47 15.022399 2.179406 16.979895 -0.013637 0.823440 0.567239 0.040185 0.855016 3 28 0.549019 30 0.349020 31 0.101961
mnt_body.png
 47 15.567173 2.145585 16.992168 0.095930 0.790610 0.604758 0.045533 0.854017 3 28 0.231373 30 0.478431 31 0.290196
 47 15.022399 2.179406 16.979895 -0.013637 0.823440 0.567239 0.040185 0.855016 3 28 0.549019 30 0.349020 31 0.101961
 47 14.999746 1.482304 17.535891 -0.027466 0.428911 0.902929 0.039139 0.841833 3 28 0.549019 30 0.349020 31 0.101961
mnt_body.png
 47 14.999746 1.482304 17.535891 -0.027466 0.428911 0.902929 0.039139 0.841833 3 28 0.549019 30 0.349020 31 0.101961
 47 15.022399 2.179406 16.979895 -0.013637 0.823440 0.567239 0.040185 0.855016 3 28 0.549019 30 0.349020 31 0.101961
 47 14.043802 2.105442 16.967579 -0.148776 0.767053 0.624095 0.030632 0.854162 2 28 0.650980 30 0.349020
mnt_body.png
 47 17.873114 1.561652 16.365126 0.700410 0.712320 0.045015 0.072694 0.887404 2 31 0.101961 32 0.898039
 47 18.022474 1.265635 15.944868 0.753595 0.371826 -0.542070 0.072526 0.903006 2 31 0.101961 32 0.898039
 47 17.447353 1.583724 15.577557 0.517036 0.485592 -0.704893 0.064591 0.897665 2 31 0.301961 32 0.698039
mnt_body.png
 47 17.873114 1.561652 16.365126 0.700410 0.712320 0.045015 0.072694 0.887404 2 31 0.101961 32 0.898039
 47 18.257938 1.048341 16.442831 0.939957 0.336843 0.054933 0.078363 0.903471 1 32 1.000000
 47 18.022474 1.265635 15.944868 0.753595 0.371826 -0.542070 0.072526 0.903006 2 31 0.101961 32 0.898039
mnt_body.png
 47 17.447353 1.583724 15.577557 0.517036 0.485592 -0.704893 0.064591 0.897665 2 31 0.301961 32 0.698039
 47 18.022474 1.265635 15.944868 0.753595 0.371826 -0.542070 0.072526 0.903006 2 31 0.101961 32 0.898039
 47 17.496864 0.092006 15.421404 0.461982 0.023485 -0.886578 0.065286 0.927092 2 31 0.301961 32 0.698039
mnt_body.png
 47 17.447353 1.583724 15.577557 0.517036 0.485592 -0.704893 0.064591 0.897665 2 31 0.301961 32 0.698039
 47 16.742176 0.130070 15.199961 0.252565 0.025460 -0.967245 0.057191 0.927016 3 30 0.200000 31 0.498039 32 0.301961
 47 16.699842 1.821844 15.379700 0.309204 0.536493 -0.785218 0.056695 0.894537 3 30 0.200000 31 0.498039 32 0.301961
mnt_body.png
 47 17.447353 1.583724 15.577557 0.517036 0.485592 -0.704893 0.064591 0.897665 2 31 0.301961 32 0.698039
 47 17.496864 0.092006 15.421404 0.461982 0.023485 -0.886578 0.065286 0.927092 2 31 0.301961 32 0.698039
 47 16.742176 0.130070 15.199961 0.252565 0.025460 -0.967245 0.057191 0.927016 3 30 0.200000 31 0.498039 32 0.301961
mnt_body.png
 47 16.699842 1.821844 15.379700 0.309204 0.536493 -0.785218 0.056695 0.894537 3 30 0.200000 31 0.498039 32 0.301961
 47 15.974884 0.153295 15.053238 0.162410 0.029352 -0.986287 0.049264 0.927588 3 28 0.050980 30 0.349020 31 0.600000
 47 15.973210 1.944558 15.248075 0.197427 0.585103 -0.786560 0.049195 0.892660 3 28 0.050980 30 0.349020 31 0.600000
mnt_body.png
 47 16.699842 1.821844 15.379700 0.309204 0.536493 -0.785218 0.056695 0.894537 3 30 0.200000 31 0.498039 32 0.301961
 47 16.742176 0.130070 15.199961 0.252565 0.025460 -0.967245 0.057191 0.927016 3 30 0.200000 31 0.498039 32 0.301961
 47 15.974884 0.153295 15.053238 0.162410 0.029352 -0.986287 0.049264 0.927588 3 28 0.050980 30 0.349020 31 0.600000
mnt_body.png
 47 15.973210 1.944558 15.248075 0.197427 0.585103 -0.786560 0.049195 0.892660 3 28 0.050980 30 0.349020 31 0.600000
 47 15.101387 0.161283 14.960213 0.187691 0.041062 -0.981370 0.040414 0.928748 3 28 0.349020 30 0.501961 31 0.149020
 47 15.147546 1.985720 15.156454 0.148586 0.506783 -0.849172 0.040864 0.891905 3 28 0.349020 30 0.501961 31 0.149020
mnt_body.png
 47 15.973210 1.944558 15.248075 0.197427 0.585103 -0.786560 0.049195 0.892660 3 28 0.050980 30 0.349020 31 0.600000
 47 15.974884 0.153295 15.053238 0.162410 0.029352 -0.986287 0.049264 0.927588 3 28 0.050980 30 0.349020 31 0.600000
 47 15.101387 0.161283 14.960213 0.187691 0.041062 -0.981370 0.040414 0.928748 3 28 0.349020 30 0.501961 31 0.149020
mnt_body.png
 47 15.973210 1.944558 15.248075 0.197427 0.585103 -0.786560 0.049195 0.892660 3 28 0.050980 30 0.349020 31 0.600000
 47 15.147546 1.985720 15.156454 0.148586 0.506783 -0.849172 0.040864 0.891905 3 28 0.349020 30 0.501961 31 0.149020
 47 15.185991 2.576677 16.014730 0.109669 0.989529 -0.093839 0.042016 0.872808 3 28 0.349020 30 0.501961 31 0.149020
mnt_body.png
 47 15.185991 2.576677 16.014730 0.109669 0.989529 -0.093839 0.042016 0.872808 3 28 0.349020 30 0.501961 31 0.149020
 47 14.208694 2.622842 15.894873 -0.003815 0.995767 -0.091840 0.032662 0.873594 2 28 0.898039 30 0.101961
 47 15.022399 2.179406 16.979895 -0.013637 0.823440 0.567239 0.040185 0.855016 3 28 0.549019 30 0.349020 31 0.101961
mnt_body.png
 47 15.185991 2.576677 16.014730 0.109669 0.989529 -0.093839 0.042016 0.872808 3 28 0.349020 30 0.501961 31 0.149020
 47 15.147546 1.985720 15.156454 0.148586 0.506783 -0.849172 0.040864 0.891905 3 28 0.349020 30 0.501961 31 0.149020
 47 14.208694 2.622842 15.894873 -0.003815 0.995767 -0.091840 0.032662 0.873594 2 28 0.898039 30 0.101961
mnt_body.png
 47 15.022399 2.179406 16.979895 -0.013637 0.823440 0.567239 0.040185 0.855016 3 28 0.549019 30 0.349020 31 0.101961
 47 14.208694 2.622842 15.894873 -0.003815 0.995767 -0.091840 0.032662 0.873594 2 28 0.898039 30 0.101961
 47 14.043802 2.105442 16.967579 -0.148776 0.767053 0.624095 0.030632 0.854162 2 28 0.650980 30 0.349020
mnt_body.png
 47 14.043802 2.105442 16.967579 -0.148776 0.767053 0.624095 0.030632 0.854162 2 28 0.650980 30 0.349020
 47 13.268044 2.504656 15.707819 -0.182058 0.980766 -0.070382 0.023697 0.875937 1 28 1.000000
 47 12.405239 1.622713 16.924700 -0.342366 0.676960 0.651545 0.013970 0.850698 2 27 0.101961 28 0.898039
mnt_body.png
 47 14.043802 2.105442 16.967579 -0.148776 0.767053 0.624095 0.030632 0.854162 2 28 0.650980 30 0.349020
 47 14.208694 2.622842 15.894873 -0.003815 0.995767 -0.091840 0.032662 0.873594 2 28 0.898039 30 0.101961
 47 13.268044 2.504656 15.707819 -0.182058 0.980766 -0.070382 0.023697 0.875937 1 28 1.000000
mnt_body.png
 47 18.022474 1.265635 15.944868 0.753595 0.371826 -0.542070 0.072526 0.903006 2 31 0.101961 32 0.898039
 47 18.134640 0.091121 15.822759 0.824407 0.019580 -0.565659 0.073083 0.925650 2 31 0.101961 32 0.898039
 47 17.496864 0.092006 15.421404 0.461982 0.023485 -0.886578 0.065286 0.927092 2 31 0.301961 32 0.698039
mnt_body.png
 47 18.022474 1.265635 15.944868 0.753595 0.371826 -0.542070 0.072526 0.903006 2 31 0.101961 32 0.898039
 47 18.257938 1.048341 16.442831 0.939957 0.336843 0.054933 0.078363 0.903471 1 32 1.000000
 47 18.134640 0.091121 15.822759 0.824407 0.019580 -0.565659 0.073083 0.925650 2 31 0.101961 32 0.898039
mnt_body.png
 47 18.257938 1.048341 16.442831 0.939957 0.336843 0.054933 0.078363 0.903471 1 32 1.000000
 47 18.436340 0.083323 16.525812 0.999174 0.023456 0.033185 0.081529 0.925223 1 32 1.000000
 47 18.134640 0.091121 15.822759 0.824407 0.019580 -0.565659 0.073083 0.925650 2 31 0.101961 32 0.898039
mnt_body.png
 47 17.496864 0.092006 15.421404 0.461982 0.023485 -0.886578 0.065286 0.927092 2 31 0.301961 32 0.698039
 47 18.008659 -1.132151 15.854301 0.744330 -0.305711 -0.593728 0.072992 0.950324 2 31 0.101961 32 0.898039
 47 17.399857 -1.455848 15.490975 0.485450 -0.465851 -0.739811 0.065270 0.957527 2 31 0.301961 32 0.698039
mnt_body.png
 47 17.496864 0.092006 15.421404 0.461982 0.023485 -0.886578 0.065286 0.927092 2 31 0.301961 32 0.698039
 47 18.134640 0.091121 15.822759 0.824407 0.019580 -0.565659 0.073083 0.925650 2 31 0.101961 32 0.898039
 47 18.008659 -1.132151 15.854301 0.744330 -0.305711 -0.593728 0.072992 0.950324 2 31 0.101961 32 0.898039
mnt_body.png
 47 17.496864 0.092006 15.421404 0.461982 0.023485 -0.886578 0.065286 0.927092 2 31 0.301961 32 0.698039
 47 17.399857 -1.455848 15.490975 0.485450 -0.465851 -0.739811 0.065270 0.957527 2 31 0.301961 32 0.698039
 47 16.742176 0.130070 15.199961 0.252565 0.025460 -0.967245 0.057191 0.927016 3 30 0.200000 31 0.498039 32 0.301961
mnt_body.png
 47 16.742176 0.130070 15.199961 0.252565 0.025460 -0.967245 0.057191 0.927016 3 30 0.200000 31 0.498039 32 0.301961
 47 17.399857 -1.455848 15.490975 0.485450 -0.465851 -0.739811 0.065270 0.957527 2 31 0.301961 32 0.698039
 47 16.648949 -1.672224 15.280195 0.307280 -0.593244 -0.744070 0.057420 0.963386 3 30 0.200000 31 0.498039 32 0.301961
mnt_body.png
 47 16.742176 0.130070 15.199961 0.252565 0.025460 -0.967245 0.057191 0.927016 3 30 0.200000 31 0.498039 32 0.301961
 47 16.648949 -1.672224 15.280195 0.307280 -0.593244 -0.744070 0.057420 0.963386 3 30 0.200000 31 0.498039 32 0.301961
 47 15.974884 0.153295 15.053238 0.162410 0.029352 -0.986287 0.049264 0.927588 3 28 0.050980 30 0.349020 31 0.600000
mnt_body.png
 47 15.974884 0.153295 15.053238 0.162410 0.029352 -0.986287 0.049264 0.927588 3 28 0.050980 30 0.349020 31 0.600000
 47 15.903088 -1.832189 15.141081 0.207324 -0.545824 -0.811845 0.049958 0.968872 4 28 0.050980 30 0.250980 31 0.596079 33 0.101961
 47 15.101387 0.161283 14.960213 0.187691 0.041062 -0.981370 0.040414 0.928748 3 28 0.349020 30 0.501961 31 0.149020
mnt_body.png
 47 15.974884 0.153295 15.053238 0.162410 0.029352 -0.986287 0.049264 0.927588 3 28 0.050980 30 0.349020 31 0.600000
 47 16.648949 -1.672224 15.280195 0.307280 -0.593244 -0.744070 0.057420 0.963386 3 30 0.200000 31 0.498039 32 0.301961
 47 15.903088 -1.832189 15.141081 0.207324 -0.545824 -0.811845 0.049958 0.968872 4 28 0.050980 30 0.250980 31 0.596079 33 0.101961
mnt_body.png
 47 15.147546 1.985720 15.156454 0.148586 0.506783 -0.849172 0.040864 0.891905 3 28 0.349020 30 0.501961 31 0.149020
 47 14.444393 2.014823 15.027590 0.176149 0.528757 -0.830294 0.033822 0.891531 2 28 0.898039 30 0.101961
 47 14.208694 2.622842 15.894873 -0.003815 0.995767 -0.091840 0.032662 0.873594 2 28 0.898039 30 0.101961
mnt_body.png
 47 15.147546 1.985720 15.156454 0.148586 0.506783 -0.849172 0.040864 0.891905 3 28 0.349020 30 0.501961 31 0.149020
 47 14.568962 0.244759 14.875555 0.236604 0.103643 -0.966062 0.034676 0.926513 2 28 0.898039 30 0.101961
 47 14.444393 2.014823 15.027590 0.176149 0.528757 -0.830294 0.033822 0.891531 2 28 0.898039 30 0.101961
mnt_body.png
 47 15.147546 1.985720 15.156454 0.148586 0.506783 -0.849172 0.040864 0.891905 3 28 0.349020 30 0.501961 31 0.149020
 47 15.101387 0.161283 14.960213 0.187691 0.041062 -0.981370 0.040414 0.928748 3 28 0.349020 30 0.501961 31 0.149020
 47 14.568962 0.244759 14.875555 0.236604 0.103643 -0.966062 0.034676 0.926513 2 28 0.898039 30 0.101961
mnt_body.png
 47 14.208694 2.622842 15.894873 -0.003815 0.995767 -0.091840 0.032662 0.873594 2 28 0.898039 30 0.101961
 47 14.444393 2.014823 15.027590 0.176149 0.528757 -0.830294 0.033822 0.891531 2 28 0.898039 30 0.101961
 47 13.268044 2.504656 15.707819 -0.182058 0.980766 -0.070382 0.023697 0.875937 1 28 1.000000
mnt_body.png
 47 13.268044 2.504656 15.707819 -0.182058 0.980766 -0.070382 0.023697 0.875937 1 28 1.000000
 47 14.444393 2.014823 15.027590 0.176149 0.528757 -0.830294 0.033822 0.891531 2 28 0.898039 30 0.101961
 47 13.473490 1.946337 14.782492 -0.039100 0.628242 -0.777035 0.024155 0.893187 1 28 1.000000
mnt_body.png
 47 13.268044 2.504656 15.707819 -0.182058 0.980766 -0.070382 0.023697 0.875937 1 28 1.000000
 47 13.473490 1.946337 14.782492 -0.039100 0.628242 -0.777035 0.024155 0.893187 1 28 1.000000
 47 12.252404 2.158919 15.689381 -0.379756 0.912078 -0.154592 0.013573 0.875212 2 27 0.101961 28 0.898039
mnt_body.png
 47 13.268044 2.504656 15.707819 -0.182058 0.980766 -0.070382 0.023697 0.875937 1 28 1.000000
 47 12.252404 2.158919 15.689381 -0.379756 0.912078 -0.154592 0.013573 0.875212 2 27 0.101961 28 0.898039
 47 12.405239 1.622713 16.924700 -0.342366 0.676960 0.651545 0.013970 0.850698 2 27 0.101961 28 0.898039
mnt_body.png
 47 12.405239 1.622713 16.924700 -0.342366 0.676960 0.651545 0.013970 0.850698 2 27 0.101961 28 0.898039
 47 12.252404 2.158919 15.689381 -0.379756 0.912078 -0.154592 0.013573 0.875212 2 27 0.101961 28 0.898039
 47 11.295837 1.601535 15.770462 -0.402830 0.914974 -0.023460 0.003235 0.872023 2 27 0.698039 28 0.301961
mnt_body.png
 47 18.134640 0.091121 15.822759 0.824407 0.019580 -0.565659 0.073083 0.925650 2 31 0.101961 32 0.898039
 47 18.436340 0.083323 16.525812 0.999174 0.023456 0.033185 0.081529 0.925223 1 32 1.000000
 47 18.293665 -0.948099 16.469995 0.952577 -0.297388 0.064472 0.080095 0.948409 1 32 1.000000
mnt_body.png
 47 18.134640 0.091121 15.822759 0.824407 0.019580 -0.565659 0.073083 0.925650 2 31 0.101961 32 0.898039
 47 18.293665 -0.948099 16.469995 0.952577 -0.297388 0.064472 0.080095 0.948409 1 32 1.000000
 47 18.008659 -1.132151 15.854301 0.744330 -0.305711 -0.593728 0.072992 0.950324 2 31 0.101961 32 0.898039
mnt_body.png
 47 18.008659 -1.132151 15.854301 0.744330 -0.305711 -0.593728 0.072992 0.950324 2 31 0.101961 32 0.898039
 47 17.947994 -1.478819 16.329813 0.681653 -0.730824 0.035284 0.075326 0.963493 2 31 0.101961 32 0.898039
 47 17.399857 -1.455848 15.490975 0.485450 -0.465851 -0.739811 0.065270 0.957527 2 31 0.301961 32 0.698039
mnt_body.png
 47 18.008659 -1.132151 15.854301 0.744330 -0.305711 -0.593728 0.072992 0.950324 2 31 0.101961 32 0.898039
 47 18.293665 -0.948099 16.469995 0.952577 -0.297388 0.064472 0.080095 0.948409 1 32 1.000000
 47 17.947994 -1.478819 16.329813 0.681653 -0.730824 0.035284 0.075326 0.963493 2 31 0.101961 32 0.898039
mnt_body.png
 47 17.399857 -1.455848 15.490975 0.485450 -0.465851 -0.739811 0.065270 0.957527 2 31 0.301961 32 0.698039
 47 17.947994 -1.478819 16.329813 0.681653 -0.730824 0.035284 0.075326 0.963493 2 31 0.101961 32 0.898039
 47 17.367544 -1.830836 16.241531 0.410654 -0.911622 -0.017548 0.069223 0.974014 2 31 0.301961 32 0.698039
mnt_body.png
 47 17.399857 -1.455848 15.490975 0.485450 -0.465851 -0.739811 0.065270 0.957527 2 31 0.301961 32 0.698039
 47 17.367544 -1.830836 16.241531 0.410654 -0.911622 -0.017548 0.069223 0.974014 2 31 0.301961 32 0.698039
 47 16.648949 -1.672224 15.280195 0.307280 -0.593244 -0.744070 0.057420 0.963386 3 30 0.200000 31 0.498039 32 0.301961
mnt_body.png
 47 16.648949 -1.672224 15.280195 0.307280 -0.593244 -0.744070 0.057420 0.963386 3 30 0.200000 31 0.498039 32 0.301961
 47 17.367544 -1.830836 16.241531 0.410654 -0.911622 -0.017548 0.069223 0.974014 2 31 0.301961 32 0.698039
 47 16.620193 -2.095789 16.170860 0.262254 -0.963091 0.060652 0.062211 0.982200 3 30 0.200000 31 0.498039 32 0.301961
mnt_body.png
 47 16.648949 -1.672224 15.280195 0.307280 -0.593244 -0.744070 0.057420 0.963386 3 30 0.200000 31 0.498039 32 0.301961
 47 15.894502 -2.265652 16.093903 0.207328 -0.978202 -0.011635 0.055268 0.988701 3 28 0.050980 30 0.349020 31 0.600000
 47 15.903088 -1.832189 15.141081 0.207324 -0.545824 -0.811845 0.049958 0.968872 4 28 0.050980 30 0.250980 31 0.596079 33 0.101961
mnt_body.png
 47 16.648949 -1.672224 15.280195 0.307280 -0.593244 -0.744070 0.057420 0.963386 3 30 0.200000 31 0.498039 32 0.301961
 47 16.620193 -2.095789 16.170860 0.262254 -0.963091 0.060652 0.062211 0.982200 3 30 0.200000 31 0.498039 32 0.301961
 47 15.894502 -2.265652 16.093903 0.207328 -0.978202 -0.011635 0.055268 0.988701 3 28 0.050980 30 0.349020 31 0.600000
mnt_body.png
 47 14.444393 2.014823 15.027590 0.176149 0.528757 -0.830294 0.033822 0.891531 2 28 0.898039 30 0.101961
 47 14.568962 0.244759 14.875555 0.236604 0.103643 -0.966062 0.034676 0.926513 2 28 0.898039 30 0.101961
 47 13.553346 0.317461 14.532540 0.309467 0.321197 -0.895021 0.023339 0.924132 1 28 1.000000
mnt_body.png
 47 14.444393 2.014823 15.027590 0.176149 0.528757 -0.830294 0.033822 0.891531 2 28 0.898039 30 0.101961
 47 13.553346 0.317461 14.532540 0.309467 0.321197 -0.895021 0.023339 0.924132 1 28 1.000000
 47 13.473490 1.946337 14.782492 -0.039100 0.628242 -0.777035 0.024155 0.893187 1 28 1.000000
mnt_body.png
 47 14.568962 0.244759 14.875555 0.236604 0.103643 -0.966062 0.034676 0.926513 2 28 0.898039 30 0.101961
 47 15.101387 0.161283 14.960213 0.187691 0.041062 -0.981370 0.040414 0.928748 3 28 0.349020 30 0.501961 31 0.149020
 47 14.541283 -1.218454 14.704182 0.685051 0.133078 -0.716237 0.034440 0.958000 3 28 0.537255 30 0.101961 33 0.360784
mnt_body.png
 47 14.568962 0.244759 14.875555 0.236604 0.103643 -0.966062 0.034676 0.926513 2 28 0.898039 30 0.101961
 47 14.541283 -1.218454 14.704182 0.685051 0.133078 -0.716237 0.034440 0.958000 3 28 0.537255 30 0.101961 33 0.360784
 47 13.553346 0.317461 14.532540 0.309467 0.321197 -0.895021 0.023339 0.924132 1 28 1.000000
mnt_body.png
 47 13.473490 1.946337 14.782492 -0.039100 0.628242 -0.777035 0.024155 0.893187 1 28 1.000000
 47 12.409985 1.643692 14.728316 -0.242624 0.542207 -0.804453 0.014275 0.894087 2 27 0.101961 28 0.898039
 47 12.252404 2.158919 15.689381 -0.379756 0.912078 -0.154592 0.013573 0.875212 2 27 0.101961 28 0.898039
mnt_body.png
 47 13.473490 1.946337 14.782492 -0.039100 0.628242 -0.777035 0.024155 0.893187 1 28 1.000000
 47 13.553346 0.317461 14.532540 0.309467 0.321197 -0.895021 0.023339 0.924132 1 28 1.000000
 47 12.409985 1.643692 14.728316 -0.242624 0.542207 -0.804453 0.014275 0.894087 2 27 0.101961 28 0.898039
mnt_body.png
 47 12.252404 2.158919 15.689381 -0.379756 0.912078 -0.154592 0.013573 0.875212 2 27 0.101961 28 0.898039
 47 12.409985 1.643692 14.728316 -0.242624 0.542207 -0.804453 0.014275 0.894087 2 27 0.101961 28 0.898039
 47 11.295837 1.601535 15.770462 -0.402830 0.914974 -0.023460 0.003235 0.872023 2 27 0.698039 28 0.301961
mnt_body.png
 47 11.295837 1.601535 15.770462 -0.402830 0.914974 -0.023460 0.003235 0.872023 2 27 0.698039 28 0.301961
 47 12.409985 1.643692 14.728316 -0.242624 0.542207 -0.804453 0.014275 0.894087 2 27 0.101961 28 0.898039
 47 11.359617 1.132330 14.911640 -0.242816 0.561822 -0.790821 0.003334 0.894804 2 27 0.698039 28 0.301961
mnt_body.png
 47 15.894502 -2.265652 16.093903 0.207328 -0.978202 -0.011635 0.055268 0.988701 3 28 0.050980 30 0.349020 31 0.600000
 47 15.069939 -2.411858 16.024923 0.199424 -0.979713 -0.019837 0.047005 0.996391 4 28 0.301961 30 0.494117 31 0.101961 33 0.101961
 47 15.903088 -1.832189 15.141081 0.207324 -0.545824 -0.811845 0.049958 0.968872 4 28 0.050980 30 0.250980 31 0.596079 33 0.101961
mnt_body.png
 47 13.553346 0.317461 14.532540 0.309467 0.321197 -0.895021 0.023339 0.924132 1 28 1.000000
 47 12.481236 0.347216 14.446081 -0.144594 0.391010 -0.908957 0.013191 0.918166 2 27 0.101961 28 0.898039
 47 12.409985 1.643692 14.728316 -0.242624 0.542207 -0.804453 0.014275 0.894087 2 27 0.101961 28 0.898039
mnt_body.png
 47 15.101387 0.161283 14.960213 0.187691 0.041062 -0.981370 0.040414 0.928748 3 28 0.349020 30 0.501961 31 0.149020
 47 15.054800 -1.976019 15.049679 0.402829 -0.434157 -0.805753 0.041558 0.974945 3 28 0.349020 30 0.501961 31 0.149020
 47 14.541283 -1.218454 14.704182 0.685051 0.133078 -0.716237 0.034440 0.958000 3 28 0.537255 30 0.101961 33 0.360784
mnt_body.png
 47 15.101387 0.161283 14.960213 0.187691 0.041062 -0.981370 0.040414 0.928748 3 28 0.349020 30 0.501961 31 0.149020
 47 15.903088 -1.832189 15.141081 0.207324 -0.545824 -0.811845 0.049958 0.968872 4 28 0.050980 30 0.250980 31 0.596079 33 0.101961
 47 15.054800 -1.976019 15.049679 0.402829 -0.434157 -0.805753 0.041558 0.974945 3 28 0.349020 30 0.501961 31 0.149020
mnt_body.png
 47 14.541283 -1.218454 14.704182 0.685051 0.133078 -0.716237 0.034440 0.958000 3 28 0.537255 30 0.101961 33 0.360784
 47 15.054800 -1.976019 15.049679 0.402829 -0.434157 -0.805753 0.041558 0.974945 3 28 0.349020 30 0.501961 31 0.149020
 47 14.521803 -2.256450 14.854449 0.678957 -0.731500 -0.062651 0.035416 0.980354 3 28 0.400000 33 0.101961 34 0.498039
mnt_body.png
 47 12.409985 1.643692 14.728316 -0.242624 0.542207 -0.804453 0.014275 0.894087 2 27 0.101961 28 0.898039
 47 12.481236 0.347216 14.446081 -0.144594 0.391010 -0.908957 0.013191 0.918166 2 27 0.101961 28 0.898039
 47 11.359617 1.132330 14.911640 -0.242816 0.561822 -0.790821 0.003334 0.894804 2 27 0.698039 28 0.301961
mnt_body.png
 47 11.359617 1.132330 14.911640 -0.242816 0.561822 -0.790821 0.003334 0.894804 2 27 0.698039 28 0.301961
 47 12.481236 0.347216 14.446081 -0.144594 0.391010 -0.908957 0.013191 0.918166 2 27 0.101961 28 0.898039
 47 11.360504 -0.072266 14.684740 -0.321233 0.144907 -0.935848 0.003334 0.922522 2 27 0.698039 28 0.301961
mnt_body.png
 47 15.069939 -2.411858 16.024923 0.199424 -0.979713 -0.019837 0.047005 0.996391 4 28 0.301961 30 0.494117 31 0.101961 33 0.101961
 47 14.521803 -2.256450 14.854449 0.678957 -0.731500 -0.062651 0.035416 0.980354 3 28 0.400000 33 0.101961 34 0.498039
 47 15.054800 -1.976019 15.049679 0.402829 -0.434157 -0.805753 0.041558 0.974945 3 28 0.349020 30 0.501961 31 0.149020
mnt_body.png
 47 15.069939 -2.411858 16.024923 0.199424 -0.979713 -0.019837 0.047005 0.996391 4 28 0.301961 30 0.494117 31 0.101961 33 0.101961
 47 15.054800 -1.976019 15.049679 0.402829 -0.434157 -0.805753 0.041558 0.974945 3 28 0.349020 30 0.501961 31 0.149020
 47 15.903088 -1.832189 15.141081 0.207324 -0.545824 -0.811845 0.049958 0.968872 4 28 0.050980 30 0.250980 31 0.596079 33 0.101961
mnt_body.png
 47 2.512446 -0.057649 6.152968 -0.900530 0.009788 -0.434684 0.113161 0.837011 2 4 0.498039 8 0.501961
 47 0.000000 0.000908 5.789567 0.000000 -0.015687 -0.999877 0.086984 0.836355 1 4 1.000000
 47 2.826313 0.934401 6.408888 0.045013 0.657827 -0.751823 0.116831 0.815953 2 4 0.498039 8 0.501961
mnt_body.png
 47 2.512446 -0.057649 6.152968 -0.900530 0.009788 -0.434684 0.113161 0.837011 2 4 0.498039 8 0.501961
 47 2.792178 -1.012287 6.456502 0.027418 -0.712688 -0.700946 0.116747 0.857374 2 4 0.498039 8 0.501961
 47 0.000000 0.000908 5.789567 0.000000 -0.015687 -0.999877 0.086984 0.836355 1 4 1.000000
mnt_body.png
 47 0.000000 0.000908 5.789567 0.000000 -0.015687 -0.999877 0.086984 0.836355 1 4 1.000000
 47 0.000000 4.460315 7.217696 0.000000 0.546087 -0.837728 0.086984 0.740139 1 4 1.000000
 47 2.826313 0.934401 6.408888 0.045013 0.657827 -0.751823 0.116831 0.815953 2 4 0.498039 8 0.501961
mnt_body.png
 47 0.000000 0.000908 5.789567 0.000000 -0.015687 -0.999877 0.086984 0.836355 1 4 1.000000
 47 2.792178 -1.012287 6.456502 0.027418 -0.712688 -0.700946 0.116747 0.857374 2 4 0.498039 8 0.501961
 47 0.000000 -4.460281 7.217696 0.000000 -0.546087 -0.837728 0.086984 0.931739 1 4 1.000000
mnt_body.png
 47 2.826313 0.934401 6.408888 0.045013 0.657827 -0.751823 0.116831 0.815953 2 4 0.498039 8 0.501961
 47 2.723695 3.393690 7.212433 0.462144 0.603142 -0.650110 0.114084 0.762028 1 4 1.000000
 47 3.900287 0.807053 6.975898 0.760610 0.518178 -0.391106 0.129068 0.809956 2 4 0.498039 8 0.501961
mnt_body.png
 47 2.826313 0.934401 6.408888 0.045013 0.657827 -0.751823 0.116831 0.815953 2 4 0.498039 8 0.501961
 47 0.000000 4.460315 7.217696 0.000000 0.546087 -0.837728 0.086984 0.740139 1 4 1.000000
 47 2.723695 3.393690 7.212433 0.462144 0.603142 -0.650110 0.114084 0.762028 1 4 1.000000
mnt_body.png
 47 2.792178 -1.012287 6.456502 0.027418 -0.712688 -0.700946 0.116747 0.857374 2 4 0.498039 8 0.501961
 47 2.756894 -3.496325 7.302656 0.464178 -0.599290 -0.652219 0.114923 0.912589 1 4 1.000000
 47 0.000000 -4.460281 7.217696 0.000000 -0.546087 -0.837728 0.086984 0.931739 1 4 1.000000
mnt_body.png
 47 2.792178 -1.012287 6.456502 0.027418 -0.712688 -0.700946 0.116747 0.857374 2 4 0.498039 8 0.501961
 47 3.949919 -0.797252 7.070719 0.780800 -0.514682 -0.354196 0.130137 0.862753 2 4 0.498039 8 0.501961
 47 2.756894 -3.496325 7.302656 0.464178 -0.599290 -0.652219 0.114923 0.912589 1 4 1.000000
mnt_body.png
 47 0.000000 4.460315 7.217696 0.000000 0.546087 -0.837728 0.086984 0.740139 1 4 1.000000
 47 0.000000 5.913764 10.489618 0.000000 0.986705 -0.162520 0.086984 0.674548 3 4 0.498039 19 0.400000 20 0.101961
 47 2.723695 3.393690 7.212433 0.462144 0.603142 -0.650110 0.114084 0.762028 1 4 1.000000
mnt_body.png
 47 0.000000 -4.460281 7.217696 0.000000 -0.546087 -0.837728 0.086984 0.931739 1 4 1.000000
 47 2.756894 -3.496325 7.302656 0.464178 -0.599290 -0.652219 0.114923 0.912589 1 4 1.000000
 47 0.000000 -5.975196 10.489615 0.000000 -0.985057 -0.172227 0.086984 0.994293 3 4 0.498039 19 0.400000 20 0.101961
mnt_body.png
 47 2.723695 3.393690 7.212433 0.462144 0.603142 -0.650110 0.114084 0.762028 1 4 1.000000
 47 0.000000 5.913764 10.489618 0.000000 0.986705 -0.162520 0.086984 0.674548 3 4 0.498039 19 0.400000 20 0.101961
 47 3.936819 4.307954 10.489618 0.773144 0.614595 -0.156593 0.132395 0.701892 3 4 0.498039 19 0.400000 20 0.101961
mnt_body.png
 47 2.723695 3.393690 7.212433 0.462144 0.603142 -0.650110 0.114084 0.762028 1 4 1.000000
 47 3.936819 4.307954 10.489618 0.773144 0.614595 -0.156593 0.132395 0.701892 3 4 0.498039 19 0.400000 20 0.101961
 47 3.900287 0.807053 6.975898 0.760610 0.518178 -0.391106 0.129068 0.809956 2 4 0.498039 8 0.501961
mnt_body.png
 47 3.900287 0.807053 6.975898 0.760610 0.518178 -0.391106 0.129068 0.809956 2 4 0.498039 8 0.501961
 47 5.791655 -0.002060 10.506815 0.968991 0.013703 -0.246718 0.165988 0.770825 3 4 0.498039 19 0.400000 20 0.101961
 47 4.261220 0.003288 7.110582 0.992412 0.029363 -0.119402 0.136835 0.819188 2 4 0.498039 8 0.501961
mnt_body.png
 47 3.900287 0.807053 6.975898 0.760610 0.518178 -0.391106 0.129068 0.809956 2 4 0.498039 8 0.501961
 47 3.936819 4.307954 10.489618 0.773144 0.614595 -0.156593 0.132395 0.701892 3 4 0.498039 19 0.400000 20 0.101961
 47 5.791655 -0.002060 10.506815 0.968991 0.013703 -0.246718 0.165988 0.770825 3 4 0.498039 19 0.400000 20 0.101961
mnt_body.png
 47 2.756894 -3.496325 7.302656 0.464178 -0.599290 -0.652219 0.114923 0.912589 1 4 1.000000
 47 4.168078 -4.236362 10.489618 0.786887 -0.593098 -0.170424 0.135752 0.967681 3 4 0.498039 19 0.400000 20 0.101961
 47 0.000000 -5.975196 10.489615 0.000000 -0.985057 -0.172227 0.086984 0.994293 3 4 0.498039 19 0.400000 20 0.101961
mnt_body.png
 47 2.756894 -3.496325 7.302656 0.464178 -0.599290 -0.652219 0.114923 0.912589 1 4 1.000000
 47 3.949919 -0.797252 7.070719 0.780800 -0.514682 -0.354196 0.130137 0.862753 2 4 0.498039 8 0.501961
 47 4.168078 -4.236362 10.489618 0.786887 -0.593098 -0.170424 0.135752 0.967681 3 4 0.498039 19 0.400000 20 0.101961
mnt_body.png
 47 3.949919 -0.797252 7.070719 0.780800 -0.514682 -0.354196 0.130137 0.862753 2 4 0.498039 8 0.501961
 47 4.261220 0.003288 7.110582 0.992412 0.029363 -0.119402 0.136919 0.851820 2 4 0.498039 8 0.501961
 47 5.791655 -0.002060 10.506815 0.968991 0.013703 -0.246718 0.166712 0.898375 3 4 0.498039 19 0.400000 20 0.101961
mnt_body.png
 47 3.949919 -0.797252 7.070719 0.780800 -0.514682 -0.354196 0.130137 0.862753 2 4 0.498039 8 0.501961
 47 5.791655 -0.002060 10.506815 0.968991 0.013703 -0.246718 0.166712 0.898375 3 4 0.498039 19 0.400000 20 0.101961
 47 4.168078 -4.236362 10.489618 0.786887 -0.593098 -0.170424 0.135752 0.967681 3 4 0.498039 19 0.400000 20 0.101961
mnt_body.png
 47 0.000000 -2.704075 18.513186 0.000000 -0.455662 0.890153 0.244388 0.706989 1 21 1.000000
 47 0.594457 -2.760962 18.242596 0.571053 -0.336307 0.748863 0.243297 0.692775 1 21 1.000000
 47 0.000000 -2.080635 19.262760 0.000000 -0.648017 0.761626 0.253918 0.717288 1 21 1.000000
mnt_body.png
 47 0.594457 -2.760962 18.242596 0.571053 -0.336307 0.748863 0.243297 0.692775 1 21 1.000000
 47 2.095403 -1.970247 18.352299 0.605015 -0.550285 0.575451 0.256931 0.673075 1 21 1.000000
 47 1.522889 -1.462742 19.271866 0.506966 -0.432468 0.745625 0.263890 0.693515 1 21 1.000000
mnt_body.png
 47 0.594457 -2.760962 18.242596 0.571053 -0.336307 0.748863 0.243297 0.692775 1 21 1.000000
 47 1.522889 -1.462742 19.271866 0.506966 -0.432468 0.745625 0.263890 0.693515 1 21 1.000000
 47 0.000000 -2.080635 19.262760 0.000000 -0.648017 0.761626 0.253918 0.717288 1 21 1.000000
mnt_body.png
 47 0.594457 -2.760962 18.242596 0.571053 -0.336307 0.748863 0.243297 0.692775 1 21 1.000000
 47 0.992008 -3.268719 17.364187 0.852901 -0.352094 0.385473 0.235355 0.672068 1 21 1.000000
 47 2.095403 -1.970247 18.352299 0.605015 -0.550285 0.575451 0.256931 0.673075 1 21 1.000000
mnt_body.png
 47 0.000000 -2.080635 19.262760 0.000000 -0.648017 0.761626 0.253918 0.717288 1 21 1.000000
 47 1.522889 -1.462742 19.271866 0.506966 -0.432468 0.745625 0.263890 0.693515 1 21 1.000000
 47 0.856096 -0.881706 19.774078 0.258455 -0.317183 0.912467 0.270123 0.711131 1 21 1.000000
mnt_body.png
 47 0.000000 -2.080635 19.262760 0.000000 -0.648017 0.761626 0.253918 0.717288 1 21 1.000000
 47 0.856096 -0.881706 19.774078 0.258455 -0.317183 0.912467 0.270123 0.711131 1 21 1.000000
 47 0.000000 -1.284491 19.775032 0.000000 -0.385160 0.922850 0.264248 0.724979 1 21 1.000000
mnt_body.png
 47 2.095403 -1.970247 18.352299 0.605015 -0.550285 0.575451 0.256931 0.673075 1 21 1.000000
 47 2.782647 0.165607 18.357830 0.830161 0.041199 0.556000 0.280751 0.662531 1 21 1.000000
 47 1.522889 -1.462742 19.271866 0.506966 -0.432468 0.745625 0.263890 0.693515 1 21 1.000000
mnt_body.png
 47 2.095403 -1.970247 18.352299 0.605015 -0.550285 0.575451 0.256931 0.673075 1 21 1.000000
 47 0.992008 -3.268719 17.364187 0.852901 -0.352094 0.385473 0.235355 0.672068 1 21 1.000000
 47 2.779233 -2.821387 16.424593 0.592986 -0.643887 0.483505 0.245617 0.634478 2 20 0.498039 21 0.501961
mnt_body.png
 47 2.095403 -1.970247 18.352299 0.605015 -0.550285 0.575451 0.256931 0.673075 1 21 1.000000
 47 2.779233 -2.821387 16.424593 0.592986 -0.643887 0.483505 0.245617 0.634478 2 20 0.498039 21 0.501961
 47 3.581613 -1.370592 16.424797 0.783230 -0.342632 0.518800 0.263104 0.625841 3 20 0.498039 21 0.301961 25 0.200000
mnt_body.png
 47 2.095403 -1.970247 18.352299 0.605015 -0.550285 0.575451 0.256931 0.673075 1 21 1.000000
 47 3.581613 -1.370592 16.424797 0.783230 -0.342632 0.518800 0.263104 0.625841 3 20 0.498039 21 0.301961 25 0.200000
 47 2.782647 0.165607 18.357830 0.830161 0.041199 0.556000 0.280751 0.662531 1 21 1.000000
mnt_body.png
 47 1.522889 -1.462742 19.271866 0.506966 -0.432468 0.745625 0.263890 0.693515 1 21 1.000000
 47 2.782647 0.165607 18.357830 0.830161 0.041199 0.556000 0.280751 0.662531 1 21 1.000000
 47 2.149205 0.166836 19.237194 0.686863 0.035097 0.725940 0.281338 0.683871 1 21 1.000000
mnt_body.png
 47 1.522889 -1.462742 19.271866 0.506966 -0.432468 0.745625 0.263890 0.693515 1 21 1.000000
 47 2.149205 0.166836 19.237194 0.686863 0.035097 0.725940 0.281338 0.683871 1 21 1.000000
 47 1.388351 0.118652 19.732857 0.418723 0.025371 0.907760 0.281163 0.701778 1 21 1.000000
mnt_body.png
 47 1.522889 -1.462742 19.271866 0.506966 -0.432468 0.745625 0.263890 0.693515 1 21 1.000000
 47 1.388351 0.118652 19.732857 0.418723 0.025371 0.907760 0.281163 0.701778 1 21 1.000000
 47 0.856096 -0.881706 19.774078 0.258455 -0.317183 0.912467 0.270123 0.711131 1 21 1.000000
mnt_body.png
 47 0.992008 -3.268719 17.364187 0.852901 -0.352094 0.385473 0.235355 0.672068 1 21 1.000000
 47 0.990848 -3.784952 16.538961 0.946233 -0.168419 -0.276185 0.227352 0.655474 1 21 1.000000
 47 2.779233 -2.821387 16.424593 0.592986 -0.643887 0.483505 0.245617 0.634478 2 20 0.498039 21 0.501961
mnt_body.png
 47 0.856096 -0.881706 19.774078 0.258455 -0.317183 0.912467 0.270123 0.711131 1 21 1.000000
 47 0.000000 0.019901 20.072508 0.000000 0.009916 0.999951 0.280644 0.729961 1 21 1.000000
 47 0.000000 -1.284491 19.775032 0.000000 -0.385160 0.922850 0.264248 0.724979 1 21 1.000000
mnt_body.png
 47 0.856096 -0.881706 19.774078 0.258455 -0.317183 0.912467 0.270123 0.711131 1 21 1.000000
 47 1.388351 0.118652 19.732857 0.418723 0.025371 0.907760 0.281163 0.701778 1 21 1.000000
 47 0.000000 0.019901 20.072508 0.000000 0.009916 0.999951 0.280644 0.729961 1 21 1.000000
mnt_body.png
 47 2.779233 -2.821387 16.424593 0.592986 -0.643887 0.483505 0.245617 0.634478 2 20 0.498039 21 0.501961
 47 3.544661 -3.656800 14.337044 0.624321 -0.655600 0.424749 0.236996 0.589273 2 19 0.349020 20 0.650980
 47 3.581613 -1.370592 16.424797 0.783230 -0.342632 0.518800 0.263104 0.625841 3 20 0.498039 21 0.301961 25 0.200000
mnt_body.png
 47 2.779233 -2.821387 16.424593 0.592986 -0.643887 0.483505 0.245617 0.634478 2 20 0.498039 21 0.501961
 47 0.990848 -3.784952 16.538961 0.946233 -0.168419 -0.276185 0.227352 0.655474 1 21 1.000000
 47 3.544661 -3.656800 14.337044 0.624321 -0.655600 0.424749 0.236996 0.589273 2 19 0.349020 20 0.650980
mnt_body.png
 47 3.581613 -1.370592 16.424797 0.783230 -0.342632 0.518800 0.263104 0.625841 3 20 0.498039 21 0.301961 25 0.200000
 47 3.489898 0.149344 16.991747 0.718580 0.023493 0.695048 0.280713 0.633783 3 20 0.301961 21 0.498039 25 0.200000
 47 2.782647 0.165607 18.357830 0.830161 0.041199 0.556000 0.280751 0.662531 1 21 1.000000
mnt_body.png
 47 3.581613 -1.370592 16.424797 0.783230 -0.342632 0.518800 0.263104 0.625841 3 20 0.498039 21 0.301961 25 0.200000
 47 4.367837 -2.096223 14.339518 0.871563 -0.350571 0.342751 0.254688 0.582368 2 19 0.349020 20 0.650980
 47 4.076982 -0.982530 15.805143 0.557494 -0.741301 0.373729 0.266667 0.610933 3 20 0.396078 25 0.301961 26 0.301961
mnt_body.png
 47 3.581613 -1.370592 16.424797 0.783230 -0.342632 0.518800 0.263104 0.625841 3 20 0.498039 21 0.301961 25 0.200000
 47 4.076982 -0.982530 15.805143 0.557494 -0.741301 0.373729 0.266667 0.610933 3 20 0.396078 25 0.301961 26 0.301961
 47 3.921423 -0.521984 16.531372 0.422998 -0.291775 0.857869 0.273320 0.622339 3 20 0.200000 25 0.301961 26 0.498039
mnt_body.png
 47 3.581613 -1.370592 16.424797 0.783230 -0.342632 0.518800 0.263104 0.625841 3 20 0.498039 21 0.301961 25 0.200000
 47 3.544661 -3.656800 14.337044 0.624321 -0.655600 0.424749 0.236996 0.589273 2 19 0.349020 20 0.650980
 47 4.367837 -2.096223 14.339518 0.871563 -0.350571 0.342751 0.254688 0.582368 2 19 0.349020 20 0.650980
mnt_body.png
 47 3.581613 -1.370592 16.424797 0.783230 -0.342632 0.518800 0.263104 0.625841 3 20 0.498039 21 0.301961 25 0.200000
 47 3.921423 -0.521984 16.531372 0.422998 -0.291775 0.857869 0.273320 0.622339 3 20 0.200000 25 0.301961 26 0.498039
 47 3.489898 0.149344 16.991747 0.718580 0.023493 0.695048 0.280713 0.633783 3 20 0.301961 21 0.498039 25 0.200000
mnt_body.png
 47 2.149205 0.166836 19.237194 0.686863 0.035097 0.725940 0.281338 0.683871 1 21 1.000000
 47 2.782647 0.165607 18.357830 0.830161 0.041199 0.556000 0.280751 0.662531 1 21 1.000000
 47 1.444832 1.566078 19.264584 0.493300 0.481570 0.724393 0.295476 0.693103 1 21 1.000000
mnt_body.png
 47 2.149205 0.166836 19.237194 0.686863 0.035097 0.725940 0.281338 0.683871 1 21 1.000000
 47 1.444832 1.566078 19.264584 0.493300 0.481570 0.724393 0.295476 0.693103 1 21 1.000000
 47 1.388351 0.118652 19.732857 0.418723 0.025371 0.907760 0.281163 0.701778 1 21 1.000000
mnt_body.png
 47 1.388351 0.118652 19.732857 0.418723 0.025371 0.907760 0.281163 0.701778 1 21 1.000000
 47 0.839868 1.024590 19.737679 0.256239 0.326680 0.909737 0.291638 0.710178 1 21 1.000000
 47 0.000000 0.019901 20.072508 0.000000 0.009916 0.999951 0.280644 0.729961 1 21 1.000000
mnt_body.png
 47 1.388351 0.118652 19.732857 0.418723 0.025371 0.907760 0.281163 0.701778 1 21 1.000000
 47 1.444832 1.566078 19.264584 0.493300 0.481570 0.724393 0.295476 0.693103 1 21 1.000000
 47 0.839868 1.024590 19.737679 0.256239 0.326680 0.909737 0.291638 0.710178 1 21 1.000000
mnt_body.png
 47 0.990848 -3.784952 16.538961 0.946233 -0.168419 -0.276185 0.227352 0.655474 1 21 1.000000
 47 0.000000 -4.195208 16.126390 0.000000 -0.668959 -0.743299 0.214923 0.646128 1 21 1.000000
 47 0.000000 -5.200678 14.336914 0.000000 -0.913497 0.406846 0.202281 0.603212 2 19 0.349020 20 0.650980
mnt_body.png
 47 0.990848 -3.784952 16.538961 0.946233 -0.168419 -0.276185 0.227352 0.655474 1 21 1.000000
 47 0.000000 -5.200678 14.336914 0.000000 -0.913497 0.406846 0.202281 0.603212 2 19 0.349020 20 0.650980
 47 3.544661 -3.656800 14.337044 0.624321 -0.655600 0.424749 0.236996 0.589273 2 19 0.349020 20 0.650980
mnt_body.png
 47 0.000000 0.019901 20.072508 0.000000 0.009916 0.999951 0.280644 0.729961 1 21 1.000000
 47 0.839868 1.024590 19.737679 0.256239 0.326680 0.909737 0.291638 0.710178 1 21 1.000000
 47 0.000000 1.375067 19.771452 0.000000 0.369855 0.929090 0.298016 0.722599 1 21 1.000000
mnt_body.png
 47 3.544661 -3.656800 14.337044 0.624321 -0.655600 0.424749 0.236996 0.589273 2 19 0.349020 20 0.650980
 47 0.000000 -5.200678 14.336914 0.000000 -0.913497 0.406846 0.202281 0.603212 2 19 0.349020 20 0.650980
 47 3.984546 -4.137722 12.648868 0.647713 -0.727941 0.224877 0.231350 0.552491 3 4 0.200000 19 0.498039 20 0.301961
mnt_body.png
 47 3.544661 -3.656800 14.337044 0.624321 -0.655600 0.424749 0.236996 0.589273 2 19 0.349020 20 0.650980
 47 3.984546 -4.137722 12.648868 0.647713 -0.727941 0.224877 0.231350 0.552491 3 4 0.200000 19 0.498039 20 0.301961
 47 4.367837 -2.096223 14.339518 0.871563 -0.350571 0.342751 0.254688 0.582368 2 19 0.349020 20 0.650980
mnt_body.png
 47 3.489898 0.149344 16.991747 0.718580 0.023493 0.695048 0.280713 0.633783 3 20 0.301961 21 0.498039 25 0.200000
 47 3.921423 -0.521984 16.531372 0.422998 -0.291775 0.857869 0.273320 0.622339 3 20 0.200000 25 0.301961 26 0.498039
 47 3.948428 0.586234 16.544807 0.493112 0.375681 0.784668 0.285382 0.620851 3 20 0.200000 25 0.301961 26 0.498039
mnt_body.png
 47 3.489898 0.149344 16.991747 0.718580 0.023493 0.695048 0.280713 0.633783 3 20 0.301961 21 0.498039 25 0.200000
 47 3.948428 0.586234 16.544807 0.493112 0.375681 0.784668 0.285382 0.620851 3 20 0.200000 25 0.301961 26 0.498039
 47 3.462755 1.414395 16.475470 0.752542 0.398764 0.524088 0.295193 0.625536 3 20 0.498039 21 0.301961 25 0.200000
mnt_body.png
 47 3.489898 0.149344 16.991747 0.718580 0.023493 0.695048 0.280713 0.633783 3 20 0.301961 21 0.498039 25 0.200000
 47 3.462755 1.414395 16.475470 0.752542 0.398764 0.524088 0.295193 0.625536 3 20 0.498039 21 0.301961 25 0.200000
 47 2.782647 0.165607 18.357830 0.830161 0.041199 0.556000 0.280751 0.662531 1 21 1.000000
mnt_body.png
 47 4.076982 -0.982530 15.805143 0.557494 -0.741301 0.373729 0.266667 0.610933 3 20 0.396078 25 0.301961 26 0.301961
 47 4.367837 -2.096223 14.339518 0.871563 -0.350571 0.342751 0.254688 0.582368 2 19 0.349020 20 0.650980
 47 4.662485 -0.649148 14.934837 0.874922 -0.440388 -0.201421 0.271252 0.592500 3 20 0.600000 25 0.200000 26 0.200000
mnt_body.png
 47 0.839868 1.024590 19.737679 0.256239 0.326680 0.909737 0.291638 0.710178 1 21 1.000000
 47 0.000000 2.184223 19.283424 0.000000 0.622328 0.782756 0.308339 0.714298 1 21 1.000000
 47 0.000000 1.375067 19.771452 0.000000 0.369855 0.929090 0.298016 0.722599 1 21 1.000000
mnt_body.png
 47 0.839868 1.024590 19.737679 0.256239 0.326680 0.909737 0.291638 0.710178 1 21 1.000000
 47 1.444832 1.566078 19.264584 0.493300 0.481570 0.724393 0.295476 0.693103 1 21 1.000000
 47 0.000000 2.184223 19.283424 0.000000 0.622328 0.782756 0.308339 0.714298 1 21 1.000000
mnt_body.png
 47 0.000000 -5.200678 14.336914 0.000000 -0.913497 0.406846 0.202281 0.603212 2 19 0.349020 20 0.650980
 47 0.000000 -5.835721 12.648863 0.000000 -0.977373 0.211525 0.191814 0.561120 3 4 0.200000 19 0.498039 20 0.301961
 47 3.984546 -4.137722 12.648868 0.647713 -0.727941 0.224877 0.231350 0.552491 3 4 0.200000 19 0.498039 20 0.301961
mnt_body.png
 47 3.984546 -4.137722 12.648868 0.647713 -0.727941 0.224877 0.231350 0.552491 3 4 0.200000 19 0.498039 20 0.301961
 47 5.568937 -0.007661 12.654819 0.982016 0.019562 0.187782 0.277943 0.549210 3 4 0.200000 19 0.498039 20 0.301961
 47 4.367837 -2.096223 14.339518 0.871563 -0.350571 0.342751 0.254688 0.582368 2 19 0.349020 20 0.650980
mnt_body.png
 47 3.984546 -4.137722 12.648868 0.647713 -0.727941 0.224877 0.231350 0.552491 3 4 0.200000 19 0.498039 20 0.301961
 47 4.168078 -4.236362 10.489618 0.786887 -0.593098 -0.170424 0.231731 0.510857 3 4 0.498039 19 0.400000 20 0.101961
 47 5.568937 -0.007661 12.654819 0.982016 0.019562 0.187782 0.277943 0.549210 3 4 0.200000 19 0.498039 20 0.301961
mnt_body.png
 47 3.984546 -4.137722 12.648868 0.647713 -0.727941 0.224877 0.231350 0.552491 3 4 0.200000 19 0.498039 20 0.301961
 47 0.000000 -5.975196 10.489615 0.000000 -0.985057 -0.172227 0.187633 0.510857 3 4 0.498039 19 0.400000 20 0.101961
 47 4.168078 -4.236362 10.489618 0.786887 -0.593098 -0.170424 0.231731 0.510857 3 4 0.498039 19 0.400000 20 0.101961
mnt_body.png
 47 3.984546 -4.137722 12.648868 0.647713 -0.727941 0.224877 0.231350 0.552491 3 4 0.200000 19 0.498039 20 0.301961
 47 0.000000 -5.835721 12.648863 0.000000 -0.977373 0.211525 0.191814 0.561120 3 4 0.200000 19 0.498039 20 0.301961
 47 0.000000 -5.975196 10.489615 0.000000 -0.985057 -0.172227 0.187633 0.510857 3 4 0.498039 19 0.400000 20 0.101961
mnt_body.png
 47 3.948428 0.586234 16.544807 0.493112 0.375681 0.784668 0.285382 0.620851 3 20 0.200000 25 0.301961 26 0.498039
 47 4.069107 1.016043 15.821455 0.553567 0.743315 0.375562 0.291798 0.609392 3 20 0.396078 25 0.301961 26 0.301961
 47 3.462755 1.414395 16.475470 0.752542 0.398764 0.524088 0.295193 0.625536 3 20 0.498039 21 0.301961 25 0.200000
mnt_body.png
 47 2.782647 0.165607 18.357830 0.830161 0.041199 0.556000 0.280751 0.662531 1 21 1.000000
 47 1.934771 2.126247 18.360405 0.606770 0.581366 0.542074 0.302533 0.674121 1 21 1.000000
 47 1.444832 1.566078 19.264584 0.493300 0.481570 0.724393 0.295476 0.693103 1 21 1.000000
mnt_body.png
 47 2.782647 0.165607 18.357830 0.830161 0.041199 0.556000 0.280751 0.662531 1 21 1.000000
 47 3.462755 1.414395 16.475470 0.752542 0.398764 0.524088 0.295193 0.625536 3 20 0.498039 21 0.301961 25 0.200000
 47 1.934771 2.126247 18.360405 0.606770 0.581366 0.542074 0.302533 0.674121 1 21 1.000000
mnt_body.png
 47 4.662485 -0.649148 14.934837 0.874922 -0.440388 -0.201421 0.271252 0.592500 3 20 0.600000 25 0.200000 26 0.200000
 47 4.967392 0.024151 14.313417 0.940318 0.011730 0.340096 0.278813 0.579339 2 19 0.349020 20 0.650980
 47 4.562447 0.690400 14.946227 0.834389 0.550408 -0.029088 0.286877 0.592134 3 20 0.600000 25 0.200000 26 0.200000
mnt_body.png
 47 4.662485 -0.649148 14.934837 0.874922 -0.440388 -0.201421 0.271252 0.592500 3 20 0.600000 25 0.200000 26 0.200000
 47 4.367837 -2.096223 14.339518 0.871563 -0.350571 0.342751 0.254688 0.582368 2 19 0.349020 20 0.650980
 47 4.967392 0.024151 14.313417 0.940318 0.011730 0.340096 0.278813 0.579339 2 19 0.349020 20 0.650980
mnt_body.png
 47 0.000000 2.184223 19.283424 0.000000 0.622328 0.782756 0.308339 0.714298 1 21 1.000000
 47 1.444832 1.566078 19.264584 0.493300 0.481570 0.724393 0.295476 0.693103 1 21 1.000000
 47 0.000000 2.843595 18.353403 0.000000 0.843878 0.536535 0.319165 0.696582 1 21 1.000000
mnt_body.png
 47 4.367837 -2.096223 14.339518 0.871563 -0.350571 0.342751 0.254688 0.582368 2 19 0.349020 20 0.650980
 47 5.568937 -0.007661 12.654819 0.982016 0.019562 0.187782 0.277943 0.549210 3 4 0.200000 19 0.498039 20 0.301961
 47 4.967392 0.024151 14.313417 0.940318 0.011730 0.340096 0.278813 0.579339 2 19 0.349020 20 0.650980
mnt_body.png
 47 4.168078 -4.236362 10.489618 0.786887 -0.593098 -0.170424 0.231731 0.510857 3 4 0.498039 19 0.400000 20 0.101961
 47 5.791655 -0.002060 10.506815 0.968991 0.013703 -0.246718 0.277363 0.510857 3 4 0.498039 19 0.400000 20 0.101961
 47 5.568937 -0.007661 12.654819 0.982016 0.019562 0.187782 0.277943 0.549210 3 4 0.200000 19 0.498039 20 0.301961
mnt_body.png
 47 4.069107 1.016043 15.821455 0.553567 0.743315 0.375562 0.291798 0.609392 3 20 0.396078 25 0.301961 26 0.301961
 47 4.562447 0.690400 14.946227 0.834389 0.550408 -0.029088 0.286877 0.592134 3 20 0.600000 25 0.200000 26 0.200000
 47 4.314589 2.322886 14.334721 0.837325 0.401044 0.371551 0.305089 0.579629 2 19 0.349020 20 0.650980
mnt_body.png
 47 4.069107 1.016043 15.821455 0.553567 0.743315 0.375562 0.291798 0.609392 3 20 0.396078 25 0.301961 26 0.301961
 47 4.314589 2.322886 14.334721 0.837325 0.401044 0.371551 0.305089 0.579629 2 19 0.349020 20 0.650980
 47 3.462755 1.414395 16.475470 0.752542 0.398764 0.524088 0.295193 0.625536 3 20 0.498039 21 0.301961 25 0.200000
mnt_body.png
 47 1.934771 2.126247 18.360405 0.606770 0.581366 0.542074 0.302533 0.674121 1 21 1.000000
 47 0.000000 2.843595 18.353403 0.000000 0.843878 0.536535 0.319165 0.696582 1 21 1.000000
 47 1.444832 1.566078 19.264584 0.493300 0.481570 0.724393 0.295476 0.693103 1 21 1.000000
mnt_body.png
 47 1.934771 2.126247 18.360405 0.606770 0.581366 0.542074 0.302533 0.674121 1 21 1.000000
 47 3.462755 1.414395 16.475470 0.752542 0.398764 0.524088 0.295193 0.625536 3 20 0.498039 21 0.301961 25 0.200000
 47 2.555390 2.840642 16.441095 0.552203 0.687315 0.471879 0.312703 0.633417 2 20 0.498039 21 0.501961
mnt_body.png
 47 1.934771 2.126247 18.360405 0.606770 0.581366 0.542074 0.302533 0.674121 1 21 1.000000
 47 2.555390 2.840642 16.441095 0.552203 0.687315 0.471879 0.312703 0.633417 2 20 0.498039 21 0.501961
 47 0.000000 2.843595 18.353403 0.000000 0.843878 0.536535 0.319165 0.696582 1 21 1.000000
mnt_body.png
 47 4.967392 0.024151 14.313417 0.940318 0.011730 0.340096 0.278813 0.579339 2 19 0.349020 20 0.650980
 47 5.568937 -0.007661 12.654819 0.982016 0.019562 0.187782 0.277943 0.549210 3 4 0.200000 19 0.498039 20 0.301961
 47 4.314589 2.322886 14.334721 0.837325 0.401044 0.371551 0.305089 0.579629 2 19 0.349020 20 0.650980
mnt_body.png
 47 4.967392 0.024151 14.313417 0.940318 0.011730 0.340096 0.278813 0.579339 2 19 0.349020 20 0.650980
 47 4.314589 2.322886 14.334721 0.837325 0.401044 0.371551 0.305089 0.579629 2 19 0.349020 20 0.650980
 47 4.562447 0.690400 14.946227 0.834389 0.550408 -0.029088 0.286877 0.592134 3 20 0.600000 25 0.200000 26 0.200000
mnt_body.png
 47 0.000000 2.843595 18.353403 0.000000 0.843878 0.536535 0.319165 0.696582 1 21 1.000000
 47 2.555390 2.840642 16.441095 0.552203 0.687315 0.471879 0.312703 0.633417 2 20 0.498039 21 0.501961
 47 0.000000 3.913122 16.422619 0.000000 0.869677 0.493621 0.337636 0.655344 2 20 0.498039 21 0.501961
mnt_body.png
 47 5.791655 -0.002060 10.506815 0.968991 0.013703 -0.246718 0.277363 0.510857 3 4 0.498039 19 0.400000 20 0.101961
 47 3.936819 4.307954 10.489618 0.773144 0.614595 -0.156593 0.324681 0.510857 3 4 0.498039 19 0.400000 20 0.101961
 47 5.568937 -0.007661 12.654819 0.982016 0.019562 0.187782 0.277943 0.549210 3 4 0.200000 19 0.498039 20 0.301961
mnt_body.png
 47 4.314589 2.322886 14.334721 0.837325 0.401044 0.371551 0.305089 0.579629 2 19 0.349020 20 0.650980
 47 3.251192 3.764393 14.337529 0.493417 0.767509 0.409230 0.323301 0.586862 2 19 0.349020 20 0.650980
 47 2.555390 2.840642 16.441095 0.552203 0.687315 0.471879 0.312703 0.633417 2 20 0.498039 21 0.501961
mnt_body.png
 47 4.314589 2.322886 14.334721 0.837325 0.401044 0.371551 0.305089 0.579629 2 19 0.349020 20 0.650980
 47 2.555390 2.840642 16.441095 0.552203 0.687315 0.471879 0.312703 0.633417 2 20 0.498039 21 0.501961
 47 3.462755 1.414395 16.475470 0.752542 0.398764 0.524088 0.295193 0.625536 3 20 0.498039 21 0.301961 25 0.200000
mnt_body.png
 47 4.314589 2.322886 14.334721 0.837325 0.401044 0.371551 0.305089 0.579629 2 19 0.349020 20 0.650980
 47 3.686532 4.209740 12.632346 0.657133 0.729517 0.189687 0.327482 0.549607 3 4 0.200000 19 0.498039 20 0.301961
 47 3.251192 3.764393 14.337529 0.493417 0.767509 0.409230 0.323301 0.586862 2 19 0.349020 20 0.650980
mnt_body.png
 47 4.314589 2.322886 14.334721 0.837325 0.401044 0.371551 0.305089 0.579629 2 19 0.349020 20 0.650980
 47 5.568937 -0.007661 12.654819 0.982016 0.019562 0.187782 0.277943 0.549210 3 4 0.200000 19 0.498039 20 0.301961
 47 3.686532 4.209740 12.632346 0.657133 0.729517 0.189687 0.327482 0.549607 3 4 0.200000 19 0.498039 20 0.301961
mnt_body.png
 47 2.555390 2.840642 16.441095 0.552203 0.687315 0.471879 0.312703 0.633417 2 20 0.498039 21 0.501961
 47 3.251192 3.764393 14.337529 0.493417 0.767509 0.409230 0.323301 0.586862 2 19 0.349020 20 0.650980
 47 0.000000 3.913122 16.422619 0.000000 0.869677 0.493621 0.337636 0.655344 2 20 0.498039 21 0.501961
mnt_body.png
 47 0.000000 3.913122 16.422619 0.000000 0.869677 0.493621 0.337636 0.655344 2 20 0.498039 21 0.501961
 47 3.251192 3.764393 14.337529 0.493417 0.767509 0.409230 0.323301 0.586862 2 19 0.349020 20 0.650980
 47 0.000000 5.110090 14.336811 0.000000 0.906986 0.421162 0.355001 0.600931 2 19 0.349020 20 0.650980
mnt_body.png
 47 3.936819 4.307954 10.489618 0.773144 0.614595 -0.156593 0.324681 0.510857 3 4 0.498039 19 0.400000 20 0.101961
 47 0.000000 5.913764 10.489618 0.000000 0.986705 -0.162520 0.370199 0.510857 3 4 0.498039 19 0.400000 20 0.101961
 47 3.686532 4.209740 12.632346 0.657133 0.729517 0.189687 0.327482 0.549607 3 4 0.200000 19 0.498039 20 0.301961
mnt_body.png
 47 3.936819 4.307954 10.489618 0.773144 0.614595 -0.156593 0.324681 0.510857 3 4 0.498039 19 0.400000 20 0.101961
 47 3.686532 4.209740 12.632346 0.657133 0.729517 0.189687 0.327482 0.549607 3 4 0.200000 19 0.498039 20 0.301961
 47 5.568937 -0.007661 12.654819 0.982016 0.019562 0.187782 0.277943 0.549210 3 4 0.200000 19 0.498039 20 0.301961
mnt_body.png
 47 3.251192 3.764393 14.337529 0.493417 0.767509 0.409230 0.323301 0.586862 2 19 0.349020 20 0.650980
 47 0.000000 5.721271 12.648868 0.000000 0.965540 0.260256 0.365263 0.559251 3 4 0.200000 19 0.498039 20 0.301961
 47 0.000000 5.110090 14.336811 0.000000 0.906986 0.421162 0.355001 0.600931 2 19 0.349020 20 0.650980
mnt_body.png
 47 3.251192 3.764393 14.337529 0.493417 0.767509 0.409230 0.323301 0.586862 2 19 0.349020 20 0.650980
 47 3.686532 4.209740 12.632346 0.657133 0.729517 0.189687 0.327482 0.549607 3 4 0.200000 19 0.498039 20 0.301961
 47 0.000000 5.721271 12.648868 0.000000 0.965540 0.260256 0.365263 0.559251 3 4 0.200000 19 0.498039 20 0.301961
mnt_body.png
 47 3.686532 4.209740 12.632346 0.657133 0.729517 0.189687 0.327482 0.549607 3 4 0.200000 19 0.498039 20 0.301961
 47 0.000000 5.913764 10.489618 0.000000 0.986705 -0.162520 0.370199 0.510857 3 4 0.498039 19 0.400000 20 0.101961
 47 0.000000 5.721271 12.648868 0.000000 0.965540 0.260256 0.365263 0.559251 3 4 0.200000 19 0.498039 20 0.301961
mnt_body.png
 47 1.622510 -7.990047 17.351063 0.749916 -0.630670 0.199701 0.278576 0.836782 1 24 1.000000
 47 1.658980 -7.964078 16.667721 0.774368 -0.612065 -0.160407 0.271992 0.830808 1 24 1.000000
 47 2.052513 -7.165545 17.218647 0.950547 -0.262171 0.166515 0.280621 0.818578 2 21 0.019608 24 0.980392
mnt_body.png
 47 1.622510 -7.990047 17.351063 0.749916 -0.630670 0.199701 0.278576 0.836782 1 24 1.000000
 47 0.986434 -8.446931 16.744381 0.389877 -0.904977 -0.170333 0.268803 0.844190 1 24 1.000000
 47 1.658980 -7.964078 16.667721 0.774368 -0.612065 -0.160407 0.271992 0.830808 1 24 1.000000
mnt_body.png
 47 1.622510 -7.990047 17.351063 0.749916 -0.630670 0.199701 0.278576 0.836782 1 24 1.000000
 47 1.019814 -8.405860 17.439402 0.383544 -0.868797 0.313187 0.276646 0.848234 1 24 1.000000
 47 0.986434 -8.446931 16.744381 0.389877 -0.904977 -0.170333 0.268803 0.844190 1 24 1.000000
mnt_body.png
 47 1.622510 -7.990047 17.351063 0.749916 -0.630670 0.199701 0.278576 0.836782 1 24 1.000000
 47 2.052513 -7.165545 17.218647 0.950547 -0.262171 0.166515 0.280621 0.818578 2 21 0.019608 24 0.980392
 47 1.803149 -7.109163 17.881302 0.798206 -0.222923 0.559619 0.287152 0.824773 2 21 0.019608 24 0.980392
mnt_body.png
 47 1.622510 -7.990047 17.351063 0.749916 -0.630670 0.199701 0.278576 0.836782 1 24 1.000000
 47 1.803149 -7.109163 17.881302 0.798206 -0.222923 0.559619 0.287152 0.824773 2 21 0.019608 24 0.980392
 47 1.426591 -7.832105 17.968891 0.598443 -0.526057 0.604260 0.285084 0.841733 1 24 1.000000
mnt_body.png
 47 1.622510 -7.990047 17.351063 0.749916 -0.630670 0.199701 0.278576 0.836782 1 24 1.000000
 47 1.426591 -7.832105 17.968891 0.598443 -0.526057 0.604260 0.285084 0.841733 1 24 1.000000
 47 1.019814 -8.405860 17.439402 0.383544 -0.868797 0.313187 0.276646 0.848234 1 24 1.000000
mnt_body.png
 47 1.658980 -7.964078 16.667721 0.774368 -0.612065 -0.160407 0.271992 0.830808 1 24 1.000000
 47 0.986434 -8.446931 16.744381 0.389877 -0.904977 -0.170333 0.268803 0.844190 1 24 1.000000
 47 1.437281 -7.805070 16.038342 0.629681 -0.575144 -0.522217 0.267277 0.829183 1 24 1.000000
mnt_body.png
 47 1.658980 -7.964078 16.667721 0.774368 -0.612065 -0.160407 0.271992 0.830808 1 24 1.000000
 47 2.047266 -7.140827 16.532944 0.930206 -0.252626 -0.266264 0.274136 0.812955 2 21 0.019608 24 0.980392
 47 2.052513 -7.165545 17.218647 0.950547 -0.262171 0.166515 0.280621 0.818578 2 21 0.019608 24 0.980392
mnt_body.png
 47 1.658980 -7.964078 16.667721 0.774368 -0.612065 -0.160407 0.271992 0.830808 1 24 1.000000
 47 1.437281 -7.805070 16.038342 0.629681 -0.575144 -0.522217 0.267277 0.829183 1 24 1.000000
 47 2.047266 -7.140827 16.532944 0.930206 -0.252626 -0.266264 0.274136 0.812955 2 21 0.019608 24 0.980392
mnt_body.png
 47 2.052513 -7.165545 17.218647 0.950547 -0.262171 0.166515 0.280621 0.818578 2 21 0.019608 24 0.980392
 47 2.047266 -7.140827 16.532944 0.930206 -0.252626 -0.266264 0.274136 0.812955 2 21 0.019608 24 0.980392
 47 2.141408 -6.182220 17.073336 0.996308 0.070477 0.049019 0.283146 0.799184 2 21 0.050980 24 0.949020
mnt_body.png
 47 2.052513 -7.165545 17.218647 0.950547 -0.262171 0.166515 0.280621 0.818578 2 21 0.019608 24 0.980392
 47 2.141408 -6.182220 17.073336 0.996308 0.070477 0.049019 0.283146 0.799184 2 21 0.050980 24 0.949020
 47 1.956766 -6.250203 17.737711 0.887426 0.088262 0.452421 0.289456 0.806889 2 21 0.050980 24 0.949020
mnt_body.png
 47 2.052513 -7.165545 17.218647 0.950547 -0.262171 0.166515 0.280621 0.818578 2 21 0.019608 24 0.980392
 47 1.956766 -6.250203 17.737711 0.887426 0.088262 0.452421 0.289456 0.806889 2 21 0.050980 24 0.949020
 47 1.803149 -7.109163 17.881302 0.798206 -0.222923 0.559619 0.287152 0.824773 2 21 0.019608 24 0.980392
mnt_body.png
 47 1.019814 -8.405860 17.439402 0.383544 -0.868797 0.313187 0.276646 0.848234 1 24 1.000000
 47 0.000000 -8.610688 17.470442 0.000000 -0.982916 0.184052 0.277371 0.866804 1 24 1.000000
 47 0.986434 -8.446931 16.744381 0.389877 -0.904977 -0.170333 0.268803 0.844190 1 24 1.000000
mnt_body.png
 47 1.019814 -8.405860 17.439402 0.383544 -0.868797 0.313187 0.276646 0.848234 1 24 1.000000
 47 1.426591 -7.832105 17.968891 0.598443 -0.526057 0.604260 0.285084 0.841733 1 24 1.000000
 47 0.968955 -8.100696 18.007927 0.293402 -0.692377 0.659189 0.284207 0.851087 1 24 1.000000
mnt_body.png
 47 1.019814 -8.405860 17.439402 0.383544 -0.868797 0.313187 0.276646 0.848234 1 24 1.000000
 47 0.000000 -8.315270 18.056574 0.000000 -0.806487 0.591252 0.285672 0.869146 1 24 1.000000
 47 0.000000 -8.610688 17.470442 0.000000 -0.982916 0.184052 0.277371 0.866804 1 24 1.000000
mnt_body.png
 47 1.019814 -8.405860 17.439402 0.383544 -0.868797 0.313187 0.276646 0.848234 1 24 1.000000
 47 0.968955 -8.100696 18.007927 0.293402 -0.692377 0.659189 0.284207 0.851087 1 24 1.000000
 47 0.000000 -8.315270 18.056574 0.000000 -0.806487 0.591252 0.285672 0.869146 1 24 1.000000
mnt_body.png
 47 1.803149 -7.109163 17.881302 0.798206 -0.222923 0.559619 0.287152 0.824773 2 21 0.019608 24 0.980392
 47 1.956766 -6.250203 17.737711 0.887426 0.088262 0.452421 0.289456 0.806889 2 21 0.050980 24 0.949020
 47 1.501804 -6.330659 18.273619 0.618808 0.021553 0.785246 0.295117 0.815923 2 21 0.050980 24 0.949020
mnt_body.png
 47 1.803149 -7.109163 17.881302 0.798206 -0.222923 0.559619 0.287152 0.824773 2 21 0.019608 24 0.980392
 47 1.070623 -7.110869 18.483446 0.442237 -0.197683 0.874842 0.293500 0.833906 2 21 0.019608 24 0.980392
 47 1.426591 -7.832105 17.968891 0.598443 -0.526057 0.604260 0.285084 0.841733 1 24 1.000000
mnt_body.png
 47 1.803149 -7.109163 17.881302 0.798206 -0.222923 0.559619 0.287152 0.824773 2 21 0.019608 24 0.980392
 47 1.501804 -6.330659 18.273619 0.618808 0.021553 0.785246 0.295117 0.815923 2 21 0.050980 24 0.949020
 47 1.070623 -7.110869 18.483446 0.442237 -0.197683 0.874842 0.293500 0.833906 2 21 0.019608 24 0.980392
mnt_body.png
 47 1.426591 -7.832105 17.968891 0.598443 -0.526057 0.604260 0.285084 0.841733 1 24 1.000000
 47 0.996484 -7.723226 18.292089 0.291582 -0.440323 0.849174 0.288685 0.844495 1 24 1.000000
 47 0.968955 -8.100696 18.007927 0.293402 -0.692377 0.659189 0.284207 0.851087 1 24 1.000000
mnt_body.png
 47 1.426591 -7.832105 17.968891 0.598443 -0.526057 0.604260 0.285084 0.841733 1 24 1.000000
 47 1.070623 -7.110869 18.483446 0.442237 -0.197683 0.874842 0.293500 0.833906 2 21 0.019608 24 0.980392
 47 0.996484 -7.723226 18.292089 0.291582 -0.440323 0.849174 0.288685 0.844495 1 24 1.000000
mnt_body.png
 47 2.047266 -7.140827 16.532944 0.930206 -0.252626 -0.266264 0.274136 0.812955 2 21 0.019608 24 0.980392
 47 2.024685 -6.186665 16.301645 0.914612 0.127318 -0.383765 0.275296 0.793797 2 21 0.050980 24 0.949020
 47 2.141408 -6.182220 17.073336 0.996308 0.070477 0.049019 0.283146 0.799184 2 21 0.050980 24 0.949020
mnt_body.png
 47 2.047266 -7.140827 16.532944 0.930206 -0.252626 -0.266264 0.274136 0.812955 2 21 0.019608 24 0.980392
 47 1.709306 -7.079526 15.916440 0.697101 -0.203596 -0.687458 0.268368 0.810803 2 21 0.019608 24 0.980392
 47 2.024685 -6.186665 16.301645 0.914612 0.127318 -0.383765 0.275296 0.793797 2 21 0.050980 24 0.949020
mnt_body.png
 47 2.047266 -7.140827 16.532944 0.930206 -0.252626 -0.266264 0.274136 0.812955 2 21 0.019608 24 0.980392
 47 1.437281 -7.805070 16.038342 0.629681 -0.575144 -0.522217 0.267277 0.829183 1 24 1.000000
 47 1.709306 -7.079526 15.916440 0.697101 -0.203596 -0.687458 0.268368 0.810803 2 21 0.019608 24 0.980392
mnt_body.png
 47 2.141408 -6.182220 17.073336 0.996308 0.070477 0.049019 0.283146 0.799184 2 21 0.050980 24 0.949020
 47 1.837247 -5.033381 17.127428 0.943383 0.317004 0.097657 0.287831 0.778767 2 21 0.200000 24 0.800000
 47 1.956766 -6.250203 17.737711 0.887426 0.088262 0.452421 0.289456 0.806889 2 21 0.050980 24 0.949020
mnt_body.png
 47 2.141408 -6.182220 17.073336 0.996308 0.070477 0.049019 0.283146 0.799184 2 21 0.050980 24 0.949020
 47 2.024685 -6.186665 16.301645 0.914612 0.127318 -0.383765 0.275296 0.793797 2 21 0.050980 24 0.949020
 47 1.837247 -5.033381 17.127428 0.943383 0.317004 0.097657 0.287831 0.778767 2 21 0.200000 24 0.800000
mnt_body.png
 47 1.956766 -6.250203 17.737711 0.887426 0.088262 0.452421 0.289456 0.806889 2 21 0.050980 24 0.949020
 47 1.837247 -5.033381 17.127428 0.943383 0.317004 0.097657 0.287831 0.778767 2 21 0.200000 24 0.800000
 47 1.272635 -5.006949 18.197403 0.653900 0.225072 0.722328 0.300107 0.790135 2 21 0.200000 24 0.800000
mnt_body.png
 47 1.956766 -6.250203 17.737711 0.887426 0.088262 0.452421 0.289456 0.806889 2 21 0.050980 24 0.949020
 47 1.272635 -5.006949 18.197403 0.653900 0.225072 0.722328 0.300107 0.790135 2 21 0.200000 24 0.800000
 47 1.501804 -6.330659 18.273619 0.618808 0.021553 0.785246 0.295117 0.815923 2 21 0.050980 24 0.949020
mnt_body.png
 47 0.000000 -8.610688 17.470442 0.000000 -0.982916 0.184052 0.277371 0.866804 1 24 1.000000
 47 0.000000 -8.642011 16.757816 0.000000 -0.988871 -0.148774 0.267735 0.861639 1 24 1.000000
 47 0.986434 -8.446931 16.744381 0.389877 -0.904977 -0.170333 0.268803 0.844190 1 24 1.000000
mnt_body.png
 47 0.968955 -8.100696 18.007927 0.293402 -0.692377 0.659189 0.284207 0.851087 1 24 1.000000
 47 0.996484 -7.723226 18.292089 0.291582 -0.440323 0.849174 0.288685 0.844495 1 24 1.000000
 47 0.000000 -7.840354 18.417234 0.000000 -0.530616 0.847612 0.292897 0.863775 1 24 1.000000
mnt_body.png
 47 0.968955 -8.100696 18.007927 0.293402 -0.692377 0.659189 0.284207 0.851087 1 24 1.000000
 47 0.000000 -7.840354 18.417234 0.000000 -0.530616 0.847612 0.292897 0.863775 1 24 1.000000
 47 0.000000 -8.315270 18.056574 0.000000 -0.806487 0.591252 0.285672 0.869146 1 24 1.000000
mnt_body.png
 47 1.501804 -6.330659 18.273619 0.618808 0.021553 0.785246 0.295117 0.815923 2 21 0.050980 24 0.949020
 47 0.807991 -6.444132 18.629469 0.266286 0.029321 0.963448 0.300412 0.827710 2 21 0.050980 24 0.949020
 47 1.070623 -7.110869 18.483446 0.442237 -0.197683 0.874842 0.293500 0.833906 2 21 0.019608 24 0.980392
mnt_body.png
 47 1.501804 -6.330659 18.273619 0.618808 0.021553 0.785246 0.295117 0.815923 2 21 0.050980 24 0.949020
 47 1.272635 -5.006949 18.197403 0.653900 0.225072 0.722328 0.300107 0.790135 2 21 0.200000 24 0.800000
 47 0.807991 -6.444132 18.629469 0.266286 0.029321 0.963448 0.300412 0.827710 2 21 0.050980 24 0.949020
mnt_body.png
 47 1.070623 -7.110869 18.483446 0.442237 -0.197683 0.874842 0.293500 0.833906 2 21 0.019608 24 0.980392
 47 0.807991 -6.444132 18.629469 0.266286 0.029321 0.963448 0.300412 0.827710 2 21 0.050980 24 0.949020
 47 0.000000 -7.236024 18.654411 0.000000 -0.236652 0.971595 0.298863 0.855688 2 21 0.019608 24 0.980392
mnt_body.png
 47 1.070623 -7.110869 18.483446 0.442237 -0.197683 0.874842 0.293500 0.833906 2 21 0.019608 24 0.980392
 47 0.000000 -7.236024 18.654411 0.000000 -0.236652 0.971595 0.298863 0.855688 2 21 0.019608 24 0.980392
 47 0.996484 -7.723226 18.292089 0.291582 -0.440323 0.849174 0.288685 0.844495 1 24 1.000000
mnt_body.png
 47 0.996484 -7.723226 18.292089 0.291582 -0.440323 0.849174 0.288685 0.844495 1 24 1.000000
 47 0.000000 -7.236024 18.654411 0.000000 -0.236652 0.971595 0.298863 0.855688 2 21 0.019608 24 0.980392
 47 0.000000 -7.840354 18.417234 0.000000 -0.530616 0.847612 0.292897 0.863775 1 24 1.000000
mnt_body.png
 47 2.024685 -6.186665 16.301645 0.914612 0.127318 -0.383765 0.275296 0.793797 2 21 0.050980 24 0.949020
 47 1.709306 -7.079526 15.916440 0.697101 -0.203596 -0.687458 0.268368 0.810803 2 21 0.019608 24 0.980392
 47 1.628317 -6.183046 15.790696 0.653792 0.115527 -0.747803 0.268727 0.789906 2 21 0.050980 24 0.949020
mnt_body.png
 47 2.024685 -6.186665 16.301645 0.914612 0.127318 -0.383765 0.275296 0.793797 2 21 0.050980 24 0.949020
 47 1.635371 -5.017061 16.360493 0.810220 0.377662 -0.448235 0.279736 0.772793 2 21 0.200000 24 0.800000
 47 1.837247 -5.033381 17.127428 0.943383 0.317004 0.097657 0.287831 0.778767 2 21 0.200000 24 0.800000
mnt_body.png
 47 2.024685 -6.186665 16.301645 0.914612 0.127318 -0.383765 0.275296 0.793797 2 21 0.050980 24 0.949020
 47 1.628317 -6.183046 15.790696 0.653792 0.115527 -0.747803 0.268727 0.789906 2 21 0.050980 24 0.949020
 47 1.635371 -5.017061 16.360493 0.810220 0.377662 -0.448235 0.279736 0.772793 2 21 0.200000 24 0.800000
mnt_body.png
 47 1.709306 -7.079526 15.916440 0.697101 -0.203596 -0.687458 0.268368 0.810803 2 21 0.019608 24 0.980392
 47 0.950295 -7.755273 15.672133 0.349951 -0.440010 -0.826998 0.261166 0.822187 1 24 1.000000
 47 1.013139 -7.117514 15.482349 0.398859 -0.158313 -0.903243 0.260884 0.806004 2 21 0.019608 24 0.980392
mnt_body.png
 47 1.709306 -7.079526 15.916440 0.697101 -0.203596 -0.687458 0.268368 0.810803 2 21 0.019608 24 0.980392
 47 1.013139 -7.117514 15.482349 0.398859 -0.158313 -0.903243 0.260884 0.806004 2 21 0.019608 24 0.980392
 47 1.628317 -6.183046 15.790696 0.653792 0.115527 -0.747803 0.268727 0.789906 2 21 0.050980 24 0.949020
mnt_body.png
 47 1.709306 -7.079526 15.916440 0.697101 -0.203596 -0.687458 0.268368 0.810803 2 21 0.019608 24 0.980392
 47 1.437281 -7.805070 16.038342 0.629681 -0.575144 -0.522217 0.267277 0.829183 1 24 1.000000
 47 0.950295 -7.755273 15.672133 0.349951 -0.440010 -0.826998 0.261166 0.822187 1 24 1.000000
mnt_body.png
 47 1.837247 -5.033381 17.127428 0.943383 0.317004 0.097657 0.287831 0.778767 2 21 0.200000 24 0.800000
 47 1.309294 -3.766908 17.266617 0.904519 0.422904 0.054741 0.293851 0.757557 2 21 0.301961 24 0.698039
 47 1.272635 -5.006949 18.197403 0.653900 0.225072 0.722328 0.300107 0.790135 2 21 0.200000 24 0.800000
mnt_body.png
 47 1.837247 -5.033381 17.127428 0.943383 0.317004 0.097657 0.287831 0.778767 2 21 0.200000 24 0.800000
 47 1.635371 -5.017061 16.360493 0.810220 0.377662 -0.448235 0.279736 0.772793 2 21 0.200000 24 0.800000
 47 1.309294 -3.766908 17.266617 0.904519 0.422904 0.054741 0.293851 0.757557 2 21 0.301961 24 0.698039
mnt_body.png
 47 0.000000 -8.642011 16.757816 0.000000 -0.988871 -0.148774 0.267735 0.861639 1 24 1.000000
 47 0.000000 -8.384068 16.030834 0.000000 -0.870115 -0.492849 0.259594 0.849737 1 24 1.000000
 47 0.986434 -8.446931 16.744381 0.389877 -0.904977 -0.170333 0.268803 0.844190 1 24 1.000000
mnt_body.png
 47 0.986434 -8.446931 16.744381 0.389877 -0.904977 -0.170333 0.268803 0.844190 1 24 1.000000
 47 0.000000 -8.384068 16.030834 0.000000 -0.870115 -0.492849 0.259594 0.849737 1 24 1.000000
 47 0.934479 -8.179484 16.070166 0.319048 -0.751583 -0.577348 0.265568 0.839673 1 24 1.000000
mnt_body.png
 47 0.986434 -8.446931 16.744381 0.389877 -0.904977 -0.170333 0.268803 0.844190 1 24 1.000000
 47 0.934479 -8.179484 16.070166 0.319048 -0.751583 -0.577348 0.265568 0.839673 1 24 1.000000
 47 1.437281 -7.805070 16.038342 0.629681 -0.575144 -0.522217 0.267277 0.829183 1 24 1.000000
mnt_body.png
 47 0.807991 -6.444132 18.629469 0.266286 0.029321 0.963448 0.300412 0.827710 2 21 0.050980 24 0.949020
 47 1.272635 -5.006949 18.197403 0.653900 0.225072 0.722328 0.300107 0.790135 2 21 0.200000 24 0.800000
 47 0.000000 -5.006399 18.545891 0.000000 0.121405 0.992603 0.312863 0.800870 2 21 0.200000 24 0.800000
mnt_body.png
 47 0.807991 -6.444132 18.629469 0.266286 0.029321 0.963448 0.300412 0.827710 2 21 0.050980 24 0.949020
 47 0.000000 -6.545099 18.729944 0.000000 0.005961 0.999982 0.305684 0.841070 2 21 0.050980 24 0.949020
 47 0.000000 -7.236024 18.654411 0.000000 -0.236652 0.971595 0.298863 0.855688 2 21 0.019608 24 0.980392
mnt_body.png
 47 0.807991 -6.444132 18.629469 0.266286 0.029321 0.963448 0.300412 0.827710 2 21 0.050980 24 0.949020
 47 0.000000 -5.006399 18.545891 0.000000 0.121405 0.992603 0.312863 0.800870 2 21 0.200000 24 0.800000
 47 0.000000 -6.545099 18.729944 0.000000 0.005961 0.999982 0.305684 0.841070 2 21 0.050980 24 0.949020
mnt_body.png
 47 1.628317 -6.183046 15.790696 0.653792 0.115527 -0.747803 0.268727 0.789906 2 21 0.050980 24 0.949020
 47 1.013139 -7.117514 15.482349 0.398859 -0.158313 -0.903243 0.260884 0.806004 2 21 0.019608 24 0.980392
 47 1.038545 -6.207804 15.432488 0.291357 0.109481 -0.950329 0.261883 0.786618 2 21 0.050980 24 0.949020
mnt_body.png
 47 1.628317 -6.183046 15.790696 0.653792 0.115527 -0.747803 0.268727 0.789906 2 21 0.050980 24 0.949020
 47 1.038545 -6.207804 15.432488 0.291357 0.109481 -0.950329 0.261883 0.786618 2 21 0.050980 24 0.949020
 47 1.163999 -4.963531 15.853771 0.471692 0.373835 -0.798595 0.273098 0.766712 2 21 0.200000 24 0.800000
mnt_body.png
 47 1.628317 -6.183046 15.790696 0.653792 0.115527 -0.747803 0.268727 0.789906 2 21 0.050980 24 0.949020
 47 1.163999 -4.963531 15.853771 0.471692 0.373835 -0.798595 0.273098 0.766712 2 21 0.200000 24 0.800000
 47 1.635371 -5.017061 16.360493 0.810220 0.377662 -0.448235 0.279736 0.772793 2 21 0.200000 24 0.800000
mnt_body.png
 47 1.635371 -5.017061 16.360493 0.810220 0.377662 -0.448235 0.279736 0.772793 2 21 0.200000 24 0.800000
 47 0.990848 -3.784952 16.538961 0.946233 -0.168419 -0.276185 0.285985 0.750362 1 21 1.000000
 47 1.309294 -3.766908 17.266617 0.904519 0.422904 0.054741 0.293851 0.757557 2 21 0.301961 24 0.698039
mnt_body.png
 47 1.635371 -5.017061 16.360493 0.810220 0.377662 -0.448235 0.279736 0.772793 2 21 0.200000 24 0.800000
 47 1.163999 -4.963531 15.853771 0.471692 0.373835 -0.798595 0.273098 0.766712 2 21 0.200000 24 0.800000
 47 0.990848 -3.784952 16.538961 0.946233 -0.168419 -0.276185 0.285985 0.750362 1 21 1.000000
mnt_body.png
 47 1.013139 -7.117514 15.482349 0.398859 -0.158313 -0.903243 0.260884 0.806004 2 21 0.019608 24 0.980392
 47 0.000000 -7.184050 15.292934 0.000000 -0.184052 -0.982917 0.251507 0.806584 2 21 0.019608 24 0.980392
 47 1.038545 -6.207804 15.432488 0.291357 0.109481 -0.950329 0.261883 0.786618 2 21 0.050980 24 0.949020
mnt_body.png
 47 1.013139 -7.117514 15.482349 0.398859 -0.158313 -0.903243 0.260884 0.806004 2 21 0.019608 24 0.980392
 47 0.950295 -7.755273 15.672133 0.349951 -0.440010 -0.826998 0.261166 0.822187 1 24 1.000000
 47 0.000000 -7.184050 15.292934 0.000000 -0.184052 -0.982917 0.251507 0.806584 2 21 0.019608 24 0.980392
mnt_body.png
 47 1.437281 -7.805070 16.038342 0.629681 -0.575144 -0.522217 0.267277 0.829183 1 24 1.000000
 47 0.934479 -8.179484 16.070166 0.319048 -0.751583 -0.577348 0.265568 0.839673 1 24 1.000000
 47 0.950295 -7.755273 15.672133 0.349951 -0.440010 -0.826998 0.261166 0.822187 1 24 1.000000
mnt_body.png
 47 0.950295 -7.755273 15.672133 0.349951 -0.440010 -0.826998 0.261166 0.822187 1 24 1.000000
 47 0.934479 -8.179484 16.070166 0.319048 -0.751583 -0.577348 0.265568 0.839673 1 24 1.000000
 47 0.000000 -7.861449 15.535318 0.000000 -0.581067 -0.813856 0.251232 0.825467 1 24 1.000000
mnt_body.png
 47 0.950295 -7.755273 15.672133 0.349951 -0.440010 -0.826998 0.261166 0.822187 1 24 1.000000
 47 0.000000 -7.861449 15.535318 0.000000 -0.581067 -0.813856 0.251232 0.825467 1 24 1.000000
 47 0.000000 -7.184050 15.292934 0.000000 -0.184052 -0.982917 0.251507 0.806584 2 21 0.019608 24 0.980392
mnt_body.png
 47 0.000000 -8.384068 16.030834 0.000000 -0.870115 -0.492849 0.259594 0.849737 1 24 1.000000
 47 0.000000 -7.861449 15.535318 0.000000 -0.581067 -0.813856 0.251232 0.825467 1 24 1.000000
 47 0.934479 -8.179484 16.070166 0.319048 -0.751583 -0.577348 0.265568 0.839673 1 24 1.000000
mnt_body.png
 47 0.000000 -5.006399 18.545891 0.000000 0.121405 0.992603 0.312863 0.800870 2 21 0.200000 24 0.800000
 47 1.272635 -5.006949 18.197403 0.653900 0.225072 0.722328 0.300107 0.790135 2 21 0.200000 24 0.800000
 47 0.909984 -3.758470 18.165911 0.585071 0.152632 0.796489 0.303922 0.765332 2 21 0.301961 24 0.698039
mnt_body.png
 47 0.000000 -5.006399 18.545891 0.000000 0.121405 0.992603 0.312863 0.800870 2 21 0.200000 24 0.800000
 47 0.909984 -3.758470 18.165911 0.585071 0.152632 0.796489 0.303922 0.765332 2 21 0.301961 24 0.698039
 47 0.000000 -3.691705 18.472698 0.000000 0.015665 0.999877 0.314931 0.767536 2 21 0.301961 24 0.698039
mnt_body.png
 47 1.038545 -6.207804 15.432488 0.291357 0.109481 -0.950329 0.261883 0.786618 2 21 0.050980 24 0.949020
 47 0.000000 -4.951017 15.618163 0.000000 0.416510 -0.909131 0.263119 0.754192 2 21 0.200000 24 0.800000
 47 1.163999 -4.963531 15.853771 0.471692 0.373835 -0.798595 0.273098 0.766712 2 21 0.200000 24 0.800000
mnt_body.png
 47 1.038545 -6.207804 15.432488 0.291357 0.109481 -0.950329 0.261883 0.786618 2 21 0.050980 24 0.949020
 47 0.000000 -7.184050 15.292934 0.000000 -0.184052 -0.982917 0.251507 0.806584 2 21 0.019608 24 0.980392
 47 0.000000 -6.237353 15.267219 0.000000 0.119444 -0.992841 0.253765 0.783528 2 21 0.050980 24 0.949020
mnt_body.png
 47 1.038545 -6.207804 15.432488 0.291357 0.109481 -0.950329 0.261883 0.786618 2 21 0.050980 24 0.949020
 47 0.000000 -6.237353 15.267219 0.000000 0.119444 -0.992841 0.253765 0.783528 2 21 0.050980 24 0.949020
 47 0.000000 -4.951017 15.618163 0.000000 0.416510 -0.909131 0.263119 0.754192 2 21 0.200000 24 0.800000
mnt_body.png
 47 1.163999 -4.963531 15.853771 0.471692 0.373835 -0.798595 0.273098 0.766712 2 21 0.200000 24 0.800000
 47 0.000000 -4.951017 15.618163 0.000000 0.416510 -0.909131 0.263119 0.754192 2 21 0.200000 24 0.800000
 47 0.990848 -3.784952 16.538961 0.946233 -0.168419 -0.276185 0.285985 0.750362 1 21 1.000000
mnt_body.png
 47 0.990848 -3.784952 16.538961 0.946233 -0.168419 -0.276185 0.285985 0.750362 1 21 1.000000
 47 0.000000 -4.951017 15.618163 0.000000 0.416510 -0.909131 0.263119 0.754192 2 21 0.200000 24 0.800000
 47 0.000000 -4.195208 16.126390 0.000000 -0.668959 -0.743299 0.272343 0.743603 1 21 1.000000
mnt_body.png
 47 0.990848 -3.784952 16.538961 0.946233 -0.168419 -0.276185 0.285985 0.750362 1 21 1.000000
 47 0.992008 -3.268719 17.364187 0.852901 -0.352094 0.385473 0.296910 0.746479 1 21 1.000000
 47 1.309294 -3.766908 17.266617 0.904519 0.422904 0.054741 0.293851 0.757557 2 21 0.301961 24 0.698039
mnt_body.png
 47 1.272635 -5.006949 18.197403 0.653900 0.225072 0.722328 0.300107 0.790135 2 21 0.200000 24 0.800000
 47 1.309294 -3.766908 17.266617 0.904519 0.422904 0.054741 0.293851 0.757557 2 21 0.301961 24 0.698039
 47 0.909984 -3.758470 18.165911 0.585071 0.152632 0.796489 0.303922 0.765332 2 21 0.301961 24 0.698039
mnt_body.png
 47 0.909984 -3.758470 18.165911 0.585071 0.152632 0.796489 0.303922 0.765332 2 21 0.301961 24 0.698039
 47 0.594457 -2.760962 18.242596 0.571053 -0.336307 0.748863 0.308331 0.743038 1 21 1.000000
 47 0.000000 -3.691705 18.472698 0.000000 0.015665 0.999877 0.314931 0.767536 2 21 0.301961 24 0.698039
mnt_body.png
 47 0.909984 -3.758470 18.165911 0.585071 0.152632 0.796489 0.303922 0.765332 2 21 0.301961 24 0.698039
 47 1.309294 -3.766908 17.266617 0.904519 0.422904 0.054741 0.293851 0.757557 2 21 0.301961 24 0.698039
 47 0.594457 -2.760962 18.242596 0.571053 -0.336307 0.748863 0.308331 0.743038 1 21 1.000000
mnt_body.png
 47 0.000000 -3.691705 18.472698 0.000000 0.015665 0.999877 0.314931 0.767536 2 21 0.301961 24 0.698039
 47 0.594457 -2.760962 18.242596 0.571053 -0.336307 0.748863 0.308331 0.743038 1 21 1.000000
 47 0.000000 -2.704075 18.513186 0.000000 -0.455662 0.890153 0.315457 0.744793 1 21 1.000000
mnt_body.png
 47 0.992008 -3.268719 17.364187 0.852901 -0.352094 0.385473 0.296910 0.746479 1 21 1.000000
 47 0.594457 -2.760962 18.242596 0.571053 -0.336307 0.748863 0.308331 0.743038 1 21 1.000000
 47 1.309294 -3.766908 17.266617 0.904519 0.422904 0.054741 0.293851 0.757557 2 21 0.301961 24 0.698039
mnt_body.png
 47 3.378775 -4.467297 0.265417 0.000000 -0.325013 -0.945710 0.268803 0.914641 2 10 0.200000 11 0.800000
 47 4.417985 -5.575913 0.392591 -0.119305 -0.762753 -0.635589 0.265789 0.948226 1 11 1.000000
 47 3.378778 -5.183107 1.323087 0.000000 -0.976555 -0.215267 0.259365 0.914694 1 11 1.000000
mnt_body.png
 47 3.378775 -4.467297 0.265417 0.000000 -0.325013 -0.945710 0.268803 0.914641 2 10 0.200000 11 0.800000
 47 3.378778 -5.183107 1.323087 0.000000 -0.976555 -0.215267 0.259365 0.914694 1 11 1.000000
 47 2.339570 -5.575916 0.392594 0.119303 -0.762740 -0.635605 0.265675 0.881094 1 11 1.000000
mnt_body.png
 47 4.417985 -5.575913 0.392591 -0.119305 -0.762753 -0.635589 0.265789 0.948226 1 11 1.000000
 47 5.329055 -5.311418 0.478294 0.555796 -0.518603 -0.649724 0.259899 0.968376 1 11 1.000000
 47 5.534542 -5.534639 1.369117 0.604673 -0.794453 -0.056696 0.254780 0.959228 1 11 1.000000
mnt_body.png
 47 4.417985 -5.575913 0.392591 -0.119305 -0.762753 -0.635589 0.265789 0.948226 1 11 1.000000
 47 5.534542 -5.534639 1.369117 0.604673 -0.794453 -0.056696 0.254780 0.959228 1 11 1.000000
 47 4.348620 -5.895745 1.509583 -0.148870 -0.977287 0.150825 0.258618 0.937011 1 11 1.000000
mnt_body.png
 47 4.417985 -5.575913 0.392591 -0.119305 -0.762753 -0.635589 0.265789 0.948226 1 11 1.000000
 47 4.348620 -5.895745 1.509583 -0.148870 -0.977287 0.150825 0.258618 0.937011 1 11 1.000000
 47 3.378778 -5.183107 1.323087 0.000000 -0.976555 -0.215267 0.259365 0.914694 1 11 1.000000
mnt_body.png
 47 3.378778 -5.183107 1.323087 0.000000 -0.976555 -0.215267 0.259365 0.914694 1 11 1.000000
 47 3.378780 -5.012406 1.943707 0.000000 -0.653366 0.757042 0.252621 0.914748 1 11 1.000000
 47 2.408937 -5.895749 1.509586 0.144933 -0.977270 0.154720 0.258534 0.892370 1 11 1.000000
mnt_body.png
 47 3.378778 -5.183107 1.323087 0.000000 -0.976555 -0.215267 0.259365 0.914694 1 11 1.000000
 47 2.408937 -5.895749 1.509586 0.144933 -0.977270 0.154720 0.258534 0.892370 1 11 1.000000
 47 2.339570 -5.575916 0.392594 0.119303 -0.762740 -0.635605 0.265675 0.881094 1 11 1.000000
mnt_body.png
 47 3.378778 -5.183107 1.323087 0.000000 -0.976555 -0.215267 0.259365 0.914694 1 11 1.000000
 47 4.348620 -5.895745 1.509583 -0.148870 -0.977287 0.150825 0.258618 0.937011 1 11 1.000000
 47 3.378780 -5.012406 1.943707 0.000000 -0.653366 0.757042 0.252621 0.914748 1 11 1.000000
mnt_body.png
 47 2.339570 -5.575916 0.392594 0.119303 -0.762740 -0.635605 0.265675 0.881094 1 11 1.000000
 47 1.223015 -5.534645 1.369124 -0.608618 -0.792592 -0.037193 0.254627 0.870199 1 11 1.000000
 47 1.428499 -5.311425 0.478301 -0.559760 -0.516701 -0.647834 0.259731 0.861013 1 11 1.000000
mnt_body.png
 47 2.339570 -5.575916 0.392594 0.119303 -0.762740 -0.635605 0.265675 0.881094 1 11 1.000000
 47 2.408937 -5.895749 1.509586 0.144933 -0.977270 0.154720 0.258534 0.892370 1 11 1.000000
 47 1.223015 -5.534645 1.369124 -0.608618 -0.792592 -0.037193 0.254627 0.870199 1 11 1.000000
mnt_body.png
 47 5.329055 -5.311418 0.478294 0.555796 -0.518603 -0.649724 0.259899 0.968376 1 11 1.000000
 47 5.693369 -4.338664 0.266026 0.645212 -0.046921 -0.762562 0.250553 0.985931 2 10 0.200000 11 0.800000
 47 6.016702 -4.361878 1.294945 0.983102 -0.164510 0.080288 0.245006 0.974151 2 10 0.200000 11 0.800000
mnt_body.png
 47 5.329055 -5.311418 0.478294 0.555796 -0.518603 -0.649724 0.259899 0.968376 1 11 1.000000
 47 6.016702 -4.361878 1.294945 0.983102 -0.164510 0.080288 0.245006 0.974151 2 10 0.200000 11 0.800000
 47 5.534542 -5.534639 1.369117 0.604673 -0.794453 -0.056696 0.254780 0.959228 1 11 1.000000
mnt_body.png
 47 5.534542 -5.534639 1.369117 0.604673 -0.794453 -0.056696 0.254780 0.959228 1 11 1.000000
 47 6.016702 -4.361878 1.294945 0.983102 -0.164510 0.080288 0.245006 0.974151 2 10 0.200000 11 0.800000
 47 5.431308 -5.288657 2.084536 0.597191 -0.548268 0.585461 0.248997 0.953483 1 11 1.000000
mnt_body.png
 47 5.534542 -5.534639 1.369117 0.604673 -0.794453 -0.056696 0.254780 0.959228 1 11 1.000000
 47 5.431308 -5.288657 2.084536 0.597191 -0.548268 0.585461 0.248997 0.953483 1 11 1.000000
 47 4.348620 -5.895745 1.509583 -0.148870 -0.977287 0.150825 0.258618 0.937011 1 11 1.000000
mnt_body.png
 47 4.348620 -5.895745 1.509583 -0.148870 -0.977287 0.150825 0.258618 0.937011 1 11 1.000000
 47 4.480013 -5.537412 2.348204 -0.084163 -0.649793 0.755437 0.250988 0.936133 1 11 1.000000
 47 3.378780 -5.012406 1.943707 0.000000 -0.653366 0.757042 0.252621 0.914748 1 11 1.000000
mnt_body.png
 47 4.348620 -5.895745 1.509583 -0.148870 -0.977287 0.150825 0.258618 0.937011 1 11 1.000000
 47 5.431308 -5.288657 2.084536 0.597191 -0.548268 0.585461 0.248997 0.953483 1 11 1.000000
 47 4.480013 -5.537412 2.348204 -0.084163 -0.649793 0.755437 0.250988 0.936133 1 11 1.000000
mnt_body.png
 47 2.408937 -5.895749 1.509586 0.144933 -0.977270 0.154720 0.258534 0.892370 1 11 1.000000
 47 3.378780 -5.012406 1.943707 0.000000 -0.653366 0.757042 0.252621 0.914748 1 11 1.000000
 47 2.277546 -5.537416 2.348207 0.068498 -0.653752 0.753603 0.250935 0.893370 1 11 1.000000
mnt_body.png
 47 2.408937 -5.895749 1.509586 0.144933 -0.977270 0.154720 0.258534 0.892370 1 11 1.000000
 47 1.372300 -5.293470 2.060054 -0.597317 -0.556273 0.577731 0.249134 0.876486 1 11 1.000000
 47 1.223015 -5.534645 1.369124 -0.608618 -0.792592 -0.037193 0.254627 0.870199 1 11 1.000000
mnt_body.png
 47 2.408937 -5.895749 1.509586 0.144933 -0.977270 0.154720 0.258534 0.892370 1 11 1.000000
 47 2.277546 -5.537416 2.348207 0.068498 -0.653752 0.753603 0.250935 0.893370 1 11 1.000000
 47 1.372300 -5.293470 2.060054 -0.597317 -0.556273 0.577731 0.249134 0.876486 1 11 1.000000
mnt_body.png
 47 1.223015 -5.534645 1.369124 -0.608618 -0.792592 -0.037193 0.254627 0.870199 1 11 1.000000
 47 0.740851 -4.322550 1.294952 -0.982245 -0.172233 0.074374 0.244511 0.855184 2 10 0.200000 11 0.800000
 47 1.428499 -5.311425 0.478301 -0.559760 -0.516701 -0.647834 0.259731 0.861013 1 11 1.000000
mnt_body.png
 47 1.223015 -5.534645 1.369124 -0.608618 -0.792592 -0.037193 0.254627 0.870199 1 11 1.000000
 47 1.372300 -5.293470 2.060054 -0.597317 -0.556273 0.577731 0.249134 0.876486 1 11 1.000000
 47 0.740851 -4.322550 1.294952 -0.982245 -0.172233 0.074374 0.244511 0.855184 2 10 0.200000 11 0.800000
mnt_body.png
 47 1.428499 -5.311425 0.478301 -0.559760 -0.516701 -0.647834 0.259731 0.861013 1 11 1.000000
 47 0.740851 -4.322550 1.294952 -0.982245 -0.172233 0.074374 0.244511 0.855184 2 10 0.200000 11 0.800000
 47 1.064181 -4.338673 0.266032 -0.712834 -0.076389 -0.697161 0.250332 0.843664 2 10 0.200000 11 0.800000
mnt_body.png
 47 5.693369 -4.338664 0.266026 0.645212 -0.046921 -0.762562 0.250553 0.985931 2 10 0.200000 11 0.800000
 47 5.848442 -2.530877 1.117599 0.997103 0.054762 -0.052783 0.227710 0.982406 2 10 0.800000 11 0.200000
 47 6.016702 -4.361878 1.294945 0.983102 -0.164510 0.080288 0.245006 0.974151 2 10 0.200000 11 0.800000
mnt_body.png
 47 5.693369 -4.338664 0.266026 0.645212 -0.046921 -0.762562 0.250553 0.985931 2 10 0.200000 11 0.800000
 47 5.510535 -2.542850 0.479983 0.718081 0.044964 -0.694506 0.229145 0.994041 2 10 0.800000 11 0.200000
 47 5.848442 -2.530877 1.117599 0.997103 0.054762 -0.052783 0.227710 0.982406 2 10 0.800000 11 0.200000
mnt_body.png
 47 6.016702 -4.361878 1.294945 0.983102 -0.164510 0.080288 0.245006 0.974151 2 10 0.200000 11 0.800000
 47 5.614409 -4.326639 2.246042 0.624407 -0.017547 0.780902 0.240688 0.956855 2 10 0.200000 11 0.800000
 47 5.431308 -5.288657 2.084536 0.597191 -0.548268 0.585461 0.248997 0.953483 1 11 1.000000
mnt_body.png
 47 6.016702 -4.361878 1.294945 0.983102 -0.164510 0.080288 0.245006 0.974151 2 10 0.200000 11 0.800000
 47 5.485757 -2.679678 2.063131 0.761161 -0.035238 0.647605 0.228176 0.962577 2 10 0.800000 11 0.200000
 47 5.614409 -4.326639 2.246042 0.624407 -0.017547 0.780902 0.240688 0.956855 2 10 0.200000 11 0.800000
mnt_body.png
 47 6.016702 -4.361878 1.294945 0.983102 -0.164510 0.080288 0.245006 0.974151 2 10 0.200000 11 0.800000
 47 5.848442 -2.530877 1.117599 0.997103 0.054762 -0.052783 0.227710 0.982406 2 10 0.800000 11 0.200000
 47 5.485757 -2.679678 2.063131 0.761161 -0.035238 0.647605 0.228176 0.962577 2 10 0.800000 11 0.200000
mnt_body.png
 47 5.431308 -5.288657 2.084536 0.597191 -0.548268 0.585461 0.248997 0.953483 1 11 1.000000
 47 5.614409 -4.326639 2.246042 0.624407 -0.017547 0.780902 0.240688 0.956855 2 10 0.200000 11 0.800000
 47 4.612758 -4.615566 2.622274 -0.007820 -0.146866 0.989126 0.242809 0.936591 2 10 0.200000 11 0.800000
mnt_body.png
 47 5.431308 -5.288657 2.084536 0.597191 -0.548268 0.585461 0.248997 0.953483 1 11 1.000000
 47 4.612758 -4.615566 2.622274 -0.007820 -0.146866 0.989126 0.242809 0.936591 2 10 0.200000 11 0.800000
 47 4.480013 -5.537412 2.348204 -0.084163 -0.649793 0.755437 0.250988 0.936133 1 11 1.000000
mnt_body.png
 47 4.480013 -5.537412 2.348204 -0.084163 -0.649793 0.755437 0.250988 0.936133 1 11 1.000000
 47 4.612758 -4.615566 2.622274 -0.007820 -0.146866 0.989126 0.242809 0.936591 2 10 0.200000 11 0.800000
 47 3.378780 -5.012406 1.943707 0.000000 -0.653366 0.757042 0.252621 0.914748 1 11 1.000000
mnt_body.png
 47 2.277546 -5.537416 2.348207 0.068498 -0.653752 0.753603 0.250935 0.893370 1 11 1.000000
 47 3.378780 -5.012406 1.943707 0.000000 -0.653366 0.757042 0.252621 0.914748 1 11 1.000000
 47 2.144799 -4.615571 2.622278 -0.001955 -0.154590 0.987977 0.242786 0.892988 2 10 0.200000 11 0.800000
mnt_body.png
 47 2.277546 -5.537416 2.348207 0.068498 -0.653752 0.753603 0.250935 0.893370 1 11 1.000000
 47 2.144799 -4.615571 2.622278 -0.001955 -0.154590 0.987977 0.242786 0.892988 2 10 0.200000 11 0.800000
 47 1.372300 -5.293470 2.060054 -0.597317 -0.556273 0.577731 0.249134 0.876486 1 11 1.000000
mnt_body.png
 47 1.372300 -5.293470 2.060054 -0.597317 -0.556273 0.577731 0.249134 0.876486 1 11 1.000000
 47 2.144799 -4.615571 2.622278 -0.001955 -0.154590 0.987977 0.242786 0.892988 2 10 0.200000 11 0.800000
 47 1.096822 -4.326615 2.223466 -0.627734 -0.056648 0.776364 0.240711 0.871954 2 10 0.200000 11 0.800000
mnt_body.png
 47 1.372300 -5.293470 2.060054 -0.597317 -0.556273 0.577731 0.249134 0.876486 1 11 1.000000
 47 1.096822 -4.326615 2.223466 -0.627734 -0.056648 0.776364 0.240711 0.871954 2 10 0.200000 11 0.800000
 47 0.740851 -4.322550 1.294952 -0.982245 -0.172233 0.074374 0.244511 0.855184 2 10 0.200000 11 0.800000
mnt_body.png
 47 0.740851 -4.322550 1.294952 -0.982245 -0.172233 0.074374 0.244511 0.855184 2 10 0.200000 11 0.800000
 47 0.909105 -2.530889 1.117606 -0.996311 0.060678 -0.060678 0.227504 0.847105 2 10 0.800000 11 0.200000
 47 1.064181 -4.338673 0.266032 -0.712834 -0.076389 -0.697161 0.250332 0.843664 2 10 0.200000 11 0.800000
mnt_body.png
 47 0.740851 -4.322550 1.294952 -0.982245 -0.172233 0.074374 0.244511 0.855184 2 10 0.200000 11 0.800000
 47 1.255191 -2.727761 2.137397 -0.761136 -0.035190 0.647637 0.228267 0.868086 2 10 0.800000 11 0.200000
 47 0.909105 -2.530889 1.117606 -0.996311 0.060678 -0.060678 0.227504 0.847105 2 10 0.800000 11 0.200000
mnt_body.png
 47 0.740851 -4.322550 1.294952 -0.982245 -0.172233 0.074374 0.244511 0.855184 2 10 0.200000 11 0.800000
 47 1.096822 -4.326615 2.223466 -0.627734 -0.056648 0.776364 0.240711 0.871954 2 10 0.200000 11 0.800000
 47 1.255191 -2.727761 2.137397 -0.761136 -0.035190 0.647637 0.228267 0.868086 2 10 0.800000 11 0.200000
mnt_body.png
 47 1.064181 -4.338673 0.266032 -0.712834 -0.076389 -0.697161 0.250332 0.843664 2 10 0.200000 11 0.800000
 47 0.909105 -2.530889 1.117606 -0.996311 0.060678 -0.060678 0.227504 0.847105 2 10 0.800000 11 0.200000
 47 1.247012 -2.542860 0.479990 -0.630008 0.052810 -0.774791 0.228954 0.835515 2 10 0.800000 11 0.200000
mnt_body.png
 47 5.510535 -2.542850 0.479983 0.718081 0.044964 -0.694506 0.229145 0.994041 2 10 0.800000 11 0.200000
 47 5.524349 0.659897 0.291506 0.539922 0.103682 -0.835305 0.193660 0.988724 1 10 1.000000
 47 5.813600 0.629170 1.072273 0.956912 0.240694 -0.162434 0.196582 0.978874 1 10 1.000000
mnt_body.png
 47 5.510535 -2.542850 0.479983 0.718081 0.044964 -0.694506 0.229145 0.994041 2 10 0.800000 11 0.200000
 47 5.813600 0.629170 1.072273 0.956912 0.240694 -0.162434 0.196582 0.978874 1 10 1.000000
 47 5.848442 -2.530877 1.117599 0.997103 0.054762 -0.052783 0.227710 0.982406 2 10 0.800000 11 0.200000
mnt_body.png
 47 5.614409 -4.326639 2.246042 0.624407 -0.017547 0.780902 0.240688 0.956855 2 10 0.200000 11 0.800000
 47 4.574066 -3.190951 2.432422 0.076342 -0.041127 0.996233 0.231159 0.938842 2 10 0.800000 11 0.200000
 47 4.612758 -4.615566 2.622274 -0.007820 -0.146866 0.989126 0.242809 0.936591 2 10 0.200000 11 0.800000
mnt_body.png
 47 5.614409 -4.326639 2.246042 0.624407 -0.017547 0.780902 0.240688 0.956855 2 10 0.200000 11 0.800000
 47 5.485757 -2.679678 2.063131 0.761161 -0.035238 0.647605 0.228176 0.962577 2 10 0.800000 11 0.200000
 47 4.574066 -3.190951 2.432422 0.076342 -0.041127 0.996233 0.231159 0.938842 2 10 0.800000 11 0.200000
mnt_body.png
 47 4.612758 -4.615566 2.622274 -0.007820 -0.146866 0.989126 0.242809 0.936591 2 10 0.200000 11 0.800000
 47 4.574066 -3.190951 2.432422 0.076342 -0.041127 0.996233 0.231159 0.938842 2 10 0.800000 11 0.200000
 47 3.378763 -4.288982 2.209885 0.000000 -0.056839 0.998383 0.244190 0.914786 2 10 0.200000 11 0.800000
mnt_body.png
 47 4.612758 -4.615566 2.622274 -0.007820 -0.146866 0.989126 0.242809 0.936591 2 10 0.200000 11 0.800000
 47 3.378763 -4.288982 2.209885 0.000000 -0.056839 0.998383 0.244190 0.914786 2 10 0.200000 11 0.800000
 47 3.378780 -5.012406 1.943707 0.000000 -0.653366 0.757042 0.252621 0.914748 1 11 1.000000
mnt_body.png
 47 3.378780 -5.012406 1.943707 0.000000 -0.653366 0.757042 0.252621 0.914748 1 11 1.000000
 47 3.378763 -4.288982 2.209885 0.000000 -0.056839 0.998383 0.244190 0.914786 2 10 0.200000 11 0.800000
 47 2.144799 -4.615571 2.622278 -0.001955 -0.154590 0.987977 0.242786 0.892988 2 10 0.200000 11 0.800000
mnt_body.png
 47 2.144799 -4.615571 2.622278 -0.001955 -0.154590 0.987977 0.242786 0.892988 2 10 0.200000 11 0.800000
 47 3.378763 -4.288982 2.209885 0.000000 -0.056839 0.998383 0.244190 0.914786 2 10 0.200000 11 0.800000
 47 2.183488 -3.190957 2.432426 -0.058746 -0.056767 0.996658 0.231136 0.890921 2 10 0.800000 11 0.200000
mnt_body.png
 47 2.144799 -4.615571 2.622278 -0.001955 -0.154590 0.987977 0.242786 0.892988 2 10 0.200000 11 0.800000
 47 2.183488 -3.190957 2.432426 -0.058746 -0.056767 0.996658 0.231136 0.890921 2 10 0.800000 11 0.200000
 47 1.096822 -4.326615 2.223466 -0.627734 -0.056648 0.776364 0.240711 0.871954 2 10 0.200000 11 0.800000
mnt_body.png
 47 1.096822 -4.326615 2.223466 -0.627734 -0.056648 0.776364 0.240711 0.871954 2 10 0.200000 11 0.800000
 47 2.183488 -3.190957 2.432426 -0.058746 -0.056767 0.996658 0.231136 0.890921 2 10 0.800000 11 0.200000
 47 1.255191 -2.727761 2.137397 -0.761136 -0.035190 0.647637 0.228267 0.868086 2 10 0.800000 11 0.200000
mnt_body.png
 47 0.909105 -2.530889 1.117606 -0.996311 0.060678 -0.060678 0.227504 0.847105 2 10 0.800000 11 0.200000
 47 1.219362 0.512132 2.139707 -0.895428 0.242430 0.373411 0.202167 0.868772 2 9 0.101961 10 0.898039
 47 0.961691 0.629773 1.072324 -0.975418 0.189990 -0.111639 0.196544 0.855344 1 10 1.000000
mnt_body.png
 47 0.909105 -2.530889 1.117606 -0.996311 0.060678 -0.060678 0.227504 0.847105 2 10 0.800000 11 0.200000
 47 1.255191 -2.727761 2.137397 -0.761136 -0.035190 0.647637 0.228267 0.868086 2 10 0.800000 11 0.200000
 47 1.219362 0.512132 2.139707 -0.895428 0.242430 0.373411 0.202167 0.868772 2 9 0.101961 10 0.898039
mnt_body.png
 47 0.909105 -2.530889 1.117606 -0.996311 0.060678 -0.060678 0.227504 0.847105 2 10 0.800000 11 0.200000
 47 0.961691 0.629773 1.072324 -0.975418 0.189990 -0.111639 0.196544 0.855344 1 10 1.000000
 47 1.247012 -2.542860 0.479990 -0.630008 0.052810 -0.774791 0.228954 0.835515 2 10 0.800000 11 0.200000
mnt_body.png
 47 1.255191 -2.727761 2.137397 -0.761136 -0.035190 0.647637 0.228267 0.868086 2 10 0.800000 11 0.200000
 47 2.489347 -1.195184 3.261863 -0.449805 -0.559371 0.696261 0.214366 0.897673 2 9 0.498039 10 0.501961
 47 1.813406 0.267771 3.261864 -0.868276 0.084091 0.488903 0.204471 0.888220 2 9 0.498039 10 0.501961
mnt_body.png
 47 1.255191 -2.727761 2.137397 -0.761136 -0.035190 0.647637 0.228267 0.868086 2 10 0.800000 11 0.200000
 47 2.183488 -3.190957 2.432426 -0.058746 -0.056767 0.996658 0.231136 0.890921 2 10 0.800000 11 0.200000
 47 2.489347 -1.195184 3.261863 -0.449805 -0.559371 0.696261 0.214366 0.897673 2 9 0.498039 10 0.501961
mnt_body.png
 47 1.255191 -2.727761 2.137397 -0.761136 -0.035190 0.647637 0.228267 0.868086 2 10 0.800000 11 0.200000
 47 1.813406 0.267771 3.261864 -0.868276 0.084091 0.488903 0.204471 0.888220 2 9 0.498039 10 0.501961
 47 1.219362 0.512132 2.139707 -0.895428 0.242430 0.373411 0.202167 0.868772 2 9 0.101961 10 0.898039
mnt_body.png
 47 1.247012 -2.542860 0.479990 -0.630008 0.052810 -0.774791 0.228954 0.835515 2 10 0.800000 11 0.200000
 47 0.961691 0.629773 1.072324 -0.975418 0.189990 -0.111639 0.196544 0.855344 1 10 1.000000
 47 1.197655 0.658954 0.309253 -0.641929 0.170266 -0.747620 0.193179 0.843786 1 10 1.000000
mnt_body.png
 47 5.524349 0.659897 0.291506 0.539922 0.103682 -0.835305 0.193660 0.988724 1 10 1.000000
 47 4.882516 1.897918 0.316055 0.543977 0.500954 -0.673152 0.177478 0.963294 1 10 1.000000
 47 5.813600 0.629170 1.072273 0.956912 0.240694 -0.162434 0.196582 0.978874 1 10 1.000000
mnt_body.png
 47 5.813600 0.629170 1.072273 0.956912 0.240694 -0.162434 0.196582 0.978874 1 10 1.000000
 47 5.005501 2.141164 1.166746 0.655368 0.755147 -0.015664 0.182246 0.953132 1 10 1.000000
 47 5.571775 0.471564 2.186079 0.894459 0.232938 0.381684 0.201595 0.962348 2 9 0.101961 10 0.898039
mnt_body.png
 47 5.813600 0.629170 1.072273 0.956912 0.240694 -0.162434 0.196582 0.978874 1 10 1.000000
 47 4.882516 1.897918 0.316055 0.543977 0.500954 -0.673152 0.177478 0.963294 1 10 1.000000
 47 5.005501 2.141164 1.166746 0.655368 0.755147 -0.015664 0.182246 0.953132 1 10 1.000000
mnt_body.png
 47 5.813600 0.629170 1.072273 0.956912 0.240694 -0.162434 0.196582 0.978874 1 10 1.000000
 47 5.571775 0.471564 2.186079 0.894459 0.232938 0.381684 0.201595 0.962348 2 9 0.101961 10 0.898039
 47 5.848442 -2.530877 1.117599 0.997103 0.054762 -0.052783 0.227710 0.982406 2 10 0.800000 11 0.200000
mnt_body.png
 47 3.378763 -4.288982 2.209885 0.000000 -0.056839 0.998383 0.244190 0.914786 2 10 0.200000 11 0.800000
 47 3.378771 -3.276263 2.163963 0.003910 -0.242567 0.970127 0.234699 0.914771 2 10 0.800000 11 0.200000
 47 2.183488 -3.190957 2.432426 -0.058746 -0.056767 0.996658 0.231136 0.890921 2 10 0.800000 11 0.200000
mnt_body.png
 47 3.378763 -4.288982 2.209885 0.000000 -0.056839 0.998383 0.244190 0.914786 2 10 0.200000 11 0.800000
 47 4.574066 -3.190951 2.432422 0.076342 -0.041127 0.996233 0.231159 0.938842 2 10 0.800000 11 0.200000
 47 3.378771 -3.276263 2.163963 0.003910 -0.242567 0.970127 0.234699 0.914771 2 10 0.800000 11 0.200000
mnt_body.png
 47 2.183488 -3.190957 2.432426 -0.058746 -0.056767 0.996658 0.231136 0.890921 2 10 0.800000 11 0.200000
 47 3.378771 -3.276263 2.163963 0.003910 -0.242567 0.970127 0.234699 0.914771 2 10 0.800000 11 0.200000
 47 2.489347 -1.195184 3.261863 -0.449805 -0.559371 0.696261 0.214366 0.897673 2 9 0.498039 10 0.501961
mnt_body.png
 47 0.961691 0.629773 1.072324 -0.975418 0.189990 -0.111639 0.196544 0.855344 1 10 1.000000
 47 1.219362 0.512132 2.139707 -0.895428 0.242430 0.373411 0.202167 0.868772 2 9 0.101961 10 0.898039
 47 1.697300 2.064777 1.153798 -0.702190 0.711965 -0.005865 0.182597 0.875753 1 10 1.000000
mnt_body.png
 47 0.961691 0.629773 1.072324 -0.975418 0.189990 -0.111639 0.196544 0.855344 1 10 1.000000
 47 1.697300 2.064777 1.153798 -0.702190 0.711965 -0.005865 0.182597 0.875753 1 10 1.000000
 47 1.197655 0.658954 0.309253 -0.641929 0.170266 -0.747620 0.193179 0.843786 1 10 1.000000
mnt_body.png
 47 2.489347 -1.195184 3.261863 -0.449805 -0.559371 0.696261 0.214366 0.897673 2 9 0.498039 10 0.501961
 47 3.378771 -3.276263 2.163963 0.003910 -0.242567 0.970127 0.234699 0.914771 2 10 0.800000 11 0.200000
 47 4.268201 -1.130577 3.261860 0.434779 -0.656066 0.616883 0.213581 0.932128 2 9 0.498039 10 0.501961
mnt_body.png
 47 1.813406 0.267771 3.261864 -0.868276 0.084091 0.488903 0.204471 0.888220 2 9 0.498039 10 0.501961
 47 2.335076 1.369432 3.261864 -0.652216 0.611089 0.448536 0.198619 0.897749 2 9 0.498039 10 0.501961
 47 1.219362 0.512132 2.139707 -0.895428 0.242430 0.373411 0.202167 0.868772 2 9 0.101961 10 0.898039
mnt_body.png
 47 1.197655 0.658954 0.309253 -0.641929 0.170266 -0.747620 0.193179 0.843786 1 10 1.000000
 47 1.697300 2.064777 1.153798 -0.702190 0.711965 -0.005865 0.182597 0.875753 1 10 1.000000
 47 1.841084 1.954567 0.291870 -0.442540 0.509119 -0.738212 0.176654 0.869322 1 10 1.000000
mnt_body.png
 47 4.882516 1.897918 0.316055 0.543977 0.500954 -0.673152 0.177478 0.963294 1 10 1.000000
 47 3.363773 2.468998 0.273886 0.003910 0.816352 -0.577541 0.171435 0.914984 1 10 1.000000
 47 5.005501 2.141164 1.166746 0.655368 0.755147 -0.015664 0.182246 0.953132 1 10 1.000000
mnt_body.png
 47 5.005501 2.141164 1.166746 0.655368 0.755147 -0.015664 0.182246 0.953132 1 10 1.000000
 47 4.772346 1.984155 2.247669 0.506223 0.758440 0.410496 0.188975 0.941871 2 9 0.101961 10 0.898039
 47 5.571775 0.471564 2.186079 0.894459 0.232938 0.381684 0.201595 0.962348 2 9 0.101961 10 0.898039
mnt_body.png
 47 5.005501 2.141164 1.166746 0.655368 0.755147 -0.015664 0.182246 0.953132 1 10 1.000000
 47 3.363773 2.468998 0.273886 0.003910 0.816352 -0.577541 0.171435 0.914984 1 10 1.000000
 47 3.382645 2.702210 1.222334 -0.019574 0.996095 0.086093 0.178897 0.914771 1 10 1.000000
mnt_body.png
 47 5.005501 2.141164 1.166746 0.655368 0.755147 -0.015664 0.182246 0.953132 1 10 1.000000
 47 3.382645 2.702210 1.222334 -0.019574 0.996095 0.086093 0.178897 0.914771 1 10 1.000000
 47 4.772346 1.984155 2.247669 0.506223 0.758440 0.410496 0.188975 0.941871 2 9 0.101961 10 0.898039
mnt_body.png
 47 5.848442 -2.530877 1.117599 0.997103 0.054762 -0.052783 0.227710 0.982406 2 10 0.800000 11 0.200000
 47 5.571775 0.471564 2.186079 0.894459 0.232938 0.381684 0.201595 0.962348 2 9 0.101961 10 0.898039
 47 5.485757 -2.679678 2.063131 0.761161 -0.035238 0.647605 0.228176 0.962577 2 10 0.800000 11 0.200000
mnt_body.png
 47 3.378771 -3.276263 2.163963 0.003910 -0.242567 0.970127 0.234699 0.914771 2 10 0.800000 11 0.200000
 47 4.574066 -3.190951 2.432422 0.076342 -0.041127 0.996233 0.231159 0.938842 2 10 0.800000 11 0.200000
 47 4.268201 -1.130577 3.261860 0.434779 -0.656066 0.616883 0.213581 0.932128 2 9 0.498039 10 0.501961
mnt_body.png
 47 4.268201 -1.130577 3.261860 0.434779 -0.656066 0.616883 0.213581 0.932128 2 9 0.498039 10 0.501961
 47 5.485757 -2.679678 2.063131 0.761161 -0.035238 0.647605 0.228176 0.962577 2 10 0.800000 11 0.200000
 47 4.944134 0.267781 3.261860 0.860721 0.080202 0.502719 0.203586 0.942519 2 9 0.498039 10 0.501961
mnt_body.png
 47 4.268201 -1.130577 3.261860 0.434779 -0.656066 0.616883 0.213581 0.932128 2 9 0.498039 10 0.501961
 47 4.574066 -3.190951 2.432422 0.076342 -0.041127 0.996233 0.231159 0.938842 2 10 0.800000 11 0.200000
 47 5.485757 -2.679678 2.063131 0.761161 -0.035238 0.647605 0.228176 0.962577 2 10 0.800000 11 0.200000
mnt_body.png
 47 2.335076 1.369432 3.261864 -0.652216 0.611089 0.448536 0.198619 0.897749 2 9 0.498039 10 0.501961
 47 1.953029 1.868585 2.196281 -0.528298 0.749382 0.399159 0.189822 0.887526 2 9 0.101961 10 0.898039
 47 1.219362 0.512132 2.139707 -0.895428 0.242430 0.373411 0.202167 0.868772 2 9 0.101961 10 0.898039
mnt_body.png
 47 2.335076 1.369432 3.261864 -0.652216 0.611089 0.448536 0.198619 0.897749 2 9 0.498039 10 0.501961
 47 3.378759 1.767839 3.261862 0.001955 0.863983 0.503517 0.196582 0.915351 2 9 0.498039 10 0.501961
 47 1.953029 1.868585 2.196281 -0.528298 0.749382 0.399159 0.189822 0.887526 2 9 0.101961 10 0.898039
mnt_body.png
 47 1.841084 1.954567 0.291870 -0.442540 0.509119 -0.738212 0.176654 0.869322 1 10 1.000000
 47 1.697300 2.064777 1.153798 -0.702190 0.711965 -0.005865 0.182597 0.875753 1 10 1.000000
 47 3.363773 2.468998 0.273886 0.003910 0.816352 -0.577541 0.171435 0.914984 1 10 1.000000
mnt_body.png
 47 3.363773 2.468998 0.273886 0.003910 0.816352 -0.577541 0.171435 0.914984 1 10 1.000000
 47 1.697300 2.064777 1.153798 -0.702190 0.711965 -0.005865 0.182597 0.875753 1 10 1.000000
 47 3.382645 2.702210 1.222334 -0.019574 0.996095 0.086093 0.178897 0.914771 1 10 1.000000
mnt_body.png
 47 4.772346 1.984155 2.247669 0.506223 0.758440 0.410496 0.188975 0.941871 2 9 0.101961 10 0.898039
 47 3.382645 2.702210 1.222334 -0.019574 0.996095 0.086093 0.178897 0.914771 1 10 1.000000
 47 3.392266 2.433080 2.281041 -0.033236 0.911195 0.410632 0.187106 0.914771 2 9 0.101961 10 0.898039
mnt_body.png
 47 4.772346 1.984155 2.247669 0.506223 0.758440 0.410496 0.188975 0.941871 2 9 0.101961 10 0.898039
 47 4.422456 1.369439 3.261861 0.637664 0.588718 0.496785 0.197887 0.933196 2 9 0.498039 10 0.501961
 47 5.571775 0.471564 2.186079 0.894459 0.232938 0.381684 0.201595 0.962348 2 9 0.101961 10 0.898039
mnt_body.png
 47 4.772346 1.984155 2.247669 0.506223 0.758440 0.410496 0.188975 0.941871 2 9 0.101961 10 0.898039
 47 3.378759 1.767839 3.261862 0.001955 0.863983 0.503517 0.196582 0.915351 2 9 0.498039 10 0.501961
 47 4.422456 1.369439 3.261861 0.637664 0.588718 0.496785 0.197887 0.933196 2 9 0.498039 10 0.501961
mnt_body.png
 47 4.772346 1.984155 2.247669 0.506223 0.758440 0.410496 0.188975 0.941871 2 9 0.101961 10 0.898039
 47 3.392266 2.433080 2.281041 -0.033236 0.911195 0.410632 0.187106 0.914771 2 9 0.101961 10 0.898039
 47 3.378759 1.767839 3.261862 0.001955 0.863983 0.503517 0.196582 0.915351 2 9 0.498039 10 0.501961
mnt_body.png
 47 3.382645 2.702210 1.222334 -0.019574 0.996095 0.086093 0.178897 0.914771 1 10 1.000000
 47 1.953029 1.868585 2.196281 -0.528298 0.749382 0.399159 0.189822 0.887526 2 9 0.101961 10 0.898039
 47 3.392266 2.433080 2.281041 -0.033236 0.911195 0.410632 0.187106 0.914771 2 9 0.101961 10 0.898039
mnt_body.png
 47 3.382645 2.702210 1.222334 -0.019574 0.996095 0.086093 0.178897 0.914771 1 10 1.000000
 47 1.697300 2.064777 1.153798 -0.702190 0.711965 -0.005865 0.182597 0.875753 1 10 1.000000
 47 1.953029 1.868585 2.196281 -0.528298 0.749382 0.399159 0.189822 0.887526 2 9 0.101961 10 0.898039
mnt_body.png
 47 5.485757 -2.679678 2.063131 0.761161 -0.035238 0.647605 0.228176 0.962577 2 10 0.800000 11 0.200000
 47 5.571775 0.471564 2.186079 0.894459 0.232938 0.381684 0.201595 0.962348 2 9 0.101961 10 0.898039
 47 4.944134 0.267781 3.261860 0.860721 0.080202 0.502719 0.203586 0.942519 2 9 0.498039 10 0.501961
mnt_body.png
 47 4.944134 0.267781 3.261860 0.860721 0.080202 0.502719 0.203586 0.942519 2 9 0.498039 10 0.501961
 47 5.571775 0.471564 2.186079 0.894459 0.232938 0.381684 0.201595 0.962348 2 9 0.101961 10 0.898039
 47 4.422456 1.369439 3.261861 0.637664 0.588718 0.496785 0.197887 0.933196 2 9 0.498039 10 0.501961
mnt_body.png
 47 1.953029 1.868585 2.196281 -0.528298 0.749382 0.399159 0.189822 0.887526 2 9 0.101961 10 0.898039
 47 1.697300 2.064777 1.153798 -0.702190 0.711965 -0.005865 0.182597 0.875753 1 10 1.000000
 47 1.219362 0.512132 2.139707 -0.895428 0.242430 0.373411 0.202167 0.868772 2 9 0.101961 10 0.898039
mnt_body.png
 47 1.953029 1.868585 2.196281 -0.528298 0.749382 0.399159 0.189822 0.887526 2 9 0.101961 10 0.898039
 47 3.378759 1.767839 3.261862 0.001955 0.863983 0.503517 0.196582 0.915351 2 9 0.498039 10 0.501961
 47 3.392266 2.433080 2.281041 -0.033236 0.911195 0.410632 0.187106 0.914771 2 9 0.101961 10 0.898039
mnt_body.png
 47 11.359617 1.132330 14.911640 -0.242816 0.561822 -0.790821 0.098497 0.508904 2 27 0.698039 28 0.301961
 47 11.360504 -0.072266 14.684740 -0.321233 0.144907 -0.935848 0.109781 0.508904 2 27 0.698039 28 0.301961
 47 8.237165 0.618259 14.952753 -0.074388 0.370038 -0.926034 0.098497 0.571962 2 26 0.101961 27 0.898039
mnt_body.png
 47 11.360504 -0.072266 14.684740 -0.321233 0.144907 -0.935848 0.109781 0.508904 2 27 0.698039 28 0.301961
 47 8.326460 -0.725709 14.917825 -0.090018 -0.532353 -0.841723 0.115259 0.571962 2 26 0.101961 27 0.898039
 47 8.237165 0.618259 14.952753 -0.074388 0.370038 -0.926034 0.098497 0.571962 2 26 0.101961 27 0.898039
mnt_body.png
 47 11.360504 -0.072266 14.684740 -0.321233 0.144907 -0.935848 0.109781 0.508904 2 27 0.698039 28 0.301961
 47 11.364676 -1.102042 14.802502 -0.536539 -0.518788 -0.665571 0.119341 0.508904 2 27 0.698039 28 0.301961
 47 8.326460 -0.725709 14.917825 -0.090018 -0.532353 -0.841723 0.115259 0.571962 2 26 0.101961 27 0.898039
mnt_body.png
 47 8.237165 0.618259 14.952753 -0.074388 0.370038 -0.926034 0.098497 0.571962 2 26 0.101961 27 0.898039
 47 7.578300 -0.678557 14.948458 -0.072384 -0.518956 -0.851731 0.115267 0.587526 2 26 0.498039 27 0.501961
 47 7.593687 0.591383 14.973341 -0.064471 0.527996 -0.846796 0.098497 0.587526 2 26 0.498039 27 0.501961
mnt_body.png
 47 8.237165 0.618259 14.952753 -0.074388 0.370038 -0.926034 0.098497 0.571962 2 26 0.101961 27 0.898039
 47 8.326460 -0.725709 14.917825 -0.090018 -0.532353 -0.841723 0.115259 0.571962 2 26 0.101961 27 0.898039
 47 7.578300 -0.678557 14.948458 -0.072384 -0.518956 -0.851731 0.115267 0.587526 2 26 0.498039 27 0.501961
mnt_body.png
 47 8.326460 -0.725709 14.917825 -0.090018 -0.532353 -0.841723 0.115259 0.571962 2 26 0.101961 27 0.898039
 47 8.326134 -1.141358 15.736335 -0.135232 -0.989076 -0.058651 0.128176 0.571962 2 26 0.101961 27 0.898039
 47 7.574576 -1.066752 15.736265 -0.097752 -0.993243 -0.062561 0.128161 0.587526 2 26 0.498039 27 0.501961
mnt_body.png
 47 8.326460 -0.725709 14.917825 -0.090018 -0.532353 -0.841723 0.115259 0.571962 2 26 0.101961 27 0.898039
 47 7.574576 -1.066752 15.736265 -0.097752 -0.993243 -0.062561 0.128161 0.587526 2 26 0.498039 27 0.501961
 47 7.578300 -0.678557 14.948458 -0.072384 -0.518956 -0.851731 0.115267 0.587526 2 26 0.498039 27 0.501961
mnt_body.png
 47 8.326460 -0.725709 14.917825 -0.090018 -0.532353 -0.841723 0.115259 0.571962 2 26 0.101961 27 0.898039
 47 11.364676 -1.102042 14.802502 -0.536539 -0.518788 -0.665571 0.119341 0.508904 2 27 0.698039 28 0.301961
 47 8.326134 -1.141358 15.736335 -0.135232 -0.989076 -0.058651 0.128176 0.571962 2 26 0.101961 27 0.898039
mnt_body.png
 47 11.364676 -1.102042 14.802502 -0.536539 -0.518788 -0.665571 0.119341 0.508904 2 27 0.698039 28 0.301961
 47 11.404753 -1.712386 15.686209 -0.501074 -0.863408 0.058748 0.128283 0.508904 2 27 0.698039 28 0.301961
 47 8.326134 -1.141358 15.736335 -0.135232 -0.989076 -0.058651 0.128176 0.571962 2 26 0.101961 27 0.898039
mnt_body.png
 47 7.578300 -0.678557 14.948458 -0.072384 -0.518956 -0.851731 0.115267 0.587526 2 26 0.498039 27 0.501961
 47 6.990727 -0.646341 14.979346 -0.062658 -0.409172 -0.910304 0.115267 0.601709 2 26 0.898039 27 0.101961
 47 7.593687 0.591383 14.973341 -0.064471 0.527996 -0.846796 0.098497 0.587526 2 26 0.498039 27 0.501961
mnt_body.png
 47 7.578300 -0.678557 14.948458 -0.072384 -0.518956 -0.851731 0.115267 0.587526 2 26 0.498039 27 0.501961
 47 7.574576 -1.066752 15.736265 -0.097752 -0.993243 -0.062561 0.128161 0.587526 2 26 0.498039 27 0.501961
 47 6.993136 -1.006837 15.736238 -0.082159 -0.991193 -0.103855 0.128145 0.601709 2 26 0.898039 27 0.101961
mnt_body.png
 47 7.578300 -0.678557 14.948458 -0.072384 -0.518956 -0.851731 0.115267 0.587526 2 26 0.498039 27 0.501961
 47 6.993136 -1.006837 15.736238 -0.082159 -0.991193 -0.103855 0.128145 0.601709 2 26 0.898039 27 0.101961
 47 6.990727 -0.646341 14.979346 -0.062658 -0.409172 -0.910304 0.115267 0.601709 2 26 0.898039 27 0.101961
mnt_body.png
 47 7.593687 0.591383 14.973341 -0.064471 0.527996 -0.846796 0.098497 0.587526 2 26 0.498039 27 0.501961
 47 6.990727 -0.646341 14.979346 -0.062658 -0.409172 -0.910304 0.115267 0.601709 2 26 0.898039 27 0.101961
 47 6.945289 0.599358 15.010769 -0.045062 0.552354 -0.832391 0.098497 0.601709 2 26 0.898039 27 0.101961
mnt_body.png
 47 8.326134 -1.141358 15.736335 -0.135232 -0.989076 -0.058651 0.128176 0.571962 2 26 0.101961 27 0.898039
 47 8.286730 -0.824676 16.624615 -0.099750 -0.617687 0.780073 0.140757 0.571962 2 26 0.101961 27 0.898039
 47 7.574576 -1.066752 15.736265 -0.097752 -0.993243 -0.062561 0.128161 0.587526 2 26 0.498039 27 0.501961
mnt_body.png
 47 8.326134 -1.141358 15.736335 -0.135232 -0.989076 -0.058651 0.128176 0.571962 2 26 0.101961 27 0.898039
 47 11.404753 -1.712386 15.686209 -0.501074 -0.863408 0.058748 0.128283 0.508904 2 27 0.698039 28 0.301961
 47 11.378733 -1.179987 16.636829 -0.277720 -0.655461 0.702312 0.140757 0.508904 2 27 0.698039 28 0.301961
mnt_body.png
 47 8.326134 -1.141358 15.736335 -0.135232 -0.989076 -0.058651 0.128176 0.571962 2 26 0.101961 27 0.898039
 47 11.378733 -1.179987 16.636829 -0.277720 -0.655461 0.702312 0.140757 0.508904 2 27 0.698039 28 0.301961
 47 8.286730 -0.824676 16.624615 -0.099750 -0.617687 0.780073 0.140757 0.571962 2 26 0.101961 27 0.898039
mnt_body.png
 47 7.574576 -1.066752 15.736265 -0.097752 -0.993243 -0.062561 0.128161 0.587526 2 26 0.498039 27 0.501961
 47 7.574578 -0.768101 16.588837 -0.089933 -0.574839 0.813310 0.140764 0.587526 2 26 0.498039 27 0.501961
 47 6.993136 -1.006837 15.736238 -0.082159 -0.991193 -0.103855 0.128145 0.601709 2 26 0.898039 27 0.101961
mnt_body.png
 47 7.574576 -1.066752 15.736265 -0.097752 -0.993243 -0.062561 0.128161 0.587526 2 26 0.498039 27 0.501961
 47 8.286730 -0.824676 16.624615 -0.099750 -0.617687 0.780073 0.140757 0.571962 2 26 0.101961 27 0.898039
 47 7.574578 -0.768101 16.588837 -0.089933 -0.574839 0.813310 0.140764 0.587526 2 26 0.498039 27 0.501961
mnt_body.png
 47 6.990727 -0.646341 14.979346 -0.062658 -0.409172 -0.910304 0.115267 0.601709 2 26 0.898039 27 0.101961
 47 4.840827 -0.573509 15.061057 0.187821 -0.549754 -0.813938 0.115274 0.655657 1 26 1.000000
 47 6.945289 0.599358 15.010769 -0.045062 0.552354 -0.832391 0.098497 0.601709 2 26 0.898039 27 0.101961
mnt_body.png
 47 6.990727 -0.646341 14.979346 -0.062658 -0.409172 -0.910304 0.115267 0.601709 2 26 0.898039 27 0.101961
 47 6.993136 -1.006837 15.736238 -0.082159 -0.991193 -0.103855 0.128145 0.601709 2 26 0.898039 27 0.101961
 47 4.840827 -0.573509 15.061057 0.187821 -0.549754 -0.813938 0.115274 0.655657 1 26 1.000000
mnt_body.png
 47 6.993136 -1.006837 15.736238 -0.082159 -0.991193 -0.103855 0.128145 0.601709 2 26 0.898039 27 0.101961
 47 6.955221 -0.728115 16.554939 -0.076439 -0.577593 0.812738 0.140764 0.601709 2 26 0.898039 27 0.101961
 47 4.741587 -0.833167 15.781328 0.131274 -0.990966 0.027466 0.128183 0.660807 2 25 0.200000 26 0.800000
mnt_body.png
 47 6.993136 -1.006837 15.736238 -0.082159 -0.991193 -0.103855 0.128145 0.601709 2 26 0.898039 27 0.101961
 47 7.574578 -0.768101 16.588837 -0.089933 -0.574839 0.813310 0.140764 0.587526 2 26 0.498039 27 0.501961
 47 6.955221 -0.728115 16.554939 -0.076439 -0.577593 0.812738 0.140764 0.601709 2 26 0.898039 27 0.101961
mnt_body.png
 47 6.993136 -1.006837 15.736238 -0.082159 -0.991193 -0.103855 0.128145 0.601709 2 26 0.898039 27 0.101961
 47 4.741587 -0.833167 15.781328 0.131274 -0.990966 0.027466 0.128183 0.660807 2 25 0.200000 26 0.800000
 47 4.840827 -0.573509 15.061057 0.187821 -0.549754 -0.813938 0.115274 0.655657 1 26 1.000000
mnt_body.png
 47 6.945289 0.599358 15.010769 -0.045062 0.552354 -0.832391 0.098497 0.601709 2 26 0.898039 27 0.101961
 47 4.840827 -0.573509 15.061057 0.187821 -0.549754 -0.813938 0.115274 0.655657 1 26 1.000000
 47 4.799708 0.629361 15.088462 0.289919 0.591646 -0.752264 0.098497 0.649248 2 25 0.200000 26 0.800000
mnt_body.png
 47 8.286730 -0.824676 16.624615 -0.099750 -0.617687 0.780073 0.140757 0.571962 2 26 0.101961 27 0.898039
 47 8.202091 0.726969 16.618626 -0.107573 0.418596 0.901779 0.158915 0.571962 2 26 0.101961 27 0.898039
 47 7.574578 -0.768101 16.588837 -0.089933 -0.574839 0.813310 0.140764 0.587526 2 26 0.498039 27 0.501961
mnt_body.png
 47 8.286730 -0.824676 16.624615 -0.099750 -0.617687 0.780073 0.140757 0.571962 2 26 0.101961 27 0.898039
 47 11.378733 -1.179987 16.636829 -0.277720 -0.655461 0.702312 0.140757 0.508904 2 27 0.698039 28 0.301961
 47 11.441082 0.034959 17.018368 -0.192070 -0.009792 0.981332 0.151232 0.508904 2 27 0.698039 28 0.301961
mnt_body.png
 47 8.286730 -0.824676 16.624615 -0.099750 -0.617687 0.780073 0.140757 0.571962 2 26 0.101961 27 0.898039
 47 11.441082 0.034959 17.018368 -0.192070 -0.009792 0.981332 0.151232 0.508904 2 27 0.698039 28 0.301961
 47 8.202091 0.726969 16.618626 -0.107573 0.418596 0.901779 0.158915 0.571962 2 26 0.101961 27 0.898039
mnt_body.png
 47 7.574578 -0.768101 16.588837 -0.089933 -0.574839 0.813310 0.140764 0.587526 2 26 0.498039 27 0.501961
 47 8.202091 0.726969 16.618626 -0.107573 0.418596 0.901779 0.158915 0.571962 2 26 0.101961 27 0.898039
 47 7.586998 0.659214 16.576096 -0.105675 0.571280 0.813924 0.158953 0.587526 2 26 0.498039 27 0.501961
mnt_body.png
 47 7.574578 -0.768101 16.588837 -0.089933 -0.574839 0.813310 0.140764 0.587526 2 26 0.498039 27 0.501961
 47 7.586998 0.659214 16.576096 -0.105675 0.571280 0.813924 0.158953 0.587526 2 26 0.498039 27 0.501961
 47 6.955221 -0.728115 16.554939 -0.076439 -0.577593 0.812738 0.140764 0.601709 2 26 0.898039 27 0.101961
mnt_body.png
 47 4.840827 -0.573509 15.061057 0.187821 -0.549754 -0.813938 0.115274 0.655657 1 26 1.000000
 47 4.741587 -0.833167 15.781328 0.131274 -0.990966 0.027466 0.128183 0.660807 2 25 0.200000 26 0.800000
 47 4.662485 -0.649148 14.934837 0.874922 -0.440388 -0.201421 0.115129 0.661395 3 20 0.600000 25 0.200000 26 0.200000
mnt_body.png
 47 4.840827 -0.573509 15.061057 0.187821 -0.549754 -0.813938 0.115274 0.655657 1 26 1.000000
 47 4.662485 -0.649148 14.934837 0.874922 -0.440388 -0.201421 0.115129 0.661395 3 20 0.600000 25 0.200000 26 0.200000
 47 4.799708 0.629361 15.088462 0.289919 0.591646 -0.752264 0.098497 0.649248 2 25 0.200000 26 0.800000
mnt_body.png
 47 6.955221 -0.728115 16.554939 -0.076439 -0.577593 0.812738 0.140764 0.601709 2 26 0.898039 27 0.101961
 47 4.653471 -0.605135 16.466553 0.023459 -0.534102 0.845094 0.140734 0.663539 2 25 0.200000 26 0.800000
 47 4.741587 -0.833167 15.781328 0.131274 -0.990966 0.027466 0.128183 0.660807 2 25 0.200000 26 0.800000
mnt_body.png
 47 6.955221 -0.728115 16.554939 -0.076439 -0.577593 0.812738 0.140764 0.601709 2 26 0.898039 27 0.101961
 47 6.891604 0.620510 16.529575 -0.054791 0.653258 0.755150 0.158953 0.601709 2 26 0.898039 27 0.101961
 47 4.653471 -0.605135 16.466553 0.023459 -0.534102 0.845094 0.140734 0.663539 2 25 0.200000 26 0.800000
mnt_body.png
 47 6.955221 -0.728115 16.554939 -0.076439 -0.577593 0.812738 0.140764 0.601709 2 26 0.898039 27 0.101961
 47 7.586998 0.659214 16.576096 -0.105675 0.571280 0.813924 0.158953 0.587526 2 26 0.498039 27 0.501961
 47 6.891604 0.620510 16.529575 -0.054791 0.653258 0.755150 0.158953 0.601709 2 26 0.898039 27 0.101961
mnt_body.png
 47 4.741587 -0.833167 15.781328 0.131274 -0.990966 0.027466 0.128183 0.660807 2 25 0.200000 26 0.800000
 47 4.076982 -0.982530 15.805143 0.557494 -0.741301 0.373729 0.128183 0.682628 3 20 0.396078 25 0.301961 26 0.301961
 47 4.662485 -0.649148 14.934837 0.874922 -0.440388 -0.201421 0.115129 0.661395 3 20 0.600000 25 0.200000 26 0.200000
mnt_body.png
 47 4.741587 -0.833167 15.781328 0.131274 -0.990966 0.027466 0.128183 0.660807 2 25 0.200000 26 0.800000
 47 4.653471 -0.605135 16.466553 0.023459 -0.534102 0.845094 0.140734 0.663539 2 25 0.200000 26 0.800000
 47 4.076982 -0.982530 15.805143 0.557494 -0.741301 0.373729 0.128183 0.682628 3 20 0.396078 25 0.301961 26 0.301961
mnt_body.png
 47 4.799708 0.629361 15.088462 0.289919 0.591646 -0.752264 0.098497 0.649248 2 25 0.200000 26 0.800000
 47 4.662485 -0.649148 14.934837 0.874922 -0.440388 -0.201421 0.115129 0.661395 3 20 0.600000 25 0.200000 26 0.200000
 47 4.562447 0.690400 14.946227 0.834389 0.550408 -0.029088 0.097429 0.655657 3 20 0.600000 25 0.200000 26 0.200000
mnt_body.png
 47 8.202091 0.726969 16.618626 -0.107573 0.418596 0.901779 0.158915 0.571962 2 26 0.101961 27 0.898039
 47 8.194561 1.052575 15.734585 -0.139046 0.988653 -0.056839 0.170443 0.571962 2 26 0.101961 27 0.898039
 47 7.586998 0.659214 16.576096 -0.105675 0.571280 0.813924 0.158953 0.587526 2 26 0.498039 27 0.501961
mnt_body.png
 47 8.202091 0.726969 16.618626 -0.107573 0.418596 0.901779 0.158915 0.571962 2 26 0.101961 27 0.898039
 47 11.359615 1.133747 16.692814 -0.275718 0.621593 0.733213 0.161814 0.508904 2 27 0.698039 28 0.301961
 47 8.194561 1.052575 15.734585 -0.139046 0.988653 -0.056839 0.170443 0.571962 2 26 0.101961 27 0.898039
mnt_body.png
 47 8.202091 0.726969 16.618626 -0.107573 0.418596 0.901779 0.158915 0.571962 2 26 0.101961 27 0.898039
 47 11.441082 0.034959 17.018368 -0.192070 -0.009792 0.981332 0.151232 0.508904 2 27 0.698039 28 0.301961
 47 11.359615 1.133747 16.692814 -0.275718 0.621593 0.733213 0.161814 0.508904 2 27 0.698039 28 0.301961
mnt_body.png
 47 7.586998 0.659214 16.576096 -0.105675 0.571280 0.813924 0.158953 0.587526 2 26 0.498039 27 0.501961
 47 7.574580 0.967673 15.734648 -0.092029 0.994650 -0.046921 0.170420 0.587526 2 26 0.498039 27 0.501961
 47 6.891604 0.620510 16.529575 -0.054791 0.653258 0.755150 0.158953 0.601709 2 26 0.898039 27 0.101961
mnt_body.png
 47 7.586998 0.659214 16.576096 -0.105675 0.571280 0.813924 0.158953 0.587526 2 26 0.498039 27 0.501961
 47 8.194561 1.052575 15.734585 -0.139046 0.988653 -0.056839 0.170443 0.571962 2 26 0.101961 27 0.898039
 47 7.574580 0.967673 15.734648 -0.092029 0.994650 -0.046921 0.170420 0.587526 2 26 0.498039 27 0.501961
mnt_body.png
 47 4.653471 -0.605135 16.466553 0.023459 -0.534102 0.845094 0.140734 0.663539 2 25 0.200000 26 0.800000
 47 6.891604 0.620510 16.529575 -0.054791 0.653258 0.755150 0.158953 0.601709 2 26 0.898039 27 0.101961
 47 4.627213 0.627116 16.425327 0.089884 0.537480 0.838472 0.158801 0.661982 2 25 0.200000 26 0.800000
mnt_body.png
 47 4.653471 -0.605135 16.466553 0.023459 -0.534102 0.845094 0.140734 0.663539 2 25 0.200000 26 0.800000
 47 3.921423 -0.521984 16.531372 0.422998 -0.291775 0.857869 0.140574 0.686885 3 20 0.200000 25 0.301961 26 0.498039
 47 4.076982 -0.982530 15.805143 0.557494 -0.741301 0.373729 0.128183 0.682628 3 20 0.396078 25 0.301961 26 0.301961
mnt_body.png
 47 4.653471 -0.605135 16.466553 0.023459 -0.534102 0.845094 0.140734 0.663539 2 25 0.200000 26 0.800000
 47 4.627213 0.627116 16.425327 0.089884 0.537480 0.838472 0.158801 0.661982 2 25 0.200000 26 0.800000
 47 3.921423 -0.521984 16.531372 0.422998 -0.291775 0.857869 0.140574 0.686885 3 20 0.200000 25 0.301961 26 0.498039
mnt_body.png
 47 6.891604 0.620510 16.529575 -0.054791 0.653258 0.755150 0.158953 0.601709 2 26 0.898039 27 0.101961
 47 7.574580 0.967673 15.734648 -0.092029 0.994650 -0.046921 0.170420 0.587526 2 26 0.498039 27 0.501961
 47 6.874547 0.904564 15.734724 -0.041151 0.994718 -0.094032 0.170428 0.601709 2 26 0.898039 27 0.101961
mnt_body.png
 47 6.891604 0.620510 16.529575 -0.054791 0.653258 0.755150 0.158953 0.601709 2 26 0.898039 27 0.101961
 47 6.874547 0.904564 15.734724 -0.041151 0.994718 -0.094032 0.170428 0.601709 2 26 0.898039 27 0.101961
 47 4.669686 0.881114 15.811606 0.134945 0.989443 0.052834 0.170428 0.657557 2 25 0.200000 26 0.800000
mnt_body.png
 47 6.891604 0.620510 16.529575 -0.054791 0.653258 0.755150 0.158953 0.601709 2 26 0.898039 27 0.101961
 47 4.669686 0.881114 15.811606 0.134945 0.989443 0.052834 0.170428 0.657557 2 25 0.200000 26 0.800000
 47 4.627213 0.627116 16.425327 0.089884 0.537480 0.838472 0.158801 0.661982 2 25 0.200000 26 0.800000
mnt_body.png
 47 11.359615 1.133747 16.692814 -0.275718 0.621593 0.733213 0.161814 0.508904 2 27 0.698039 28 0.301961
 47 11.295837 1.601535 15.770462 -0.402830 0.914974 -0.023460 0.171298 0.508904 2 27 0.698039 28 0.301961
 47 8.194561 1.052575 15.734585 -0.139046 0.988653 -0.056839 0.170443 0.571962 2 26 0.101961 27 0.898039
mnt_body.png
 47 8.194561 1.052575 15.734585 -0.139046 0.988653 -0.056839 0.170443 0.571962 2 26 0.101961 27 0.898039
 47 8.237165 0.618259 14.952753 -0.074388 0.370038 -0.926034 0.180217 0.571962 2 26 0.101961 27 0.898039
 47 7.593687 0.591383 14.973341 -0.064471 0.527996 -0.846796 0.180217 0.587526 2 26 0.498039 27 0.501961
mnt_body.png
 47 8.194561 1.052575 15.734585 -0.139046 0.988653 -0.056839 0.170443 0.571962 2 26 0.101961 27 0.898039
 47 7.593687 0.591383 14.973341 -0.064471 0.527996 -0.846796 0.180217 0.587526 2 26 0.498039 27 0.501961
 47 7.574580 0.967673 15.734648 -0.092029 0.994650 -0.046921 0.170420 0.587526 2 26 0.498039 27 0.501961
mnt_body.png
 47 8.194561 1.052575 15.734585 -0.139046 0.988653 -0.056839 0.170443 0.571962 2 26 0.101961 27 0.898039
 47 11.359617 1.132330 14.911640 -0.242816 0.561822 -0.790821 0.180217 0.508904 2 27 0.698039 28 0.301961
 47 8.237165 0.618259 14.952753 -0.074388 0.370038 -0.926034 0.180217 0.571962 2 26 0.101961 27 0.898039
mnt_body.png
 47 8.194561 1.052575 15.734585 -0.139046 0.988653 -0.056839 0.170443 0.571962 2 26 0.101961 27 0.898039
 47 11.295837 1.601535 15.770462 -0.402830 0.914974 -0.023460 0.171298 0.508904 2 27 0.698039 28 0.301961
 47 11.359617 1.132330 14.911640 -0.242816 0.561822 -0.790821 0.180217 0.508904 2 27 0.698039 28 0.301961
mnt_body.png
 47 7.574580 0.967673 15.734648 -0.092029 0.994650 -0.046921 0.170420 0.587526 2 26 0.498039 27 0.501961
 47 7.593687 0.591383 14.973341 -0.064471 0.527996 -0.846796 0.180217 0.587526 2 26 0.498039 27 0.501961
 47 6.945289 0.599358 15.010769 -0.045062 0.552354 -0.832391 0.180217 0.601709 2 26 0.898039 27 0.101961
mnt_body.png
 47 7.574580 0.967673 15.734648 -0.092029 0.994650 -0.046921 0.170420 0.587526 2 26 0.498039 27 0.501961
 47 6.945289 0.599358 15.010769 -0.045062 0.552354 -0.832391 0.180217 0.601709 2 26 0.898039 27 0.101961
 47 6.874547 0.904564 15.734724 -0.041151 0.994718 -0.094032 0.170428 0.601709 2 26 0.898039 27 0.101961
mnt_body.png
 47 4.627213 0.627116 16.425327 0.089884 0.537480 0.838472 0.158801 0.661982 2 25 0.200000 26 0.800000
 47 4.669686 0.881114 15.811606 0.134945 0.989443 0.052834 0.170428 0.657557 2 25 0.200000 26 0.800000
 47 4.069107 1.016043 15.821455 0.553567 0.743315 0.375562 0.170802 0.673884 3 20 0.396078 25 0.301961 26 0.301961
mnt_body.png
 47 4.627213 0.627116 16.425327 0.089884 0.537480 0.838472 0.158801 0.661982 2 25 0.200000 26 0.800000
 47 4.069107 1.016043 15.821455 0.553567 0.743315 0.375562 0.170802 0.673884 3 20 0.396078 25 0.301961 26 0.301961
 47 3.948428 0.586234 16.544807 0.493112 0.375681 0.784668 0.158793 0.683391 3 20 0.200000 25 0.301961 26 0.498039
mnt_body.png
 47 4.627213 0.627116 16.425327 0.089884 0.537480 0.838472 0.158801 0.661982 2 25 0.200000 26 0.800000
 47 3.948428 0.586234 16.544807 0.493112 0.375681 0.784668 0.158793 0.683391 3 20 0.200000 25 0.301961 26 0.498039
 47 3.921423 -0.521984 16.531372 0.422998 -0.291775 0.857869 0.140574 0.686885 3 20 0.200000 25 0.301961 26 0.498039
mnt_body.png
 47 6.874547 0.904564 15.734724 -0.041151 0.994718 -0.094032 0.170428 0.601709 2 26 0.898039 27 0.101961
 47 4.799708 0.629361 15.088462 0.289919 0.591646 -0.752264 0.180217 0.649126 2 25 0.200000 26 0.800000
 47 4.669686 0.881114 15.811606 0.134945 0.989443 0.052834 0.170428 0.657557 2 25 0.200000 26 0.800000
mnt_body.png
 47 6.874547 0.904564 15.734724 -0.041151 0.994718 -0.094032 0.170428 0.601709 2 26 0.898039 27 0.101961
 47 6.945289 0.599358 15.010769 -0.045062 0.552354 -0.832391 0.180217 0.601709 2 26 0.898039 27 0.101961
 47 4.799708 0.629361 15.088462 0.289919 0.591646 -0.752264 0.180217 0.649126 2 25 0.200000 26 0.800000
mnt_body.png
 47 4.669686 0.881114 15.811606 0.134945 0.989443 0.052834 0.170428 0.657557 2 25 0.200000 26 0.800000
 47 4.562447 0.690400 14.946227 0.834389 0.550408 -0.029088 0.179644 0.654017 3 20 0.600000 25 0.200000 26 0.200000
 47 4.069107 1.016043 15.821455 0.553567 0.743315 0.375562 0.170802 0.673884 3 20 0.396078 25 0.301961 26 0.301961
mnt_body.png
 47 4.669686 0.881114 15.811606 0.134945 0.989443 0.052834 0.170428 0.657557 2 25 0.200000 26 0.800000
 47 4.799708 0.629361 15.088462 0.289919 0.591646 -0.752264 0.180217 0.649126 2 25 0.200000 26 0.800000
 47 4.562447 0.690400 14.946227 0.834389 0.550408 -0.029088 0.179644 0.654017 3 20 0.600000 25 0.200000 26 0.200000
mnt_body.png
 47 5.524349 0.659897 0.291506 0.539922 0.103682 -0.835305 0.226184 0.695872 1 10 1.000000
 47 4.688038 -2.573169 0.223754 0.105667 0.029373 -0.993968 0.218418 0.757572 2 10 0.800000 11 0.200000
 47 3.378756 1.517680 0.076483 0.005865 0.050902 -0.998686 0.205631 0.679927 1 10 1.000000
mnt_body.png
 47 5.524349 0.659897 0.291506 0.539922 0.103682 -0.835305 0.226184 0.695872 1 10 1.000000
 47 5.510535 -2.542850 0.479983 0.718081 0.044964 -0.694506 0.226627 0.756855 2 10 0.800000 11 0.200000
 47 4.688038 -2.573169 0.223754 0.105667 0.029373 -0.993968 0.218418 0.757572 2 10 0.800000 11 0.200000
mnt_body.png
 47 5.524349 0.659897 0.291506 0.539922 0.103682 -0.835305 0.226184 0.695872 1 10 1.000000
 47 3.378756 1.517680 0.076483 0.005865 0.050902 -0.998686 0.205631 0.679927 1 10 1.000000
 47 4.882516 1.897918 0.316055 0.543977 0.500954 -0.673152 0.220035 0.672259 1 10 1.000000
mnt_body.png
 47 4.688038 -2.573169 0.223754 0.105667 0.029373 -0.993968 0.218418 0.757572 2 10 0.800000 11 0.200000
 47 5.510535 -2.542850 0.479983 0.718081 0.044964 -0.694506 0.226627 0.756855 2 10 0.800000 11 0.200000
 47 5.693369 -4.338664 0.266026 0.645212 -0.046921 -0.762562 0.228038 0.791188 2 10 0.200000 11 0.800000
mnt_body.png
 47 4.688038 -2.573169 0.223754 0.105667 0.029373 -0.993968 0.218418 0.757572 2 10 0.800000 11 0.200000
 47 5.693369 -4.338664 0.266026 0.645212 -0.046921 -0.762562 0.228038 0.791188 2 10 0.200000 11 0.800000
 47 4.563725 -4.367018 0.076622 0.013685 -0.093937 -0.995484 0.217281 0.791585 2 10 0.200000 11 0.800000
mnt_body.png
 47 4.688038 -2.573169 0.223754 0.105667 0.029373 -0.993968 0.218418 0.757572 2 10 0.800000 11 0.200000
 47 4.563725 -4.367018 0.076622 0.013685 -0.093937 -0.995484 0.217281 0.791585 2 10 0.200000 11 0.800000
 47 3.378772 -2.772701 0.368665 0.005865 0.025415 -0.999660 0.205898 0.761585 2 10 0.800000 11 0.200000
mnt_body.png
 47 4.688038 -2.573169 0.223754 0.105667 0.029373 -0.993968 0.218418 0.757572 2 10 0.800000 11 0.200000
 47 3.378772 -2.772701 0.368665 0.005865 0.025415 -0.999660 0.205898 0.761585 2 10 0.800000 11 0.200000
 47 3.378756 1.517680 0.076483 0.005865 0.050902 -0.998686 0.205631 0.679927 1 10 1.000000
mnt_body.png
 47 3.378756 1.517680 0.076483 0.005865 0.050902 -0.998686 0.205631 0.679927 1 10 1.000000
 47 1.841084 1.954567 0.291870 -0.442540 0.509119 -0.738212 0.190890 0.671603 1 10 1.000000
 47 3.363773 2.468998 0.273886 0.003910 0.816352 -0.577541 0.205440 0.661479 1 10 1.000000
mnt_body.png
 47 3.378756 1.517680 0.076483 0.005865 0.050902 -0.998686 0.205631 0.679927 1 10 1.000000
 47 2.233147 -2.573175 0.223758 -0.072360 0.005889 -0.997361 0.194903 0.757877 2 10 0.800000 11 0.200000
 47 1.197655 0.658954 0.309253 -0.641929 0.170266 -0.747620 0.184833 0.696414 1 10 1.000000
mnt_body.png
 47 3.378756 1.517680 0.076483 0.005865 0.050902 -0.998686 0.205631 0.679927 1 10 1.000000
 47 3.363773 2.468998 0.273886 0.003910 0.816352 -0.577541 0.205440 0.661479 1 10 1.000000
 47 4.882516 1.897918 0.316055 0.543977 0.500954 -0.673152 0.220035 0.672259 1 10 1.000000
mnt_body.png
 47 3.378756 1.517680 0.076483 0.005865 0.050902 -0.998686 0.205631 0.679927 1 10 1.000000
 47 3.378772 -2.772701 0.368665 0.005865 0.025415 -0.999660 0.205898 0.761585 2 10 0.800000 11 0.200000
 47 2.233147 -2.573175 0.223758 -0.072360 0.005889 -0.997361 0.194903 0.757877 2 10 0.800000 11 0.200000
mnt_body.png
 47 3.378756 1.517680 0.076483 0.005865 0.050902 -0.998686 0.205631 0.679927 1 10 1.000000
 47 1.197655 0.658954 0.309253 -0.641929 0.170266 -0.747620 0.184833 0.696414 1 10 1.000000
 47 1.841084 1.954567 0.291870 -0.442540 0.509119 -0.738212 0.190890 0.671603 1 10 1.000000
mnt_body.png
 47 5.693369 -4.338664 0.266026 0.645212 -0.046921 -0.762562 0.228038 0.791188 2 10 0.200000 11 0.800000
 47 5.329055 -5.311418 0.478294 0.555796 -0.518603 -0.649724 0.224750 0.810414 1 11 1.000000
 47 4.563725 -4.367018 0.076622 0.013685 -0.093937 -0.995484 0.217281 0.791585 2 10 0.200000 11 0.800000
mnt_body.png
 47 4.563725 -4.367018 0.076622 0.013685 -0.093937 -0.995484 0.217281 0.791585 2 10 0.200000 11 0.800000
 47 5.329055 -5.311418 0.478294 0.555796 -0.518603 -0.649724 0.224750 0.810414 1 11 1.000000
 47 4.417985 -5.575913 0.392591 -0.119305 -0.762753 -0.635589 0.215923 0.815045 1 11 1.000000
mnt_body.png
 47 4.563725 -4.367018 0.076622 0.013685 -0.093937 -0.995484 0.217281 0.791585 2 10 0.200000 11 0.800000
 47 4.417985 -5.575913 0.392591 -0.119305 -0.762753 -0.635589 0.215923 0.815045 1 11 1.000000
 47 3.378775 -4.467297 0.265417 0.000000 -0.325013 -0.945710 0.206020 0.793744 2 10 0.200000 11 0.800000
mnt_body.png
 47 4.563725 -4.367018 0.076622 0.013685 -0.093937 -0.995484 0.217281 0.791585 2 10 0.200000 11 0.800000
 47 3.378775 -4.467297 0.265417 0.000000 -0.325013 -0.945710 0.206020 0.793744 2 10 0.200000 11 0.800000
 47 3.378772 -2.772701 0.368665 0.005865 0.025415 -0.999660 0.205898 0.761585 2 10 0.800000 11 0.200000
mnt_body.png
 47 3.378772 -2.772701 0.368665 0.005865 0.025415 -0.999660 0.205898 0.761585 2 10 0.800000 11 0.200000
 47 3.378775 -4.467297 0.265417 0.000000 -0.325013 -0.945710 0.206020 0.793744 2 10 0.200000 11 0.800000
 47 2.193823 -4.367023 0.076625 -0.044966 -0.060558 -0.997151 0.194713 0.791943 2 10 0.200000 11 0.800000
mnt_body.png
 47 3.378772 -2.772701 0.368665 0.005865 0.025415 -0.999660 0.205898 0.761585 2 10 0.800000 11 0.200000
 47 2.193823 -4.367023 0.076625 -0.044966 -0.060558 -0.997151 0.194713 0.791943 2 10 0.200000 11 0.800000
 47 2.233147 -2.573175 0.223758 -0.072360 0.005889 -0.997361 0.194903 0.757877 2 10 0.800000 11 0.200000
mnt_body.png
 47 2.233147 -2.573175 0.223758 -0.072360 0.005889 -0.997361 0.194903 0.757877 2 10 0.800000 11 0.200000
 47 2.193823 -4.367023 0.076625 -0.044966 -0.060558 -0.997151 0.194713 0.791943 2 10 0.200000 11 0.800000
 47 1.247012 -2.542860 0.479990 -0.630008 0.052810 -0.774791 0.185183 0.757389 2 10 0.800000 11 0.200000
mnt_body.png
 47 2.233147 -2.573175 0.223758 -0.072360 0.005889 -0.997361 0.194903 0.757877 2 10 0.800000 11 0.200000
 47 1.247012 -2.542860 0.479990 -0.630008 0.052810 -0.774791 0.185183 0.757389 2 10 0.800000 11 0.200000
 47 1.197655 0.658954 0.309253 -0.641929 0.170266 -0.747620 0.184833 0.696414 1 10 1.000000
mnt_body.png
 47 3.378775 -4.467297 0.265417 0.000000 -0.325013 -0.945710 0.206020 0.793744 2 10 0.200000 11 0.800000
 47 2.339570 -5.575916 0.392594 0.119303 -0.762740 -0.635605 0.196284 0.815480 1 11 1.000000
 47 2.193823 -4.367023 0.076625 -0.044966 -0.060558 -0.997151 0.194713 0.791943 2 10 0.200000 11 0.800000
mnt_body.png
 47 2.193823 -4.367023 0.076625 -0.044966 -0.060558 -0.997151 0.194713 0.791943 2 10 0.200000 11 0.800000
 47 1.428499 -5.311425 0.478301 -0.559760 -0.516701 -0.647834 0.187366 0.811177 1 11 1.000000
 47 1.064181 -4.338673 0.266032 -0.712834 -0.076389 -0.697161 0.183894 0.791829 2 10 0.200000 11 0.800000
mnt_body.png
 47 2.193823 -4.367023 0.076625 -0.044966 -0.060558 -0.997151 0.194713 0.791943 2 10 0.200000 11 0.800000
 47 2.339570 -5.575916 0.392594 0.119303 -0.762740 -0.635605 0.196284 0.815480 1 11 1.000000
 47 1.428499 -5.311425 0.478301 -0.559760 -0.516701 -0.647834 0.187366 0.811177 1 11 1.000000
mnt_body.png
 47 2.193823 -4.367023 0.076625 -0.044966 -0.060558 -0.997151 0.194713 0.791943 2 10 0.200000 11 0.800000
 47 1.064181 -4.338673 0.266032 -0.712834 -0.076389 -0.697161 0.183894 0.791829 2 10 0.200000 11 0.800000
 47 1.247012 -2.542860 0.479990 -0.630008 0.052810 -0.774791 0.185183 0.757389 2 10 0.800000 11 0.200000
mnt_body.png
 47 4.422456 1.369439 3.261861 0.637664 0.588718 0.496785 0.062089 0.510346 2 9 0.498039 10 0.501961
 47 4.033875 0.742526 4.910871 0.530291 0.772954 0.348330 0.061257 0.548249 2 8 0.200000 9 0.800000
 47 4.944134 0.267781 3.261860 0.860721 0.080202 0.502719 0.052277 0.510346 2 9 0.498039 10 0.501961
mnt_body.png
 47 4.422456 1.369439 3.261861 0.637664 0.588718 0.496785 0.062089 0.510346 2 9 0.498039 10 0.501961
 47 3.378759 1.767839 3.261862 0.001955 0.863983 0.503517 0.070848 0.510346 2 9 0.498039 10 0.501961
 47 4.033875 0.742526 4.910871 0.530291 0.772954 0.348330 0.061257 0.548249 2 8 0.200000 9 0.800000
mnt_body.png
 47 4.033875 0.742526 4.910871 0.530291 0.772954 0.348330 0.061257 0.548249 2 8 0.200000 9 0.800000
 47 2.723664 0.895877 4.910872 -0.555160 0.754562 0.349905 0.078294 0.548592 2 8 0.200000 9 0.800000
 47 2.789355 0.854063 5.334998 -0.516535 0.849232 0.109530 0.077813 0.560929 2 8 0.800000 9 0.200000
mnt_body.png
 47 4.033875 0.742526 4.910871 0.530291 0.772954 0.348330 0.061257 0.548249 2 8 0.200000 9 0.800000
 47 2.789355 0.854063 5.334998 -0.516535 0.849232 0.109530 0.077813 0.560929 2 8 0.800000 9 0.200000
 47 3.968187 0.640894 5.334997 0.614412 0.786654 0.060607 0.061097 0.560784 2 8 0.800000 9 0.200000
mnt_body.png
 47 4.033875 0.742526 4.910871 0.530291 0.772954 0.348330 0.061257 0.548249 2 8 0.200000 9 0.800000
 47 3.378759 1.767839 3.261862 0.001955 0.863983 0.503517 0.070848 0.510346 2 9 0.498039 10 0.501961
 47 2.723664 0.895877 4.910872 -0.555160 0.754562 0.349905 0.078294 0.548592 2 8 0.200000 9 0.800000
mnt_body.png
 47 4.033875 0.742526 4.910871 0.530291 0.772954 0.348330 0.061257 0.548249 2 8 0.200000 9 0.800000
 47 4.324806 -0.098554 5.131995 0.984824 -0.070486 0.158598 0.049531 0.554353 2 8 0.498039 9 0.501961
 47 4.944134 0.267781 3.261860 0.860721 0.080202 0.502719 0.052277 0.510346 2 9 0.498039 10 0.501961
mnt_body.png
 47 4.033875 0.742526 4.910871 0.530291 0.772954 0.348330 0.061257 0.548249 2 8 0.200000 9 0.800000
 47 3.968187 0.640894 5.334997 0.614412 0.786654 0.060607 0.061097 0.560784 2 8 0.800000 9 0.200000
 47 4.324806 -0.098554 5.131995 0.984824 -0.070486 0.158598 0.049531 0.554353 2 8 0.498039 9 0.501961
mnt_body.png
 47 4.944134 0.267781 3.261860 0.860721 0.080202 0.502719 0.052277 0.510346 2 9 0.498039 10 0.501961
 47 4.324806 -0.098554 5.131995 0.984824 -0.070486 0.158598 0.049531 0.554353 2 8 0.498039 9 0.501961
 47 4.268201 -1.130577 3.261860 0.434779 -0.656066 0.616883 0.037209 0.510346 2 9 0.498039 10 0.501961
mnt_body.png
 47 3.378759 1.767839 3.261862 0.001955 0.863983 0.503517 0.070848 0.510346 2 9 0.498039 10 0.501961
 47 2.335076 1.369432 3.261864 -0.652216 0.611089 0.448536 0.079805 0.510346 2 9 0.498039 10 0.501961
 47 2.723664 0.895877 4.910872 -0.555160 0.754562 0.349905 0.078294 0.548592 2 8 0.200000 9 0.800000
mnt_body.png
 47 2.723664 0.895877 4.910872 -0.555160 0.754562 0.349905 0.078294 0.548592 2 8 0.200000 9 0.800000
 47 1.813406 0.267771 3.261864 -0.868276 0.084091 0.488903 0.091127 0.510346 2 9 0.498039 10 0.501961
 47 2.432740 -0.098560 5.131997 -0.985007 -0.076373 0.154687 0.091127 0.556283 2 8 0.498039 9 0.501961
mnt_body.png
 47 2.723664 0.895877 4.910872 -0.555160 0.754562 0.349905 0.078294 0.548592 2 8 0.200000 9 0.800000
 47 2.335076 1.369432 3.261864 -0.652216 0.611089 0.448536 0.079805 0.510346 2 9 0.498039 10 0.501961
 47 1.813406 0.267771 3.261864 -0.868276 0.084091 0.488903 0.091127 0.510346 2 9 0.498039 10 0.501961
mnt_body.png
 47 2.723664 0.895877 4.910872 -0.555160 0.754562 0.349905 0.078294 0.548592 2 8 0.200000 9 0.800000
 47 2.432740 -0.098560 5.131997 -0.985007 -0.076373 0.154687 0.091127 0.556283 2 8 0.498039 9 0.501961
 47 2.789355 0.854063 5.334998 -0.516535 0.849232 0.109530 0.077813 0.560929 2 8 0.800000 9 0.200000
mnt_body.png
 47 2.789355 0.854063 5.334998 -0.516535 0.849232 0.109530 0.077813 0.560929 2 8 0.800000 9 0.200000
 47 2.432740 -0.098560 5.131997 -0.985007 -0.076373 0.154687 0.091127 0.556283 2 8 0.498039 9 0.501961
 47 2.512446 -0.057649 6.152968 -0.900530 0.009788 -0.434684 0.091127 0.583482 2 4 0.498039 8 0.501961
mnt_body.png
 47 2.789355 0.854063 5.334998 -0.516535 0.849232 0.109530 0.077813 0.560929 2 8 0.800000 9 0.200000
 47 2.512446 -0.057649 6.152968 -0.900530 0.009788 -0.434684 0.091127 0.583482 2 4 0.498039 8 0.501961
 47 2.826313 0.934401 6.408888 0.045013 0.657827 -0.751823 0.077562 0.592187 2 4 0.498039 8 0.501961
mnt_body.png
 47 2.789355 0.854063 5.334998 -0.516535 0.849232 0.109530 0.077813 0.560929 2 8 0.800000 9 0.200000
 47 2.826313 0.934401 6.408888 0.045013 0.657827 -0.751823 0.077562 0.592187 2 4 0.498039 8 0.501961
 47 3.968187 0.640894 5.334997 0.614412 0.786654 0.060607 0.061097 0.560784 2 8 0.800000 9 0.200000
mnt_body.png
 47 3.968187 0.640894 5.334997 0.614412 0.786654 0.060607 0.061097 0.560784 2 8 0.800000 9 0.200000
 47 2.826313 0.934401 6.408888 0.045013 0.657827 -0.751823 0.077562 0.592187 2 4 0.498039 8 0.501961
 47 3.900287 0.807053 6.975898 0.760610 0.518178 -0.391106 0.062669 0.609598 2 4 0.498039 8 0.501961
mnt_body.png
 47 3.968187 0.640894 5.334997 0.614412 0.786654 0.060607 0.061097 0.560784 2 8 0.800000 9 0.200000
 47 4.261220 0.003288 7.110582 0.992412 0.029363 -0.119402 0.050111 0.612833 2 4 0.498039 8 0.501961
 47 4.324806 -0.098554 5.131995 0.984824 -0.070486 0.158598 0.049531 0.554353 2 8 0.498039 9 0.501961
mnt_body.png
 47 3.968187 0.640894 5.334997 0.614412 0.786654 0.060607 0.061097 0.560784 2 8 0.800000 9 0.200000
 47 3.900287 0.807053 6.975898 0.760610 0.518178 -0.391106 0.062669 0.609598 2 4 0.498039 8 0.501961
 47 4.261220 0.003288 7.110582 0.992412 0.029363 -0.119402 0.050111 0.612833 2 4 0.498039 8 0.501961
mnt_body.png
 47 4.268201 -1.130577 3.261860 0.434779 -0.656066 0.616883 0.037209 0.510346 2 9 0.498039 10 0.501961
 47 2.723161 -1.165948 4.689169 -0.334408 -0.940722 0.056696 0.019577 0.544030 2 8 0.200000 9 0.800000
 47 2.489347 -1.195184 3.261863 -0.449805 -0.559371 0.696261 0.018929 0.510346 2 9 0.498039 10 0.501961
mnt_body.png
 47 4.268201 -1.130577 3.261860 0.434779 -0.656066 0.616883 0.037209 0.510346 2 9 0.498039 10 0.501961
 47 4.034389 -1.078097 4.689166 0.600246 -0.793819 0.097752 0.036217 0.543839 2 8 0.200000 9 0.800000
 47 2.723161 -1.165948 4.689169 -0.334408 -0.940722 0.056696 0.019577 0.544030 2 8 0.200000 9 0.800000
mnt_body.png
 47 4.268201 -1.130577 3.261860 0.434779 -0.656066 0.616883 0.037209 0.510346 2 9 0.498039 10 0.501961
 47 4.324806 -0.098554 5.131995 0.984824 -0.070486 0.158598 0.049531 0.554353 2 8 0.498039 9 0.501961
 47 4.034389 -1.078097 4.689166 0.600246 -0.793819 0.097752 0.036217 0.543839 2 8 0.200000 9 0.800000
mnt_body.png
 47 4.261220 0.003288 7.110582 0.992412 0.029363 -0.119402 0.050111 0.612833 2 4 0.498039 8 0.501961
 47 3.994329 -0.999112 5.501291 0.618170 -0.776628 0.121307 0.036416 0.565026 2 8 0.800000 9 0.200000
 47 4.324806 -0.098554 5.131995 0.984824 -0.070486 0.158598 0.049531 0.554353 2 8 0.498039 9 0.501961
mnt_body.png
 47 4.261220 0.003288 7.110582 0.992412 0.029363 -0.119402 0.050111 0.612833 2 4 0.498039 8 0.501961
 47 3.949919 -0.797252 7.070719 0.780800 -0.514682 -0.354196 0.037812 0.611215 2 4 0.498039 8 0.501961
 47 3.994329 -0.999112 5.501291 0.618170 -0.776628 0.121307 0.036416 0.565026 2 8 0.800000 9 0.200000
mnt_body.png
 47 2.723161 -1.165948 4.689169 -0.334408 -0.940722 0.056696 0.019577 0.544030 2 8 0.200000 9 0.800000
 47 2.432740 -0.098560 5.131997 -0.985007 -0.076373 0.154687 0.004402 0.553857 2 8 0.498039 9 0.501961
 47 2.489347 -1.195184 3.261863 -0.449805 -0.559371 0.696261 0.018929 0.510346 2 9 0.498039 10 0.501961
mnt_body.png
 47 2.723161 -1.165948 4.689169 -0.334408 -0.940722 0.056696 0.019577 0.544030 2 8 0.200000 9 0.800000
 47 4.011803 -1.056968 5.131995 0.439929 -0.893518 0.089931 0.036202 0.555108 2 8 0.498039 9 0.501961
 47 2.745748 -1.178947 5.131997 -0.560976 -0.824835 0.070381 0.019814 0.555505 2 8 0.498039 9 0.501961
mnt_body.png
 47 2.723161 -1.165948 4.689169 -0.334408 -0.940722 0.056696 0.019577 0.544030 2 8 0.200000 9 0.800000
 47 4.034389 -1.078097 4.689166 0.600246 -0.793819 0.097752 0.036217 0.543839 2 8 0.200000 9 0.800000
 47 4.011803 -1.056968 5.131995 0.439929 -0.893518 0.089931 0.036202 0.555108 2 8 0.498039 9 0.501961
mnt_body.png
 47 2.723161 -1.165948 4.689169 -0.334408 -0.940722 0.056696 0.019577 0.544030 2 8 0.200000 9 0.800000
 47 2.745748 -1.178947 5.131997 -0.560976 -0.824835 0.070381 0.019814 0.555505 2 8 0.498039 9 0.501961
 47 2.432740 -0.098560 5.131997 -0.985007 -0.076373 0.154687 0.004402 0.553857 2 8 0.498039 9 0.501961
mnt_body.png
 47 2.489347 -1.195184 3.261863 -0.449805 -0.559371 0.696261 0.018929 0.510346 2 9 0.498039 10 0.501961
 47 2.432740 -0.098560 5.131997 -0.985007 -0.076373 0.154687 0.004402 0.553857 2 8 0.498039 9 0.501961
 47 1.813406 0.267771 3.261864 -0.868276 0.084091 0.488903 0.004402 0.510346 2 9 0.498039 10 0.501961
mnt_body.png
 47 4.034389 -1.078097 4.689166 0.600246 -0.793819 0.097752 0.036217 0.543839 2 8 0.200000 9 0.800000
 47 4.324806 -0.098554 5.131995 0.984824 -0.070486 0.158598 0.049531 0.554353 2 8 0.498039 9 0.501961
 47 4.011803 -1.056968 5.131995 0.439929 -0.893518 0.089931 0.036202 0.555108 2 8 0.498039 9 0.501961
mnt_body.png
 47 3.994329 -0.999112 5.501291 0.618170 -0.776628 0.121307 0.036416 0.565026 2 8 0.800000 9 0.200000
 47 2.763222 -1.130207 5.501291 -0.558016 -0.818428 0.137090 0.019768 0.565591 2 8 0.800000 9 0.200000
 47 4.011803 -1.056968 5.131995 0.439929 -0.893518 0.089931 0.036202 0.555108 2 8 0.498039 9 0.501961
mnt_body.png
 47 3.994329 -0.999112 5.501291 0.618170 -0.776628 0.121307 0.036416 0.565026 2 8 0.800000 9 0.200000
 47 2.792178 -1.012287 6.456502 0.027418 -0.712688 -0.700946 0.020020 0.594377 2 4 0.498039 8 0.501961
 47 2.763222 -1.130207 5.501291 -0.558016 -0.818428 0.137090 0.019768 0.565591 2 8 0.800000 9 0.200000
mnt_body.png
 47 3.994329 -0.999112 5.501291 0.618170 -0.776628 0.121307 0.036416 0.565026 2 8 0.800000 9 0.200000
 47 3.949919 -0.797252 7.070719 0.780800 -0.514682 -0.354196 0.037812 0.611215 2 4 0.498039 8 0.501961
 47 2.792178 -1.012287 6.456502 0.027418 -0.712688 -0.700946 0.020020 0.594377 2 4 0.498039 8 0.501961
mnt_body.png
 47 3.994329 -0.999112 5.501291 0.618170 -0.776628 0.121307 0.036416 0.565026 2 8 0.800000 9 0.200000
 47 4.011803 -1.056968 5.131995 0.439929 -0.893518 0.089931 0.036202 0.555108 2 8 0.498039 9 0.501961
 47 4.324806 -0.098554 5.131995 0.984824 -0.070486 0.158598 0.049531 0.554353 2 8 0.498039 9 0.501961
mnt_body.png
 47 2.432740 -0.098560 5.131997 -0.985007 -0.076373 0.154687 0.004402 0.553857 2 8 0.498039 9 0.501961
 47 2.763222 -1.130207 5.501291 -0.558016 -0.818428 0.137090 0.019768 0.565591 2 8 0.800000 9 0.200000
 47 2.512446 -0.057649 6.152968 -0.900530 0.009788 -0.434684 0.004402 0.586625 2 4 0.498039 8 0.501961
mnt_body.png
 47 2.432740 -0.098560 5.131997 -0.985007 -0.076373 0.154687 0.004402 0.553857 2 8 0.498039 9 0.501961
 47 2.745748 -1.178947 5.131997 -0.560976 -0.824835 0.070381 0.019814 0.555505 2 8 0.498039 9 0.501961
 47 2.763222 -1.130207 5.501291 -0.558016 -0.818428 0.137090 0.019768 0.565591 2 8 0.800000 9 0.200000
mnt_body.png
 47 4.011803 -1.056968 5.131995 0.439929 -0.893518 0.089931 0.036202 0.555108 2 8 0.498039 9 0.501961
 47 2.763222 -1.130207 5.501291 -0.558016 -0.818428 0.137090 0.019768 0.565591 2 8 0.800000 9 0.200000
 47 2.745748 -1.178947 5.131997 -0.560976 -0.824835 0.070381 0.019814 0.555505 2 8 0.498039 9 0.501961
mnt_body.png
 47 2.763222 -1.130207 5.501291 -0.558016 -0.818428 0.137090 0.019768 0.565591 2 8 0.800000 9 0.200000
 47 2.792178 -1.012287 6.456502 0.027418 -0.712688 -0.700946 0.020020 0.594377 2 4 0.498039 8 0.501961
 47 2.512446 -0.057649 6.152968 -0.900530 0.009788 -0.434684 0.004402 0.586625 2 4 0.498039 8 0.501961
mnt_body.png
 47 -15.894502 -2.265652 16.093903 -0.207328 -0.978202 -0.011635 0.049752 0.767178 3 39 0.050980 41 0.349020 42 0.600000
 47 -16.105160 -1.869549 16.955196 -0.127028 -0.784699 0.606722 0.050408 0.783955 3 39 0.050980 41 0.349020 42 0.600000
 47 -16.620193 -2.095789 16.170860 -0.262443 -0.963039 0.060652 0.057092 0.770306 3 41 0.200000 42 0.498039 43 0.301961
mnt_body.png
 47 -15.894502 -2.265652 16.093903 -0.207328 -0.978202 -0.011635 0.049752 0.767178 3 39 0.050980 41 0.349020 42 0.600000
 47 -15.489370 -1.963398 16.955322 -0.082198 -0.784636 0.614483 0.044625 0.782124 3 39 0.231373 41 0.478431 42 0.290196
 47 -16.105160 -1.869549 16.955196 -0.127028 -0.784699 0.606722 0.050408 0.783955 3 39 0.050980 41 0.349020 42 0.600000
mnt_body.png
 47 -15.894502 -2.265652 16.093903 -0.207328 -0.978202 -0.011635 0.049752 0.767178 3 39 0.050980 41 0.349020 42 0.600000
 47 -15.069939 -2.411858 16.024923 -0.199414 -0.979715 -0.019837 0.041726 0.764035 4 39 0.301961 41 0.494117 42 0.101961 44 0.101961
 47 -15.489370 -1.963398 16.955322 -0.082198 -0.784636 0.614483 0.044625 0.782124 3 39 0.231373 41 0.478431 42 0.290196
mnt_body.png
 47 -16.105160 -1.869549 16.955196 -0.127028 -0.784699 0.606722 0.050408 0.783955 3 39 0.050980 41 0.349020 42 0.600000
 47 -16.130062 -1.201054 17.464304 -0.101859 -0.387658 0.916158 0.050233 0.796330 3 39 0.050980 41 0.349020 42 0.600000
 47 -16.787327 -1.736755 16.975996 -0.221247 -0.763361 0.606902 0.056786 0.786740 3 41 0.200000 42 0.498039 43 0.301961
mnt_body.png
 47 -16.105160 -1.869549 16.955196 -0.127028 -0.784699 0.606722 0.050408 0.783955 3 39 0.050980 41 0.349020 42 0.600000
 47 -16.787327 -1.736755 16.975996 -0.221247 -0.763361 0.606902 0.056786 0.786740 3 41 0.200000 42 0.498039 43 0.301961
 47 -16.620193 -2.095789 16.170860 -0.262443 -0.963039 0.060652 0.057092 0.770306 3 41 0.200000 42 0.498039 43 0.301961
mnt_body.png
 47 -16.105160 -1.869549 16.955196 -0.127028 -0.784699 0.606722 0.050408 0.783955 3 39 0.050980 41 0.349020 42 0.600000
 47 -15.502687 -1.245061 17.492666 -0.062375 -0.397235 0.915595 0.044236 0.795476 3 39 0.231373 41 0.478431 42 0.290196
 47 -16.130062 -1.201054 17.464304 -0.101859 -0.387658 0.916158 0.050233 0.796330 3 39 0.050980 41 0.349020 42 0.600000
mnt_body.png
 47 -16.105160 -1.869549 16.955196 -0.127028 -0.784699 0.606722 0.050408 0.783955 3 39 0.050980 41 0.349020 42 0.600000
 47 -15.489370 -1.963398 16.955322 -0.082198 -0.784636 0.614483 0.044625 0.782124 3 39 0.231373 41 0.478431 42 0.290196
 47 -15.502687 -1.245061 17.492666 -0.062375 -0.397235 0.915595 0.044236 0.795476 3 39 0.231373 41 0.478431 42 0.290196
mnt_body.png
 47 -16.620193 -2.095789 16.170860 -0.262443 -0.963039 0.060652 0.057092 0.770306 3 41 0.200000 42 0.498039 43 0.301961
 47 -16.787327 -1.736755 16.975996 -0.221247 -0.763361 0.606902 0.056786 0.786740 3 41 0.200000 42 0.498039 43 0.301961
 47 -17.367542 -1.830836 16.241531 -0.410840 -0.911539 -0.017547 0.064408 0.775517 2 42 0.301961 43 0.698039
mnt_body.png
 47 -15.489370 -1.963398 16.955322 -0.082198 -0.784636 0.614483 0.044625 0.782124 3 39 0.231373 41 0.478431 42 0.290196
 47 -15.069939 -2.411858 16.024923 -0.199414 -0.979715 -0.019837 0.041726 0.764035 4 39 0.301961 41 0.494117 42 0.101961 44 0.101961
 47 -14.930808 -1.997702 16.940811 0.009823 -0.784470 0.620089 0.039506 0.781109 3 39 0.549019 41 0.349020 42 0.101961
mnt_body.png
 47 -15.489370 -1.963398 16.955322 -0.082198 -0.784636 0.614483 0.044625 0.782124 3 39 0.231373 41 0.478431 42 0.290196
 47 -14.932534 -1.282338 17.506384 0.031375 -0.405009 0.913774 0.038788 0.794492 3 39 0.549019 41 0.349020 42 0.101961
 47 -15.502687 -1.245061 17.492666 -0.062375 -0.397235 0.915595 0.044236 0.795476 3 39 0.231373 41 0.478431 42 0.290196
mnt_body.png
 47 -15.489370 -1.963398 16.955322 -0.082198 -0.784636 0.614483 0.044625 0.782124 3 39 0.231373 41 0.478431 42 0.290196
 47 -14.930808 -1.997702 16.940811 0.009823 -0.784470 0.620089 0.039506 0.781109 3 39 0.549019 41 0.349020 42 0.101961
 47 -14.932534 -1.282338 17.506384 0.031375 -0.405009 0.913774 0.038788 0.794492 3 39 0.549019 41 0.349020 42 0.101961
mnt_body.png
 47 -15.069939 -2.411858 16.024923 -0.199414 -0.979715 -0.019837 0.041726 0.764035 4 39 0.301961 41 0.494117 42 0.101961 44 0.101961
 47 -14.521803 -2.256450 14.854445 -0.678846 -0.731610 -0.062563 0.038132 0.753567 3 39 0.400000 44 0.101961 45 0.498039
 47 -14.406504 -2.484504 15.963047 -0.035286 -0.979686 0.197411 0.036172 0.762356 2 39 0.800000 44 0.200000
mnt_body.png
 47 -15.069939 -2.411858 16.024923 -0.199414 -0.979715 -0.019837 0.041726 0.764035 4 39 0.301961 41 0.494117 42 0.101961 44 0.101961
 47 -14.406504 -2.484504 15.963047 -0.035286 -0.979686 0.197411 0.036172 0.762356 2 39 0.800000 44 0.200000
 47 -14.930808 -1.997702 16.940811 0.009823 -0.784470 0.620089 0.039506 0.781109 3 39 0.549019 41 0.349020 42 0.101961
mnt_body.png
 47 -16.130062 -1.201054 17.464304 -0.101859 -0.387658 0.916158 0.050233 0.796330 3 39 0.050980 41 0.349020 42 0.600000
 47 -16.144264 0.141556 17.681301 -0.105657 -0.003914 0.994395 0.049569 0.818982 3 39 0.050980 41 0.349020 42 0.600000
 47 -16.811943 -1.142695 17.379095 -0.184255 -0.374160 0.908875 0.056825 0.796925 3 41 0.200000 42 0.498039 43 0.301961
mnt_body.png
 47 -16.130062 -1.201054 17.464304 -0.101859 -0.387658 0.916158 0.050233 0.796330 3 39 0.050980 41 0.349020 42 0.600000
 47 -16.811943 -1.142695 17.379095 -0.184255 -0.374160 0.908875 0.056825 0.796925 3 41 0.200000 42 0.498039 43 0.301961
 47 -16.787327 -1.736755 16.975996 -0.221247 -0.763361 0.606902 0.056786 0.786740 3 41 0.200000 42 0.498039 43 0.301961
mnt_body.png
 47 -16.130062 -1.201054 17.464304 -0.101859 -0.387658 0.916158 0.050233 0.796330 3 39 0.050980 41 0.349020 42 0.600000
 47 -15.536209 0.137314 17.728636 -0.060656 -0.003918 0.998151 0.043816 0.818761 3 39 0.231373 41 0.478431 42 0.290196
 47 -16.144264 0.141556 17.681301 -0.105657 -0.003914 0.994395 0.049569 0.818982 3 39 0.050980 41 0.349020 42 0.600000
mnt_body.png
 47 -16.130062 -1.201054 17.464304 -0.101859 -0.387658 0.916158 0.050233 0.796330 3 39 0.050980 41 0.349020 42 0.600000
 47 -15.502687 -1.245061 17.492666 -0.062375 -0.397235 0.915595 0.044236 0.795476 3 39 0.231373 41 0.478431 42 0.290196
 47 -15.536209 0.137314 17.728636 -0.060656 -0.003918 0.998151 0.043816 0.818761 3 39 0.231373 41 0.478431 42 0.290196
mnt_body.png
 47 -16.787327 -1.736755 16.975996 -0.221247 -0.763361 0.606902 0.056786 0.786740 3 41 0.200000 42 0.498039 43 0.301961
 47 -17.404972 -1.516202 16.939041 -0.402834 -0.696055 0.594333 0.062814 0.789334 2 42 0.301961 43 0.698039
 47 -17.367542 -1.830836 16.241531 -0.410840 -0.911539 -0.017547 0.064408 0.775517 2 42 0.301961 43 0.698039
mnt_body.png
 47 -16.787327 -1.736755 16.975996 -0.221247 -0.763361 0.606902 0.056786 0.786740 3 41 0.200000 42 0.498039 43 0.301961
 47 -16.811943 -1.142695 17.379095 -0.184255 -0.374160 0.908875 0.056825 0.796925 3 41 0.200000 42 0.498039 43 0.301961
 47 -17.404972 -1.516202 16.939041 -0.402834 -0.696055 0.594333 0.062814 0.789334 2 42 0.301961 43 0.698039
mnt_body.png
 47 -15.502687 -1.245061 17.492666 -0.062375 -0.397235 0.915595 0.044236 0.795476 3 39 0.231373 41 0.478431 42 0.290196
 47 -14.985377 0.131230 17.751862 0.005722 -0.005869 0.999966 0.038552 0.818502 3 39 0.549019 41 0.349020 42 0.101961
 47 -15.536209 0.137314 17.728636 -0.060656 -0.003918 0.998151 0.043816 0.818761 3 39 0.231373 41 0.478431 42 0.290196
mnt_body.png
 47 -15.502687 -1.245061 17.492666 -0.062375 -0.397235 0.915595 0.044236 0.795476 3 39 0.231373 41 0.478431 42 0.290196
 47 -14.932534 -1.282338 17.506384 0.031375 -0.405009 0.913774 0.038788 0.794492 3 39 0.549019 41 0.349020 42 0.101961
 47 -14.985377 0.131230 17.751862 0.005722 -0.005869 0.999966 0.038552 0.818502 3 39 0.549019 41 0.349020 42 0.101961
mnt_body.png
 47 -17.367542 -1.830836 16.241531 -0.410840 -0.911539 -0.017547 0.064408 0.775517 2 42 0.301961 43 0.698039
 47 -17.404972 -1.516202 16.939041 -0.402834 -0.696055 0.594333 0.062814 0.789334 2 42 0.301961 43 0.698039
 47 -17.947994 -1.478819 16.329813 -0.681653 -0.730824 0.035284 0.070451 0.782673 2 42 0.101961 43 0.898039
mnt_body.png
 47 -14.930808 -1.997702 16.940811 0.009823 -0.784470 0.620089 0.039506 0.781109 3 39 0.549019 41 0.349020 42 0.101961
 47 -14.163347 -1.352447 17.390024 0.135034 -0.438372 0.888592 0.031334 0.791417 2 39 0.650980 41 0.349020
 47 -14.932534 -1.282338 17.506384 0.031375 -0.405009 0.913774 0.038788 0.794492 3 39 0.549019 41 0.349020 42 0.101961
mnt_body.png
 47 -14.930808 -1.997702 16.940811 0.009823 -0.784470 0.620089 0.039506 0.781109 3 39 0.549019 41 0.349020 42 0.101961
 47 -14.138678 -2.055369 16.794716 0.097844 -0.787852 0.608043 0.032151 0.778393 2 39 0.650980 41 0.349020
 47 -14.163347 -1.352447 17.390024 0.135034 -0.438372 0.888592 0.031334 0.791417 2 39 0.650980 41 0.349020
mnt_body.png
 47 -14.930808 -1.997702 16.940811 0.009823 -0.784470 0.620089 0.039506 0.781109 3 39 0.549019 41 0.349020 42 0.101961
 47 -14.406504 -2.484504 15.963047 -0.035286 -0.979686 0.197411 0.036172 0.762356 2 39 0.800000 44 0.200000
 47 -14.138678 -2.055369 16.794716 0.097844 -0.787852 0.608043 0.032151 0.778393 2 39 0.650980 41 0.349020
mnt_body.png
 47 -14.932534 -1.282338 17.506384 0.031375 -0.405009 0.913774 0.038788 0.794492 3 39 0.549019 41 0.349020 42 0.101961
 47 -14.152237 0.140009 17.667421 0.115402 -0.013691 0.993225 0.030411 0.818509 2 39 0.650980 41 0.349020
 47 -14.985377 0.131230 17.751862 0.005722 -0.005869 0.999966 0.038552 0.818502 3 39 0.549019 41 0.349020 42 0.101961
mnt_body.png
 47 -14.932534 -1.282338 17.506384 0.031375 -0.405009 0.913774 0.038788 0.794492 3 39 0.549019 41 0.349020 42 0.101961
 47 -14.163347 -1.352447 17.390024 0.135034 -0.438372 0.888592 0.031334 0.791417 2 39 0.650980 41 0.349020
 47 -14.152237 0.140009 17.667421 0.115402 -0.013691 0.993225 0.030411 0.818509 2 39 0.650980 41 0.349020
mnt_body.png
 47 -14.406504 -2.484504 15.963047 -0.035286 -0.979686 0.197411 0.036172 0.762356 2 39 0.800000 44 0.200000
 47 -14.521803 -2.256450 14.854445 -0.678846 -0.731610 -0.062563 0.038132 0.753567 3 39 0.400000 44 0.101961 45 0.498039
 47 -13.476337 -2.490960 15.917099 0.094032 -0.939631 0.329017 0.027207 0.759541 2 39 0.600000 44 0.400000
mnt_body.png
 47 -14.406504 -2.484504 15.963047 -0.035286 -0.979686 0.197411 0.036172 0.762356 2 39 0.800000 44 0.200000
 47 -13.476337 -2.490960 15.917099 0.094032 -0.939631 0.329017 0.027207 0.759541 2 39 0.600000 44 0.400000
 47 -14.138678 -2.055369 16.794716 0.097844 -0.787852 0.608043 0.032151 0.778393 2 39 0.650980 41 0.349020
mnt_body.png
 47 -14.521803 -2.256450 14.854445 -0.678846 -0.731610 -0.062563 0.038132 0.753567 3 39 0.400000 44 0.101961 45 0.498039
 47 -14.970144 -2.848292 14.415920 -0.750805 -0.066485 0.657169 0.046067 0.749783 2 45 0.698039 46 0.301961
 47 -13.253567 -2.834254 14.825524 0.174326 -0.891035 0.419126 0.028710 0.738308 2 44 0.600000 45 0.400000
mnt_body.png
 47 -14.521803 -2.256450 14.854445 -0.678846 -0.731610 -0.062563 0.038132 0.753567 3 39 0.400000 44 0.101961 45 0.498039
 47 -13.253567 -2.834254 14.825524 0.174326 -0.891035 0.419126 0.028710 0.738308 2 44 0.600000 45 0.400000
 47 -13.476337 -2.490960 15.917099 0.094032 -0.939631 0.329017 0.027207 0.759541 2 39 0.600000 44 0.400000
mnt_body.png
 47 -15.536209 0.137314 17.728636 -0.060656 -0.003918 0.998151 0.043816 0.818761 3 39 0.231373 41 0.478431 42 0.290196
 47 -14.985377 0.131230 17.751862 0.005722 -0.005869 0.999966 0.038552 0.818502 3 39 0.549019 41 0.349020 42 0.101961
 47 -15.547399 1.440073 17.517996 -0.076302 0.387114 0.918869 0.044472 0.840703 3 39 0.231373 41 0.478431 42 0.290196
mnt_body.png
 47 -15.536209 0.137314 17.728636 -0.060656 -0.003918 0.998151 0.043816 0.818761 3 39 0.231373 41 0.478431 42 0.290196
 47 -15.547399 1.440073 17.517996 -0.076302 0.387114 0.918869 0.044472 0.840703 3 39 0.231373 41 0.478431 42 0.290196
 47 -16.152271 1.372242 17.485456 -0.107577 0.381635 0.918032 0.050309 0.839529 3 39 0.050980 41 0.349020 42 0.600000
mnt_body.png
 47 -15.536209 0.137314 17.728636 -0.060656 -0.003918 0.998151 0.043816 0.818761 3 39 0.231373 41 0.478431 42 0.290196
 47 -16.152271 1.372242 17.485456 -0.107577 0.381635 0.918032 0.050309 0.839529 3 39 0.050980 41 0.349020 42 0.600000
 47 -16.144264 0.141556 17.681301 -0.105657 -0.003914 0.994395 0.049569 0.818982 3 39 0.050980 41 0.349020 42 0.600000
mnt_body.png
 47 -14.985377 0.131230 17.751862 0.005722 -0.005869 0.999966 0.038552 0.818502 3 39 0.549019 41 0.349020 42 0.101961
 47 -14.152237 0.140009 17.667421 0.115402 -0.013691 0.993225 0.030411 0.818509 2 39 0.650980 41 0.349020
 47 -14.999747 1.482304 17.535891 0.027370 0.428912 0.902932 0.039139 0.841833 3 39 0.549019 41 0.349020 42 0.101961
mnt_body.png
 47 -14.985377 0.131230 17.751862 0.005722 -0.005869 0.999966 0.038552 0.818502 3 39 0.549019 41 0.349020 42 0.101961
 47 -14.999747 1.482304 17.535891 0.027370 0.428912 0.902932 0.039139 0.841833 3 39 0.549019 41 0.349020 42 0.101961
 47 -15.547399 1.440073 17.517996 -0.076302 0.387114 0.918869 0.044472 0.840703 3 39 0.231373 41 0.478431 42 0.290196
mnt_body.png
 47 -17.947994 -1.478819 16.329813 -0.681653 -0.730824 0.035284 0.070451 0.782673 2 42 0.101961 43 0.898039
 47 -17.404972 -1.516202 16.939041 -0.402834 -0.696055 0.594333 0.062814 0.789334 2 42 0.301961 43 0.698039
 47 -18.008741 -1.014021 16.900124 -0.655822 -0.397323 0.641897 0.068925 0.797421 2 42 0.101961 43 0.898039
mnt_body.png
 47 -17.947994 -1.478819 16.329813 -0.681653 -0.730824 0.035284 0.070451 0.782673 2 42 0.101961 43 0.898039
 47 -18.008741 -1.014021 16.900124 -0.655822 -0.397323 0.641897 0.068925 0.797421 2 42 0.101961 43 0.898039
 47 -18.293665 -0.948099 16.469995 -0.952577 -0.297388 0.064472 0.072854 0.796483 1 43 1.000000
mnt_body.png
 47 -14.138678 -2.055369 16.794716 0.097844 -0.787852 0.608043 0.032151 0.778393 2 39 0.650980 41 0.349020
 47 -13.476337 -2.490960 15.917099 0.094032 -0.939631 0.329017 0.027207 0.759541 2 39 0.600000 44 0.400000
 47 -12.513113 -1.557293 16.911068 0.264252 -0.630174 0.730103 0.015625 0.781651 2 38 0.101961 39 0.898039
mnt_body.png
 47 -14.138678 -2.055369 16.794716 0.097844 -0.787852 0.608043 0.032151 0.778393 2 39 0.650980 41 0.349020
 47 -12.513113 -1.557293 16.911068 0.264252 -0.630174 0.730103 0.015625 0.781651 2 38 0.101961 39 0.898039
 47 -14.163347 -1.352447 17.390024 0.135034 -0.438372 0.888592 0.031334 0.791417 2 39 0.650980 41 0.349020
mnt_body.png
 47 -14.163347 -1.352447 17.390024 0.135034 -0.438372 0.888592 0.031334 0.791417 2 39 0.650980 41 0.349020
 47 -12.515495 0.075331 17.438595 0.274161 -0.011749 0.961612 0.014488 0.816869 2 38 0.101961 39 0.898039
 47 -14.152237 0.140009 17.667421 0.115402 -0.013691 0.993225 0.030411 0.818509 2 39 0.650980 41 0.349020
mnt_body.png
 47 -14.163347 -1.352447 17.390024 0.135034 -0.438372 0.888592 0.031334 0.791417 2 39 0.650980 41 0.349020
 47 -12.513113 -1.557293 16.911068 0.264252 -0.630174 0.730103 0.015625 0.781651 2 38 0.101961 39 0.898039
 47 -12.515495 0.075331 17.438595 0.274161 -0.011749 0.961612 0.014488 0.816869 2 38 0.101961 39 0.898039
mnt_body.png
 47 -14.152237 0.140009 17.667421 0.115402 -0.013691 0.993225 0.030411 0.818509 2 39 0.650980 41 0.349020
 47 -12.515495 0.075331 17.438595 0.274161 -0.011749 0.961612 0.014488 0.816869 2 38 0.101961 39 0.898039
 47 -14.097626 1.447316 17.466801 0.156415 0.361817 0.919034 0.030411 0.841985 2 39 0.650980 41 0.349020
mnt_body.png
 47 -14.152237 0.140009 17.667421 0.115402 -0.013691 0.993225 0.030411 0.818509 2 39 0.650980 41 0.349020
 47 -14.097626 1.447316 17.466801 0.156415 0.361817 0.919034 0.030411 0.841985 2 39 0.650980 41 0.349020
 47 -14.999747 1.482304 17.535891 0.027370 0.428912 0.902932 0.039139 0.841833 3 39 0.549019 41 0.349020 42 0.101961
mnt_body.png
 47 -14.970144 -2.848292 14.415920 -0.750805 -0.066485 0.657169 0.046067 0.749783 2 45 0.698039 46 0.301961
 47 -15.193066 -3.387272 13.882547 -0.721740 -0.508594 0.469493 0.052720 0.737743 1 46 1.000000
 47 -14.082401 -3.408772 14.297619 0.139045 -0.822181 0.551983 0.040490 0.734859 2 45 0.698039 46 0.301961
mnt_body.png
 47 -14.970144 -2.848292 14.415920 -0.750805 -0.066485 0.657169 0.046067 0.749783 2 45 0.698039 46 0.301961
 47 -14.082401 -3.408772 14.297619 0.139045 -0.822181 0.551983 0.040490 0.734859 2 45 0.698039 46 0.301961
 47 -13.253567 -2.834254 14.825524 0.174326 -0.891035 0.419126 0.028710 0.738308 2 44 0.600000 45 0.400000
mnt_body.png
 47 -15.547399 1.440073 17.517996 -0.076302 0.387114 0.918869 0.044472 0.840703 3 39 0.231373 41 0.478431 42 0.290196
 47 -14.999747 1.482304 17.535891 0.027370 0.428912 0.902932 0.039139 0.841833 3 39 0.549019 41 0.349020 42 0.101961
 47 -15.567175 2.145585 16.992168 -0.095930 0.790610 0.604758 0.045533 0.854017 3 39 0.231373 41 0.478431 42 0.290196
mnt_body.png
 47 -15.547399 1.440073 17.517996 -0.076302 0.387114 0.918869 0.044472 0.840703 3 39 0.231373 41 0.478431 42 0.290196
 47 -15.567175 2.145585 16.992168 -0.095930 0.790610 0.604758 0.045533 0.854017 3 39 0.231373 41 0.478431 42 0.290196
 47 -16.169174 2.033899 16.989807 -0.160621 0.781406 0.602997 0.051453 0.852186 3 39 0.050980 41 0.349020 42 0.600000
mnt_body.png
 47 -15.547399 1.440073 17.517996 -0.076302 0.387114 0.918869 0.044472 0.840703 3 39 0.231373 41 0.478431 42 0.290196
 47 -16.169174 2.033899 16.989807 -0.160621 0.781406 0.602997 0.051453 0.852186 3 39 0.050980 41 0.349020 42 0.600000
 47 -16.152271 1.372242 17.485456 -0.107577 0.381635 0.918032 0.050309 0.839529 3 39 0.050980 41 0.349020 42 0.600000
mnt_body.png
 47 -14.999747 1.482304 17.535891 0.027370 0.428912 0.902932 0.039139 0.841833 3 39 0.549019 41 0.349020 42 0.101961
 47 -14.097626 1.447316 17.466801 0.156415 0.361817 0.919034 0.030411 0.841985 2 39 0.650980 41 0.349020
 47 -14.043802 2.105442 16.967579 0.148776 0.767053 0.624095 0.030632 0.854162 2 39 0.650980 41 0.349020
mnt_body.png
 47 -14.999747 1.482304 17.535891 0.027370 0.428912 0.902932 0.039139 0.841833 3 39 0.549019 41 0.349020 42 0.101961
 47 -14.043802 2.105442 16.967579 0.148776 0.767053 0.624095 0.030632 0.854162 2 39 0.650980 41 0.349020
 47 -15.022399 2.179406 16.979895 0.013542 0.823442 0.567240 0.040185 0.855016 3 39 0.549019 41 0.349020 42 0.101961
mnt_body.png
 47 -14.999747 1.482304 17.535891 0.027370 0.428912 0.902932 0.039139 0.841833 3 39 0.549019 41 0.349020 42 0.101961
 47 -15.022399 2.179406 16.979895 0.013542 0.823442 0.567240 0.040185 0.855016 3 39 0.549019 41 0.349020 42 0.101961
 47 -15.567175 2.145585 16.992168 -0.095930 0.790610 0.604758 0.045533 0.854017 3 39 0.231373 41 0.478431 42 0.290196
mnt_body.png
 47 -18.293665 -0.948099 16.469995 -0.952577 -0.297388 0.064472 0.072854 0.796483 1 43 1.000000
 47 -18.008741 -1.014021 16.900124 -0.655822 -0.397323 0.641897 0.068925 0.797421 2 42 0.101961 43 0.898039
 47 -18.194111 0.116999 16.992868 -0.793903 0.009775 0.607966 0.070031 0.818357 2 42 0.101961 43 0.898039
mnt_body.png
 47 -18.293665 -0.948099 16.469995 -0.952577 -0.297388 0.064472 0.072854 0.796483 1 43 1.000000
 47 -18.194111 0.116999 16.992868 -0.793903 0.009775 0.607966 0.070031 0.818357 2 42 0.101961 43 0.898039
 47 -18.436340 0.083323 16.525812 -0.999174 0.023456 0.033185 0.074189 0.817769 1 43 1.000000
mnt_body.png
 47 -14.097626 1.447316 17.466801 0.156415 0.361817 0.919034 0.030411 0.841985 2 39 0.650980 41 0.349020
 47 -12.405239 1.622713 16.924698 0.342366 0.676960 0.651545 0.013970 0.850698 2 38 0.101961 39 0.898039
 47 -14.043802 2.105442 16.967579 0.148776 0.767053 0.624095 0.030632 0.854162 2 39 0.650980 41 0.349020
mnt_body.png
 47 -14.097626 1.447316 17.466801 0.156415 0.361817 0.919034 0.030411 0.841985 2 39 0.650980 41 0.349020
 47 -12.515495 0.075331 17.438595 0.274161 -0.011749 0.961612 0.014488 0.816869 2 38 0.101961 39 0.898039
 47 -12.405239 1.622713 16.924698 0.342366 0.676960 0.651545 0.013970 0.850698 2 38 0.101961 39 0.898039
mnt_body.png
 47 -15.193066 -3.387272 13.882547 -0.721740 -0.508594 0.469493 0.052720 0.737743 1 46 1.000000
 47 -14.714319 -3.917162 13.733723 -0.047016 -0.972743 0.227069 0.048898 0.727245 1 46 1.000000
 47 -14.082401 -3.408772 14.297619 0.139045 -0.822181 0.551983 0.040490 0.734859 2 45 0.698039 46 0.301961
mnt_body.png
 47 -15.193066 -3.387272 13.882547 -0.721740 -0.508594 0.469493 0.052720 0.737743 1 46 1.000000
 47 -15.040131 -3.712853 13.132613 -0.631519 -0.648971 -0.424287 0.054055 0.716625 1 46 1.000000
 47 -14.714319 -3.917162 13.733723 -0.047016 -0.972743 0.227069 0.048898 0.727245 1 46 1.000000
mnt_body.png
 47 -14.082401 -3.408772 14.297619 0.139045 -0.822181 0.551983 0.040490 0.734859 2 45 0.698039 46 0.301961
 47 -14.714319 -3.917162 13.733723 -0.047016 -0.972743 0.227069 0.048898 0.727245 1 46 1.000000
 47 -13.716156 -3.299937 13.553831 0.605107 -0.734378 -0.307465 0.039391 0.720462 2 45 0.698039 46 0.301961
mnt_body.png
 47 -14.082401 -3.408772 14.297619 0.139045 -0.822181 0.551983 0.040490 0.734859 2 45 0.698039 46 0.301961
 47 -12.960403 -2.855740 13.860138 0.626007 -0.727886 -0.279815 0.028954 0.720447 2 44 0.600000 45 0.400000
 47 -13.253567 -2.834254 14.825524 0.174326 -0.891035 0.419126 0.028710 0.738308 2 44 0.600000 45 0.400000
mnt_body.png
 47 -14.082401 -3.408772 14.297619 0.139045 -0.822181 0.551983 0.040490 0.734859 2 45 0.698039 46 0.301961
 47 -13.716156 -3.299937 13.553831 0.605107 -0.734378 -0.307465 0.039391 0.720462 2 45 0.698039 46 0.301961
 47 -12.960403 -2.855740 13.860138 0.626007 -0.727886 -0.279815 0.028954 0.720447 2 44 0.600000 45 0.400000
mnt_body.png
 47 -14.043802 2.105442 16.967579 0.148776 0.767053 0.624095 0.030632 0.854162 2 39 0.650980 41 0.349020
 47 -14.208694 2.622842 15.894873 0.003815 0.995758 -0.091934 0.032662 0.873594 2 39 0.898039 41 0.101961
 47 -15.022399 2.179406 16.979895 0.013542 0.823442 0.567240 0.040185 0.855016 3 39 0.549019 41 0.349020 42 0.101961
mnt_body.png
 47 -14.043802 2.105442 16.967579 0.148776 0.767053 0.624095 0.030632 0.854162 2 39 0.650980 41 0.349020
 47 -12.405239 1.622713 16.924698 0.342366 0.676960 0.651545 0.013970 0.850698 2 38 0.101961 39 0.898039
 47 -13.268044 2.504656 15.707819 0.182055 0.980753 -0.070571 0.023697 0.875937 1 39 1.000000
mnt_body.png
 47 -14.043802 2.105442 16.967579 0.148776 0.767053 0.624095 0.030632 0.854162 2 39 0.650980 41 0.349020
 47 -13.268044 2.504656 15.707819 0.182055 0.980753 -0.070571 0.023697 0.875937 1 39 1.000000
 47 -14.208694 2.622842 15.894873 0.003815 0.995758 -0.091934 0.032662 0.873594 2 39 0.898039 41 0.101961
mnt_body.png
 47 -15.022399 2.179406 16.979895 0.013542 0.823442 0.567240 0.040185 0.855016 3 39 0.549019 41 0.349020 42 0.101961
 47 -14.208694 2.622842 15.894873 0.003815 0.995758 -0.091934 0.032662 0.873594 2 39 0.898039 41 0.101961
 47 -15.185991 2.576677 16.014730 -0.109669 0.989529 -0.093839 0.042016 0.872808 3 39 0.349020 41 0.501961 42 0.149020
mnt_body.png
 47 -15.022399 2.179406 16.979895 0.013542 0.823442 0.567240 0.040185 0.855016 3 39 0.549019 41 0.349020 42 0.101961
 47 -15.185991 2.576677 16.014730 -0.109669 0.989529 -0.093839 0.042016 0.872808 3 39 0.349020 41 0.501961 42 0.149020
 47 -15.567175 2.145585 16.992168 -0.095930 0.790610 0.604758 0.045533 0.854017 3 39 0.231373 41 0.478431 42 0.290196
mnt_body.png
 47 -18.436340 0.083323 16.525812 -0.999174 0.023456 0.033185 0.074189 0.817769 1 43 1.000000
 47 -18.194111 0.116999 16.992868 -0.793903 0.009775 0.607966 0.070031 0.818357 2 42 0.101961 43 0.898039
 47 -18.257938 1.048341 16.442831 -0.939957 0.336843 0.054933 0.073159 0.838331 1 43 1.000000
mnt_body.png
 47 -14.714319 -3.917162 13.733723 -0.047016 -0.972743 0.227069 0.048898 0.727245 1 46 1.000000
 47 -14.575555 -3.825220 13.136571 0.223062 -0.853194 -0.471491 0.049615 0.717777 1 46 1.000000
 47 -13.716156 -3.299937 13.553831 0.605107 -0.734378 -0.307465 0.039391 0.720462 2 45 0.698039 46 0.301961
mnt_body.png
 47 -14.714319 -3.917162 13.733723 -0.047016 -0.972743 0.227069 0.048898 0.727245 1 46 1.000000
 47 -15.040131 -3.712853 13.132613 -0.631519 -0.648971 -0.424287 0.054055 0.716625 1 46 1.000000
 47 -14.575555 -3.825220 13.136571 0.223062 -0.853194 -0.471491 0.049615 0.717777 1 46 1.000000
mnt_body.png
 47 -15.040131 -3.712853 13.132613 -0.631519 -0.648971 -0.424287 0.054055 0.716625 1 46 1.000000
 47 -14.573308 -3.360084 12.769032 0.156499 -0.267984 -0.950628 0.048592 0.707988 1 46 1.000000
 47 -14.575555 -3.825220 13.136571 0.223062 -0.853194 -0.471491 0.049615 0.717777 1 46 1.000000
mnt_body.png
 47 -15.040131 -3.712853 13.132613 -0.631519 -0.648971 -0.424287 0.054055 0.716625 1 46 1.000000
 47 -15.091893 -2.968061 12.875780 -0.704234 0.187789 -0.684682 0.052735 0.697261 1 46 1.000000
 47 -14.573308 -3.360084 12.769032 0.156499 -0.267984 -0.950628 0.048592 0.707988 1 46 1.000000
mnt_body.png
 47 -13.253567 -2.834254 14.825524 0.174326 -0.891035 0.419126 0.028710 0.738308 2 44 0.600000 45 0.400000
 47 -12.123212 -2.155322 14.294667 0.713643 -0.625785 -0.314812 0.018006 0.721126 3 38 0.200000 44 0.600000 45 0.200000
 47 -12.325275 -2.379321 15.178894 0.432399 -0.888331 0.154592 0.017403 0.741901 3 38 0.200000 44 0.600000 45 0.200000
mnt_body.png
 47 -13.253567 -2.834254 14.825524 0.174326 -0.891035 0.419126 0.028710 0.738308 2 44 0.600000 45 0.400000
 47 -12.960403 -2.855740 13.860138 0.626007 -0.727886 -0.279815 0.028954 0.720447 2 44 0.600000 45 0.400000
 47 -12.123212 -2.155322 14.294667 0.713643 -0.625785 -0.314812 0.018006 0.721126 3 38 0.200000 44 0.600000 45 0.200000
mnt_body.png
 47 -13.253567 -2.834254 14.825524 0.174326 -0.891035 0.419126 0.028710 0.738308 2 44 0.600000 45 0.400000
 47 -12.325275 -2.379321 15.178894 0.432399 -0.888331 0.154592 0.017403 0.741901 3 38 0.200000 44 0.600000 45 0.200000
 47 -13.476337 -2.490960 15.917099 0.094032 -0.939631 0.329017 0.027207 0.759541 2 39 0.600000 44 0.400000
mnt_body.png
 47 -15.567175 2.145585 16.992168 -0.095930 0.790610 0.604758 0.045533 0.854017 3 39 0.231373 41 0.478431 42 0.290196
 47 -15.185991 2.576677 16.014730 -0.109669 0.989529 -0.093839 0.042016 0.872808 3 39 0.349020 41 0.501961 42 0.149020
 47 -15.964892 2.438799 16.095154 -0.220972 0.974893 0.027466 0.050408 0.873617 3 39 0.050980 41 0.349020 42 0.600000
mnt_body.png
 47 -15.567175 2.145585 16.992168 -0.095930 0.790610 0.604758 0.045533 0.854017 3 39 0.231373 41 0.478431 42 0.290196
 47 -15.964892 2.438799 16.095154 -0.220972 0.974893 0.027466 0.050408 0.873617 3 39 0.050980 41 0.349020 42 0.600000
 47 -16.169174 2.033899 16.989807 -0.160621 0.781406 0.602997 0.051453 0.852186 3 39 0.050980 41 0.349020 42 0.600000
mnt_body.png
 47 -18.257938 1.048341 16.442831 -0.939957 0.336843 0.054933 0.073159 0.838331 1 43 1.000000
 47 -18.194111 0.116999 16.992868 -0.793903 0.009775 0.607966 0.070031 0.818357 2 42 0.101961 43 0.898039
 47 -18.004684 1.090042 16.943991 -0.676675 0.391060 0.623846 0.068833 0.832822 2 42 0.101961 43 0.898039
mnt_body.png
 47 -18.257938 1.048341 16.442831 -0.939957 0.336843 0.054933 0.073159 0.838331 1 43 1.000000
 47 -18.004684 1.090042 16.943991 -0.676675 0.391060 0.623846 0.068833 0.832822 2 42 0.101961 43 0.898039
 47 -17.873112 1.561652 16.365126 -0.700549 0.712183 0.045012 0.070192 0.851225 2 42 0.101961 43 0.898039
mnt_body.png
 47 -14.575555 -3.825220 13.136571 0.223062 -0.853194 -0.471491 0.049615 0.717777 1 46 1.000000
 47 -14.573308 -3.360084 12.769032 0.156499 -0.267984 -0.950628 0.048592 0.707988 1 46 1.000000
 47 -13.716156 -3.299937 13.553831 0.605107 -0.734378 -0.307465 0.039391 0.720462 2 45 0.698039 46 0.301961
mnt_body.png
 47 -12.325275 -2.379321 15.178894 0.432399 -0.888331 0.154592 0.017403 0.741901 3 38 0.200000 44 0.600000 45 0.200000
 47 -12.469244 -2.190157 15.921081 0.360104 -0.835601 0.414844 0.016670 0.757824 2 39 0.498039 44 0.501961
 47 -13.476337 -2.490960 15.917099 0.094032 -0.939631 0.329017 0.027207 0.759541 2 39 0.600000 44 0.400000
mnt_body.png
 47 -12.325275 -2.379321 15.178894 0.432399 -0.888331 0.154592 0.017403 0.741901 3 38 0.200000 44 0.600000 45 0.200000
 47 -12.123212 -2.155322 14.294667 0.713643 -0.625785 -0.314812 0.018006 0.721126 3 38 0.200000 44 0.600000 45 0.200000
 47 -11.404755 -1.712387 15.686209 0.501248 -0.863307 0.058746 0.003334 0.753094 2 38 0.698039 39 0.301961
mnt_body.png
 47 -12.325275 -2.379321 15.178894 0.432399 -0.888331 0.154592 0.017403 0.741901 3 38 0.200000 44 0.600000 45 0.200000
 47 -11.404755 -1.712387 15.686209 0.501248 -0.863307 0.058746 0.003334 0.753094 2 38 0.698039 39 0.301961
 47 -12.469244 -2.190157 15.921081 0.360104 -0.835601 0.414844 0.016670 0.757824 2 39 0.498039 44 0.501961
mnt_body.png
 47 -13.476337 -2.490960 15.917099 0.094032 -0.939631 0.329017 0.027207 0.759541 2 39 0.600000 44 0.400000
 47 -12.469244 -2.190157 15.921081 0.360104 -0.835601 0.414844 0.016670 0.757824 2 39 0.498039 44 0.501961
 47 -12.513113 -1.557293 16.911068 0.264252 -0.630174 0.730103 0.015625 0.781651 2 38 0.101961 39 0.898039
mnt_body.png
 47 -15.964892 2.438799 16.095154 -0.220972 0.974893 0.027466 0.050408 0.873617 3 39 0.050980 41 0.349020 42 0.600000
 47 -15.185991 2.576677 16.014730 -0.109669 0.989529 -0.093839 0.042016 0.872808 3 39 0.349020 41 0.501961 42 0.149020
 47 -15.973210 1.944558 15.248075 -0.197513 0.584994 -0.786620 0.049195 0.892660 3 39 0.050980 41 0.349020 42 0.600000
mnt_body.png
 47 -15.964892 2.438799 16.095154 -0.220972 0.974893 0.027466 0.050408 0.873617 3 39 0.050980 41 0.349020 42 0.600000
 47 -15.973210 1.944558 15.248075 -0.197513 0.584994 -0.786620 0.049195 0.892660 3 39 0.050980 41 0.349020 42 0.600000
 47 -16.651773 2.243467 16.181299 -0.297543 0.953138 -0.054740 0.058114 0.874449 3 41 0.200000 42 0.498039 43 0.301961
mnt_body.png
 47 -15.964892 2.438799 16.095154 -0.220972 0.974893 0.027466 0.050408 0.873617 3 39 0.050980 41 0.349020 42 0.600000
 47 -16.651773 2.243467 16.181299 -0.297543 0.953138 -0.054740 0.058114 0.874449 3 41 0.200000 42 0.498039 43 0.301961
 47 -16.169174 2.033899 16.989807 -0.160621 0.781406 0.602997 0.051453 0.852186 3 39 0.050980 41 0.349020 42 0.600000
mnt_body.png
 47 -16.169174 2.033899 16.989807 -0.160621 0.781406 0.602997 0.051453 0.852186 3 39 0.050980 41 0.349020 42 0.600000
 47 -16.651773 2.243467 16.181299 -0.297543 0.953138 -0.054740 0.058114 0.874449 3 41 0.200000 42 0.498039 43 0.301961
 47 -16.807919 1.887762 17.004498 -0.250249 0.760855 0.598728 0.057641 0.848386 3 41 0.200000 42 0.498039 43 0.301961
mnt_body.png
 47 -16.169174 2.033899 16.989807 -0.160621 0.781406 0.602997 0.051453 0.852186 3 39 0.050980 41 0.349020 42 0.600000
 47 -16.807919 1.887762 17.004498 -0.250249 0.760855 0.598728 0.057641 0.848386 3 41 0.200000 42 0.498039 43 0.301961
 47 -16.152271 1.372242 17.485456 -0.107577 0.381635 0.918032 0.050309 0.839529 3 39 0.050980 41 0.349020 42 0.600000
mnt_body.png
 47 -18.194111 0.116999 16.992868 -0.793903 0.009775 0.607966 0.070031 0.818357 2 42 0.101961 43 0.898039
 47 -17.596241 0.098673 17.393951 -0.461795 0.005874 0.886967 0.063592 0.818540 2 42 0.301961 43 0.698039
 47 -18.004684 1.090042 16.943991 -0.676675 0.391060 0.623846 0.068833 0.832822 2 42 0.101961 43 0.898039
mnt_body.png
 47 -18.194111 0.116999 16.992868 -0.793903 0.009775 0.607966 0.070031 0.818357 2 42 0.101961 43 0.898039
 47 -18.008741 -1.014021 16.900124 -0.655822 -0.397323 0.641897 0.068925 0.797421 2 42 0.101961 43 0.898039
 47 -17.596241 0.098673 17.393951 -0.461795 0.005874 0.886967 0.063592 0.818540 2 42 0.301961 43 0.698039
mnt_body.png
 47 -17.873112 1.561652 16.365126 -0.700549 0.712183 0.045012 0.070192 0.851225 2 42 0.101961 43 0.898039
 47 -17.472725 1.598786 16.986774 -0.466140 0.657953 0.591449 0.064080 0.844503 2 42 0.301961 43 0.698039
 47 -17.392273 1.947031 16.252169 -0.475698 0.879118 -0.029373 0.066361 0.875662 2 42 0.301961 43 0.698039
mnt_body.png
 47 -17.873112 1.561652 16.365126 -0.700549 0.712183 0.045012 0.070192 0.851225 2 42 0.101961 43 0.898039
 47 -18.004684 1.090042 16.943991 -0.676675 0.391060 0.623846 0.068833 0.832822 2 42 0.101961 43 0.898039
 47 -17.472725 1.598786 16.986774 -0.466140 0.657953 0.591449 0.064080 0.844503 2 42 0.301961 43 0.698039
mnt_body.png
 47 -11.404755 -1.712387 15.686209 0.501248 -0.863307 0.058746 0.003334 0.753094 2 38 0.698039 39 0.301961
 47 -11.378735 -1.179987 16.636829 0.277901 -0.655413 0.702286 0.003334 0.780819 2 38 0.698039 39 0.301961
 47 -12.469244 -2.190157 15.921081 0.360104 -0.835601 0.414844 0.016670 0.757824 2 39 0.498039 44 0.501961
mnt_body.png
 47 -11.404755 -1.712387 15.686209 0.501248 -0.863307 0.058746 0.003334 0.753094 2 38 0.698039 39 0.301961
 47 -12.123212 -2.155322 14.294667 0.713643 -0.625785 -0.314812 0.018006 0.721126 3 38 0.200000 44 0.600000 45 0.200000
 47 -11.364677 -1.102042 14.802502 0.536359 -0.518835 -0.665680 0.003334 0.710140 2 38 0.698039 39 0.301961
mnt_body.png
 47 -16.152271 1.372242 17.485456 -0.107577 0.381635 0.918032 0.050309 0.839529 3 39 0.050980 41 0.349020 42 0.600000
 47 -16.807919 1.887762 17.004498 -0.250249 0.760855 0.598728 0.057641 0.848386 3 41 0.200000 42 0.498039 43 0.301961
 47 -16.840034 1.278710 17.424238 -0.215329 0.352472 0.910712 0.056962 0.837911 3 41 0.200000 42 0.498039 43 0.301961
mnt_body.png
 47 -16.152271 1.372242 17.485456 -0.107577 0.381635 0.918032 0.050309 0.839529 3 39 0.050980 41 0.349020 42 0.600000
 47 -16.840034 1.278710 17.424238 -0.215329 0.352472 0.910712 0.056962 0.837911 3 41 0.200000 42 0.498039 43 0.301961
 47 -16.144264 0.141556 17.681301 -0.105657 -0.003914 0.994395 0.049569 0.818982 3 39 0.050980 41 0.349020 42 0.600000
mnt_body.png
 47 -18.008741 -1.014021 16.900124 -0.655822 -0.397323 0.641897 0.068925 0.797421 2 42 0.101961 43 0.898039
 47 -17.509007 -1.064415 17.241098 -0.366039 -0.332862 0.869033 0.063630 0.797528 2 42 0.301961 43 0.698039
 47 -17.596241 0.098673 17.393951 -0.461795 0.005874 0.886967 0.063592 0.818540 2 42 0.301961 43 0.698039
mnt_body.png
 47 -18.008741 -1.014021 16.900124 -0.655822 -0.397323 0.641897 0.068925 0.797421 2 42 0.101961 43 0.898039
 47 -17.404972 -1.516202 16.939041 -0.402834 -0.696055 0.594333 0.062814 0.789334 2 42 0.301961 43 0.698039
 47 -17.509007 -1.064415 17.241098 -0.366039 -0.332862 0.869033 0.063630 0.797528 2 42 0.301961 43 0.698039
mnt_body.png
 47 -18.004684 1.090042 16.943991 -0.676675 0.391060 0.623846 0.068833 0.832822 2 42 0.101961 43 0.898039
 47 -17.596241 0.098673 17.393951 -0.461795 0.005874 0.886967 0.063592 0.818540 2 42 0.301961 43 0.698039
 47 -17.528316 1.158528 17.223444 -0.389262 0.289479 0.874458 0.063806 0.836072 2 42 0.301961 43 0.698039
mnt_body.png
 47 -18.004684 1.090042 16.943991 -0.676675 0.391060 0.623846 0.068833 0.832822 2 42 0.101961 43 0.898039
 47 -17.528316 1.158528 17.223444 -0.389262 0.289479 0.874458 0.063806 0.836072 2 42 0.301961 43 0.698039
 47 -17.472725 1.598786 16.986774 -0.466140 0.657953 0.591449 0.064080 0.844503 2 42 0.301961 43 0.698039
mnt_body.png
 47 -11.378735 -1.179987 16.636829 0.277901 -0.655413 0.702286 0.003334 0.780819 2 38 0.698039 39 0.301961
 47 -12.513113 -1.557293 16.911068 0.264252 -0.630174 0.730103 0.015625 0.781651 2 38 0.101961 39 0.898039
 47 -12.469244 -2.190157 15.921081 0.360104 -0.835601 0.414844 0.016670 0.757824 2 39 0.498039 44 0.501961
mnt_body.png
 47 -11.378735 -1.179987 16.636829 0.277901 -0.655413 0.702286 0.003334 0.780819 2 38 0.698039 39 0.301961
 47 -12.515495 0.075331 17.438595 0.274161 -0.011749 0.961612 0.014488 0.816869 2 38 0.101961 39 0.898039
 47 -12.513113 -1.557293 16.911068 0.264252 -0.630174 0.730103 0.015625 0.781651 2 38 0.101961 39 0.898039
mnt_body.png
 47 -11.378735 -1.179987 16.636829 0.277901 -0.655413 0.702286 0.003334 0.780819 2 38 0.698039 39 0.301961
 47 -11.441082 0.034959 17.018370 0.191887 -0.009795 0.981368 0.003334 0.815137 2 38 0.698039 39 0.301961
 47 -12.515495 0.075331 17.438595 0.274161 -0.011749 0.961612 0.014488 0.816869 2 38 0.101961 39 0.898039
mnt_body.png
 47 -11.364677 -1.102042 14.802502 0.536359 -0.518835 -0.665680 0.003334 0.710140 2 38 0.698039 39 0.301961
 47 -12.123212 -2.155322 14.294667 0.713643 -0.625785 -0.314812 0.018006 0.721126 3 38 0.200000 44 0.600000 45 0.200000
 47 -12.165333 -1.478714 13.823324 0.593303 -0.019599 -0.804741 0.016892 0.705310 2 38 0.200000 44 0.800000
mnt_body.png
 47 -11.364677 -1.102042 14.802502 0.536359 -0.518835 -0.665680 0.003334 0.710140 2 38 0.698039 39 0.301961
 47 -12.165333 -1.478714 13.823324 0.593303 -0.019599 -0.804741 0.016892 0.705310 2 38 0.200000 44 0.800000
 47 -11.360504 -0.072266 14.684740 0.321005 0.144886 -0.935930 0.003334 0.682910 2 38 0.698039 39 0.301961
mnt_body.png
 47 -16.144264 0.141556 17.681301 -0.105657 -0.003914 0.994395 0.049569 0.818982 3 39 0.050980 41 0.349020 42 0.600000
 47 -16.840034 1.278710 17.424238 -0.215329 0.352472 0.910712 0.056962 0.837911 3 41 0.200000 42 0.498039 43 0.301961
 47 -16.841549 0.134760 17.600925 -0.213252 -0.003916 0.976990 0.056123 0.819051 3 41 0.200000 42 0.498039 43 0.301961
mnt_body.png
 47 -16.144264 0.141556 17.681301 -0.105657 -0.003914 0.994395 0.049569 0.818982 3 39 0.050980 41 0.349020 42 0.600000
 47 -16.841549 0.134760 17.600925 -0.213252 -0.003916 0.976990 0.056123 0.819051 3 41 0.200000 42 0.498039 43 0.301961
 47 -16.811943 -1.142695 17.379095 -0.184255 -0.374160 0.908875 0.056825 0.796925 3 41 0.200000 42 0.498039 43 0.301961
mnt_body.png
 47 -17.404972 -1.516202 16.939041 -0.402834 -0.696055 0.594333 0.062814 0.789334 2 42 0.301961 43 0.698039
 47 -16.811943 -1.142695 17.379095 -0.184255 -0.374160 0.908875 0.056825 0.796925 3 41 0.200000 42 0.498039 43 0.301961
 47 -17.509007 -1.064415 17.241098 -0.366039 -0.332862 0.869033 0.063630 0.797528 2 42 0.301961 43 0.698039
mnt_body.png
 47 -17.509007 -1.064415 17.241098 -0.366039 -0.332862 0.869033 0.063630 0.797528 2 42 0.301961 43 0.698039
 47 -16.841549 0.134760 17.600925 -0.213252 -0.003916 0.976990 0.056123 0.819051 3 41 0.200000 42 0.498039 43 0.301961
 47 -17.596241 0.098673 17.393951 -0.461795 0.005874 0.886967 0.063592 0.818540 2 42 0.301961 43 0.698039
mnt_body.png
 47 -17.509007 -1.064415 17.241098 -0.366039 -0.332862 0.869033 0.063630 0.797528 2 42 0.301961 43 0.698039
 47 -16.811943 -1.142695 17.379095 -0.184255 -0.374160 0.908875 0.056825 0.796925 3 41 0.200000 42 0.498039 43 0.301961
 47 -16.841549 0.134760 17.600925 -0.213252 -0.003916 0.976990 0.056123 0.819051 3 41 0.200000 42 0.498039 43 0.301961
mnt_body.png
 47 -17.528316 1.158528 17.223444 -0.389262 0.289479 0.874458 0.063806 0.836072 2 42 0.301961 43 0.698039
 47 -16.840034 1.278710 17.424238 -0.215329 0.352472 0.910712 0.056962 0.837911 3 41 0.200000 42 0.498039 43 0.301961
 47 -17.472725 1.598786 16.986774 -0.466140 0.657953 0.591449 0.064080 0.844503 2 42 0.301961 43 0.698039
mnt_body.png
 47 -17.528316 1.158528 17.223444 -0.389262 0.289479 0.874458 0.063806 0.836072 2 42 0.301961 43 0.698039
 47 -16.841549 0.134760 17.600925 -0.213252 -0.003916 0.976990 0.056123 0.819051 3 41 0.200000 42 0.498039 43 0.301961
 47 -16.840034 1.278710 17.424238 -0.215329 0.352472 0.910712 0.056962 0.837911 3 41 0.200000 42 0.498039 43 0.301961
mnt_body.png
 47 -17.528316 1.158528 17.223444 -0.389262 0.289479 0.874458 0.063806 0.836072 2 42 0.301961 43 0.698039
 47 -17.596241 0.098673 17.393951 -0.461795 0.005874 0.886967 0.063592 0.818540 2 42 0.301961 43 0.698039
 47 -16.841549 0.134760 17.600925 -0.213252 -0.003916 0.976990 0.056123 0.819051 3 41 0.200000 42 0.498039 43 0.301961
mnt_body.png
 47 -12.515495 0.075331 17.438595 0.274161 -0.011749 0.961612 0.014488 0.816869 2 38 0.101961 39 0.898039
 47 -11.359615 1.133747 16.692816 0.275609 0.621683 0.733178 0.003334 0.845846 2 38 0.698039 39 0.301961
 47 -12.405239 1.622713 16.924698 0.342366 0.676960 0.651545 0.013970 0.850698 2 38 0.101961 39 0.898039
mnt_body.png
 47 -12.515495 0.075331 17.438595 0.274161 -0.011749 0.961612 0.014488 0.816869 2 38 0.101961 39 0.898039
 47 -11.441082 0.034959 17.018370 0.191887 -0.009795 0.981368 0.003334 0.815137 2 38 0.698039 39 0.301961
 47 -11.359615 1.133747 16.692816 0.275609 0.621683 0.733178 0.003334 0.845846 2 38 0.698039 39 0.301961
mnt_body.png
 47 -11.360504 -0.072266 14.684740 0.321005 0.144886 -0.935930 0.003334 0.682910 2 38 0.698039 39 0.301961
 47 -12.165333 -1.478714 13.823324 0.593303 -0.019599 -0.804741 0.016892 0.705310 2 38 0.200000 44 0.800000
 47 -12.338858 -0.395164 14.003041 0.314917 0.377671 -0.870742 0.014015 0.683490 3 38 0.101961 39 0.498039 44 0.400000
mnt_body.png
 47 -11.360504 -0.072266 14.684740 0.321005 0.144886 -0.935930 0.003334 0.682910 2 38 0.698039 39 0.301961
 47 -12.338858 -0.395164 14.003041 0.314917 0.377671 -0.870742 0.014015 0.683490 3 38 0.101961 39 0.498039 44 0.400000
 47 -12.481236 0.347216 14.446080 0.144581 0.390976 -0.908974 0.010422 0.669665 2 38 0.101961 39 0.898039
mnt_body.png
 47 -17.472725 1.598786 16.986774 -0.466140 0.657953 0.591449 0.064080 0.844503 2 42 0.301961 43 0.698039
 47 -16.807919 1.887762 17.004498 -0.250249 0.760855 0.598728 0.057641 0.848386 3 41 0.200000 42 0.498039 43 0.301961
 47 -17.392273 1.947031 16.252169 -0.475698 0.879118 -0.029373 0.066361 0.875662 2 42 0.301961 43 0.698039
mnt_body.png
 47 -17.472725 1.598786 16.986774 -0.466140 0.657953 0.591449 0.064080 0.844503 2 42 0.301961 43 0.698039
 47 -16.840034 1.278710 17.424238 -0.215329 0.352472 0.910712 0.056962 0.837911 3 41 0.200000 42 0.498039 43 0.301961
 47 -16.807919 1.887762 17.004498 -0.250249 0.760855 0.598728 0.057641 0.848386 3 41 0.200000 42 0.498039 43 0.301961
mnt_body.png
 47 -11.359615 1.133747 16.692816 0.275609 0.621683 0.733178 0.003334 0.845846 2 38 0.698039 39 0.301961
 47 -11.295837 1.601535 15.770462 0.402657 0.915050 -0.023461 0.003235 0.872023 2 38 0.698039 39 0.301961
 47 -12.405239 1.622713 16.924698 0.342366 0.676960 0.651545 0.013970 0.850698 2 38 0.101961 39 0.898039
mnt_body.png
 47 -12.405239 1.622713 16.924698 0.342366 0.676960 0.651545 0.013970 0.850698 2 38 0.101961 39 0.898039
 47 -11.295837 1.601535 15.770462 0.402657 0.915050 -0.023461 0.003235 0.872023 2 38 0.698039 39 0.301961
 47 -12.252404 2.158919 15.689381 0.379751 0.912065 -0.154685 0.013573 0.875212 2 38 0.101961 39 0.898039
mnt_body.png
 47 -12.405239 1.622713 16.924698 0.342366 0.676960 0.651545 0.013970 0.850698 2 38 0.101961 39 0.898039
 47 -12.252404 2.158919 15.689381 0.379751 0.912065 -0.154685 0.013573 0.875212 2 38 0.101961 39 0.898039
 47 -13.268044 2.504656 15.707819 0.182055 0.980753 -0.070571 0.023697 0.875937 1 39 1.000000
mnt_body.png
 47 -12.338858 -0.395164 14.003041 0.314917 0.377671 -0.870742 0.014015 0.683490 3 38 0.101961 39 0.498039 44 0.400000
 47 -12.165333 -1.478714 13.823324 0.593303 -0.019599 -0.804741 0.016892 0.705310 2 38 0.200000 44 0.800000
 47 -13.189308 -0.638711 13.734867 -0.021552 0.438459 -0.898493 0.022278 0.678882 2 39 0.600000 44 0.400000
mnt_body.png
 47 -12.338858 -0.395164 14.003041 0.314917 0.377671 -0.870742 0.014015 0.683490 3 38 0.101961 39 0.498039 44 0.400000
 47 -13.189308 -0.638711 13.734867 -0.021552 0.438459 -0.898493 0.022278 0.678882 2 39 0.600000 44 0.400000
 47 -12.481236 0.347216 14.446080 0.144581 0.390976 -0.908974 0.010422 0.669665 2 38 0.101961 39 0.898039
mnt_body.png
 47 -12.481236 0.347216 14.446080 0.144581 0.390976 -0.908974 0.010422 0.669665 2 38 0.101961 39 0.898039
 47 -13.189308 -0.638711 13.734867 -0.021552 0.438459 -0.898493 0.022278 0.678882 2 39 0.600000 44 0.400000
 47 -13.553346 0.317461 14.532539 -0.309467 0.321197 -0.895021 0.017395 0.657244 1 39 1.000000
mnt_body.png
 47 -16.807919 1.887762 17.004498 -0.250249 0.760855 0.598728 0.057641 0.848386 3 41 0.200000 42 0.498039 43 0.301961
 47 -16.651773 2.243467 16.181299 -0.297543 0.953138 -0.054740 0.058114 0.874449 3 41 0.200000 42 0.498039 43 0.301961
 47 -17.392273 1.947031 16.252169 -0.475698 0.879118 -0.029373 0.066361 0.875662 2 42 0.301961 43 0.698039
mnt_body.png
 47 -17.392273 1.947031 16.252169 -0.475698 0.879118 -0.029373 0.066361 0.875662 2 42 0.301961 43 0.698039
 47 -17.447353 1.583724 15.577557 -0.516896 0.485639 -0.704963 0.064591 0.897665 2 42 0.301961 43 0.698039
 47 -17.873112 1.561652 16.365126 -0.700549 0.712183 0.045012 0.072694 0.887404 2 42 0.101961 43 0.898039
mnt_body.png
 47 -17.392273 1.947031 16.252169 -0.475698 0.879118 -0.029373 0.066361 0.875662 2 42 0.301961 43 0.698039
 47 -16.651773 2.243467 16.181299 -0.297543 0.953138 -0.054740 0.058114 0.874449 3 41 0.200000 42 0.498039 43 0.301961
 47 -16.699841 1.821844 15.379700 -0.309369 0.536496 -0.785152 0.056695 0.894537 3 41 0.200000 42 0.498039 43 0.301961
mnt_body.png
 47 -17.392273 1.947031 16.252169 -0.475698 0.879118 -0.029373 0.066361 0.875662 2 42 0.301961 43 0.698039
 47 -16.699841 1.821844 15.379700 -0.309369 0.536496 -0.785152 0.056695 0.894537 3 41 0.200000 42 0.498039 43 0.301961
 47 -17.447353 1.583724 15.577557 -0.516896 0.485639 -0.704963 0.064591 0.897665 2 42 0.301961 43 0.698039
mnt_body.png
 47 -11.295837 1.601535 15.770462 0.402657 0.915050 -0.023461 0.003235 0.872023 2 38 0.698039 39 0.301961
 47 -12.409985 1.643692 14.728315 0.242624 0.542207 -0.804453 0.014275 0.894087 2 38 0.101961 39 0.898039
 47 -12.252404 2.158919 15.689381 0.379751 0.912065 -0.154685 0.013573 0.875212 2 38 0.101961 39 0.898039
mnt_body.png
 47 -11.295837 1.601535 15.770462 0.402657 0.915050 -0.023461 0.003235 0.872023 2 38 0.698039 39 0.301961
 47 -11.359617 1.132330 14.911640 0.242633 0.561864 -0.790847 0.003334 0.894804 2 38 0.698039 39 0.301961
 47 -12.409985 1.643692 14.728315 0.242624 0.542207 -0.804453 0.014275 0.894087 2 38 0.101961 39 0.898039
mnt_body.png
 47 -12.252404 2.158919 15.689381 0.379751 0.912065 -0.154685 0.013573 0.875212 2 38 0.101961 39 0.898039
 47 -13.473490 1.946337 14.782490 0.039100 0.628242 -0.777035 0.024155 0.893187 1 39 1.000000
 47 -13.268044 2.504656 15.707819 0.182055 0.980753 -0.070571 0.023697 0.875937 1 39 1.000000
mnt_body.png
 47 -12.252404 2.158919 15.689381 0.379751 0.912065 -0.154685 0.013573 0.875212 2 38 0.101961 39 0.898039
 47 -12.409985 1.643692 14.728315 0.242624 0.542207 -0.804453 0.014275 0.894087 2 38 0.101961 39 0.898039
 47 -13.473490 1.946337 14.782490 0.039100 0.628242 -0.777035 0.024155 0.893187 1 39 1.000000
mnt_body.png
 47 -13.268044 2.504656 15.707819 0.182055 0.980753 -0.070571 0.023697 0.875937 1 39 1.000000
 47 -14.444393 2.014823 15.027589 -0.176145 0.528791 -0.830273 0.033822 0.891531 2 39 0.898039 41 0.101961
 47 -14.208694 2.622842 15.894873 0.003815 0.995758 -0.091934 0.032662 0.873594 2 39 0.898039 41 0.101961
mnt_body.png
 47 -13.268044 2.504656 15.707819 0.182055 0.980753 -0.070571 0.023697 0.875937 1 39 1.000000
 47 -13.473490 1.946337 14.782490 0.039100 0.628242 -0.777035 0.024155 0.893187 1 39 1.000000
 47 -14.444393 2.014823 15.027589 -0.176145 0.528791 -0.830273 0.033822 0.891531 2 39 0.898039 41 0.101961
mnt_body.png
 47 -12.165333 -1.478714 13.823324 0.593303 -0.019599 -0.804741 0.016892 0.705310 2 38 0.200000 44 0.800000
 47 -12.946907 -2.131793 13.390738 0.453608 -0.078192 -0.887764 0.027054 0.706836 3 39 0.101961 44 0.400000 45 0.498039
 47 -13.189308 -0.638711 13.734867 -0.021552 0.438459 -0.898493 0.022278 0.678882 2 39 0.600000 44 0.400000
mnt_body.png
 47 -12.165333 -1.478714 13.823324 0.593303 -0.019599 -0.804741 0.016892 0.705310 2 38 0.200000 44 0.800000
 47 -12.123212 -2.155322 14.294667 0.713643 -0.625785 -0.314812 0.018006 0.721126 3 38 0.200000 44 0.600000 45 0.200000
 47 -12.946907 -2.131793 13.390738 0.453608 -0.078192 -0.887764 0.027054 0.706836 3 39 0.101961 44 0.400000 45 0.498039
mnt_body.png
 47 -13.553346 0.317461 14.532539 -0.309467 0.321197 -0.895021 0.017395 0.657244 1 39 1.000000
 47 -13.189308 -0.638711 13.734867 -0.021552 0.438459 -0.898493 0.022278 0.678882 2 39 0.600000 44 0.400000
 47 -14.156650 -0.876531 14.074007 -0.708346 0.450000 -0.543825 0.029702 0.666529 2 39 0.400000 44 0.600000
mnt_body.png
 47 -13.553346 0.317461 14.532539 -0.309467 0.321197 -0.895021 0.017395 0.657244 1 39 1.000000
 47 -14.156650 -0.876531 14.074007 -0.708346 0.450000 -0.543825 0.029702 0.666529 2 39 0.400000 44 0.600000
 47 -14.541284 -1.218454 14.704182 -0.684956 0.133072 -0.716329 0.034600 0.653796 3 39 0.537255 41 0.101961 44 0.360784
mnt_body.png
 47 -16.651773 2.243467 16.181299 -0.297543 0.953138 -0.054740 0.058114 0.874449 3 41 0.200000 42 0.498039 43 0.301961
 47 -15.973210 1.944558 15.248075 -0.197513 0.584994 -0.786620 0.049195 0.892660 3 39 0.050980 41 0.349020 42 0.600000
 47 -16.699841 1.821844 15.379700 -0.309369 0.536496 -0.785152 0.056695 0.894537 3 41 0.200000 42 0.498039 43 0.301961
mnt_body.png
 47 -17.873112 1.561652 16.365126 -0.700549 0.712183 0.045012 0.072694 0.887404 2 42 0.101961 43 0.898039
 47 -17.447353 1.583724 15.577557 -0.516896 0.485639 -0.704963 0.064591 0.897665 2 42 0.301961 43 0.698039
 47 -18.022474 1.265635 15.944868 -0.753585 0.371857 -0.542062 0.072526 0.903006 2 42 0.101961 43 0.898039
mnt_body.png
 47 -17.873112 1.561652 16.365126 -0.700549 0.712183 0.045012 0.072694 0.887404 2 42 0.101961 43 0.898039
 47 -18.022474 1.265635 15.944868 -0.753585 0.371857 -0.542062 0.072526 0.903006 2 42 0.101961 43 0.898039
 47 -18.257938 1.048341 16.442831 -0.939957 0.336843 0.054933 0.078363 0.903471 1 43 1.000000
mnt_body.png
 47 -11.359617 1.132330 14.911640 0.242633 0.561864 -0.790847 0.003334 0.894804 2 38 0.698039 39 0.301961
 47 -12.481236 0.347216 14.446080 0.144581 0.390976 -0.908974 0.013191 0.918166 2 38 0.101961 39 0.898039
 47 -12.409985 1.643692 14.728315 0.242624 0.542207 -0.804453 0.014275 0.894087 2 38 0.101961 39 0.898039
mnt_body.png
 47 -11.359617 1.132330 14.911640 0.242633 0.561864 -0.790847 0.003334 0.894804 2 38 0.698039 39 0.301961
 47 -11.360504 -0.072266 14.684740 0.321005 0.144886 -0.935930 0.003334 0.922522 2 38 0.698039 39 0.301961
 47 -12.481236 0.347216 14.446080 0.144581 0.390976 -0.908974 0.013191 0.918166 2 38 0.101961 39 0.898039
mnt_body.png
 47 -13.473490 1.946337 14.782490 0.039100 0.628242 -0.777035 0.024155 0.893187 1 39 1.000000
 47 -13.553346 0.317461 14.532539 -0.309467 0.321197 -0.895021 0.023339 0.924132 1 39 1.000000
 47 -14.444393 2.014823 15.027589 -0.176145 0.528791 -0.830273 0.033822 0.891531 2 39 0.898039 41 0.101961
mnt_body.png
 47 -13.473490 1.946337 14.782490 0.039100 0.628242 -0.777035 0.024155 0.893187 1 39 1.000000
 47 -12.409985 1.643692 14.728315 0.242624 0.542207 -0.804453 0.014275 0.894087 2 38 0.101961 39 0.898039
 47 -13.553346 0.317461 14.532539 -0.309467 0.321197 -0.895021 0.023339 0.924132 1 39 1.000000
mnt_body.png
 47 -14.208694 2.622842 15.894873 0.003815 0.995758 -0.091934 0.032662 0.873594 2 39 0.898039 41 0.101961
 47 -14.444393 2.014823 15.027589 -0.176145 0.528791 -0.830273 0.033822 0.891531 2 39 0.898039 41 0.101961
 47 -15.147546 1.985720 15.156454 -0.148773 0.506760 -0.849153 0.040864 0.891905 3 39 0.349020 41 0.501961 42 0.149020
mnt_body.png
 47 -14.208694 2.622842 15.894873 0.003815 0.995758 -0.091934 0.032662 0.873594 2 39 0.898039 41 0.101961
 47 -15.147546 1.985720 15.156454 -0.148773 0.506760 -0.849153 0.040864 0.891905 3 39 0.349020 41 0.501961 42 0.149020
 47 -15.185991 2.576677 16.014730 -0.109669 0.989529 -0.093839 0.042016 0.872808 3 39 0.349020 41 0.501961 42 0.149020
mnt_body.png
 47 -12.123212 -2.155322 14.294667 0.713643 -0.625785 -0.314812 0.018006 0.721126 3 38 0.200000 44 0.600000 45 0.200000
 47 -12.960403 -2.855740 13.860138 0.626007 -0.727886 -0.279815 0.028954 0.720447 2 44 0.600000 45 0.400000
 47 -12.946907 -2.131793 13.390738 0.453608 -0.078192 -0.887764 0.027054 0.706836 3 39 0.101961 44 0.400000 45 0.498039
mnt_body.png
 47 -14.541284 -1.218454 14.704182 -0.684956 0.133072 -0.716329 0.034600 0.653796 3 39 0.537255 41 0.101961 44 0.360784
 47 -14.526621 -1.857672 14.194644 -0.891941 0.446006 -0.074289 0.041169 0.665713 3 39 0.200000 44 0.301961 45 0.498039
 47 -14.521803 -2.256450 14.854445 -0.678846 -0.731610 -0.062563 0.045747 0.651118 3 39 0.400000 44 0.101961 45 0.498039
mnt_body.png
 47 -14.541284 -1.218454 14.704182 -0.684956 0.133072 -0.716329 0.034600 0.653796 3 39 0.537255 41 0.101961 44 0.360784
 47 -14.156650 -0.876531 14.074007 -0.708346 0.450000 -0.543825 0.029702 0.666529 2 39 0.400000 44 0.600000
 47 -14.526621 -1.857672 14.194644 -0.891941 0.446006 -0.074289 0.041169 0.665713 3 39 0.200000 44 0.301961 45 0.498039
mnt_body.png
 47 -18.257938 1.048341 16.442831 -0.939957 0.336843 0.054933 0.078363 0.903471 1 43 1.000000
 47 -18.022474 1.265635 15.944868 -0.753585 0.371857 -0.542062 0.072526 0.903006 2 42 0.101961 43 0.898039
 47 -18.134640 0.091121 15.822762 -0.824318 0.019576 -0.565789 0.073083 0.925650 2 42 0.101961 43 0.898039
mnt_body.png
 47 -18.257938 1.048341 16.442831 -0.939957 0.336843 0.054933 0.078363 0.903471 1 43 1.000000
 47 -18.134640 0.091121 15.822762 -0.824318 0.019576 -0.565789 0.073083 0.925650 2 42 0.101961 43 0.898039
 47 -18.436340 0.083323 16.525812 -0.999174 0.023456 0.033185 0.081529 0.925223 1 43 1.000000
mnt_body.png
 47 -12.481236 0.347216 14.446080 0.144581 0.390976 -0.908974 0.013191 0.918166 2 38 0.101961 39 0.898039
 47 -13.553346 0.317461 14.532539 -0.309467 0.321197 -0.895021 0.023339 0.924132 1 39 1.000000
 47 -12.409985 1.643692 14.728315 0.242624 0.542207 -0.804453 0.014275 0.894087 2 38 0.101961 39 0.898039
mnt_body.png
 47 -13.553346 0.317461 14.532539 -0.309467 0.321197 -0.895021 0.023339 0.924132 1 39 1.000000
 47 -14.568962 0.244759 14.875555 -0.236604 0.103632 -0.966064 0.034676 0.926513 2 39 0.898039 41 0.101961
 47 -14.444393 2.014823 15.027589 -0.176145 0.528791 -0.830273 0.033822 0.891531 2 39 0.898039 41 0.101961
mnt_body.png
 47 -13.553346 0.317461 14.532539 -0.309467 0.321197 -0.895021 0.023339 0.924132 1 39 1.000000
 47 -14.541284 -1.218454 14.704182 -0.684956 0.133072 -0.716329 0.034440 0.958000 3 39 0.537255 41 0.101961 44 0.360784
 47 -14.568962 0.244759 14.875555 -0.236604 0.103632 -0.966064 0.034676 0.926513 2 39 0.898039 41 0.101961
mnt_body.png
 47 -15.185991 2.576677 16.014730 -0.109669 0.989529 -0.093839 0.042016 0.872808 3 39 0.349020 41 0.501961 42 0.149020
 47 -15.147546 1.985720 15.156454 -0.148773 0.506760 -0.849153 0.040864 0.891905 3 39 0.349020 41 0.501961 42 0.149020
 47 -15.973210 1.944558 15.248075 -0.197513 0.584994 -0.786620 0.049195 0.892660 3 39 0.050980 41 0.349020 42 0.600000
mnt_body.png
 47 -12.960403 -2.855740 13.860138 0.626007 -0.727886 -0.279815 0.028954 0.720447 2 44 0.600000 45 0.400000
 47 -13.716156 -3.299937 13.553831 0.605107 -0.734378 -0.307465 0.039391 0.720462 2 45 0.698039 46 0.301961
 47 -13.780222 -2.717930 13.059620 0.414808 -0.086128 -0.905824 0.038399 0.706065 2 45 0.698039 46 0.301961
mnt_body.png
 47 -12.960403 -2.855740 13.860138 0.626007 -0.727886 -0.279815 0.028954 0.720447 2 44 0.600000 45 0.400000
 47 -13.780222 -2.717930 13.059620 0.414808 -0.086128 -0.905824 0.038399 0.706065 2 45 0.698039 46 0.301961
 47 -12.946907 -2.131793 13.390738 0.453608 -0.078192 -0.887764 0.027054 0.706836 3 39 0.101961 44 0.400000 45 0.498039
mnt_body.png
 47 -14.521803 -2.256450 14.854445 -0.678846 -0.731610 -0.062563 0.045747 0.651118 3 39 0.400000 44 0.101961 45 0.498039
 47 -14.526621 -1.857672 14.194644 -0.891941 0.446006 -0.074289 0.041169 0.665713 3 39 0.200000 44 0.301961 45 0.498039
 47 -14.970144 -2.848292 14.415920 -0.750805 -0.066485 0.657169 0.055276 0.663027 2 45 0.698039 46 0.301961
mnt_body.png
 47 -18.436340 0.083323 16.525812 -0.999174 0.023456 0.033185 0.081529 0.925223 1 43 1.000000
 47 -18.134640 0.091121 15.822762 -0.824318 0.019576 -0.565789 0.073083 0.925650 2 42 0.101961 43 0.898039
 47 -18.293665 -0.948099 16.469995 -0.952577 -0.297388 0.064472 0.080095 0.948409 1 43 1.000000
mnt_body.png
 47 -14.568962 0.244759 14.875555 -0.236604 0.103632 -0.966064 0.034676 0.926513 2 39 0.898039 41 0.101961
 47 -15.147546 1.985720 15.156454 -0.148773 0.506760 -0.849153 0.040864 0.891905 3 39 0.349020 41 0.501961 42 0.149020
 47 -14.444393 2.014823 15.027589 -0.176145 0.528791 -0.830273 0.033822 0.891531 2 39 0.898039 41 0.101961
mnt_body.png
 47 -14.568962 0.244759 14.875555 -0.236604 0.103632 -0.966064 0.034676 0.926513 2 39 0.898039 41 0.101961
 47 -15.101387 0.161283 14.960213 -0.187691 0.041062 -0.981370 0.040414 0.928748 3 39 0.349020 41 0.501961 42 0.149020
 47 -15.147546 1.985720 15.156454 -0.148773 0.506760 -0.849153 0.040864 0.891905 3 39 0.349020 41 0.501961 42 0.149020
mnt_body.png
 47 -14.568962 0.244759 14.875555 -0.236604 0.103632 -0.966064 0.034676 0.926513 2 39 0.898039 41 0.101961
 47 -14.541284 -1.218454 14.704182 -0.684956 0.133072 -0.716329 0.034440 0.958000 3 39 0.537255 41 0.101961 44 0.360784
 47 -15.101387 0.161283 14.960213 -0.187691 0.041062 -0.981370 0.040414 0.928748 3 39 0.349020 41 0.501961 42 0.149020
mnt_body.png
 47 -14.541284 -1.218454 14.704182 -0.684956 0.133072 -0.716329 0.034440 0.958000 3 39 0.537255 41 0.101961 44 0.360784
 47 -15.054802 -1.976019 15.049679 -0.402667 -0.434200 -0.805810 0.041558 0.974945 3 39 0.349020 41 0.501961 42 0.149020
 47 -15.101387 0.161283 14.960213 -0.187691 0.041062 -0.981370 0.040414 0.928748 3 39 0.349020 41 0.501961 42 0.149020
mnt_body.png
 47 -14.541284 -1.218454 14.704182 -0.684956 0.133072 -0.716329 0.034440 0.958000 3 39 0.537255 41 0.101961 44 0.360784
 47 -14.521803 -2.256450 14.854445 -0.678846 -0.731610 -0.062563 0.035416 0.980354 3 39 0.400000 44 0.101961 45 0.498039
 47 -15.054802 -1.976019 15.049679 -0.402667 -0.434200 -0.805810 0.041558 0.974945 3 39 0.349020 41 0.501961 42 0.149020
mnt_body.png
 47 -15.973210 1.944558 15.248075 -0.197513 0.584994 -0.786620 0.049195 0.892660 3 39 0.050980 41 0.349020 42 0.600000
 47 -15.147546 1.985720 15.156454 -0.148773 0.506760 -0.849153 0.040864 0.891905 3 39 0.349020 41 0.501961 42 0.149020
 47 -15.101387 0.161283 14.960213 -0.187691 0.041062 -0.981370 0.040414 0.928748 3 39 0.349020 41 0.501961 42 0.149020
mnt_body.png
 47 -15.973210 1.944558 15.248075 -0.197513 0.584994 -0.786620 0.049195 0.892660 3 39 0.050980 41 0.349020 42 0.600000
 47 -15.101387 0.161283 14.960213 -0.187691 0.041062 -0.981370 0.040414 0.928748 3 39 0.349020 41 0.501961 42 0.149020
 47 -15.974884 0.153295 15.053238 -0.162410 0.029352 -0.986287 0.049264 0.927588 3 39 0.050980 41 0.349020 42 0.600000
mnt_body.png
 47 -15.973210 1.944558 15.248075 -0.197513 0.584994 -0.786620 0.049195 0.892660 3 39 0.050980 41 0.349020 42 0.600000
 47 -15.974884 0.153295 15.053238 -0.162410 0.029352 -0.986287 0.049264 0.927588 3 39 0.050980 41 0.349020 42 0.600000
 47 -16.699841 1.821844 15.379700 -0.309369 0.536496 -0.785152 0.056695 0.894537 3 41 0.200000 42 0.498039 43 0.301961
mnt_body.png
 47 -13.716156 -3.299937 13.553831 0.605107 -0.734378 -0.307465 0.039391 0.720462 2 45 0.698039 46 0.301961
 47 -14.573308 -3.360084 12.769032 0.156499 -0.267984 -0.950628 0.048592 0.707988 1 46 1.000000
 47 -13.780222 -2.717930 13.059620 0.414808 -0.086128 -0.905824 0.038399 0.706065 2 45 0.698039 46 0.301961
mnt_body.png
 47 -12.946907 -2.131793 13.390738 0.453608 -0.078192 -0.887764 0.027054 0.706836 3 39 0.101961 44 0.400000 45 0.498039
 47 -13.780222 -2.717930 13.059620 0.414808 -0.086128 -0.905824 0.038399 0.706065 2 45 0.698039 46 0.301961
 47 -14.026434 -1.581048 13.441772 -0.297732 0.491456 -0.818429 0.034386 0.684245 3 39 0.200000 44 0.301961 45 0.498039
mnt_body.png
 47 -12.946907 -2.131793 13.390738 0.453608 -0.078192 -0.887764 0.027054 0.706836 3 39 0.101961 44 0.400000 45 0.498039
 47 -14.026434 -1.581048 13.441772 -0.297732 0.491456 -0.818429 0.034386 0.684245 3 39 0.200000 44 0.301961 45 0.498039
 47 -13.189308 -0.638711 13.734867 -0.021552 0.438459 -0.898493 0.022278 0.678882 2 39 0.600000 44 0.400000
mnt_body.png
 47 -18.293665 -0.948099 16.469995 -0.952577 -0.297388 0.064472 0.080095 0.948409 1 43 1.000000
 47 -18.134640 0.091121 15.822762 -0.824318 0.019576 -0.565789 0.073083 0.925650 2 42 0.101961 43 0.898039
 47 -18.008659 -1.132151 15.854301 -0.744415 -0.305667 -0.593644 0.072992 0.950324 2 42 0.101961 43 0.898039
mnt_body.png
 47 -18.293665 -0.948099 16.469995 -0.952577 -0.297388 0.064472 0.080095 0.948409 1 43 1.000000
 47 -18.008659 -1.132151 15.854301 -0.744415 -0.305667 -0.593644 0.072992 0.950324 2 42 0.101961 43 0.898039
 47 -17.947994 -1.478819 16.329813 -0.681653 -0.730824 0.035284 0.075326 0.963493 2 42 0.101961 43 0.898039
mnt_body.png
 47 -15.101387 0.161283 14.960213 -0.187691 0.041062 -0.981370 0.040414 0.928748 3 39 0.349020 41 0.501961 42 0.149020
 47 -15.054802 -1.976019 15.049679 -0.402667 -0.434200 -0.805810 0.041558 0.974945 3 39 0.349020 41 0.501961 42 0.149020
 47 -15.903088 -1.832189 15.141081 -0.207323 -0.545832 -0.811840 0.049958 0.968872 4 39 0.050980 41 0.250980 42 0.596079 44 0.101961
mnt_body.png
 47 -15.101387 0.161283 14.960213 -0.187691 0.041062 -0.981370 0.040414 0.928748 3 39 0.349020 41 0.501961 42 0.149020
 47 -15.903088 -1.832189 15.141081 -0.207323 -0.545832 -0.811840 0.049958 0.968872 4 39 0.050980 41 0.250980 42 0.596079 44 0.101961
 47 -15.974884 0.153295 15.053238 -0.162410 0.029352 -0.986287 0.049264 0.927588 3 39 0.050980 41 0.349020 42 0.600000
mnt_body.png
 47 -15.054802 -1.976019 15.049679 -0.402667 -0.434200 -0.805810 0.041558 0.974945 3 39 0.349020 41 0.501961 42 0.149020
 47 -14.521803 -2.256450 14.854445 -0.678846 -0.731610 -0.062563 0.035416 0.980354 3 39 0.400000 44 0.101961 45 0.498039
 47 -15.069939 -2.411858 16.024923 -0.199414 -0.979715 -0.019837 0.047005 0.996391 4 39 0.301961 41 0.494117 42 0.101961 44 0.101961
mnt_body.png
 47 -15.054802 -1.976019 15.049679 -0.402667 -0.434200 -0.805810 0.041558 0.974945 3 39 0.349020 41 0.501961 42 0.149020
 47 -15.069939 -2.411858 16.024923 -0.199414 -0.979715 -0.019837 0.047005 0.996391 4 39 0.301961 41 0.494117 42 0.101961 44 0.101961
 47 -15.903088 -1.832189 15.141081 -0.207323 -0.545832 -0.811840 0.049958 0.968872 4 39 0.050980 41 0.250980 42 0.596079 44 0.101961
mnt_body.png
 47 -15.974884 0.153295 15.053238 -0.162410 0.029352 -0.986287 0.049264 0.927588 3 39 0.050980 41 0.349020 42 0.600000
 47 -15.903088 -1.832189 15.141081 -0.207323 -0.545832 -0.811840 0.049958 0.968872 4 39 0.050980 41 0.250980 42 0.596079 44 0.101961
 47 -16.648949 -1.672224 15.280195 -0.307275 -0.593260 -0.744060 0.057420 0.963386 3 41 0.200000 42 0.498039 43 0.301961
mnt_body.png
 47 -15.974884 0.153295 15.053238 -0.162410 0.029352 -0.986287 0.049264 0.927588 3 39 0.050980 41 0.349020 42 0.600000
 47 -16.648949 -1.672224 15.280195 -0.307275 -0.593260 -0.744060 0.057420 0.963386 3 41 0.200000 42 0.498039 43 0.301961
 47 -16.742176 0.130070 15.199961 -0.252565 0.025462 -0.967245 0.057191 0.927016 3 41 0.200000 42 0.498039 43 0.301961
mnt_body.png
 47 -15.974884 0.153295 15.053238 -0.162410 0.029352 -0.986287 0.049264 0.927588 3 39 0.050980 41 0.349020 42 0.600000
 47 -16.742176 0.130070 15.199961 -0.252565 0.025462 -0.967245 0.057191 0.927016 3 41 0.200000 42 0.498039 43 0.301961
 47 -16.699841 1.821844 15.379700 -0.309369 0.536496 -0.785152 0.056695 0.894537 3 41 0.200000 42 0.498039 43 0.301961
mnt_body.png
 47 -16.699841 1.821844 15.379700 -0.309369 0.536496 -0.785152 0.056695 0.894537 3 41 0.200000 42 0.498039 43 0.301961
 47 -16.742176 0.130070 15.199961 -0.252565 0.025462 -0.967245 0.057191 0.927016 3 41 0.200000 42 0.498039 43 0.301961
 47 -17.447353 1.583724 15.577557 -0.516896 0.485639 -0.704963 0.064591 0.897665 2 42 0.301961 43 0.698039
mnt_body.png
 47 -14.573308 -3.360084 12.769032 0.156499 -0.267984 -0.950628 0.048592 0.707988 1 46 1.000000
 47 -14.650319 -2.202632 13.092033 -0.385303 0.596552 -0.704036 0.043999 0.689311 2 45 0.698039 46 0.301961
 47 -13.780222 -2.717930 13.059620 0.414808 -0.086128 -0.905824 0.038399 0.706065 2 45 0.698039 46 0.301961
mnt_body.png
 47 -14.573308 -3.360084 12.769032 0.156499 -0.267984 -0.950628 0.048592 0.707988 1 46 1.000000
 47 -15.091893 -2.968061 12.875780 -0.704234 0.187789 -0.684682 0.052735 0.697261 1 46 1.000000
 47 -14.650319 -2.202632 13.092033 -0.385303 0.596552 -0.704036 0.043999 0.689311 2 45 0.698039 46 0.301961
mnt_body.png
 47 -13.189308 -0.638711 13.734867 -0.021552 0.438459 -0.898493 0.022278 0.678882 2 39 0.600000 44 0.400000
 47 -14.026434 -1.581048 13.441772 -0.297732 0.491456 -0.818429 0.034386 0.684245 3 39 0.200000 44 0.301961 45 0.498039
 47 -14.156650 -0.876531 14.074007 -0.708346 0.450000 -0.543825 0.029702 0.666529 2 39 0.400000 44 0.600000
mnt_body.png
 47 -18.134640 0.091121 15.822762 -0.824318 0.019576 -0.565789 0.073083 0.925650 2 42 0.101961 43 0.898039
 47 -18.022474 1.265635 15.944868 -0.753585 0.371857 -0.542062 0.072526 0.903006 2 42 0.101961 43 0.898039
 47 -17.496862 0.092006 15.421404 -0.462132 0.023483 -0.886500 0.065286 0.927092 2 42 0.301961 43 0.698039
mnt_body.png
 47 -18.134640 0.091121 15.822762 -0.824318 0.019576 -0.565789 0.073083 0.925650 2 42 0.101961 43 0.898039
 47 -17.496862 0.092006 15.421404 -0.462132 0.023483 -0.886500 0.065286 0.927092 2 42 0.301961 43 0.698039
 47 -18.008659 -1.132151 15.854301 -0.744415 -0.305667 -0.593644 0.072992 0.950324 2 42 0.101961 43 0.898039
mnt_body.png
 47 -17.947994 -1.478819 16.329813 -0.681653 -0.730824 0.035284 0.075326 0.963493 2 42 0.101961 43 0.898039
 47 -17.399857 -1.455848 15.490975 -0.485231 -0.465847 -0.739958 0.065270 0.957527 2 42 0.301961 43 0.698039
 47 -17.367542 -1.830836 16.241531 -0.410840 -0.911539 -0.017547 0.069223 0.974014 2 42 0.301961 43 0.698039
mnt_body.png
 47 -17.947994 -1.478819 16.329813 -0.681653 -0.730824 0.035284 0.075326 0.963493 2 42 0.101961 43 0.898039
 47 -18.008659 -1.132151 15.854301 -0.744415 -0.305667 -0.593644 0.072992 0.950324 2 42 0.101961 43 0.898039
 47 -17.399857 -1.455848 15.490975 -0.485231 -0.465847 -0.739958 0.065270 0.957527 2 42 0.301961 43 0.698039
mnt_body.png
 47 -15.069939 -2.411858 16.024923 -0.199414 -0.979715 -0.019837 0.047005 0.996391 4 39 0.301961 41 0.494117 42 0.101961 44 0.101961
 47 -15.894502 -2.265652 16.093903 -0.207328 -0.978202 -0.011635 0.055268 0.988701 3 39 0.050980 41 0.349020 42 0.600000
 47 -15.903088 -1.832189 15.141081 -0.207323 -0.545832 -0.811840 0.049958 0.968872 4 39 0.050980 41 0.250980 42 0.596079 44 0.101961
mnt_body.png
 47 -17.447353 1.583724 15.577557 -0.516896 0.485639 -0.704963 0.064591 0.897665 2 42 0.301961 43 0.698039
 47 -17.496862 0.092006 15.421404 -0.462132 0.023483 -0.886500 0.065286 0.927092 2 42 0.301961 43 0.698039
 47 -18.022474 1.265635 15.944868 -0.753585 0.371857 -0.542062 0.072526 0.903006 2 42 0.101961 43 0.898039
mnt_body.png
 47 -17.447353 1.583724 15.577557 -0.516896 0.485639 -0.704963 0.064591 0.897665 2 42 0.301961 43 0.698039
 47 -16.742176 0.130070 15.199961 -0.252565 0.025462 -0.967245 0.057191 0.927016 3 41 0.200000 42 0.498039 43 0.301961
 47 -17.496862 0.092006 15.421404 -0.462132 0.023483 -0.886500 0.065286 0.927092 2 42 0.301961 43 0.698039
mnt_body.png
 47 -13.780222 -2.717930 13.059620 0.414808 -0.086128 -0.905824 0.038399 0.706065 2 45 0.698039 46 0.301961
 47 -14.650319 -2.202632 13.092033 -0.385303 0.596552 -0.704036 0.043999 0.689311 2 45 0.698039 46 0.301961
 47 -14.026434 -1.581048 13.441772 -0.297732 0.491456 -0.818429 0.034386 0.684245 3 39 0.200000 44 0.301961 45 0.498039
mnt_body.png
 47 -15.091893 -2.968061 12.875780 -0.704234 0.187789 -0.684682 0.052735 0.697261 1 46 1.000000
 47 -15.022141 -2.423262 13.838949 -0.857257 0.514793 0.009918 0.049813 0.674678 2 45 0.698039 46 0.301961
 47 -14.650319 -2.202632 13.092033 -0.385303 0.596552 -0.704036 0.043999 0.689311 2 45 0.698039 46 0.301961
mnt_body.png
 47 -15.091893 -2.968061 12.875780 -0.704234 0.187789 -0.684682 0.052735 0.697261 1 46 1.000000
 47 -15.342308 -3.150337 13.364464 -0.999133 0.027465 -0.031280 0.057359 0.688663 1 46 1.000000
 47 -15.022141 -2.423262 13.838949 -0.857257 0.514793 0.009918 0.049813 0.674678 2 45 0.698039 46 0.301961
mnt_body.png
 47 -15.091893 -2.968061 12.875780 -0.704234 0.187789 -0.684682 0.052735 0.697261 1 46 1.000000
 47 -15.040131 -3.712853 13.132613 -0.631519 -0.648971 -0.424287 0.061997 0.699870 1 46 1.000000
 47 -15.342308 -3.150337 13.364464 -0.999133 0.027465 -0.031280 0.057359 0.688663 1 46 1.000000
mnt_body.png
 47 -14.156650 -0.876531 14.074007 -0.708346 0.450000 -0.543825 0.029702 0.666529 2 39 0.400000 44 0.600000
 47 -14.026434 -1.581048 13.441772 -0.297732 0.491456 -0.818429 0.034386 0.684245 3 39 0.200000 44 0.301961 45 0.498039
 47 -14.526621 -1.857672 14.194644 -0.891941 0.446006 -0.074289 0.041169 0.665713 3 39 0.200000 44 0.301961 45 0.498039
mnt_body.png
 47 -17.496862 0.092006 15.421404 -0.462132 0.023483 -0.886500 0.065286 0.927092 2 42 0.301961 43 0.698039
 47 -17.399857 -1.455848 15.490975 -0.485231 -0.465847 -0.739958 0.065270 0.957527 2 42 0.301961 43 0.698039
 47 -18.008659 -1.132151 15.854301 -0.744415 -0.305667 -0.593644 0.072992 0.950324 2 42 0.101961 43 0.898039
mnt_body.png
 47 -17.496862 0.092006 15.421404 -0.462132 0.023483 -0.886500 0.065286 0.927092 2 42 0.301961 43 0.698039
 47 -16.742176 0.130070 15.199961 -0.252565 0.025462 -0.967245 0.057191 0.927016 3 41 0.200000 42 0.498039 43 0.301961
 47 -17.399857 -1.455848 15.490975 -0.485231 -0.465847 -0.739958 0.065270 0.957527 2 42 0.301961 43 0.698039
mnt_body.png
 47 -17.399857 -1.455848 15.490975 -0.485231 -0.465847 -0.739958 0.065270 0.957527 2 42 0.301961 43 0.698039
 47 -16.742176 0.130070 15.199961 -0.252565 0.025462 -0.967245 0.057191 0.927016 3 41 0.200000 42 0.498039 43 0.301961
 47 -16.648949 -1.672224 15.280195 -0.307275 -0.593260 -0.744060 0.057420 0.963386 3 41 0.200000 42 0.498039 43 0.301961
mnt_body.png
 47 -17.399857 -1.455848 15.490975 -0.485231 -0.465847 -0.739958 0.065270 0.957527 2 42 0.301961 43 0.698039
 47 -16.648949 -1.672224 15.280195 -0.307275 -0.593260 -0.744060 0.057420 0.963386 3 41 0.200000 42 0.498039 43 0.301961
 47 -17.367542 -1.830836 16.241531 -0.410840 -0.911539 -0.017547 0.069223 0.974014 2 42 0.301961 43 0.698039
mnt_body.png
 47 -17.367542 -1.830836 16.241531 -0.410840 -0.911539 -0.017547 0.069223 0.974014 2 42 0.301961 43 0.698039
 47 -16.648949 -1.672224 15.280195 -0.307275 -0.593260 -0.744060 0.057420 0.963386 3 41 0.200000 42 0.498039 43 0.301961
 47 -16.620193 -2.095789 16.170860 -0.262443 -0.963039 0.060652 0.062211 0.982200 3 41 0.200000 42 0.498039 43 0.301961
mnt_body.png
 47 -15.894502 -2.265652 16.093903 -0.207328 -0.978202 -0.011635 0.055268 0.988701 3 39 0.050980 41 0.349020 42 0.600000
 47 -16.620193 -2.095789 16.170860 -0.262443 -0.963039 0.060652 0.062211 0.982200 3 41 0.200000 42 0.498039 43 0.301961
 47 -16.648949 -1.672224 15.280195 -0.307275 -0.593260 -0.744060 0.057420 0.963386 3 41 0.200000 42 0.498039 43 0.301961
mnt_body.png
 47 -15.894502 -2.265652 16.093903 -0.207328 -0.978202 -0.011635 0.055268 0.988701 3 39 0.050980 41 0.349020 42 0.600000
 47 -16.648949 -1.672224 15.280195 -0.307275 -0.593260 -0.744060 0.057420 0.963386 3 41 0.200000 42 0.498039 43 0.301961
 47 -15.903088 -1.832189 15.141081 -0.207323 -0.545832 -0.811840 0.049958 0.968872 4 39 0.050980 41 0.250980 42 0.596079 44 0.101961
mnt_body.png
 47 -14.026434 -1.581048 13.441772 -0.297732 0.491456 -0.818429 0.034386 0.684245 3 39 0.200000 44 0.301961 45 0.498039
 47 -14.650319 -2.202632 13.092033 -0.385303 0.596552 -0.704036 0.043999 0.689311 2 45 0.698039 46 0.301961
 47 -14.526621 -1.857672 14.194644 -0.891941 0.446006 -0.074289 0.041169 0.665713 3 39 0.200000 44 0.301961 45 0.498039
mnt_body.png
 47 -15.022141 -2.423262 13.838949 -0.857257 0.514793 0.009918 0.049813 0.674678 2 45 0.698039 46 0.301961
 47 -14.970144 -2.848292 14.415920 -0.750805 -0.066485 0.657169 0.055276 0.663027 2 45 0.698039 46 0.301961
 47 -14.526621 -1.857672 14.194644 -0.891941 0.446006 -0.074289 0.041169 0.665713 3 39 0.200000 44 0.301961 45 0.498039
mnt_body.png
 47 -15.022141 -2.423262 13.838949 -0.857257 0.514793 0.009918 0.049813 0.674678 2 45 0.698039 46 0.301961
 47 -15.342308 -3.150337 13.364464 -0.999133 0.027465 -0.031280 0.057359 0.688663 1 46 1.000000
 47 -14.970144 -2.848292 14.415920 -0.750805 -0.066485 0.657169 0.055276 0.663027 2 45 0.698039 46 0.301961
mnt_body.png
 47 -15.022141 -2.423262 13.838949 -0.857257 0.514793 0.009918 0.049813 0.674678 2 45 0.698039 46 0.301961
 47 -14.526621 -1.857672 14.194644 -0.891941 0.446006 -0.074289 0.041169 0.665713 3 39 0.200000 44 0.301961 45 0.498039
 47 -14.650319 -2.202632 13.092033 -0.385303 0.596552 -0.704036 0.043999 0.689311 2 45 0.698039 46 0.301961
mnt_body.png
 47 -15.342308 -3.150337 13.364464 -0.999133 0.027465 -0.031280 0.057359 0.688663 1 46 1.000000
 47 -15.193066 -3.387272 13.882547 -0.721740 -0.508594 0.469493 0.061265 0.678592 1 46 1.000000
 47 -14.970144 -2.848292 14.415920 -0.750805 -0.066485 0.657169 0.055276 0.663027 2 45 0.698039 46 0.301961
mnt_body.png
 47 -15.342308 -3.150337 13.364464 -0.999133 0.027465 -0.031280 0.057359 0.688663 1 46 1.000000
 47 -15.040131 -3.712853 13.132613 -0.631519 -0.648971 -0.424287 0.061997 0.699870 1 46 1.000000
 47 -15.193066 -3.387272 13.882547 -0.721740 -0.508594 0.469493 0.061265 0.678592 1 46 1.000000
mnt_body.png
 47 -2.512446 -0.057649 6.152968 0.900530 0.009788 -0.434684 0.113161 0.837011 2 4 0.498039 15 0.501961
 47 -2.826313 0.934401 6.408888 -0.045013 0.657827 -0.751823 0.116831 0.815953 2 4 0.498039 15 0.501961
 47 0.000000 0.000908 5.789567 0.000000 -0.015687 -0.999877 0.086984 0.836355 1 4 1.000000
mnt_body.png
 47 -2.512446 -0.057649 6.152968 0.900530 0.009788 -0.434684 0.113161 0.837011 2 4 0.498039 15 0.501961
 47 0.000000 0.000908 5.789567 0.000000 -0.015687 -0.999877 0.086984 0.836355 1 4 1.000000
 47 -2.792178 -1.012287 6.456502 -0.027418 -0.712688 -0.700946 0.116747 0.857374 2 4 0.498039 15 0.501961
mnt_body.png
 47 -2.826313 0.934401 6.408888 -0.045013 0.657827 -0.751823 0.116831 0.815953 2 4 0.498039 15 0.501961
 47 0.000000 4.460315 7.217696 0.000000 0.546087 -0.837728 0.086984 0.740139 1 4 1.000000
 47 0.000000 0.000908 5.789567 0.000000 -0.015687 -0.999877 0.086984 0.836355 1 4 1.000000
mnt_body.png
 47 -2.826313 0.934401 6.408888 -0.045013 0.657827 -0.751823 0.116831 0.815953 2 4 0.498039 15 0.501961
 47 -3.900287 0.807053 6.975898 -0.760610 0.518178 -0.391106 0.129068 0.809956 2 4 0.498039 15 0.501961
 47 -2.723695 3.393690 7.212433 -0.462144 0.603142 -0.650110 0.114084 0.762028 1 4 1.000000
mnt_body.png
 47 -2.826313 0.934401 6.408888 -0.045013 0.657827 -0.751823 0.116831 0.815953 2 4 0.498039 15 0.501961
 47 -2.723695 3.393690 7.212433 -0.462144 0.603142 -0.650110 0.114084 0.762028 1 4 1.000000
 47 0.000000 4.460315 7.217696 0.000000 0.546087 -0.837728 0.086984 0.740139 1 4 1.000000
mnt_body.png
 47 0.000000 0.000908 5.789567 0.000000 -0.015687 -0.999877 0.086984 0.836355 1 4 1.000000
 47 0.000000 -4.460281 7.217696 0.000000 -0.546087 -0.837728 0.086984 0.931739 1 4 1.000000
 47 -2.792178 -1.012287 6.456502 -0.027418 -0.712688 -0.700946 0.116747 0.857374 2 4 0.498039 15 0.501961
mnt_body.png
 47 -2.792178 -1.012287 6.456502 -0.027418 -0.712688 -0.700946 0.116747 0.857374 2 4 0.498039 15 0.501961
 47 0.000000 -4.460281 7.217696 0.000000 -0.546087 -0.837728 0.086984 0.931739 1 4 1.000000
 47 -2.756894 -3.496325 7.302656 -0.464178 -0.599290 -0.652219 0.114923 0.912589 1 4 1.000000
mnt_body.png
 47 -2.792178 -1.012287 6.456502 -0.027418 -0.712688 -0.700946 0.116747 0.857374 2 4 0.498039 15 0.501961
 47 -2.756894 -3.496325 7.302656 -0.464178 -0.599290 -0.652219 0.114923 0.912589 1 4 1.000000
 47 -3.949919 -0.797252 7.070719 -0.780800 -0.514682 -0.354196 0.130137 0.862753 2 4 0.498039 15 0.501961
mnt_body.png
 47 0.000000 4.460315 7.217696 0.000000 0.546087 -0.837728 0.086984 0.740139 1 4 1.000000
 47 -2.723695 3.393690 7.212433 -0.462144 0.603142 -0.650110 0.114084 0.762028 1 4 1.000000
 47 0.000000 5.913764 10.489618 0.000000 0.986705 -0.162520 0.086984 0.674548 3 4 0.498039 19 0.400000 20 0.101961
mnt_body.png
 47 -3.900287 0.807053 6.975898 -0.760610 0.518178 -0.391106 0.129068 0.809956 2 4 0.498039 15 0.501961
 47 -4.261220 0.003288 7.110582 -0.992412 0.029363 -0.119402 0.136835 0.819188 2 4 0.498039 15 0.501961
 47 -5.791655 -0.002060 10.506815 -0.968991 0.013703 -0.246718 0.165988 0.770825 3 4 0.498039 19 0.400000 20 0.101961
mnt_body.png
 47 -3.900287 0.807053 6.975898 -0.760610 0.518178 -0.391106 0.129068 0.809956 2 4 0.498039 15 0.501961
 47 -5.791655 -0.002060 10.506815 -0.968991 0.013703 -0.246718 0.165988 0.770825 3 4 0.498039 19 0.400000 20 0.101961
 47 -3.936819 4.307954 10.489618 -0.773144 0.614595 -0.156593 0.132395 0.701892 3 4 0.498039 19 0.400000 20 0.101961
mnt_body.png
 47 -3.900287 0.807053 6.975898 -0.760610 0.518178 -0.391106 0.129068 0.809956 2 4 0.498039 15 0.501961
 47 -3.936819 4.307954 10.489618 -0.773144 0.614595 -0.156593 0.132395 0.701892 3 4 0.498039 19 0.400000 20 0.101961
 47 -2.723695 3.393690 7.212433 -0.462144 0.603142 -0.650110 0.114084 0.762028 1 4 1.000000
mnt_body.png
 47 -2.723695 3.393690 7.212433 -0.462144 0.603142 -0.650110 0.114084 0.762028 1 4 1.000000
 47 -3.936819 4.307954 10.489618 -0.773144 0.614595 -0.156593 0.132395 0.701892 3 4 0.498039 19 0.400000 20 0.101961
 47 0.000000 5.913764 10.489618 0.000000 0.986705 -0.162520 0.086984 0.674548 3 4 0.498039 19 0.400000 20 0.101961
mnt_body.png
 47 0.000000 -4.460281 7.217696 0.000000 -0.546087 -0.837728 0.086984 0.931739 1 4 1.000000
 47 0.000000 -5.975196 10.489615 0.000000 -0.985057 -0.172227 0.086984 0.994293 3 4 0.498039 19 0.400000 20 0.101961
 47 -2.756894 -3.496325 7.302656 -0.464178 -0.599290 -0.652219 0.114923 0.912589 1 4 1.000000
mnt_body.png
 47 -2.756894 -3.496325 7.302656 -0.464178 -0.599290 -0.652219 0.114923 0.912589 1 4 1.000000
 47 0.000000 -5.975196 10.489615 0.000000 -0.985057 -0.172227 0.086984 0.994293 3 4 0.498039 19 0.400000 20 0.101961
 47 -4.168078 -4.236362 10.489618 -0.786887 -0.593098 -0.170424 0.135752 0.967681 3 4 0.498039 19 0.400000 20 0.101961
mnt_body.png
 47 -2.756894 -3.496325 7.302656 -0.464178 -0.599290 -0.652219 0.114923 0.912589 1 4 1.000000
 47 -4.168078 -4.236362 10.489618 -0.786887 -0.593098 -0.170424 0.135752 0.967681 3 4 0.498039 19 0.400000 20 0.101961
 47 -3.949919 -0.797252 7.070719 -0.780800 -0.514682 -0.354196 0.130137 0.862753 2 4 0.498039 15 0.501961
mnt_body.png
 47 -3.949919 -0.797252 7.070719 -0.780800 -0.514682 -0.354196 0.130137 0.862753 2 4 0.498039 15 0.501961
 47 -5.791655 -0.002060 10.506815 -0.968991 0.013703 -0.246718 0.166712 0.898375 3 4 0.498039 19 0.400000 20 0.101961
 47 -4.261220 0.003288 7.110582 -0.992412 0.029363 -0.119402 0.136919 0.851820 2 4 0.498039 15 0.501961
mnt_body.png
 47 -3.949919 -0.797252 7.070719 -0.780800 -0.514682 -0.354196 0.130137 0.862753 2 4 0.498039 15 0.501961
 47 -4.168078 -4.236362 10.489618 -0.786887 -0.593098 -0.170424 0.135752 0.967681 3 4 0.498039 19 0.400000 20 0.101961
 47 -5.791655 -0.002060 10.506815 -0.968991 0.013703 -0.246718 0.166712 0.898375 3 4 0.498039 19 0.400000 20 0.101961
mnt_body.png
 47 0.000000 -2.704075 18.513186 0.000000 -0.455662 0.890153 0.244388 0.706989 1 21 1.000000
 47 0.000000 -2.080635 19.262760 0.000000 -0.648017 0.761626 0.253918 0.717288 1 21 1.000000
 47 -0.594457 -2.760962 18.242596 -0.571053 -0.336307 0.748863 0.243297 0.692775 1 21 1.000000
mnt_body.png
 47 0.000000 -2.080635 19.262760 0.000000 -0.648017 0.761626 0.253918 0.717288 1 21 1.000000
 47 -1.522889 -1.462742 19.271866 -0.506966 -0.432468 0.745625 0.263890 0.693515 1 21 1.000000
 47 -0.594457 -2.760962 18.242596 -0.571053 -0.336307 0.748863 0.243297 0.692775 1 21 1.000000
mnt_body.png
 47 0.000000 -2.080635 19.262760 0.000000 -0.648017 0.761626 0.253918 0.717288 1 21 1.000000
 47 -0.856096 -0.881706 19.774078 -0.258455 -0.317183 0.912467 0.270123 0.711131 1 21 1.000000
 47 -1.522889 -1.462742 19.271866 -0.506966 -0.432468 0.745625 0.263890 0.693515 1 21 1.000000
mnt_body.png
 47 0.000000 -2.080635 19.262760 0.000000 -0.648017 0.761626 0.253918 0.717288 1 21 1.000000
 47 0.000000 -1.284491 19.775032 0.000000 -0.385160 0.922850 0.264248 0.724979 1 21 1.000000
 47 -0.856096 -0.881706 19.774078 -0.258455 -0.317183 0.912467 0.270123 0.711131 1 21 1.000000
mnt_body.png
 47 -0.594457 -2.760962 18.242596 -0.571053 -0.336307 0.748863 0.243297 0.692775 1 21 1.000000
 47 -1.522889 -1.462742 19.271866 -0.506966 -0.432468 0.745625 0.263890 0.693515 1 21 1.000000
 47 -2.095403 -1.970247 18.352299 -0.605015 -0.550285 0.575451 0.256931 0.673075 1 21 1.000000
mnt_body.png
 47 -0.594457 -2.760962 18.242596 -0.571053 -0.336307 0.748863 0.243297 0.692775 1 21 1.000000
 47 -2.095403 -1.970247 18.352299 -0.605015 -0.550285 0.575451 0.256931 0.673075 1 21 1.000000
 47 -0.992008 -3.268719 17.364187 -0.852901 -0.352094 0.385473 0.235355 0.672068 1 21 1.000000
mnt_body.png
 47 -1.522889 -1.462742 19.271866 -0.506966 -0.432468 0.745625 0.263890 0.693515 1 21 1.000000
 47 -2.782647 0.165607 18.357830 -0.830161 0.041199 0.556000 0.280751 0.662531 1 21 1.000000
 47 -2.095403 -1.970247 18.352299 -0.605015 -0.550285 0.575451 0.256931 0.673075 1 21 1.000000
mnt_body.png
 47 -1.522889 -1.462742 19.271866 -0.506966 -0.432468 0.745625 0.263890 0.693515 1 21 1.000000
 47 -2.149205 0.166836 19.237194 -0.686863 0.035097 0.725940 0.281338 0.683871 1 21 1.000000
 47 -2.782647 0.165607 18.357830 -0.830161 0.041199 0.556000 0.280751 0.662531 1 21 1.000000
mnt_body.png
 47 -1.522889 -1.462742 19.271866 -0.506966 -0.432468 0.745625 0.263890 0.693515 1 21 1.000000
 47 -1.388351 0.118652 19.732857 -0.418723 0.025371 0.907760 0.281163 0.701778 1 21 1.000000
 47 -2.149205 0.166836 19.237194 -0.686863 0.035097 0.725940 0.281338 0.683871 1 21 1.000000
mnt_body.png
 47 -1.522889 -1.462742 19.271866 -0.506966 -0.432468 0.745625 0.263890 0.693515 1 21 1.000000
 47 -0.856096 -0.881706 19.774078 -0.258455 -0.317183 0.912467 0.270123 0.711131 1 21 1.000000
 47 -1.388351 0.118652 19.732857 -0.418723 0.025371 0.907760 0.281163 0.701778 1 21 1.000000
mnt_body.png
 47 -0.856096 -0.881706 19.774078 -0.258455 -0.317183 0.912467 0.270123 0.711131 1 21 1.000000
 47 0.000000 -1.284491 19.775032 0.000000 -0.385160 0.922850 0.264248 0.724979 1 21 1.000000
 47 0.000000 0.019901 20.072508 0.000000 0.009916 0.999951 0.280644 0.729961 1 21 1.000000
mnt_body.png
 47 -0.856096 -0.881706 19.774078 -0.258455 -0.317183 0.912467 0.270123 0.711131 1 21 1.000000
 47 0.000000 0.019901 20.072508 0.000000 0.009916 0.999951 0.280644 0.729961 1 21 1.000000
 47 -1.388351 0.118652 19.732857 -0.418723 0.025371 0.907760 0.281163 0.701778 1 21 1.000000
mnt_body.png
 47 -2.095403 -1.970247 18.352299 -0.605015 -0.550285 0.575451 0.256931 0.673075 1 21 1.000000
 47 -2.779233 -2.821387 16.424593 -0.592986 -0.643887 0.483505 0.245617 0.634478 2 20 0.498039 21 0.501961
 47 -0.992008 -3.268719 17.364187 -0.852901 -0.352094 0.385473 0.235355 0.672068 1 21 1.000000
mnt_body.png
 47 -2.095403 -1.970247 18.352299 -0.605015 -0.550285 0.575451 0.256931 0.673075 1 21 1.000000
 47 -3.581613 -1.370592 16.424797 -0.783230 -0.342632 0.518800 0.263104 0.625841 3 20 0.498039 21 0.301961 36 0.200000
 47 -2.779233 -2.821387 16.424593 -0.592986 -0.643887 0.483505 0.245617 0.634478 2 20 0.498039 21 0.501961
mnt_body.png
 47 -2.095403 -1.970247 18.352299 -0.605015 -0.550285 0.575451 0.256931 0.673075 1 21 1.000000
 47 -2.782647 0.165607 18.357830 -0.830161 0.041199 0.556000 0.280751 0.662531 1 21 1.000000
 47 -3.581613 -1.370592 16.424797 -0.783230 -0.342632 0.518800 0.263104 0.625841 3 20 0.498039 21 0.301961 36 0.200000
mnt_body.png
 47 -0.992008 -3.268719 17.364187 -0.852901 -0.352094 0.385473 0.235355 0.672068 1 21 1.000000
 47 -2.779233 -2.821387 16.424593 -0.592986 -0.643887 0.483505 0.245617 0.634478 2 20 0.498039 21 0.501961
 47 -0.990848 -3.784952 16.538961 -0.946233 -0.168419 -0.276185 0.227352 0.655474 1 21 1.000000
mnt_body.png
 47 -2.149205 0.166836 19.237194 -0.686863 0.035097 0.725940 0.281338 0.683871 1 21 1.000000
 47 -1.444832 1.566078 19.264584 -0.493300 0.481570 0.724393 0.295476 0.693103 1 21 1.000000
 47 -2.782647 0.165607 18.357830 -0.830161 0.041199 0.556000 0.280751 0.662531 1 21 1.000000
mnt_body.png
 47 -2.149205 0.166836 19.237194 -0.686863 0.035097 0.725940 0.281338 0.683871 1 21 1.000000
 47 -1.388351 0.118652 19.732857 -0.418723 0.025371 0.907760 0.281163 0.701778 1 21 1.000000
 47 -1.444832 1.566078 19.264584 -0.493300 0.481570 0.724393 0.295476 0.693103 1 21 1.000000
mnt_body.png
 47 -2.782647 0.165607 18.357830 -0.830161 0.041199 0.556000 0.280751 0.662531 1 21 1.000000
 47 -3.489898 0.149344 16.991747 -0.718591 0.023493 0.695036 0.280713 0.633783 3 20 0.301961 21 0.498039 36 0.200000
 47 -3.581613 -1.370592 16.424797 -0.783230 -0.342632 0.518800 0.263104 0.625841 3 20 0.498039 21 0.301961 36 0.200000
mnt_body.png
 47 -2.782647 0.165607 18.357830 -0.830161 0.041199 0.556000 0.280751 0.662531 1 21 1.000000
 47 -1.444832 1.566078 19.264584 -0.493300 0.481570 0.724393 0.295476 0.693103 1 21 1.000000
 47 -1.934771 2.126247 18.360405 -0.606770 0.581366 0.542074 0.302533 0.674121 1 21 1.000000
mnt_body.png
 47 -2.782647 0.165607 18.357830 -0.830161 0.041199 0.556000 0.280751 0.662531 1 21 1.000000
 47 -3.462755 1.414395 16.475470 -0.752546 0.398754 0.524090 0.295193 0.625536 3 20 0.498039 21 0.301961 36 0.200000
 47 -3.489898 0.149344 16.991747 -0.718591 0.023493 0.695036 0.280713 0.633783 3 20 0.301961 21 0.498039 36 0.200000
mnt_body.png
 47 -2.782647 0.165607 18.357830 -0.830161 0.041199 0.556000 0.280751 0.662531 1 21 1.000000
 47 -1.934771 2.126247 18.360405 -0.606770 0.581366 0.542074 0.302533 0.674121 1 21 1.000000
 47 -3.462755 1.414395 16.475470 -0.752546 0.398754 0.524090 0.295193 0.625536 3 20 0.498039 21 0.301961 36 0.200000
mnt_body.png
 47 -1.388351 0.118652 19.732857 -0.418723 0.025371 0.907760 0.281163 0.701778 1 21 1.000000
 47 0.000000 0.019901 20.072508 0.000000 0.009916 0.999951 0.280644 0.729961 1 21 1.000000
 47 -0.839868 1.024590 19.737679 -0.256239 0.326680 0.909737 0.291638 0.710178 1 21 1.000000
mnt_body.png
 47 -1.388351 0.118652 19.732857 -0.418723 0.025371 0.907760 0.281163 0.701778 1 21 1.000000
 47 -0.839868 1.024590 19.737679 -0.256239 0.326680 0.909737 0.291638 0.710178 1 21 1.000000
 47 -1.444832 1.566078 19.264584 -0.493300 0.481570 0.724393 0.295476 0.693103 1 21 1.000000
mnt_body.png
 47 0.000000 0.019901 20.072508 0.000000 0.009916 0.999951 0.280644 0.729961 1 21 1.000000
 47 0.000000 1.375067 19.771452 0.000000 0.369855 0.929090 0.298016 0.722599 1 21 1.000000
 47 -0.839868 1.024590 19.737679 -0.256239 0.326680 0.909737 0.291638 0.710178 1 21 1.000000
mnt_body.png
 47 -2.779233 -2.821387 16.424593 -0.592986 -0.643887 0.483505 0.245617 0.634478 2 20 0.498039 21 0.501961
 47 -3.581613 -1.370592 16.424797 -0.783230 -0.342632 0.518800 0.263104 0.625841 3 20 0.498039 21 0.301961 36 0.200000
 47 -3.544661 -3.656800 14.337044 -0.624321 -0.655600 0.424749 0.236996 0.589273 2 19 0.349020 20 0.650980
mnt_body.png
 47 -2.779233 -2.821387 16.424593 -0.592986 -0.643887 0.483505 0.245617 0.634478 2 20 0.498039 21 0.501961
 47 -3.544661 -3.656800 14.337044 -0.624321 -0.655600 0.424749 0.236996 0.589273 2 19 0.349020 20 0.650980
 47 -0.990848 -3.784952 16.538961 -0.946233 -0.168419 -0.276185 0.227352 0.655474 1 21 1.000000
mnt_body.png
 47 -0.990848 -3.784952 16.538961 -0.946233 -0.168419 -0.276185 0.227352 0.655474 1 21 1.000000
 47 0.000000 -5.200678 14.336914 0.000000 -0.913497 0.406846 0.202281 0.603212 2 19 0.349020 20 0.650980
 47 0.000000 -4.195208 16.126390 0.000000 -0.668959 -0.743299 0.214923 0.646128 1 21 1.000000
mnt_body.png
 47 -0.990848 -3.784952 16.538961 -0.946233 -0.168419 -0.276185 0.227352 0.655474 1 21 1.000000
 47 -3.544661 -3.656800 14.337044 -0.624321 -0.655600 0.424749 0.236996 0.589273 2 19 0.349020 20 0.650980
 47 0.000000 -5.200678 14.336914 0.000000 -0.913497 0.406846 0.202281 0.603212 2 19 0.349020 20 0.650980
mnt_body.png
 47 -1.444832 1.566078 19.264584 -0.493300 0.481570 0.724393 0.295476 0.693103 1 21 1.000000
 47 0.000000 2.843595 18.353403 0.000000 0.843878 0.536535 0.319165 0.696582 1 21 1.000000
 47 -1.934771 2.126247 18.360405 -0.606770 0.581366 0.542074 0.302533 0.674121 1 21 1.000000
mnt_body.png
 47 -1.444832 1.566078 19.264584 -0.493300 0.481570 0.724393 0.295476 0.693103 1 21 1.000000
 47 0.000000 2.184223 19.283424 0.000000 0.622328 0.782756 0.308339 0.714298 1 21 1.000000
 47 0.000000 2.843595 18.353403 0.000000 0.843878 0.536535 0.319165 0.696582 1 21 1.000000
mnt_body.png
 47 -1.444832 1.566078 19.264584 -0.493300 0.481570 0.724393 0.295476 0.693103 1 21 1.000000
 47 -0.839868 1.024590 19.737679 -0.256239 0.326680 0.909737 0.291638 0.710178 1 21 1.000000
 47 0.000000 2.184223 19.283424 0.000000 0.622328 0.782756 0.308339 0.714298 1 21 1.000000
mnt_body.png
 47 -3.489898 0.149344 16.991747 -0.718591 0.023493 0.695036 0.280713 0.633783 3 20 0.301961 21 0.498039 36 0.200000
 47 -3.948428 0.586234 16.544807 -0.493092 0.375696 0.784674 0.285382 0.620851 3 20 0.200000 36 0.301961 37 0.498039
 47 -3.921423 -0.521984 16.531376 -0.422979 -0.291778 0.857878 0.273320 0.622339 3 20 0.200000 36 0.301961 37 0.498039
mnt_body.png
 47 -3.489898 0.149344 16.991747 -0.718591 0.023493 0.695036 0.280713 0.633783 3 20 0.301961 21 0.498039 36 0.200000
 47 -3.462755 1.414395 16.475470 -0.752546 0.398754 0.524090 0.295193 0.625536 3 20 0.498039 21 0.301961 36 0.200000
 47 -3.948428 0.586234 16.544807 -0.493092 0.375696 0.784674 0.285382 0.620851 3 20 0.200000 36 0.301961 37 0.498039
mnt_body.png
 47 -3.489898 0.149344 16.991747 -0.718591 0.023493 0.695036 0.280713 0.633783 3 20 0.301961 21 0.498039 36 0.200000
 47 -3.921423 -0.521984 16.531376 -0.422979 -0.291778 0.857878 0.273320 0.622339 3 20 0.200000 36 0.301961 37 0.498039
 47 -3.581613 -1.370592 16.424797 -0.783230 -0.342632 0.518800 0.263104 0.625841 3 20 0.498039 21 0.301961 36 0.200000
mnt_body.png
 47 -1.934771 2.126247 18.360405 -0.606770 0.581366 0.542074 0.302533 0.674121 1 21 1.000000
 47 -2.555390 2.840642 16.441095 -0.552203 0.687315 0.471879 0.312703 0.633417 2 20 0.498039 21 0.501961
 47 -3.462755 1.414395 16.475470 -0.752546 0.398754 0.524090 0.295193 0.625536 3 20 0.498039 21 0.301961 36 0.200000
mnt_body.png
 47 -1.934771 2.126247 18.360405 -0.606770 0.581366 0.542074 0.302533 0.674121 1 21 1.000000
 47 0.000000 2.843595 18.353403 0.000000 0.843878 0.536535 0.319165 0.696582 1 21 1.000000
 47 -2.555390 2.840642 16.441095 -0.552203 0.687315 0.471879 0.312703 0.633417 2 20 0.498039 21 0.501961
mnt_body.png
 47 -0.839868 1.024590 19.737679 -0.256239 0.326680 0.909737 0.291638 0.710178 1 21 1.000000
 47 0.000000 1.375067 19.771452 0.000000 0.369855 0.929090 0.298016 0.722599 1 21 1.000000
 47 0.000000 2.184223 19.283424 0.000000 0.622328 0.782756 0.308339 0.714298 1 21 1.000000
mnt_body.png
 47 -3.544661 -3.656800 14.337044 -0.624321 -0.655600 0.424749 0.236996 0.589273 2 19 0.349020 20 0.650980
 47 -3.984546 -4.137722 12.648868 -0.647713 -0.727941 0.224877 0.231350 0.552491 3 4 0.200000 19 0.498039 20 0.301961
 47 0.000000 -5.200678 14.336914 0.000000 -0.913497 0.406846 0.202281 0.603212 2 19 0.349020 20 0.650980
mnt_body.png
 47 -3.544661 -3.656800 14.337044 -0.624321 -0.655600 0.424749 0.236996 0.589273 2 19 0.349020 20 0.650980
 47 -3.581613 -1.370592 16.424797 -0.783230 -0.342632 0.518800 0.263104 0.625841 3 20 0.498039 21 0.301961 36 0.200000
 47 -4.367837 -2.096223 14.339518 -0.871563 -0.350571 0.342751 0.254688 0.582368 2 19 0.349020 20 0.650980
mnt_body.png
 47 -3.544661 -3.656800 14.337044 -0.624321 -0.655600 0.424749 0.236996 0.589273 2 19 0.349020 20 0.650980
 47 -4.367837 -2.096223 14.339518 -0.871563 -0.350571 0.342751 0.254688 0.582368 2 19 0.349020 20 0.650980
 47 -3.984546 -4.137722 12.648868 -0.647713 -0.727941 0.224877 0.231350 0.552491 3 4 0.200000 19 0.498039 20 0.301961
mnt_body.png
 47 0.000000 -5.200678 14.336914 0.000000 -0.913497 0.406846 0.202281 0.603212 2 19 0.349020 20 0.650980
 47 -3.984546 -4.137722 12.648868 -0.647713 -0.727941 0.224877 0.231350 0.552491 3 4 0.200000 19 0.498039 20 0.301961
 47 0.000000 -5.835721 12.648863 0.000000 -0.977373 0.211525 0.191814 0.561120 3 4 0.200000 19 0.498039 20 0.301961
mnt_body.png
 47 0.000000 2.843595 18.353403 0.000000 0.843878 0.536535 0.319165 0.696582 1 21 1.000000
 47 0.000000 3.913122 16.422619 0.000000 0.869677 0.493621 0.337636 0.655344 2 20 0.498039 21 0.501961
 47 -2.555390 2.840642 16.441095 -0.552203 0.687315 0.471879 0.312703 0.633417 2 20 0.498039 21 0.501961
mnt_body.png
 47 -3.948428 0.586234 16.544807 -0.493092 0.375696 0.784674 0.285382 0.620851 3 20 0.200000 36 0.301961 37 0.498039
 47 -3.462755 1.414395 16.475470 -0.752546 0.398754 0.524090 0.295193 0.625536 3 20 0.498039 21 0.301961 36 0.200000
 47 -4.069107 1.016043 15.821455 -0.553567 0.743315 0.375562 0.291798 0.609392 3 20 0.396078 36 0.301961 37 0.301961
mnt_body.png
 47 -3.921423 -0.521984 16.531376 -0.422979 -0.291778 0.857878 0.273320 0.622339 3 20 0.200000 36 0.301961 37 0.498039
 47 -4.076982 -0.982530 15.805143 -0.557451 -0.741331 0.373732 0.266667 0.610933 3 20 0.396078 36 0.301961 37 0.301961
 47 -3.581613 -1.370592 16.424797 -0.783230 -0.342632 0.518800 0.263104 0.625841 3 20 0.498039 21 0.301961 36 0.200000
mnt_body.png
 47 -3.581613 -1.370592 16.424797 -0.783230 -0.342632 0.518800 0.263104 0.625841 3 20 0.498039 21 0.301961 36 0.200000
 47 -4.076982 -0.982530 15.805143 -0.557451 -0.741331 0.373732 0.266667 0.610933 3 20 0.396078 36 0.301961 37 0.301961
 47 -4.367837 -2.096223 14.339518 -0.871563 -0.350571 0.342751 0.254688 0.582368 2 19 0.349020 20 0.650980
mnt_body.png
 47 -2.555390 2.840642 16.441095 -0.552203 0.687315 0.471879 0.312703 0.633417 2 20 0.498039 21 0.501961
 47 -4.314589 2.322886 14.334721 -0.837325 0.401044 0.371551 0.305089 0.579629 2 19 0.349020 20 0.650980
 47 -3.462755 1.414395 16.475470 -0.752546 0.398754 0.524090 0.295193 0.625536 3 20 0.498039 21 0.301961 36 0.200000
mnt_body.png
 47 -2.555390 2.840642 16.441095 -0.552203 0.687315 0.471879 0.312703 0.633417 2 20 0.498039 21 0.501961
 47 -3.251192 3.764393 14.337529 -0.493417 0.767509 0.409230 0.323301 0.586862 2 19 0.349020 20 0.650980
 47 -4.314589 2.322886 14.334721 -0.837325 0.401044 0.371551 0.305089 0.579629 2 19 0.349020 20 0.650980
mnt_body.png
 47 -2.555390 2.840642 16.441095 -0.552203 0.687315 0.471879 0.312703 0.633417 2 20 0.498039 21 0.501961
 47 0.000000 3.913122 16.422619 0.000000 0.869677 0.493621 0.337636 0.655344 2 20 0.498039 21 0.501961
 47 -3.251192 3.764393 14.337529 -0.493417 0.767509 0.409230 0.323301 0.586862 2 19 0.349020 20 0.650980
mnt_body.png
 47 -4.367837 -2.096223 14.339518 -0.871563 -0.350571 0.342751 0.254688 0.582368 2 19 0.349020 20 0.650980
 47 -5.568937 -0.007661 12.654819 -0.982016 0.019562 0.187782 0.277943 0.549210 3 4 0.200000 19 0.498039 20 0.301961
 47 -3.984546 -4.137722 12.648868 -0.647713 -0.727941 0.224877 0.231350 0.552491 3 4 0.200000 19 0.498039 20 0.301961
mnt_body.png
 47 -4.367837 -2.096223 14.339518 -0.871563 -0.350571 0.342751 0.254688 0.582368 2 19 0.349020 20 0.650980
 47 -4.076982 -0.982530 15.805143 -0.557451 -0.741331 0.373732 0.266667 0.610933 3 20 0.396078 36 0.301961 37 0.301961
 47 -4.662485 -0.649148 14.934839 -0.874888 -0.440371 -0.201604 0.271252 0.592500 3 20 0.600000 36 0.200000 37 0.200000
mnt_body.png
 47 -4.367837 -2.096223 14.339518 -0.871563 -0.350571 0.342751 0.254688 0.582368 2 19 0.349020 20 0.650980
 47 -4.967392 0.024151 14.313417 -0.940318 0.011730 0.340096 0.278813 0.579339 2 19 0.349020 20 0.650980
 47 -5.568937 -0.007661 12.654819 -0.982016 0.019562 0.187782 0.277943 0.549210 3 4 0.200000 19 0.498039 20 0.301961
mnt_body.png
 47 -4.367837 -2.096223 14.339518 -0.871563 -0.350571 0.342751 0.254688 0.582368 2 19 0.349020 20 0.650980
 47 -4.662485 -0.649148 14.934839 -0.874888 -0.440371 -0.201604 0.271252 0.592500 3 20 0.600000 36 0.200000 37 0.200000
 47 -4.967392 0.024151 14.313417 -0.940318 0.011730 0.340096 0.278813 0.579339 2 19 0.349020 20 0.650980
mnt_body.png
 47 0.000000 -5.835721 12.648863 0.000000 -0.977373 0.211525 0.191814 0.561120 3 4 0.200000 19 0.498039 20 0.301961
 47 -3.984546 -4.137722 12.648868 -0.647713 -0.727941 0.224877 0.231350 0.552491 3 4 0.200000 19 0.498039 20 0.301961
 47 0.000000 -5.975196 10.489615 0.000000 -0.985057 -0.172227 0.187633 0.510857 3 4 0.498039 19 0.400000 20 0.101961
mnt_body.png
 47 0.000000 3.913122 16.422619 0.000000 0.869677 0.493621 0.337636 0.655344 2 20 0.498039 21 0.501961
 47 0.000000 5.110090 14.336811 0.000000 0.906986 0.421162 0.355001 0.600931 2 19 0.349020 20 0.650980
 47 -3.251192 3.764393 14.337529 -0.493417 0.767509 0.409230 0.323301 0.586862 2 19 0.349020 20 0.650980
mnt_body.png
 47 -3.462755 1.414395 16.475470 -0.752546 0.398754 0.524090 0.295193 0.625536 3 20 0.498039 21 0.301961 36 0.200000
 47 -4.314589 2.322886 14.334721 -0.837325 0.401044 0.371551 0.305089 0.579629 2 19 0.349020 20 0.650980
 47 -4.069107 1.016043 15.821455 -0.553567 0.743315 0.375562 0.291798 0.609392 3 20 0.396078 36 0.301961 37 0.301961
mnt_body.png
 47 -4.069107 1.016043 15.821455 -0.553567 0.743315 0.375562 0.291798 0.609392 3 20 0.396078 36 0.301961 37 0.301961
 47 -4.314589 2.322886 14.334721 -0.837325 0.401044 0.371551 0.305089 0.579629 2 19 0.349020 20 0.650980
 47 -4.562447 0.690400 14.946228 -0.834387 0.550406 -0.029183 0.286877 0.592134 3 20 0.600000 36 0.200000 37 0.200000
mnt_body.png
 47 -4.314589 2.322886 14.334721 -0.837325 0.401044 0.371551 0.305089 0.579629 2 19 0.349020 20 0.650980
 47 -5.568937 -0.007661 12.654819 -0.982016 0.019562 0.187782 0.277943 0.549210 3 4 0.200000 19 0.498039 20 0.301961
 47 -4.967392 0.024151 14.313417 -0.940318 0.011730 0.340096 0.278813 0.579339 2 19 0.349020 20 0.650980
mnt_body.png
 47 -4.314589 2.322886 14.334721 -0.837325 0.401044 0.371551 0.305089 0.579629 2 19 0.349020 20 0.650980
 47 -3.251192 3.764393 14.337529 -0.493417 0.767509 0.409230 0.323301 0.586862 2 19 0.349020 20 0.650980
 47 -3.686532 4.209740 12.632346 -0.657133 0.729517 0.189687 0.327482 0.549607 3 4 0.200000 19 0.498039 20 0.301961
mnt_body.png
 47 -4.314589 2.322886 14.334721 -0.837325 0.401044 0.371551 0.305089 0.579629 2 19 0.349020 20 0.650980
 47 -3.686532 4.209740 12.632346 -0.657133 0.729517 0.189687 0.327482 0.549607 3 4 0.200000 19 0.498039 20 0.301961
 47 -5.568937 -0.007661 12.654819 -0.982016 0.019562 0.187782 0.277943 0.549210 3 4 0.200000 19 0.498039 20 0.301961
mnt_body.png
 47 -4.314589 2.322886 14.334721 -0.837325 0.401044 0.371551 0.305089 0.579629 2 19 0.349020 20 0.650980
 47 -4.967392 0.024151 14.313417 -0.940318 0.011730 0.340096 0.278813 0.579339 2 19 0.349020 20 0.650980
 47 -4.562447 0.690400 14.946228 -0.834387 0.550406 -0.029183 0.286877 0.592134 3 20 0.600000 36 0.200000 37 0.200000
mnt_body.png
 47 -3.251192 3.764393 14.337529 -0.493417 0.767509 0.409230 0.323301 0.586862 2 19 0.349020 20 0.650980
 47 0.000000 5.721271 12.648868 0.000000 0.965540 0.260256 0.365263 0.559251 3 4 0.200000 19 0.498039 20 0.301961
 47 -3.686532 4.209740 12.632346 -0.657133 0.729517 0.189687 0.327482 0.549607 3 4 0.200000 19 0.498039 20 0.301961
mnt_body.png
 47 -3.251192 3.764393 14.337529 -0.493417 0.767509 0.409230 0.323301 0.586862 2 19 0.349020 20 0.650980
 47 0.000000 5.110090 14.336811 0.000000 0.906986 0.421162 0.355001 0.600931 2 19 0.349020 20 0.650980
 47 0.000000 5.721271 12.648868 0.000000 0.965540 0.260256 0.365263 0.559251 3 4 0.200000 19 0.498039 20 0.301961
mnt_body.png
 47 -5.568937 -0.007661 12.654819 -0.982016 0.019562 0.187782 0.277943 0.549210 3 4 0.200000 19 0.498039 20 0.301961
 47 -3.686532 4.209740 12.632346 -0.657133 0.729517 0.189687 0.327482 0.549607 3 4 0.200000 19 0.498039 20 0.301961
 47 -3.936819 4.307954 10.489618 -0.773144 0.614595 -0.156593 0.324681 0.510857 3 4 0.498039 19 0.400000 20 0.101961
mnt_body.png
 47 -5.568937 -0.007661 12.654819 -0.982016 0.019562 0.187782 0.277943 0.549210 3 4 0.200000 19 0.498039 20 0.301961
 47 -3.936819 4.307954 10.489618 -0.773144 0.614595 -0.156593 0.324681 0.510857 3 4 0.498039 19 0.400000 20 0.101961
 47 -5.791655 -0.002060 10.506815 -0.968991 0.013703 -0.246718 0.277363 0.510857 3 4 0.498039 19 0.400000 20 0.101961
mnt_body.png
 47 -5.568937 -0.007661 12.654819 -0.982016 0.019562 0.187782 0.277943 0.549210 3 4 0.200000 19 0.498039 20 0.301961
 47 -4.168078 -4.236362 10.489618 -0.786887 -0.593098 -0.170424 0.231731 0.510857 3 4 0.498039 19 0.400000 20 0.101961
 47 -3.984546 -4.137722 12.648868 -0.647713 -0.727941 0.224877 0.231350 0.552491 3 4 0.200000 19 0.498039 20 0.301961
mnt_body.png
 47 -5.568937 -0.007661 12.654819 -0.982016 0.019562 0.187782 0.277943 0.549210 3 4 0.200000 19 0.498039 20 0.301961
 47 -5.791655 -0.002060 10.506815 -0.968991 0.013703 -0.246718 0.277363 0.510857 3 4 0.498039 19 0.400000 20 0.101961
 47 -4.168078 -4.236362 10.489618 -0.786887 -0.593098 -0.170424 0.231731 0.510857 3 4 0.498039 19 0.400000 20 0.101961
mnt_body.png
 47 -4.662485 -0.649148 14.934839 -0.874888 -0.440371 -0.201604 0.271252 0.592500 3 20 0.600000 36 0.200000 37 0.200000
 47 -4.562447 0.690400 14.946228 -0.834387 0.550406 -0.029183 0.286877 0.592134 3 20 0.600000 36 0.200000 37 0.200000
 47 -4.967392 0.024151 14.313417 -0.940318 0.011730 0.340096 0.278813 0.579339 2 19 0.349020 20 0.650980
mnt_body.png
 47 0.000000 -5.975196 10.489615 0.000000 -0.985057 -0.172227 0.187633 0.510857 3 4 0.498039 19 0.400000 20 0.101961
 47 -3.984546 -4.137722 12.648868 -0.647713 -0.727941 0.224877 0.231350 0.552491 3 4 0.200000 19 0.498039 20 0.301961
 47 -4.168078 -4.236362 10.489618 -0.786887 -0.593098 -0.170424 0.231731 0.510857 3 4 0.498039 19 0.400000 20 0.101961
mnt_body.png
 47 -3.686532 4.209740 12.632346 -0.657133 0.729517 0.189687 0.327482 0.549607 3 4 0.200000 19 0.498039 20 0.301961
 47 0.000000 5.721271 12.648868 0.000000 0.965540 0.260256 0.365263 0.559251 3 4 0.200000 19 0.498039 20 0.301961
 47 0.000000 5.913764 10.489618 0.000000 0.986705 -0.162520 0.370199 0.510857 3 4 0.498039 19 0.400000 20 0.101961
mnt_body.png
 47 -3.686532 4.209740 12.632346 -0.657133 0.729517 0.189687 0.327482 0.549607 3 4 0.200000 19 0.498039 20 0.301961
 47 0.000000 5.913764 10.489618 0.000000 0.986705 -0.162520 0.370199 0.510857 3 4 0.498039 19 0.400000 20 0.101961
 47 -3.936819 4.307954 10.489618 -0.773144 0.614595 -0.156593 0.324681 0.510857 3 4 0.498039 19 0.400000 20 0.101961
mnt_body.png
 47 -1.622510 -7.990047 17.351063 -0.749916 -0.630670 0.199701 0.278576 0.836782 1 24 1.000000
 47 -2.052513 -7.165545 17.218647 -0.950547 -0.262171 0.166515 0.280621 0.818578 2 21 0.019608 24 0.980392
 47 -1.658980 -7.964078 16.667721 -0.774368 -0.612065 -0.160407 0.271992 0.830808 1 24 1.000000
mnt_body.png
 47 -1.622510 -7.990047 17.351063 -0.749916 -0.630670 0.199701 0.278576 0.836782 1 24 1.000000
 47 -0.986434 -8.446931 16.744381 -0.389877 -0.904977 -0.170333 0.268803 0.844190 1 24 1.000000
 47 -1.019814 -8.405860 17.439402 -0.383544 -0.868797 0.313187 0.276646 0.848234 1 24 1.000000
mnt_body.png
 47 -1.622510 -7.990047 17.351063 -0.749916 -0.630670 0.199701 0.278576 0.836782 1 24 1.000000
 47 -1.658980 -7.964078 16.667721 -0.774368 -0.612065 -0.160407 0.271992 0.830808 1 24 1.000000
 47 -0.986434 -8.446931 16.744381 -0.389877 -0.904977 -0.170333 0.268803 0.844190 1 24 1.000000
mnt_body.png
 47 -1.622510 -7.990047 17.351063 -0.749916 -0.630670 0.199701 0.278576 0.836782 1 24 1.000000
 47 -1.426591 -7.832105 17.968891 -0.598443 -0.526057 0.604260 0.285084 0.841733 1 24 1.000000
 47 -1.803149 -7.109163 17.881302 -0.798206 -0.222923 0.559619 0.287152 0.824773 2 21 0.019608 24 0.980392
mnt_body.png
 47 -1.622510 -7.990047 17.351063 -0.749916 -0.630670 0.199701 0.278576 0.836782 1 24 1.000000
 47 -1.803149 -7.109163 17.881302 -0.798206 -0.222923 0.559619 0.287152 0.824773 2 21 0.019608 24 0.980392
 47 -2.052513 -7.165545 17.218647 -0.950547 -0.262171 0.166515 0.280621 0.818578 2 21 0.019608 24 0.980392
mnt_body.png
 47 -1.622510 -7.990047 17.351063 -0.749916 -0.630670 0.199701 0.278576 0.836782 1 24 1.000000
 47 -1.019814 -8.405860 17.439402 -0.383544 -0.868797 0.313187 0.276646 0.848234 1 24 1.000000
 47 -1.426591 -7.832105 17.968891 -0.598443 -0.526057 0.604260 0.285084 0.841733 1 24 1.000000
mnt_body.png
 47 -2.052513 -7.165545 17.218647 -0.950547 -0.262171 0.166515 0.280621 0.818578 2 21 0.019608 24 0.980392
 47 -2.141408 -6.182220 17.073336 -0.996308 0.070477 0.049019 0.283146 0.799184 2 21 0.050980 24 0.949020
 47 -2.047266 -7.140827 16.532944 -0.930206 -0.252626 -0.266264 0.274136 0.812955 2 21 0.019608 24 0.980392
mnt_body.png
 47 -2.052513 -7.165545 17.218647 -0.950547 -0.262171 0.166515 0.280621 0.818578 2 21 0.019608 24 0.980392
 47 -1.956766 -6.250203 17.737711 -0.887426 0.088262 0.452421 0.289456 0.806889 2 21 0.050980 24 0.949020
 47 -2.141408 -6.182220 17.073336 -0.996308 0.070477 0.049019 0.283146 0.799184 2 21 0.050980 24 0.949020
mnt_body.png
 47 -2.052513 -7.165545 17.218647 -0.950547 -0.262171 0.166515 0.280621 0.818578 2 21 0.019608 24 0.980392
 47 -2.047266 -7.140827 16.532944 -0.930206 -0.252626 -0.266264 0.274136 0.812955 2 21 0.019608 24 0.980392
 47 -1.658980 -7.964078 16.667721 -0.774368 -0.612065 -0.160407 0.271992 0.830808 1 24 1.000000
mnt_body.png
 47 -2.052513 -7.165545 17.218647 -0.950547 -0.262171 0.166515 0.280621 0.818578 2 21 0.019608 24 0.980392
 47 -1.803149 -7.109163 17.881302 -0.798206 -0.222923 0.559619 0.287152 0.824773 2 21 0.019608 24 0.980392
 47 -1.956766 -6.250203 17.737711 -0.887426 0.088262 0.452421 0.289456 0.806889 2 21 0.050980 24 0.949020
mnt_body.png
 47 -1.658980 -7.964078 16.667721 -0.774368 -0.612065 -0.160407 0.271992 0.830808 1 24 1.000000
 47 -1.437281 -7.805070 16.038342 -0.629681 -0.575144 -0.522217 0.267277 0.829183 1 24 1.000000
 47 -0.986434 -8.446931 16.744381 -0.389877 -0.904977 -0.170333 0.268803 0.844190 1 24 1.000000
mnt_body.png
 47 -1.658980 -7.964078 16.667721 -0.774368 -0.612065 -0.160407 0.271992 0.830808 1 24 1.000000
 47 -2.047266 -7.140827 16.532944 -0.930206 -0.252626 -0.266264 0.274136 0.812955 2 21 0.019608 24 0.980392
 47 -1.437281 -7.805070 16.038342 -0.629681 -0.575144 -0.522217 0.267277 0.829183 1 24 1.000000
mnt_body.png
 47 -1.019814 -8.405860 17.439402 -0.383544 -0.868797 0.313187 0.276646 0.848234 1 24 1.000000
 47 -0.986434 -8.446931 16.744381 -0.389877 -0.904977 -0.170333 0.268803 0.844190 1 24 1.000000
 47 0.000000 -8.610688 17.470442 0.000000 -0.982916 0.184052 0.277371 0.866804 1 24 1.000000
mnt_body.png
 47 -1.019814 -8.405860 17.439402 -0.383544 -0.868797 0.313187 0.276646 0.848234 1 24 1.000000
 47 -0.968955 -8.100696 18.007927 -0.293402 -0.692377 0.659189 0.284207 0.851087 1 24 1.000000
 47 -1.426591 -7.832105 17.968891 -0.598443 -0.526057 0.604260 0.285084 0.841733 1 24 1.000000
mnt_body.png
 47 -1.019814 -8.405860 17.439402 -0.383544 -0.868797 0.313187 0.276646 0.848234 1 24 1.000000
 47 0.000000 -8.610688 17.470442 0.000000 -0.982916 0.184052 0.277371 0.866804 1 24 1.000000
 47 0.000000 -8.315270 18.056574 0.000000 -0.806487 0.591252 0.285672 0.869146 1 24 1.000000
mnt_body.png
 47 -1.019814 -8.405860 17.439402 -0.383544 -0.868797 0.313187 0.276646 0.848234 1 24 1.000000
 47 0.000000 -8.315270 18.056574 0.000000 -0.806487 0.591252 0.285672 0.869146 1 24 1.000000
 47 -0.968955 -8.100696 18.007927 -0.293402 -0.692377 0.659189 0.284207 0.851087 1 24 1.000000
mnt_body.png
 47 -1.426591 -7.832105 17.968891 -0.598443 -0.526057 0.604260 0.285084 0.841733 1 24 1.000000
 47 -1.070623 -7.110869 18.483446 -0.442237 -0.197683 0.874842 0.293500 0.833906 2 21 0.019608 24 0.980392
 47 -1.803149 -7.109163 17.881302 -0.798206 -0.222923 0.559619 0.287152 0.824773 2 21 0.019608 24 0.980392
mnt_body.png
 47 -1.426591 -7.832105 17.968891 -0.598443 -0.526057 0.604260 0.285084 0.841733 1 24 1.000000
 47 -0.968955 -8.100696 18.007927 -0.293402 -0.692377 0.659189 0.284207 0.851087 1 24 1.000000
 47 -0.996484 -7.723226 18.292089 -0.291582 -0.440323 0.849174 0.288685 0.844495 1 24 1.000000
mnt_body.png
 47 -1.426591 -7.832105 17.968891 -0.598443 -0.526057 0.604260 0.285084 0.841733 1 24 1.000000
 47 -0.996484 -7.723226 18.292089 -0.291582 -0.440323 0.849174 0.288685 0.844495 1 24 1.000000
 47 -1.070623 -7.110869 18.483446 -0.442237 -0.197683 0.874842 0.293500 0.833906 2 21 0.019608 24 0.980392
mnt_body.png
 47 -1.803149 -7.109163 17.881302 -0.798206 -0.222923 0.559619 0.287152 0.824773 2 21 0.019608 24 0.980392
 47 -1.501804 -6.330659 18.273619 -0.618808 0.021553 0.785246 0.295117 0.815923 2 21 0.050980 24 0.949020
 47 -1.956766 -6.250203 17.737711 -0.887426 0.088262 0.452421 0.289456 0.806889 2 21 0.050980 24 0.949020
mnt_body.png
 47 -1.803149 -7.109163 17.881302 -0.798206 -0.222923 0.559619 0.287152 0.824773 2 21 0.019608 24 0.980392
 47 -1.070623 -7.110869 18.483446 -0.442237 -0.197683 0.874842 0.293500 0.833906 2 21 0.019608 24 0.980392
 47 -1.501804 -6.330659 18.273619 -0.618808 0.021553 0.785246 0.295117 0.815923 2 21 0.050980 24 0.949020
mnt_body.png
 47 -2.141408 -6.182220 17.073336 -0.996308 0.070477 0.049019 0.283146 0.799184 2 21 0.050980 24 0.949020
 47 -2.024685 -6.186665 16.301645 -0.914612 0.127318 -0.383765 0.275296 0.793797 2 21 0.050980 24 0.949020
 47 -2.047266 -7.140827 16.532944 -0.930206 -0.252626 -0.266264 0.274136 0.812955 2 21 0.019608 24 0.980392
mnt_body.png
 47 -2.141408 -6.182220 17.073336 -0.996308 0.070477 0.049019 0.283146 0.799184 2 21 0.050980 24 0.949020
 47 -1.956766 -6.250203 17.737711 -0.887426 0.088262 0.452421 0.289456 0.806889 2 21 0.050980 24 0.949020
 47 -1.837247 -5.033381 17.127428 -0.943383 0.317004 0.097657 0.287831 0.778767 2 21 0.200000 24 0.800000
mnt_body.png
 47 -2.141408 -6.182220 17.073336 -0.996308 0.070477 0.049019 0.283146 0.799184 2 21 0.050980 24 0.949020
 47 -1.837247 -5.033381 17.127428 -0.943383 0.317004 0.097657 0.287831 0.778767 2 21 0.200000 24 0.800000
 47 -2.024685 -6.186665 16.301645 -0.914612 0.127318 -0.383765 0.275296 0.793797 2 21 0.050980 24 0.949020
mnt_body.png
 47 -2.047266 -7.140827 16.532944 -0.930206 -0.252626 -0.266264 0.274136 0.812955 2 21 0.019608 24 0.980392
 47 -2.024685 -6.186665 16.301645 -0.914612 0.127318 -0.383765 0.275296 0.793797 2 21 0.050980 24 0.949020
 47 -1.709306 -7.079526 15.916440 -0.697101 -0.203596 -0.687458 0.268368 0.810803 2 21 0.019608 24 0.980392
mnt_body.png
 47 -2.047266 -7.140827 16.532944 -0.930206 -0.252626 -0.266264 0.274136 0.812955 2 21 0.019608 24 0.980392
 47 -1.709306 -7.079526 15.916440 -0.697101 -0.203596 -0.687458 0.268368 0.810803 2 21 0.019608 24 0.980392
 47 -1.437281 -7.805070 16.038342 -0.629681 -0.575144 -0.522217 0.267277 0.829183 1 24 1.000000
mnt_body.png
 47 -1.956766 -6.250203 17.737711 -0.887426 0.088262 0.452421 0.289456 0.806889 2 21 0.050980 24 0.949020
 47 -1.272635 -5.006949 18.197403 -0.653900 0.225072 0.722328 0.300107 0.790135 2 21 0.200000 24 0.800000
 47 -1.837247 -5.033381 17.127428 -0.943383 0.317004 0.097657 0.287831 0.778767 2 21 0.200000 24 0.800000
mnt_body.png
 47 -1.956766 -6.250203 17.737711 -0.887426 0.088262 0.452421 0.289456 0.806889 2 21 0.050980 24 0.949020
 47 -1.501804 -6.330659 18.273619 -0.618808 0.021553 0.785246 0.295117 0.815923 2 21 0.050980 24 0.949020
 47 -1.272635 -5.006949 18.197403 -0.653900 0.225072 0.722328 0.300107 0.790135 2 21 0.200000 24 0.800000
mnt_body.png
 47 0.000000 -8.610688 17.470442 0.000000 -0.982916 0.184052 0.277371 0.866804 1 24 1.000000
 47 -0.986434 -8.446931 16.744381 -0.389877 -0.904977 -0.170333 0.268803 0.844190 1 24 1.000000
 47 0.000000 -8.642011 16.757816 0.000000 -0.988871 -0.148774 0.267735 0.861639 1 24 1.000000
mnt_body.png
 47 -0.968955 -8.100696 18.007927 -0.293402 -0.692377 0.659189 0.284207 0.851087 1 24 1.000000
 47 0.000000 -7.840354 18.417234 0.000000 -0.530616 0.847612 0.292897 0.863775 1 24 1.000000
 47 -0.996484 -7.723226 18.292089 -0.291582 -0.440323 0.849174 0.288685 0.844495 1 24 1.000000
mnt_body.png
 47 -0.968955 -8.100696 18.007927 -0.293402 -0.692377 0.659189 0.284207 0.851087 1 24 1.000000
 47 0.000000 -8.315270 18.056574 0.000000 -0.806487 0.591252 0.285672 0.869146 1 24 1.000000
 47 0.000000 -7.840354 18.417234 0.000000 -0.530616 0.847612 0.292897 0.863775 1 24 1.000000
mnt_body.png
 47 -1.070623 -7.110869 18.483446 -0.442237 -0.197683 0.874842 0.293500 0.833906 2 21 0.019608 24 0.980392
 47 0.000000 -7.236024 18.654411 0.000000 -0.236652 0.971595 0.298863 0.855688 2 21 0.019608 24 0.980392
 47 -0.807991 -6.444132 18.629469 -0.266286 0.029321 0.963448 0.300412 0.827710 2 21 0.050980 24 0.949020
mnt_body.png
 47 -1.070623 -7.110869 18.483446 -0.442237 -0.197683 0.874842 0.293500 0.833906 2 21 0.019608 24 0.980392
 47 -0.807991 -6.444132 18.629469 -0.266286 0.029321 0.963448 0.300412 0.827710 2 21 0.050980 24 0.949020
 47 -1.501804 -6.330659 18.273619 -0.618808 0.021553 0.785246 0.295117 0.815923 2 21 0.050980 24 0.949020
mnt_body.png
 47 -1.070623 -7.110869 18.483446 -0.442237 -0.197683 0.874842 0.293500 0.833906 2 21 0.019608 24 0.980392
 47 -0.996484 -7.723226 18.292089 -0.291582 -0.440323 0.849174 0.288685 0.844495 1 24 1.000000
 47 0.000000 -7.236024 18.654411 0.000000 -0.236652 0.971595 0.298863 0.855688 2 21 0.019608 24 0.980392
mnt_body.png
 47 -0.996484 -7.723226 18.292089 -0.291582 -0.440323 0.849174 0.288685 0.844495 1 24 1.000000
 47 0.000000 -7.840354 18.417234 0.000000 -0.530616 0.847612 0.292897 0.863775 1 24 1.000000
 47 0.000000 -7.236024 18.654411 0.000000 -0.236652 0.971595 0.298863 0.855688 2 21 0.019608 24 0.980392
mnt_body.png
 47 -1.501804 -6.330659 18.273619 -0.618808 0.021553 0.785246 0.295117 0.815923 2 21 0.050980 24 0.949020
 47 -0.807991 -6.444132 18.629469 -0.266286 0.029321 0.963448 0.300412 0.827710 2 21 0.050980 24 0.949020
 47 -1.272635 -5.006949 18.197403 -0.653900 0.225072 0.722328 0.300107 0.790135 2 21 0.200000 24 0.800000
mnt_body.png
 47 -2.024685 -6.186665 16.301645 -0.914612 0.127318 -0.383765 0.275296 0.793797 2 21 0.050980 24 0.949020
 47 -1.628317 -6.183046 15.790696 -0.653792 0.115527 -0.747803 0.268727 0.789906 2 21 0.050980 24 0.949020
 47 -1.709306 -7.079526 15.916440 -0.697101 -0.203596 -0.687458 0.268368 0.810803 2 21 0.019608 24 0.980392
mnt_body.png
 47 -2.024685 -6.186665 16.301645 -0.914612 0.127318 -0.383765 0.275296 0.793797 2 21 0.050980 24 0.949020
 47 -1.837247 -5.033381 17.127428 -0.943383 0.317004 0.097657 0.287831 0.778767 2 21 0.200000 24 0.800000
 47 -1.635371 -5.017061 16.360493 -0.810220 0.377662 -0.448235 0.279736 0.772793 2 21 0.200000 24 0.800000
mnt_body.png
 47 -2.024685 -6.186665 16.301645 -0.914612 0.127318 -0.383765 0.275296 0.793797 2 21 0.050980 24 0.949020
 47 -1.635371 -5.017061 16.360493 -0.810220 0.377662 -0.448235 0.279736 0.772793 2 21 0.200000 24 0.800000
 47 -1.628317 -6.183046 15.790696 -0.653792 0.115527 -0.747803 0.268727 0.789906 2 21 0.050980 24 0.949020
mnt_body.png
 47 -1.837247 -5.033381 17.127428 -0.943383 0.317004 0.097657 0.287831 0.778767 2 21 0.200000 24 0.800000
 47 -1.272635 -5.006949 18.197403 -0.653900 0.225072 0.722328 0.300107 0.790135 2 21 0.200000 24 0.800000
 47 -1.309294 -3.766908 17.266617 -0.904519 0.422904 0.054741 0.293851 0.757557 2 21 0.301961 24 0.698039
mnt_body.png
 47 -1.837247 -5.033381 17.127428 -0.943383 0.317004 0.097657 0.287831 0.778767 2 21 0.200000 24 0.800000
 47 -1.309294 -3.766908 17.266617 -0.904519 0.422904 0.054741 0.293851 0.757557 2 21 0.301961 24 0.698039
 47 -1.635371 -5.017061 16.360493 -0.810220 0.377662 -0.448235 0.279736 0.772793 2 21 0.200000 24 0.800000
mnt_body.png
 47 -1.709306 -7.079526 15.916440 -0.697101 -0.203596 -0.687458 0.268368 0.810803 2 21 0.019608 24 0.980392
 47 -1.013139 -7.117514 15.482349 -0.398859 -0.158313 -0.903243 0.260884 0.806004 2 21 0.019608 24 0.980392
 47 -0.950295 -7.755273 15.672133 -0.349951 -0.440010 -0.826998 0.261166 0.822187 1 24 1.000000
mnt_body.png
 47 -1.709306 -7.079526 15.916440 -0.697101 -0.203596 -0.687458 0.268368 0.810803 2 21 0.019608 24 0.980392
 47 -1.628317 -6.183046 15.790696 -0.653792 0.115527 -0.747803 0.268727 0.789906 2 21 0.050980 24 0.949020
 47 -1.013139 -7.117514 15.482349 -0.398859 -0.158313 -0.903243 0.260884 0.806004 2 21 0.019608 24 0.980392
mnt_body.png
 47 -1.709306 -7.079526 15.916440 -0.697101 -0.203596 -0.687458 0.268368 0.810803 2 21 0.019608 24 0.980392
 47 -0.950295 -7.755273 15.672133 -0.349951 -0.440010 -0.826998 0.261166 0.822187 1 24 1.000000
 47 -1.437281 -7.805070 16.038342 -0.629681 -0.575144 -0.522217 0.267277 0.829183 1 24 1.000000
mnt_body.png
 47 0.000000 -8.642011 16.757816 0.000000 -0.988871 -0.148774 0.267735 0.861639 1 24 1.000000
 47 -0.986434 -8.446931 16.744381 -0.389877 -0.904977 -0.170333 0.268803 0.844190 1 24 1.000000
 47 0.000000 -8.384068 16.030834 0.000000 -0.870115 -0.492849 0.259594 0.849737 1 24 1.000000
mnt_body.png
 47 -0.986434 -8.446931 16.744381 -0.389877 -0.904977 -0.170333 0.268803 0.844190 1 24 1.000000
 47 -0.934479 -8.179484 16.070166 -0.319048 -0.751583 -0.577348 0.265568 0.839673 1 24 1.000000
 47 0.000000 -8.384068 16.030834 0.000000 -0.870115 -0.492849 0.259594 0.849737 1 24 1.000000
mnt_body.png
 47 -0.986434 -8.446931 16.744381 -0.389877 -0.904977 -0.170333 0.268803 0.844190 1 24 1.000000
 47 -1.437281 -7.805070 16.038342 -0.629681 -0.575144 -0.522217 0.267277 0.829183 1 24 1.000000
 47 -0.934479 -8.179484 16.070166 -0.319048 -0.751583 -0.577348 0.265568 0.839673 1 24 1.000000
mnt_body.png
 47 0.000000 -7.236024 18.654411 0.000000 -0.236652 0.971595 0.298863 0.855688 2 21 0.019608 24 0.980392
 47 0.000000 -6.545099 18.729944 0.000000 0.005961 0.999982 0.305684 0.841070 2 21 0.050980 24 0.949020
 47 -0.807991 -6.444132 18.629469 -0.266286 0.029321 0.963448 0.300412 0.827710 2 21 0.050980 24 0.949020
mnt_body.png
 47 -0.807991 -6.444132 18.629469 -0.266286 0.029321 0.963448 0.300412 0.827710 2 21 0.050980 24 0.949020
 47 0.000000 -5.006399 18.545891 0.000000 0.121405 0.992603 0.312863 0.800870 2 21 0.200000 24 0.800000
 47 -1.272635 -5.006949 18.197403 -0.653900 0.225072 0.722328 0.300107 0.790135 2 21 0.200000 24 0.800000
mnt_body.png
 47 -0.807991 -6.444132 18.629469 -0.266286 0.029321 0.963448 0.300412 0.827710 2 21 0.050980 24 0.949020
 47 0.000000 -6.545099 18.729944 0.000000 0.005961 0.999982 0.305684 0.841070 2 21 0.050980 24 0.949020
 47 0.000000 -5.006399 18.545891 0.000000 0.121405 0.992603 0.312863 0.800870 2 21 0.200000 24 0.800000
mnt_body.png
 47 -1.635371 -5.017061 16.360493 -0.810220 0.377662 -0.448235 0.279736 0.772793 2 21 0.200000 24 0.800000
 47 -1.309294 -3.766908 17.266617 -0.904519 0.422904 0.054741 0.293851 0.757557 2 21 0.301961 24 0.698039
 47 -0.990848 -3.784952 16.538961 -0.946233 -0.168419 -0.276185 0.285985 0.750362 1 21 1.000000
mnt_body.png
 47 -1.635371 -5.017061 16.360493 -0.810220 0.377662 -0.448235 0.279736 0.772793 2 21 0.200000 24 0.800000
 47 -0.990848 -3.784952 16.538961 -0.946233 -0.168419 -0.276185 0.285985 0.750362 1 21 1.000000
 47 -1.163999 -4.963531 15.853771 -0.471692 0.373835 -0.798595 0.273098 0.766712 2 21 0.200000 24 0.800000
mnt_body.png
 47 -1.635371 -5.017061 16.360493 -0.810220 0.377662 -0.448235 0.279736 0.772793 2 21 0.200000 24 0.800000
 47 -1.163999 -4.963531 15.853771 -0.471692 0.373835 -0.798595 0.273098 0.766712 2 21 0.200000 24 0.800000
 47 -1.628317 -6.183046 15.790696 -0.653792 0.115527 -0.747803 0.268727 0.789906 2 21 0.050980 24 0.949020
mnt_body.png
 47 -1.013139 -7.117514 15.482349 -0.398859 -0.158313 -0.903243 0.260884 0.806004 2 21 0.019608 24 0.980392
 47 -1.628317 -6.183046 15.790696 -0.653792 0.115527 -0.747803 0.268727 0.789906 2 21 0.050980 24 0.949020
 47 -1.038545 -6.207804 15.432488 -0.291357 0.109481 -0.950329 0.261883 0.786618 2 21 0.050980 24 0.949020
mnt_body.png
 47 -1.013139 -7.117514 15.482349 -0.398859 -0.158313 -0.903243 0.260884 0.806004 2 21 0.019608 24 0.980392
 47 -1.038545 -6.207804 15.432488 -0.291357 0.109481 -0.950329 0.261883 0.786618 2 21 0.050980 24 0.949020
 47 0.000000 -7.184050 15.292934 0.000000 -0.184052 -0.982917 0.251507 0.806584 2 21 0.019608 24 0.980392
mnt_body.png
 47 -1.013139 -7.117514 15.482349 -0.398859 -0.158313 -0.903243 0.260884 0.806004 2 21 0.019608 24 0.980392
 47 0.000000 -7.184050 15.292934 0.000000 -0.184052 -0.982917 0.251507 0.806584 2 21 0.019608 24 0.980392
 47 -0.950295 -7.755273 15.672133 -0.349951 -0.440010 -0.826998 0.261166 0.822187 1 24 1.000000
mnt_body.png
 47 -1.437281 -7.805070 16.038342 -0.629681 -0.575144 -0.522217 0.267277 0.829183 1 24 1.000000
 47 -0.950295 -7.755273 15.672133 -0.349951 -0.440010 -0.826998 0.261166 0.822187 1 24 1.000000
 47 -0.934479 -8.179484 16.070166 -0.319048 -0.751583 -0.577348 0.265568 0.839673 1 24 1.000000
mnt_body.png
 47 -0.950295 -7.755273 15.672133 -0.349951 -0.440010 -0.826998 0.261166 0.822187 1 24 1.000000
 47 0.000000 -7.861449 15.535318 0.000000 -0.581067 -0.813856 0.251232 0.825467 1 24 1.000000
 47 -0.934479 -8.179484 16.070166 -0.319048 -0.751583 -0.577348 0.265568 0.839673 1 24 1.000000
mnt_body.png
 47 -0.950295 -7.755273 15.672133 -0.349951 -0.440010 -0.826998 0.261166 0.822187 1 24 1.000000
 47 0.000000 -7.184050 15.292934 0.000000 -0.184052 -0.982917 0.251507 0.806584 2 21 0.019608 24 0.980392
 47 0.000000 -7.861449 15.535318 0.000000 -0.581067 -0.813856 0.251232 0.825467 1 24 1.000000
mnt_body.png
 47 0.000000 -8.384068 16.030834 0.000000 -0.870115 -0.492849 0.259594 0.849737 1 24 1.000000
 47 -0.934479 -8.179484 16.070166 -0.319048 -0.751583 -0.577348 0.265568 0.839673 1 24 1.000000
 47 0.000000 -7.861449 15.535318 0.000000 -0.581067 -0.813856 0.251232 0.825467 1 24 1.000000
mnt_body.png
 47 0.000000 -5.006399 18.545891 0.000000 0.121405 0.992603 0.312863 0.800870 2 21 0.200000 24 0.800000
 47 -0.909984 -3.758470 18.165911 -0.585071 0.152632 0.796489 0.303922 0.765332 2 21 0.301961 24 0.698039
 47 -1.272635 -5.006949 18.197403 -0.653900 0.225072 0.722328 0.300107 0.790135 2 21 0.200000 24 0.800000
mnt_body.png
 47 0.000000 -5.006399 18.545891 0.000000 0.121405 0.992603 0.312863 0.800870 2 21 0.200000 24 0.800000
 47 0.000000 -3.691705 18.472698 0.000000 0.015665 0.999877 0.314931 0.767536 2 21 0.301961 24 0.698039
 47 -0.909984 -3.758470 18.165911 -0.585071 0.152632 0.796489 0.303922 0.765332 2 21 0.301961 24 0.698039
mnt_body.png
 47 -1.272635 -5.006949 18.197403 -0.653900 0.225072 0.722328 0.300107 0.790135 2 21 0.200000 24 0.800000
 47 -0.909984 -3.758470 18.165911 -0.585071 0.152632 0.796489 0.303922 0.765332 2 21 0.301961 24 0.698039
 47 -1.309294 -3.766908 17.266617 -0.904519 0.422904 0.054741 0.293851 0.757557 2 21 0.301961 24 0.698039
mnt_body.png
 47 -0.990848 -3.784952 16.538961 -0.946233 -0.168419 -0.276185 0.285985 0.750362 1 21 1.000000
 47 0.000000 -4.195208 16.126390 0.000000 -0.668959 -0.743299 0.272343 0.743603 1 21 1.000000
 47 0.000000 -4.951017 15.618163 0.000000 0.416510 -0.909131 0.263119 0.754192 2 21 0.200000 24 0.800000
mnt_body.png
 47 -0.990848 -3.784952 16.538961 -0.946233 -0.168419 -0.276185 0.285985 0.750362 1 21 1.000000
 47 -1.309294 -3.766908 17.266617 -0.904519 0.422904 0.054741 0.293851 0.757557 2 21 0.301961 24 0.698039
 47 -0.992008 -3.268719 17.364187 -0.852901 -0.352094 0.385473 0.296910 0.746479 1 21 1.000000
mnt_body.png
 47 -0.990848 -3.784952 16.538961 -0.946233 -0.168419 -0.276185 0.285985 0.750362 1 21 1.000000
 47 0.000000 -4.951017 15.618163 0.000000 0.416510 -0.909131 0.263119 0.754192 2 21 0.200000 24 0.800000
 47 -1.163999 -4.963531 15.853771 -0.471692 0.373835 -0.798595 0.273098 0.766712 2 21 0.200000 24 0.800000
mnt_body.png
 47 -1.163999 -4.963531 15.853771 -0.471692 0.373835 -0.798595 0.273098 0.766712 2 21 0.200000 24 0.800000
 47 0.000000 -4.951017 15.618163 0.000000 0.416510 -0.909131 0.263119 0.754192 2 21 0.200000 24 0.800000
 47 -1.038545 -6.207804 15.432488 -0.291357 0.109481 -0.950329 0.261883 0.786618 2 21 0.050980 24 0.949020
mnt_body.png
 47 -1.163999 -4.963531 15.853771 -0.471692 0.373835 -0.798595 0.273098 0.766712 2 21 0.200000 24 0.800000
 47 -1.038545 -6.207804 15.432488 -0.291357 0.109481 -0.950329 0.261883 0.786618 2 21 0.050980 24 0.949020
 47 -1.628317 -6.183046 15.790696 -0.653792 0.115527 -0.747803 0.268727 0.789906 2 21 0.050980 24 0.949020
mnt_body.png
 47 -1.038545 -6.207804 15.432488 -0.291357 0.109481 -0.950329 0.261883 0.786618 2 21 0.050980 24 0.949020
 47 0.000000 -6.237353 15.267219 0.000000 0.119444 -0.992841 0.253765 0.783528 2 21 0.050980 24 0.949020
 47 0.000000 -7.184050 15.292934 0.000000 -0.184052 -0.982917 0.251507 0.806584 2 21 0.019608 24 0.980392
mnt_body.png
 47 -1.038545 -6.207804 15.432488 -0.291357 0.109481 -0.950329 0.261883 0.786618 2 21 0.050980 24 0.949020
 47 0.000000 -4.951017 15.618163 0.000000 0.416510 -0.909131 0.263119 0.754192 2 21 0.200000 24 0.800000
 47 0.000000 -6.237353 15.267219 0.000000 0.119444 -0.992841 0.253765 0.783528 2 21 0.050980 24 0.949020
mnt_body.png
 47 -0.909984 -3.758470 18.165911 -0.585071 0.152632 0.796489 0.303922 0.765332 2 21 0.301961 24 0.698039
 47 0.000000 -3.691705 18.472698 0.000000 0.015665 0.999877 0.314931 0.767536 2 21 0.301961 24 0.698039
 47 -0.594457 -2.760962 18.242596 -0.571053 -0.336307 0.748863 0.308331 0.743038 1 21 1.000000
mnt_body.png
 47 -0.909984 -3.758470 18.165911 -0.585071 0.152632 0.796489 0.303922 0.765332 2 21 0.301961 24 0.698039
 47 -0.594457 -2.760962 18.242596 -0.571053 -0.336307 0.748863 0.308331 0.743038 1 21 1.000000
 47 -1.309294 -3.766908 17.266617 -0.904519 0.422904 0.054741 0.293851 0.757557 2 21 0.301961 24 0.698039
mnt_body.png
 47 0.000000 -3.691705 18.472698 0.000000 0.015665 0.999877 0.314931 0.767536 2 21 0.301961 24 0.698039
 47 0.000000 -2.704075 18.513186 0.000000 -0.455662 0.890153 0.315457 0.744793 1 21 1.000000
 47 -0.594457 -2.760962 18.242596 -0.571053 -0.336307 0.748863 0.308331 0.743038 1 21 1.000000
mnt_body.png
 47 -1.309294 -3.766908 17.266617 -0.904519 0.422904 0.054741 0.293851 0.757557 2 21 0.301961 24 0.698039
 47 -0.594457 -2.760962 18.242596 -0.571053 -0.336307 0.748863 0.308331 0.743038 1 21 1.000000
 47 -0.992008 -3.268719 17.364187 -0.852901 -0.352094 0.385473 0.296910 0.746479 1 21 1.000000
mnt_body.png
 47 -3.378775 -4.467297 0.265417 0.000000 -0.325013 -0.945710 0.268803 0.914641 2 17 0.200000 18 0.800000
 47 -3.378778 -5.183107 1.323087 0.000000 -0.976555 -0.215267 0.259365 0.914694 1 18 1.000000
 47 -4.417985 -5.575913 0.392591 0.119305 -0.762753 -0.635589 0.265789 0.948226 1 18 1.000000
mnt_body.png
 47 -3.378775 -4.467297 0.265417 0.000000 -0.325013 -0.945710 0.268803 0.914641 2 17 0.200000 18 0.800000
 47 -2.339570 -5.575916 0.392594 -0.119303 -0.762740 -0.635605 0.265675 0.881094 1 18 1.000000
 47 -3.378778 -5.183107 1.323087 0.000000 -0.976555 -0.215267 0.259365 0.914694 1 18 1.000000
mnt_body.png
 47 -3.378778 -5.183107 1.323087 0.000000 -0.976555 -0.215267 0.259365 0.914694 1 18 1.000000
 47 -2.408937 -5.895749 1.509586 -0.144933 -0.977270 0.154720 0.258534 0.892370 1 18 1.000000
 47 -3.378780 -5.012406 1.943707 0.000000 -0.653366 0.757042 0.252621 0.914748 1 18 1.000000
mnt_body.png
 47 -3.378778 -5.183107 1.323087 0.000000 -0.976555 -0.215267 0.259365 0.914694 1 18 1.000000
 47 -2.339570 -5.575916 0.392594 -0.119303 -0.762740 -0.635605 0.265675 0.881094 1 18 1.000000
 47 -2.408937 -5.895749 1.509586 -0.144933 -0.977270 0.154720 0.258534 0.892370 1 18 1.000000
mnt_body.png
 47 -3.378778 -5.183107 1.323087 0.000000 -0.976555 -0.215267 0.259365 0.914694 1 18 1.000000
 47 -3.378780 -5.012406 1.943707 0.000000 -0.653366 0.757042 0.252621 0.914748 1 18 1.000000
 47 -4.348620 -5.895745 1.509583 0.148870 -0.977287 0.150825 0.258618 0.937011 1 18 1.000000
mnt_body.png
 47 -3.378778 -5.183107 1.323087 0.000000 -0.976555 -0.215267 0.259365 0.914694 1 18 1.000000
 47 -4.348620 -5.895745 1.509583 0.148870 -0.977287 0.150825 0.258618 0.937011 1 18 1.000000
 47 -4.417985 -5.575913 0.392591 0.119305 -0.762753 -0.635589 0.265789 0.948226 1 18 1.000000
mnt_body.png
 47 -4.417985 -5.575913 0.392591 0.119305 -0.762753 -0.635589 0.265789 0.948226 1 18 1.000000
 47 -5.534542 -5.534639 1.369117 -0.604673 -0.794453 -0.056696 0.254780 0.959228 1 18 1.000000
 47 -5.329055 -5.311418 0.478294 -0.555796 -0.518603 -0.649724 0.259899 0.968376 1 18 1.000000
mnt_body.png
 47 -4.417985 -5.575913 0.392591 0.119305 -0.762753 -0.635589 0.265789 0.948226 1 18 1.000000
 47 -4.348620 -5.895745 1.509583 0.148870 -0.977287 0.150825 0.258618 0.937011 1 18 1.000000
 47 -5.534542 -5.534639 1.369117 -0.604673 -0.794453 -0.056696 0.254780 0.959228 1 18 1.000000
mnt_body.png
 47 -2.339570 -5.575916 0.392594 -0.119303 -0.762740 -0.635605 0.265675 0.881094 1 18 1.000000
 47 -1.223015 -5.534645 1.369124 0.608618 -0.792592 -0.037193 0.254627 0.870199 1 18 1.000000
 47 -2.408937 -5.895749 1.509586 -0.144933 -0.977270 0.154720 0.258534 0.892370 1 18 1.000000
mnt_body.png
 47 -2.339570 -5.575916 0.392594 -0.119303 -0.762740 -0.635605 0.265675 0.881094 1 18 1.000000
 47 -1.428499 -5.311425 0.478301 0.559760 -0.516701 -0.647834 0.259731 0.861013 1 18 1.000000
 47 -1.223015 -5.534645 1.369124 0.608618 -0.792592 -0.037193 0.254627 0.870199 1 18 1.000000
mnt_body.png
 47 -2.408937 -5.895749 1.509586 -0.144933 -0.977270 0.154720 0.258534 0.892370 1 18 1.000000
 47 -2.277546 -5.537416 2.348207 -0.068498 -0.653752 0.753603 0.250935 0.893370 1 18 1.000000
 47 -3.378780 -5.012406 1.943707 0.000000 -0.653366 0.757042 0.252621 0.914748 1 18 1.000000
mnt_body.png
 47 -2.408937 -5.895749 1.509586 -0.144933 -0.977270 0.154720 0.258534 0.892370 1 18 1.000000
 47 -1.223015 -5.534645 1.369124 0.608618 -0.792592 -0.037193 0.254627 0.870199 1 18 1.000000
 47 -1.372300 -5.293470 2.060054 0.597317 -0.556273 0.577731 0.249134 0.876486 1 18 1.000000
mnt_body.png
 47 -2.408937 -5.895749 1.509586 -0.144933 -0.977270 0.154720 0.258534 0.892370 1 18 1.000000
 47 -1.372300 -5.293470 2.060054 0.597317 -0.556273 0.577731 0.249134 0.876486 1 18 1.000000
 47 -2.277546 -5.537416 2.348207 -0.068498 -0.653752 0.753603 0.250935 0.893370 1 18 1.000000
mnt_body.png
 47 -4.348620 -5.895745 1.509583 0.148870 -0.977287 0.150825 0.258618 0.937011 1 18 1.000000
 47 -3.378780 -5.012406 1.943707 0.000000 -0.653366 0.757042 0.252621 0.914748 1 18 1.000000
 47 -4.480013 -5.537412 2.348204 0.084163 -0.649793 0.755437 0.250988 0.936133 1 18 1.000000
mnt_body.png
 47 -4.348620 -5.895745 1.509583 0.148870 -0.977287 0.150825 0.258618 0.937011 1 18 1.000000
 47 -5.431308 -5.288657 2.084536 -0.597191 -0.548268 0.585461 0.248997 0.953483 1 18 1.000000
 47 -5.534542 -5.534639 1.369117 -0.604673 -0.794453 -0.056696 0.254780 0.959228 1 18 1.000000
mnt_body.png
 47 -4.348620 -5.895745 1.509583 0.148870 -0.977287 0.150825 0.258618 0.937011 1 18 1.000000
 47 -4.480013 -5.537412 2.348204 0.084163 -0.649793 0.755437 0.250988 0.936133 1 18 1.000000
 47 -5.431308 -5.288657 2.084536 -0.597191 -0.548268 0.585461 0.248997 0.953483 1 18 1.000000
mnt_body.png
 47 -5.534542 -5.534639 1.369117 -0.604673 -0.794453 -0.056696 0.254780 0.959228 1 18 1.000000
 47 -5.431308 -5.288657 2.084536 -0.597191 -0.548268 0.585461 0.248997 0.953483 1 18 1.000000
 47 -6.016702 -4.361878 1.294945 -0.983102 -0.164510 0.080288 0.245006 0.974151 2 17 0.200000 18 0.800000
mnt_body.png
 47 -5.534542 -5.534639 1.369117 -0.604673 -0.794453 -0.056696 0.254780 0.959228 1 18 1.000000
 47 -6.016702 -4.361878 1.294945 -0.983102 -0.164510 0.080288 0.245006 0.974151 2 17 0.200000 18 0.800000
 47 -5.329055 -5.311418 0.478294 -0.555796 -0.518603 -0.649724 0.259899 0.968376 1 18 1.000000
mnt_body.png
 47 -5.329055 -5.311418 0.478294 -0.555796 -0.518603 -0.649724 0.259899 0.968376 1 18 1.000000
 47 -6.016702 -4.361878 1.294945 -0.983102 -0.164510 0.080288 0.245006 0.974151 2 17 0.200000 18 0.800000
 47 -5.693369 -4.338664 0.266026 -0.645212 -0.046921 -0.762562 0.250553 0.985931 2 17 0.200000 18 0.800000
mnt_body.png
 47 -1.223015 -5.534645 1.369124 0.608618 -0.792592 -0.037193 0.254627 0.870199 1 18 1.000000
 47 -1.428499 -5.311425 0.478301 0.559760 -0.516701 -0.647834 0.259731 0.861013 1 18 1.000000
 47 -0.740851 -4.322550 1.294952 0.982245 -0.172233 0.074374 0.244511 0.855184 2 17 0.200000 18 0.800000
mnt_body.png
 47 -1.223015 -5.534645 1.369124 0.608618 -0.792592 -0.037193 0.254627 0.870199 1 18 1.000000
 47 -0.740851 -4.322550 1.294952 0.982245 -0.172233 0.074374 0.244511 0.855184 2 17 0.200000 18 0.800000
 47 -1.372300 -5.293470 2.060054 0.597317 -0.556273 0.577731 0.249134 0.876486 1 18 1.000000
mnt_body.png
 47 -1.428499 -5.311425 0.478301 0.559760 -0.516701 -0.647834 0.259731 0.861013 1 18 1.000000
 47 -1.064181 -4.338673 0.266032 0.712834 -0.076389 -0.697161 0.250332 0.843664 2 17 0.200000 18 0.800000
 47 -0.740851 -4.322550 1.294952 0.982245 -0.172233 0.074374 0.244511 0.855184 2 17 0.200000 18 0.800000
mnt_body.png
 47 -2.277546 -5.537416 2.348207 -0.068498 -0.653752 0.753603 0.250935 0.893370 1 18 1.000000
 47 -2.144799 -4.615571 2.622278 0.001955 -0.154590 0.987977 0.242786 0.892988 2 17 0.200000 18 0.800000
 47 -3.378780 -5.012406 1.943707 0.000000 -0.653366 0.757042 0.252621 0.914748 1 18 1.000000
mnt_body.png
 47 -2.277546 -5.537416 2.348207 -0.068498 -0.653752 0.753603 0.250935 0.893370 1 18 1.000000
 47 -1.372300 -5.293470 2.060054 0.597317 -0.556273 0.577731 0.249134 0.876486 1 18 1.000000
 47 -2.144799 -4.615571 2.622278 0.001955 -0.154590 0.987977 0.242786 0.892988 2 17 0.200000 18 0.800000
mnt_body.png
 47 -1.372300 -5.293470 2.060054 0.597317 -0.556273 0.577731 0.249134 0.876486 1 18 1.000000
 47 -1.096822 -4.326615 2.223466 0.627734 -0.056648 0.776364 0.240711 0.871954 2 17 0.200000 18 0.800000
 47 -2.144799 -4.615571 2.622278 0.001955 -0.154590 0.987977 0.242786 0.892988 2 17 0.200000 18 0.800000
mnt_body.png
 47 -1.372300 -5.293470 2.060054 0.597317 -0.556273 0.577731 0.249134 0.876486 1 18 1.000000
 47 -0.740851 -4.322550 1.294952 0.982245 -0.172233 0.074374 0.244511 0.855184 2 17 0.200000 18 0.800000
 47 -1.096822 -4.326615 2.223466 0.627734 -0.056648 0.776364 0.240711 0.871954 2 17 0.200000 18 0.800000
mnt_body.png
 47 -4.480013 -5.537412 2.348204 0.084163 -0.649793 0.755437 0.250988 0.936133 1 18 1.000000
 47 -4.612758 -4.615566 2.622274 0.007820 -0.146866 0.989126 0.242809 0.936591 2 17 0.200000 18 0.800000
 47 -5.431308 -5.288657 2.084536 -0.597191 -0.548268 0.585461 0.248997 0.953483 1 18 1.000000
mnt_body.png
 47 -4.480013 -5.537412 2.348204 0.084163 -0.649793 0.755437 0.250988 0.936133 1 18 1.000000
 47 -3.378780 -5.012406 1.943707 0.000000 -0.653366 0.757042 0.252621 0.914748 1 18 1.000000
 47 -4.612758 -4.615566 2.622274 0.007820 -0.146866 0.989126 0.242809 0.936591 2 17 0.200000 18 0.800000
mnt_body.png
 47 -5.431308 -5.288657 2.084536 -0.597191 -0.548268 0.585461 0.248997 0.953483 1 18 1.000000
 47 -5.614409 -4.326639 2.246042 -0.624407 -0.017547 0.780902 0.240688 0.956855 2 17 0.200000 18 0.800000
 47 -6.016702 -4.361878 1.294945 -0.983102 -0.164510 0.080288 0.245006 0.974151 2 17 0.200000 18 0.800000
mnt_body.png
 47 -5.431308 -5.288657 2.084536 -0.597191 -0.548268 0.585461 0.248997 0.953483 1 18 1.000000
 47 -4.612758 -4.615566 2.622274 0.007820 -0.146866 0.989126 0.242809 0.936591 2 17 0.200000 18 0.800000
 47 -5.614409 -4.326639 2.246042 -0.624407 -0.017547 0.780902 0.240688 0.956855 2 17 0.200000 18 0.800000
mnt_body.png
 47 -6.016702 -4.361878 1.294945 -0.983102 -0.164510 0.080288 0.245006 0.974151 2 17 0.200000 18 0.800000
 47 -5.614409 -4.326639 2.246042 -0.624407 -0.017547 0.780902 0.240688 0.956855 2 17 0.200000 18 0.800000
 47 -5.485757 -2.679678 2.063131 -0.761161 -0.035238 0.647605 0.228176 0.962577 2 17 0.800000 18 0.200000
mnt_body.png
 47 -6.016702 -4.361878 1.294945 -0.983102 -0.164510 0.080288 0.245006 0.974151 2 17 0.200000 18 0.800000
 47 -5.485757 -2.679678 2.063131 -0.761161 -0.035238 0.647605 0.228176 0.962577 2 17 0.800000 18 0.200000
 47 -5.848442 -2.530877 1.117599 -0.997103 0.054762 -0.052783 0.227710 0.982406 2 17 0.800000 18 0.200000
mnt_body.png
 47 -6.016702 -4.361878 1.294945 -0.983102 -0.164510 0.080288 0.245006 0.974151 2 17 0.200000 18 0.800000
 47 -5.848442 -2.530877 1.117599 -0.997103 0.054762 -0.052783 0.227710 0.982406 2 17 0.800000 18 0.200000
 47 -5.693369 -4.338664 0.266026 -0.645212 -0.046921 -0.762562 0.250553 0.985931 2 17 0.200000 18 0.800000
mnt_body.png
 47 -5.693369 -4.338664 0.266026 -0.645212 -0.046921 -0.762562 0.250553 0.985931 2 17 0.200000 18 0.800000
 47 -5.848442 -2.530877 1.117599 -0.997103 0.054762 -0.052783 0.227710 0.982406 2 17 0.800000 18 0.200000
 47 -5.510535 -2.542850 0.479983 -0.718081 0.044964 -0.694506 0.229145 0.994041 2 17 0.800000 18 0.200000
mnt_body.png
 47 -0.740851 -4.322550 1.294952 0.982245 -0.172233 0.074374 0.244511 0.855184 2 17 0.200000 18 0.800000
 47 -1.064181 -4.338673 0.266032 0.712834 -0.076389 -0.697161 0.250332 0.843664 2 17 0.200000 18 0.800000
 47 -0.909105 -2.530889 1.117606 0.996311 0.060678 -0.060678 0.227504 0.847105 2 17 0.800000 18 0.200000
mnt_body.png
 47 -0.740851 -4.322550 1.294952 0.982245 -0.172233 0.074374 0.244511 0.855184 2 17 0.200000 18 0.800000
 47 -0.909105 -2.530889 1.117606 0.996311 0.060678 -0.060678 0.227504 0.847105 2 17 0.800000 18 0.200000
 47 -1.255191 -2.727761 2.137397 0.761136 -0.035190 0.647637 0.228267 0.868086 2 17 0.800000 18 0.200000
mnt_body.png
 47 -0.740851 -4.322550 1.294952 0.982245 -0.172233 0.074374 0.244511 0.855184 2 17 0.200000 18 0.800000
 47 -1.255191 -2.727761 2.137397 0.761136 -0.035190 0.647637 0.228267 0.868086 2 17 0.800000 18 0.200000
 47 -1.096822 -4.326615 2.223466 0.627734 -0.056648 0.776364 0.240711 0.871954 2 17 0.200000 18 0.800000
mnt_body.png
 47 -1.064181 -4.338673 0.266032 0.712834 -0.076389 -0.697161 0.250332 0.843664 2 17 0.200000 18 0.800000
 47 -1.247012 -2.542860 0.479990 0.630008 0.052810 -0.774791 0.228954 0.835515 2 17 0.800000 18 0.200000
 47 -0.909105 -2.530889 1.117606 0.996311 0.060678 -0.060678 0.227504 0.847105 2 17 0.800000 18 0.200000
mnt_body.png
 47 -3.378780 -5.012406 1.943707 0.000000 -0.653366 0.757042 0.252621 0.914748 1 18 1.000000
 47 -2.144799 -4.615571 2.622278 0.001955 -0.154590 0.987977 0.242786 0.892988 2 17 0.200000 18 0.800000
 47 -3.378763 -4.288982 2.209885 0.000000 -0.056839 0.998383 0.244190 0.914786 2 17 0.200000 18 0.800000
mnt_body.png
 47 -3.378780 -5.012406 1.943707 0.000000 -0.653366 0.757042 0.252621 0.914748 1 18 1.000000
 47 -3.378763 -4.288982 2.209885 0.000000 -0.056839 0.998383 0.244190 0.914786 2 17 0.200000 18 0.800000
 47 -4.612758 -4.615566 2.622274 0.007820 -0.146866 0.989126 0.242809 0.936591 2 17 0.200000 18 0.800000
mnt_body.png
 47 -2.144799 -4.615571 2.622278 0.001955 -0.154590 0.987977 0.242786 0.892988 2 17 0.200000 18 0.800000
 47 -2.183488 -3.190957 2.432426 0.058746 -0.056767 0.996658 0.231136 0.890921 2 17 0.800000 18 0.200000
 47 -3.378763 -4.288982 2.209885 0.000000 -0.056839 0.998383 0.244190 0.914786 2 17 0.200000 18 0.800000
mnt_body.png
 47 -2.144799 -4.615571 2.622278 0.001955 -0.154590 0.987977 0.242786 0.892988 2 17 0.200000 18 0.800000
 47 -1.096822 -4.326615 2.223466 0.627734 -0.056648 0.776364 0.240711 0.871954 2 17 0.200000 18 0.800000
 47 -2.183488 -3.190957 2.432426 0.058746 -0.056767 0.996658 0.231136 0.890921 2 17 0.800000 18 0.200000
mnt_body.png
 47 -1.096822 -4.326615 2.223466 0.627734 -0.056648 0.776364 0.240711 0.871954 2 17 0.200000 18 0.800000
 47 -1.255191 -2.727761 2.137397 0.761136 -0.035190 0.647637 0.228267 0.868086 2 17 0.800000 18 0.200000
 47 -2.183488 -3.190957 2.432426 0.058746 -0.056767 0.996658 0.231136 0.890921 2 17 0.800000 18 0.200000
mnt_body.png
 47 -4.612758 -4.615566 2.622274 0.007820 -0.146866 0.989126 0.242809 0.936591 2 17 0.200000 18 0.800000
 47 -3.378763 -4.288982 2.209885 0.000000 -0.056839 0.998383 0.244190 0.914786 2 17 0.200000 18 0.800000
 47 -4.574066 -3.190951 2.432422 -0.076342 -0.041127 0.996233 0.231159 0.938842 2 17 0.800000 18 0.200000
mnt_body.png
 47 -4.612758 -4.615566 2.622274 0.007820 -0.146866 0.989126 0.242809 0.936591 2 17 0.200000 18 0.800000
 47 -4.574066 -3.190951 2.432422 -0.076342 -0.041127 0.996233 0.231159 0.938842 2 17 0.800000 18 0.200000
 47 -5.614409 -4.326639 2.246042 -0.624407 -0.017547 0.780902 0.240688 0.956855 2 17 0.200000 18 0.800000
mnt_body.png
 47 -5.614409 -4.326639 2.246042 -0.624407 -0.017547 0.780902 0.240688 0.956855 2 17 0.200000 18 0.800000
 47 -4.574066 -3.190951 2.432422 -0.076342 -0.041127 0.996233 0.231159 0.938842 2 17 0.800000 18 0.200000
 47 -5.485757 -2.679678 2.063131 -0.761161 -0.035238 0.647605 0.228176 0.962577 2 17 0.800000 18 0.200000
mnt_body.png
 47 -5.848442 -2.530877 1.117599 -0.997103 0.054762 -0.052783 0.227710 0.982406 2 17 0.800000 18 0.200000
 47 -5.571775 0.471564 2.186079 -0.894459 0.232938 0.381684 0.201595 0.962348 2 16 0.101961 17 0.898039
 47 -5.813600 0.629170 1.072273 -0.956912 0.240694 -0.162434 0.196582 0.978874 1 17 1.000000
mnt_body.png
 47 -5.848442 -2.530877 1.117599 -0.997103 0.054762 -0.052783 0.227710 0.982406 2 17 0.800000 18 0.200000
 47 -5.485757 -2.679678 2.063131 -0.761161 -0.035238 0.647605 0.228176 0.962577 2 17 0.800000 18 0.200000
 47 -5.571775 0.471564 2.186079 -0.894459 0.232938 0.381684 0.201595 0.962348 2 16 0.101961 17 0.898039
mnt_body.png
 47 -5.848442 -2.530877 1.117599 -0.997103 0.054762 -0.052783 0.227710 0.982406 2 17 0.800000 18 0.200000
 47 -5.813600 0.629170 1.072273 -0.956912 0.240694 -0.162434 0.196582 0.978874 1 17 1.000000
 47 -5.510535 -2.542850 0.479983 -0.718081 0.044964 -0.694506 0.229145 0.994041 2 17 0.800000 18 0.200000
mnt_body.png
 47 -5.510535 -2.542850 0.479983 -0.718081 0.044964 -0.694506 0.229145 0.994041 2 17 0.800000 18 0.200000
 47 -5.813600 0.629170 1.072273 -0.956912 0.240694 -0.162434 0.196582 0.978874 1 17 1.000000
 47 -5.524349 0.659897 0.291506 -0.539922 0.103682 -0.835305 0.193660 0.988724 1 17 1.000000
mnt_body.png
 47 -0.909105 -2.530889 1.117606 0.996311 0.060678 -0.060678 0.227504 0.847105 2 17 0.800000 18 0.200000
 47 -1.219362 0.512132 2.139707 0.895428 0.242430 0.373411 0.202167 0.868772 2 16 0.101961 17 0.898039
 47 -1.255191 -2.727761 2.137397 0.761136 -0.035190 0.647637 0.228267 0.868086 2 17 0.800000 18 0.200000
mnt_body.png
 47 -0.909105 -2.530889 1.117606 0.996311 0.060678 -0.060678 0.227504 0.847105 2 17 0.800000 18 0.200000
 47 -0.961691 0.629773 1.072324 0.975418 0.189990 -0.111639 0.196544 0.855344 1 17 1.000000
 47 -1.219362 0.512132 2.139707 0.895428 0.242430 0.373411 0.202167 0.868772 2 16 0.101961 17 0.898039
mnt_body.png
 47 -0.909105 -2.530889 1.117606 0.996311 0.060678 -0.060678 0.227504 0.847105 2 17 0.800000 18 0.200000
 47 -1.247012 -2.542860 0.479990 0.630008 0.052810 -0.774791 0.228954 0.835515 2 17 0.800000 18 0.200000
 47 -0.961691 0.629773 1.072324 0.975418 0.189990 -0.111639 0.196544 0.855344 1 17 1.000000
mnt_body.png
 47 -1.255191 -2.727761 2.137397 0.761136 -0.035190 0.647637 0.228267 0.868086 2 17 0.800000 18 0.200000
 47 -1.813406 0.267771 3.261864 0.868276 0.084091 0.488903 0.204471 0.888220 2 16 0.498039 17 0.501961
 47 -2.489347 -1.195184 3.261863 0.449805 -0.559371 0.696261 0.214366 0.897673 2 16 0.498039 17 0.501961
mnt_body.png
 47 -1.255191 -2.727761 2.137397 0.761136 -0.035190 0.647637 0.228267 0.868086 2 17 0.800000 18 0.200000
 47 -2.489347 -1.195184 3.261863 0.449805 -0.559371 0.696261 0.214366 0.897673 2 16 0.498039 17 0.501961
 47 -2.183488 -3.190957 2.432426 0.058746 -0.056767 0.996658 0.231136 0.890921 2 17 0.800000 18 0.200000
mnt_body.png
 47 -1.255191 -2.727761 2.137397 0.761136 -0.035190 0.647637 0.228267 0.868086 2 17 0.800000 18 0.200000
 47 -1.219362 0.512132 2.139707 0.895428 0.242430 0.373411 0.202167 0.868772 2 16 0.101961 17 0.898039
 47 -1.813406 0.267771 3.261864 0.868276 0.084091 0.488903 0.204471 0.888220 2 16 0.498039 17 0.501961
mnt_body.png
 47 -1.247012 -2.542860 0.479990 0.630008 0.052810 -0.774791 0.228954 0.835515 2 17 0.800000 18 0.200000
 47 -1.197655 0.658954 0.309253 0.641929 0.170266 -0.747620 0.193179 0.843786 1 17 1.000000
 47 -0.961691 0.629773 1.072324 0.975418 0.189990 -0.111639 0.196544 0.855344 1 17 1.000000
mnt_body.png
 47 -3.378763 -4.288982 2.209885 0.000000 -0.056839 0.998383 0.244190 0.914786 2 17 0.200000 18 0.800000
 47 -2.183488 -3.190957 2.432426 0.058746 -0.056767 0.996658 0.231136 0.890921 2 17 0.800000 18 0.200000
 47 -3.378771 -3.276263 2.163963 -0.003910 -0.242567 0.970127 0.234699 0.914771 2 17 0.800000 18 0.200000
mnt_body.png
 47 -3.378763 -4.288982 2.209885 0.000000 -0.056839 0.998383 0.244190 0.914786 2 17 0.200000 18 0.800000
 47 -3.378771 -3.276263 2.163963 -0.003910 -0.242567 0.970127 0.234699 0.914771 2 17 0.800000 18 0.200000
 47 -4.574066 -3.190951 2.432422 -0.076342 -0.041127 0.996233 0.231159 0.938842 2 17 0.800000 18 0.200000
mnt_body.png
 47 -2.183488 -3.190957 2.432426 0.058746 -0.056767 0.996658 0.231136 0.890921 2 17 0.800000 18 0.200000
 47 -2.489347 -1.195184 3.261863 0.449805 -0.559371 0.696261 0.214366 0.897673 2 16 0.498039 17 0.501961
 47 -3.378771 -3.276263 2.163963 -0.003910 -0.242567 0.970127 0.234699 0.914771 2 17 0.800000 18 0.200000
mnt_body.png
 47 -4.574066 -3.190951 2.432422 -0.076342 -0.041127 0.996233 0.231159 0.938842 2 17 0.800000 18 0.200000
 47 -3.378771 -3.276263 2.163963 -0.003910 -0.242567 0.970127 0.234699 0.914771 2 17 0.800000 18 0.200000
 47 -4.268201 -1.130577 3.261860 -0.434779 -0.656066 0.616883 0.213581 0.932128 2 16 0.498039 17 0.501961
mnt_body.png
 47 -4.574066 -3.190951 2.432422 -0.076342 -0.041127 0.996233 0.231159 0.938842 2 17 0.800000 18 0.200000
 47 -4.268201 -1.130577 3.261860 -0.434779 -0.656066 0.616883 0.213581 0.932128 2 16 0.498039 17 0.501961
 47 -5.485757 -2.679678 2.063131 -0.761161 -0.035238 0.647605 0.228176 0.962577 2 17 0.800000 18 0.200000
mnt_body.png
 47 -5.813600 0.629170 1.072273 -0.956912 0.240694 -0.162434 0.196582 0.978874 1 17 1.000000
 47 -5.571775 0.471564 2.186079 -0.894459 0.232938 0.381684 0.201595 0.962348 2 16 0.101961 17 0.898039
 47 -5.005501 2.141164 1.166746 -0.655368 0.755147 -0.015664 0.182246 0.953132 1 17 1.000000
mnt_body.png
 47 -5.813600 0.629170 1.072273 -0.956912 0.240694 -0.162434 0.196582 0.978874 1 17 1.000000
 47 -5.005501 2.141164 1.166746 -0.655368 0.755147 -0.015664 0.182246 0.953132 1 17 1.000000
 47 -4.882516 1.897918 0.316055 -0.543977 0.500954 -0.673152 0.177478 0.963294 1 17 1.000000
mnt_body.png
 47 -5.813600 0.629170 1.072273 -0.956912 0.240694 -0.162434 0.196582 0.978874 1 17 1.000000
 47 -4.882516 1.897918 0.316055 -0.543977 0.500954 -0.673152 0.177478 0.963294 1 17 1.000000
 47 -5.524349 0.659897 0.291506 -0.539922 0.103682 -0.835305 0.193660 0.988724 1 17 1.000000
mnt_body.png
 47 -0.961691 0.629773 1.072324 0.975418 0.189990 -0.111639 0.196544 0.855344 1 17 1.000000
 47 -1.697300 2.064777 1.153798 0.702190 0.711965 -0.005865 0.182597 0.875753 1 17 1.000000
 47 -1.219362 0.512132 2.139707 0.895428 0.242430 0.373411 0.202167 0.868772 2 16 0.101961 17 0.898039
mnt_body.png
 47 -0.961691 0.629773 1.072324 0.975418 0.189990 -0.111639 0.196544 0.855344 1 17 1.000000
 47 -1.197655 0.658954 0.309253 0.641929 0.170266 -0.747620 0.193179 0.843786 1 17 1.000000
 47 -1.697300 2.064777 1.153798 0.702190 0.711965 -0.005865 0.182597 0.875753 1 17 1.000000
mnt_body.png
 47 -1.813406 0.267771 3.261864 0.868276 0.084091 0.488903 0.204471 0.888220 2 16 0.498039 17 0.501961
 47 -1.219362 0.512132 2.139707 0.895428 0.242430 0.373411 0.202167 0.868772 2 16 0.101961 17 0.898039
 47 -2.335076 1.369432 3.261864 0.652216 0.611089 0.448536 0.198619 0.897749 2 16 0.498039 17 0.501961
mnt_body.png
 47 -1.219362 0.512132 2.139707 0.895428 0.242430 0.373411 0.202167 0.868772 2 16 0.101961 17 0.898039
 47 -1.697300 2.064777 1.153798 0.702190 0.711965 -0.005865 0.182597 0.875753 1 17 1.000000
 47 -1.953029 1.868585 2.196281 0.528298 0.749382 0.399159 0.189822 0.887526 2 16 0.101961 17 0.898039
mnt_body.png
 47 -1.219362 0.512132 2.139707 0.895428 0.242430 0.373411 0.202167 0.868772 2 16 0.101961 17 0.898039
 47 -1.953029 1.868585 2.196281 0.528298 0.749382 0.399159 0.189822 0.887526 2 16 0.101961 17 0.898039
 47 -2.335076 1.369432 3.261864 0.652216 0.611089 0.448536 0.198619 0.897749 2 16 0.498039 17 0.501961
mnt_body.png
 47 -2.489347 -1.195184 3.261863 0.449805 -0.559371 0.696261 0.214366 0.897673 2 16 0.498039 17 0.501961
 47 -4.268201 -1.130577 3.261860 -0.434779 -0.656066 0.616883 0.213581 0.932128 2 16 0.498039 17 0.501961
 47 -3.378771 -3.276263 2.163963 -0.003910 -0.242567 0.970127 0.234699 0.914771 2 17 0.800000 18 0.200000
mnt_body.png
 47 -1.197655 0.658954 0.309253 0.641929 0.170266 -0.747620 0.193179 0.843786 1 17 1.000000
 47 -1.841084 1.954567 0.291870 0.442540 0.509119 -0.738212 0.176654 0.869322 1 17 1.000000
 47 -1.697300 2.064777 1.153798 0.702190 0.711965 -0.005865 0.182597 0.875753 1 17 1.000000
mnt_body.png
 47 -4.268201 -1.130577 3.261860 -0.434779 -0.656066 0.616883 0.213581 0.932128 2 16 0.498039 17 0.501961
 47 -4.944134 0.267781 3.261860 -0.860721 0.080202 0.502719 0.203586 0.942519 2 16 0.498039 17 0.501961
 47 -5.485757 -2.679678 2.063131 -0.761161 -0.035238 0.647605 0.228176 0.962577 2 17 0.800000 18 0.200000
mnt_body.png
 47 -5.485757 -2.679678 2.063131 -0.761161 -0.035238 0.647605 0.228176 0.962577 2 17 0.800000 18 0.200000
 47 -4.944134 0.267781 3.261860 -0.860721 0.080202 0.502719 0.203586 0.942519 2 16 0.498039 17 0.501961
 47 -5.571775 0.471564 2.186079 -0.894459 0.232938 0.381684 0.201595 0.962348 2 16 0.101961 17 0.898039
mnt_body.png
 47 -5.005501 2.141164 1.166746 -0.655368 0.755147 -0.015664 0.182246 0.953132 1 17 1.000000
 47 -5.571775 0.471564 2.186079 -0.894459 0.232938 0.381684 0.201595 0.962348 2 16 0.101961 17 0.898039
 47 -4.772346 1.984155 2.247669 -0.506223 0.758440 0.410496 0.188975 0.941871 2 16 0.101961 17 0.898039
mnt_body.png
 47 -5.005501 2.141164 1.166746 -0.655368 0.755147 -0.015664 0.182246 0.953132 1 17 1.000000
 47 -3.363773 2.468998 0.273886 -0.003910 0.816352 -0.577541 0.171435 0.914984 1 17 1.000000
 47 -4.882516 1.897918 0.316055 -0.543977 0.500954 -0.673152 0.177478 0.963294 1 17 1.000000
mnt_body.png
 47 -5.005501 2.141164 1.166746 -0.655368 0.755147 -0.015664 0.182246 0.953132 1 17 1.000000
 47 -3.382645 2.702210 1.222334 0.019574 0.996095 0.086093 0.178897 0.914771 1 17 1.000000
 47 -3.363773 2.468998 0.273886 -0.003910 0.816352 -0.577541 0.171435 0.914984 1 17 1.000000
mnt_body.png
 47 -5.005501 2.141164 1.166746 -0.655368 0.755147 -0.015664 0.182246 0.953132 1 17 1.000000
 47 -4.772346 1.984155 2.247669 -0.506223 0.758440 0.410496 0.188975 0.941871 2 16 0.101961 17 0.898039
 47 -3.382645 2.702210 1.222334 0.019574 0.996095 0.086093 0.178897 0.914771 1 17 1.000000
mnt_body.png
 47 -1.697300 2.064777 1.153798 0.702190 0.711965 -0.005865 0.182597 0.875753 1 17 1.000000
 47 -3.363773 2.468998 0.273886 -0.003910 0.816352 -0.577541 0.171435 0.914984 1 17 1.000000
 47 -3.382645 2.702210 1.222334 0.019574 0.996095 0.086093 0.178897 0.914771 1 17 1.000000
mnt_body.png
 47 -1.697300 2.064777 1.153798 0.702190 0.711965 -0.005865 0.182597 0.875753 1 17 1.000000
 47 -1.841084 1.954567 0.291870 0.442540 0.509119 -0.738212 0.176654 0.869322 1 17 1.000000
 47 -3.363773 2.468998 0.273886 -0.003910 0.816352 -0.577541 0.171435 0.914984 1 17 1.000000
mnt_body.png
 47 -1.697300 2.064777 1.153798 0.702190 0.711965 -0.005865 0.182597 0.875753 1 17 1.000000
 47 -3.382645 2.702210 1.222334 0.019574 0.996095 0.086093 0.178897 0.914771 1 17 1.000000
 47 -1.953029 1.868585 2.196281 0.528298 0.749382 0.399159 0.189822 0.887526 2 16 0.101961 17 0.898039
mnt_body.png
 47 -2.335076 1.369432 3.261864 0.652216 0.611089 0.448536 0.198619 0.897749 2 16 0.498039 17 0.501961
 47 -1.953029 1.868585 2.196281 0.528298 0.749382 0.399159 0.189822 0.887526 2 16 0.101961 17 0.898039
 47 -3.378759 1.767839 3.261862 -0.001955 0.863983 0.503517 0.196582 0.915351 2 16 0.498039 17 0.501961
mnt_body.png
 47 -1.953029 1.868585 2.196281 0.528298 0.749382 0.399159 0.189822 0.887526 2 16 0.101961 17 0.898039
 47 -3.382645 2.702210 1.222334 0.019574 0.996095 0.086093 0.178897 0.914771 1 17 1.000000
 47 -3.392266 2.433080 2.281041 0.033236 0.911195 0.410632 0.187106 0.914771 2 16 0.101961 17 0.898039
mnt_body.png
 47 -1.953029 1.868585 2.196281 0.528298 0.749382 0.399159 0.189822 0.887526 2 16 0.101961 17 0.898039
 47 -3.392266 2.433080 2.281041 0.033236 0.911195 0.410632 0.187106 0.914771 2 16 0.101961 17 0.898039
 47 -3.378759 1.767839 3.261862 -0.001955 0.863983 0.503517 0.196582 0.915351 2 16 0.498039 17 0.501961
mnt_body.png
 47 -4.944134 0.267781 3.261860 -0.860721 0.080202 0.502719 0.203586 0.942519 2 16 0.498039 17 0.501961
 47 -4.422456 1.369439 3.261861 -0.637664 0.588718 0.496785 0.197887 0.933196 2 16 0.498039 17 0.501961
 47 -5.571775 0.471564 2.186079 -0.894459 0.232938 0.381684 0.201595 0.962348 2 16 0.101961 17 0.898039
mnt_body.png
 47 -5.571775 0.471564 2.186079 -0.894459 0.232938 0.381684 0.201595 0.962348 2 16 0.101961 17 0.898039
 47 -4.422456 1.369439 3.261861 -0.637664 0.588718 0.496785 0.197887 0.933196 2 16 0.498039 17 0.501961
 47 -4.772346 1.984155 2.247669 -0.506223 0.758440 0.410496 0.188975 0.941871 2 16 0.101961 17 0.898039
mnt_body.png
 47 -4.772346 1.984155 2.247669 -0.506223 0.758440 0.410496 0.188975 0.941871 2 16 0.101961 17 0.898039
 47 -3.392266 2.433080 2.281041 0.033236 0.911195 0.410632 0.187106 0.914771 2 16 0.101961 17 0.898039
 47 -3.382645 2.702210 1.222334 0.019574 0.996095 0.086093 0.178897 0.914771 1 17 1.000000
mnt_body.png
 47 -4.772346 1.984155 2.247669 -0.506223 0.758440 0.410496 0.188975 0.941871 2 16 0.101961 17 0.898039
 47 -3.378759 1.767839 3.261862 -0.001955 0.863983 0.503517 0.196582 0.915351 2 16 0.498039 17 0.501961
 47 -3.392266 2.433080 2.281041 0.033236 0.911195 0.410632 0.187106 0.914771 2 16 0.101961 17 0.898039
mnt_body.png
 47 -4.772346 1.984155 2.247669 -0.506223 0.758440 0.410496 0.188975 0.941871 2 16 0.101961 17 0.898039
 47 -4.422456 1.369439 3.261861 -0.637664 0.588718 0.496785 0.197887 0.933196 2 16 0.498039 17 0.501961
 47 -3.378759 1.767839 3.261862 -0.001955 0.863983 0.503517 0.196582 0.915351 2 16 0.498039 17 0.501961
mnt_body.png
 47 -11.359617 1.132330 14.911640 0.242633 0.561864 -0.790847 0.098497 0.508904 2 38 0.698039 39 0.301961
 47 -8.237165 0.618259 14.952753 0.074388 0.370038 -0.926034 0.098497 0.571962 2 37 0.101961 38 0.898039
 47 -11.360504 -0.072266 14.684740 0.321005 0.144886 -0.935930 0.109781 0.508904 2 38 0.698039 39 0.301961
mnt_body.png
 47 -8.237165 0.618259 14.952753 0.074388 0.370038 -0.926034 0.098497 0.571962 2 37 0.101961 38 0.898039
 47 -8.326462 -0.725709 14.917825 0.090018 -0.532348 -0.841726 0.115259 0.571962 2 37 0.101961 38 0.898039
 47 -11.360504 -0.072266 14.684740 0.321005 0.144886 -0.935930 0.109781 0.508904 2 38 0.698039 39 0.301961
mnt_body.png
 47 -8.237165 0.618259 14.952753 0.074388 0.370038 -0.926034 0.098497 0.571962 2 37 0.101961 38 0.898039
 47 -7.593688 0.591383 14.973341 0.064469 0.528026 -0.846778 0.098497 0.587526 2 37 0.498039 38 0.501961
 47 -7.578301 -0.678557 14.948459 0.072386 -0.518921 -0.851752 0.115267 0.587526 2 37 0.498039 38 0.501961
mnt_body.png
 47 -8.237165 0.618259 14.952753 0.074388 0.370038 -0.926034 0.098497 0.571962 2 37 0.101961 38 0.898039
 47 -7.578301 -0.678557 14.948459 0.072386 -0.518921 -0.851752 0.115267 0.587526 2 37 0.498039 38 0.501961
 47 -8.326462 -0.725709 14.917825 0.090018 -0.532348 -0.841726 0.115259 0.571962 2 37 0.101961 38 0.898039
mnt_body.png
 47 -11.360504 -0.072266 14.684740 0.321005 0.144886 -0.935930 0.109781 0.508904 2 38 0.698039 39 0.301961
 47 -8.326462 -0.725709 14.917825 0.090018 -0.532348 -0.841726 0.115259 0.571962 2 37 0.101961 38 0.898039
 47 -11.364677 -1.102042 14.802502 0.536359 -0.518835 -0.665680 0.119341 0.508904 2 38 0.698039 39 0.301961
mnt_body.png
 47 -8.326462 -0.725709 14.917825 0.090018 -0.532348 -0.841726 0.115259 0.571962 2 37 0.101961 38 0.898039
 47 -7.574577 -1.066752 15.736265 0.097751 -0.993249 -0.062465 0.128161 0.587526 2 37 0.498039 38 0.501961
 47 -8.326134 -1.141358 15.736335 0.135043 -0.989102 -0.058652 0.128176 0.571962 2 37 0.101961 38 0.898039
mnt_body.png
 47 -8.326462 -0.725709 14.917825 0.090018 -0.532348 -0.841726 0.115259 0.571962 2 37 0.101961 38 0.898039
 47 -7.578301 -0.678557 14.948459 0.072386 -0.518921 -0.851752 0.115267 0.587526 2 37 0.498039 38 0.501961
 47 -7.574577 -1.066752 15.736265 0.097751 -0.993249 -0.062465 0.128161 0.587526 2 37 0.498039 38 0.501961
mnt_body.png
 47 -8.326462 -0.725709 14.917825 0.090018 -0.532348 -0.841726 0.115259 0.571962 2 37 0.101961 38 0.898039
 47 -8.326134 -1.141358 15.736335 0.135043 -0.989102 -0.058652 0.128176 0.571962 2 37 0.101961 38 0.898039
 47 -11.364677 -1.102042 14.802502 0.536359 -0.518835 -0.665680 0.119341 0.508904 2 38 0.698039 39 0.301961
mnt_body.png
 47 -7.593688 0.591383 14.973341 0.064469 0.528026 -0.846778 0.098497 0.587526 2 37 0.498039 38 0.501961
 47 -6.990728 -0.646341 14.979347 0.062658 -0.409172 -0.910304 0.115267 0.601709 2 37 0.898039 38 0.101961
 47 -7.578301 -0.678557 14.948459 0.072386 -0.518921 -0.851752 0.115267 0.587526 2 37 0.498039 38 0.501961
mnt_body.png
 47 -7.593688 0.591383 14.973341 0.064469 0.528026 -0.846778 0.098497 0.587526 2 37 0.498039 38 0.501961
 47 -6.945289 0.599358 15.010771 0.045015 0.552355 -0.832393 0.098497 0.601709 2 37 0.898039 38 0.101961
 47 -6.990728 -0.646341 14.979347 0.062658 -0.409172 -0.910304 0.115267 0.601709 2 37 0.898039 38 0.101961
mnt_body.png
 47 -7.578301 -0.678557 14.948459 0.072386 -0.518921 -0.851752 0.115267 0.587526 2 37 0.498039 38 0.501961
 47 -6.990728 -0.646341 14.979347 0.062658 -0.409172 -0.910304 0.115267 0.601709 2 37 0.898039 38 0.101961
 47 -6.993137 -1.006837 15.736239 0.082207 -0.991189 -0.103855 0.128145 0.601709 2 37 0.898039 38 0.101961
mnt_body.png
 47 -7.578301 -0.678557 14.948459 0.072386 -0.518921 -0.851752 0.115267 0.587526 2 37 0.498039 38 0.501961
 47 -6.993137 -1.006837 15.736239 0.082207 -0.991189 -0.103855 0.128145 0.601709 2 37 0.898039 38 0.101961
 47 -7.574577 -1.066752 15.736265 0.097751 -0.993249 -0.062465 0.128161 0.587526 2 37 0.498039 38 0.501961
mnt_body.png
 47 -11.364677 -1.102042 14.802502 0.536359 -0.518835 -0.665680 0.119341 0.508904 2 38 0.698039 39 0.301961
 47 -8.326134 -1.141358 15.736335 0.135043 -0.989102 -0.058652 0.128176 0.571962 2 37 0.101961 38 0.898039
 47 -11.404755 -1.712387 15.686209 0.501248 -0.863307 0.058746 0.128283 0.508904 2 38 0.698039 39 0.301961
mnt_body.png
 47 -7.574577 -1.066752 15.736265 0.097751 -0.993249 -0.062465 0.128161 0.587526 2 37 0.498039 38 0.501961
 47 -6.993137 -1.006837 15.736239 0.082207 -0.991189 -0.103855 0.128145 0.601709 2 37 0.898039 38 0.101961
 47 -7.574579 -0.768101 16.588837 0.089933 -0.574843 0.813307 0.140764 0.587526 2 37 0.498039 38 0.501961
mnt_body.png
 47 -7.574577 -1.066752 15.736265 0.097751 -0.993249 -0.062465 0.128161 0.587526 2 37 0.498039 38 0.501961
 47 -8.286730 -0.824676 16.624615 0.099561 -0.617706 0.780082 0.140757 0.571962 2 37 0.101961 38 0.898039
 47 -8.326134 -1.141358 15.736335 0.135043 -0.989102 -0.058652 0.128176 0.571962 2 37 0.101961 38 0.898039
mnt_body.png
 47 -7.574577 -1.066752 15.736265 0.097751 -0.993249 -0.062465 0.128161 0.587526 2 37 0.498039 38 0.501961
 47 -7.574579 -0.768101 16.588837 0.089933 -0.574843 0.813307 0.140764 0.587526 2 37 0.498039 38 0.501961
 47 -8.286730 -0.824676 16.624615 0.099561 -0.617706 0.780082 0.140757 0.571962 2 37 0.101961 38 0.898039
mnt_body.png
 47 -8.326134 -1.141358 15.736335 0.135043 -0.989102 -0.058652 0.128176 0.571962 2 37 0.101961 38 0.898039
 47 -8.286730 -0.824676 16.624615 0.099561 -0.617706 0.780082 0.140757 0.571962 2 37 0.101961 38 0.898039
 47 -11.378735 -1.179987 16.636829 0.277901 -0.655413 0.702286 0.140757 0.508904 2 38 0.698039 39 0.301961
mnt_body.png
 47 -8.326134 -1.141358 15.736335 0.135043 -0.989102 -0.058652 0.128176 0.571962 2 37 0.101961 38 0.898039
 47 -11.378735 -1.179987 16.636829 0.277901 -0.655413 0.702286 0.140757 0.508904 2 38 0.698039 39 0.301961
 47 -11.404755 -1.712387 15.686209 0.501248 -0.863307 0.058746 0.128283 0.508904 2 38 0.698039 39 0.301961
mnt_body.png
 47 -6.990728 -0.646341 14.979347 0.062658 -0.409172 -0.910304 0.115267 0.601709 2 37 0.898039 38 0.101961
 47 -6.945289 0.599358 15.010771 0.045015 0.552355 -0.832393 0.098497 0.601709 2 37 0.898039 38 0.101961
 47 -4.840827 -0.573509 15.061058 -0.187821 -0.549754 -0.813938 0.115274 0.655657 1 37 1.000000
mnt_body.png
 47 -6.990728 -0.646341 14.979347 0.062658 -0.409172 -0.910304 0.115267 0.601709 2 37 0.898039 38 0.101961
 47 -4.840827 -0.573509 15.061058 -0.187821 -0.549754 -0.813938 0.115274 0.655657 1 37 1.000000
 47 -6.993137 -1.006837 15.736239 0.082207 -0.991189 -0.103855 0.128145 0.601709 2 37 0.898039 38 0.101961
mnt_body.png
 47 -6.945289 0.599358 15.010771 0.045015 0.552355 -0.832393 0.098497 0.601709 2 37 0.898039 38 0.101961
 47 -4.799708 0.629361 15.088463 -0.289919 0.591646 -0.752264 0.098497 0.649248 2 36 0.200000 37 0.800000
 47 -4.840827 -0.573509 15.061058 -0.187821 -0.549754 -0.813938 0.115274 0.655657 1 37 1.000000
mnt_body.png
 47 -6.993137 -1.006837 15.736239 0.082207 -0.991189 -0.103855 0.128145 0.601709 2 37 0.898039 38 0.101961
 47 -4.741588 -0.833167 15.781330 -0.131226 -0.990975 0.027371 0.128183 0.660807 2 36 0.200000 37 0.800000
 47 -6.955222 -0.728115 16.554943 0.076336 -0.577720 0.812657 0.140764 0.601709 2 37 0.898039 38 0.101961
mnt_body.png
 47 -6.993137 -1.006837 15.736239 0.082207 -0.991189 -0.103855 0.128145 0.601709 2 37 0.898039 38 0.101961
 47 -6.955222 -0.728115 16.554943 0.076336 -0.577720 0.812657 0.140764 0.601709 2 37 0.898039 38 0.101961
 47 -7.574579 -0.768101 16.588837 0.089933 -0.574843 0.813307 0.140764 0.587526 2 37 0.498039 38 0.501961
mnt_body.png
 47 -6.993137 -1.006837 15.736239 0.082207 -0.991189 -0.103855 0.128145 0.601709 2 37 0.898039 38 0.101961
 47 -4.840827 -0.573509 15.061058 -0.187821 -0.549754 -0.813938 0.115274 0.655657 1 37 1.000000
 47 -4.741588 -0.833167 15.781330 -0.131226 -0.990975 0.027371 0.128183 0.660807 2 36 0.200000 37 0.800000
mnt_body.png
 47 -7.574579 -0.768101 16.588837 0.089933 -0.574843 0.813307 0.140764 0.587526 2 37 0.498039 38 0.501961
 47 -8.202091 0.726969 16.618626 0.107573 0.418596 0.901779 0.158915 0.571962 2 37 0.101961 38 0.898039
 47 -8.286730 -0.824676 16.624615 0.099561 -0.617706 0.780082 0.140757 0.571962 2 37 0.101961 38 0.898039
mnt_body.png
 47 -7.574579 -0.768101 16.588837 0.089933 -0.574843 0.813307 0.140764 0.587526 2 37 0.498039 38 0.501961
 47 -7.586999 0.659214 16.576099 0.105664 0.571396 0.813844 0.158953 0.587526 2 37 0.498039 38 0.501961
 47 -8.202091 0.726969 16.618626 0.107573 0.418596 0.901779 0.158915 0.571962 2 37 0.101961 38 0.898039
mnt_body.png
 47 -7.574579 -0.768101 16.588837 0.089933 -0.574843 0.813307 0.140764 0.587526 2 37 0.498039 38 0.501961
 47 -6.955222 -0.728115 16.554943 0.076336 -0.577720 0.812657 0.140764 0.601709 2 37 0.898039 38 0.101961
 47 -7.586999 0.659214 16.576099 0.105664 0.571396 0.813844 0.158953 0.587526 2 37 0.498039 38 0.501961
mnt_body.png
 47 -8.286730 -0.824676 16.624615 0.099561 -0.617706 0.780082 0.140757 0.571962 2 37 0.101961 38 0.898039
 47 -11.441082 0.034959 17.018370 0.191887 -0.009795 0.981368 0.151232 0.508904 2 38 0.698039 39 0.301961
 47 -11.378735 -1.179987 16.636829 0.277901 -0.655413 0.702286 0.140757 0.508904 2 38 0.698039 39 0.301961
mnt_body.png
 47 -8.286730 -0.824676 16.624615 0.099561 -0.617706 0.780082 0.140757 0.571962 2 37 0.101961 38 0.898039
 47 -8.202091 0.726969 16.618626 0.107573 0.418596 0.901779 0.158915 0.571962 2 37 0.101961 38 0.898039
 47 -11.441082 0.034959 17.018370 0.191887 -0.009795 0.981368 0.151232 0.508904 2 38 0.698039 39 0.301961
mnt_body.png
 47 -4.840827 -0.573509 15.061058 -0.187821 -0.549754 -0.813938 0.115274 0.655657 1 37 1.000000
 47 -4.662485 -0.649148 14.934839 -0.874888 -0.440371 -0.201604 0.115129 0.661395 3 20 0.600000 36 0.200000 37 0.200000
 47 -4.741588 -0.833167 15.781330 -0.131226 -0.990975 0.027371 0.128183 0.660807 2 36 0.200000 37 0.800000
mnt_body.png
 47 -4.840827 -0.573509 15.061058 -0.187821 -0.549754 -0.813938 0.115274 0.655657 1 37 1.000000
 47 -4.799708 0.629361 15.088463 -0.289919 0.591646 -0.752264 0.098497 0.649248 2 36 0.200000 37 0.800000
 47 -4.662485 -0.649148 14.934839 -0.874888 -0.440371 -0.201604 0.115129 0.661395 3 20 0.600000 36 0.200000 37 0.200000
mnt_body.png
 47 -4.799708 0.629361 15.088463 -0.289919 0.591646 -0.752264 0.098497 0.649248 2 36 0.200000 37 0.800000
 47 -4.562447 0.690400 14.946228 -0.834387 0.550406 -0.029183 0.097429 0.655657 3 20 0.600000 36 0.200000 37 0.200000
 47 -4.662485 -0.649148 14.934839 -0.874888 -0.440371 -0.201604 0.115129 0.661395 3 20 0.600000 36 0.200000 37 0.200000
mnt_body.png
 47 -4.741588 -0.833167 15.781330 -0.131226 -0.990975 0.027371 0.128183 0.660807 2 36 0.200000 37 0.800000
 47 -4.662485 -0.649148 14.934839 -0.874888 -0.440371 -0.201604 0.115129 0.661395 3 20 0.600000 36 0.200000 37 0.200000
 47 -4.076982 -0.982530 15.805143 -0.557451 -0.741331 0.373732 0.128183 0.682628 3 20 0.396078 36 0.301961 37 0.301961
mnt_body.png
 47 -4.741588 -0.833167 15.781330 -0.131226 -0.990975 0.027371 0.128183 0.660807 2 36 0.200000 37 0.800000
 47 -4.653471 -0.605135 16.466553 -0.023461 -0.533979 0.845172 0.140734 0.663539 2 36 0.200000 37 0.800000
 47 -6.955222 -0.728115 16.554943 0.076336 -0.577720 0.812657 0.140764 0.601709 2 37 0.898039 38 0.101961
mnt_body.png
 47 -4.741588 -0.833167 15.781330 -0.131226 -0.990975 0.027371 0.128183 0.660807 2 36 0.200000 37 0.800000
 47 -4.076982 -0.982530 15.805143 -0.557451 -0.741331 0.373732 0.128183 0.682628 3 20 0.396078 36 0.301961 37 0.301961
 47 -4.653471 -0.605135 16.466553 -0.023461 -0.533979 0.845172 0.140734 0.663539 2 36 0.200000 37 0.800000
mnt_body.png
 47 -6.955222 -0.728115 16.554943 0.076336 -0.577720 0.812657 0.140764 0.601709 2 37 0.898039 38 0.101961
 47 -4.653471 -0.605135 16.466553 -0.023461 -0.533979 0.845172 0.140734 0.663539 2 36 0.200000 37 0.800000
 47 -6.891604 0.620510 16.529579 0.054792 0.653461 0.754974 0.158953 0.601709 2 37 0.898039 38 0.101961
mnt_body.png
 47 -6.955222 -0.728115 16.554943 0.076336 -0.577720 0.812657 0.140764 0.601709 2 37 0.898039 38 0.101961
 47 -6.891604 0.620510 16.529579 0.054792 0.653461 0.754974 0.158953 0.601709 2 37 0.898039 38 0.101961
 47 -7.586999 0.659214 16.576099 0.105664 0.571396 0.813844 0.158953 0.587526 2 37 0.498039 38 0.501961
mnt_body.png
 47 -8.202091 0.726969 16.618626 0.107573 0.418596 0.901779 0.158915 0.571962 2 37 0.101961 38 0.898039
 47 -7.586999 0.659214 16.576099 0.105664 0.571396 0.813844 0.158953 0.587526 2 37 0.498039 38 0.501961
 47 -8.194563 1.052575 15.734585 0.139046 0.988653 -0.056839 0.170443 0.571962 2 37 0.101961 38 0.898039
mnt_body.png
 47 -8.202091 0.726969 16.618626 0.107573 0.418596 0.901779 0.158915 0.571962 2 37 0.101961 38 0.898039
 47 -8.194563 1.052575 15.734585 0.139046 0.988653 -0.056839 0.170443 0.571962 2 37 0.101961 38 0.898039
 47 -11.359615 1.133747 16.692816 0.275609 0.621683 0.733178 0.161814 0.508904 2 38 0.698039 39 0.301961
mnt_body.png
 47 -8.202091 0.726969 16.618626 0.107573 0.418596 0.901779 0.158915 0.571962 2 37 0.101961 38 0.898039
 47 -11.359615 1.133747 16.692816 0.275609 0.621683 0.733178 0.161814 0.508904 2 38 0.698039 39 0.301961
 47 -11.441082 0.034959 17.018370 0.191887 -0.009795 0.981368 0.151232 0.508904 2 38 0.698039 39 0.301961
mnt_body.png
 47 -7.586999 0.659214 16.576099 0.105664 0.571396 0.813844 0.158953 0.587526 2 37 0.498039 38 0.501961
 47 -6.891604 0.620510 16.529579 0.054792 0.653461 0.754974 0.158953 0.601709 2 37 0.898039 38 0.101961
 47 -7.574582 0.967673 15.734649 0.092030 0.994646 -0.047016 0.170420 0.587526 2 37 0.498039 38 0.501961
mnt_body.png
 47 -7.586999 0.659214 16.576099 0.105664 0.571396 0.813844 0.158953 0.587526 2 37 0.498039 38 0.501961
 47 -7.574582 0.967673 15.734649 0.092030 0.994646 -0.047016 0.170420 0.587526 2 37 0.498039 38 0.501961
 47 -8.194563 1.052575 15.734585 0.139046 0.988653 -0.056839 0.170443 0.571962 2 37 0.101961 38 0.898039
mnt_body.png
 47 -4.076982 -0.982530 15.805143 -0.557451 -0.741331 0.373732 0.128183 0.682628 3 20 0.396078 36 0.301961 37 0.301961
 47 -3.921423 -0.521984 16.531376 -0.422979 -0.291778 0.857878 0.140574 0.686885 3 20 0.200000 36 0.301961 37 0.498039
 47 -4.653471 -0.605135 16.466553 -0.023461 -0.533979 0.845172 0.140734 0.663539 2 36 0.200000 37 0.800000
mnt_body.png
 47 -4.653471 -0.605135 16.466553 -0.023461 -0.533979 0.845172 0.140734 0.663539 2 36 0.200000 37 0.800000
 47 -4.627213 0.627116 16.425327 -0.089884 0.537480 0.838472 0.158801 0.661982 2 36 0.200000 37 0.800000
 47 -6.891604 0.620510 16.529579 0.054792 0.653461 0.754974 0.158953 0.601709 2 37 0.898039 38 0.101961
mnt_body.png
 47 -4.653471 -0.605135 16.466553 -0.023461 -0.533979 0.845172 0.140734 0.663539 2 36 0.200000 37 0.800000
 47 -3.921423 -0.521984 16.531376 -0.422979 -0.291778 0.857878 0.140574 0.686885 3 20 0.200000 36 0.301961 37 0.498039
 47 -4.627213 0.627116 16.425327 -0.089884 0.537480 0.838472 0.158801 0.661982 2 36 0.200000 37 0.800000
mnt_body.png
 47 -6.891604 0.620510 16.529579 0.054792 0.653461 0.754974 0.158953 0.601709 2 37 0.898039 38 0.101961
 47 -6.874547 0.904564 15.734725 0.041104 0.994720 -0.094033 0.170428 0.601709 2 37 0.898039 38 0.101961
 47 -7.574582 0.967673 15.734649 0.092030 0.994646 -0.047016 0.170420 0.587526 2 37 0.498039 38 0.501961
mnt_body.png
 47 -6.891604 0.620510 16.529579 0.054792 0.653461 0.754974 0.158953 0.601709 2 37 0.898039 38 0.101961
 47 -4.627213 0.627116 16.425327 -0.089884 0.537480 0.838472 0.158801 0.661982 2 36 0.200000 37 0.800000
 47 -4.669686 0.881114 15.811607 -0.134945 0.989443 0.052834 0.170428 0.657557 2 36 0.200000 37 0.800000
mnt_body.png
 47 -6.891604 0.620510 16.529579 0.054792 0.653461 0.754974 0.158953 0.601709 2 37 0.898039 38 0.101961
 47 -4.669686 0.881114 15.811607 -0.134945 0.989443 0.052834 0.170428 0.657557 2 36 0.200000 37 0.800000
 47 -6.874547 0.904564 15.734725 0.041104 0.994720 -0.094033 0.170428 0.601709 2 37 0.898039 38 0.101961
mnt_body.png
 47 -11.359615 1.133747 16.692816 0.275609 0.621683 0.733178 0.161814 0.508904 2 38 0.698039 39 0.301961
 47 -8.194563 1.052575 15.734585 0.139046 0.988653 -0.056839 0.170443 0.571962 2 37 0.101961 38 0.898039
 47 -11.295837 1.601535 15.770462 0.402657 0.915050 -0.023461 0.171298 0.508904 2 38 0.698039 39 0.301961
mnt_body.png
 47 -8.194563 1.052575 15.734585 0.139046 0.988653 -0.056839 0.170443 0.571962 2 37 0.101961 38 0.898039
 47 -7.593688 0.591383 14.973341 0.064469 0.528026 -0.846778 0.180217 0.587526 2 37 0.498039 38 0.501961
 47 -8.237165 0.618259 14.952753 0.074388 0.370038 -0.926034 0.180217 0.571962 2 37 0.101961 38 0.898039
mnt_body.png
 47 -8.194563 1.052575 15.734585 0.139046 0.988653 -0.056839 0.170443 0.571962 2 37 0.101961 38 0.898039
 47 -7.574582 0.967673 15.734649 0.092030 0.994646 -0.047016 0.170420 0.587526 2 37 0.498039 38 0.501961
 47 -7.593688 0.591383 14.973341 0.064469 0.528026 -0.846778 0.180217 0.587526 2 37 0.498039 38 0.501961
mnt_body.png
 47 -8.194563 1.052575 15.734585 0.139046 0.988653 -0.056839 0.170443 0.571962 2 37 0.101961 38 0.898039
 47 -11.359617 1.132330 14.911640 0.242633 0.561864 -0.790847 0.180217 0.508904 2 38 0.698039 39 0.301961
 47 -11.295837 1.601535 15.770462 0.402657 0.915050 -0.023461 0.171298 0.508904 2 38 0.698039 39 0.301961
mnt_body.png
 47 -8.194563 1.052575 15.734585 0.139046 0.988653 -0.056839 0.170443 0.571962 2 37 0.101961 38 0.898039
 47 -8.237165 0.618259 14.952753 0.074388 0.370038 -0.926034 0.180217 0.571962 2 37 0.101961 38 0.898039
 47 -11.359617 1.132330 14.911640 0.242633 0.561864 -0.790847 0.180217 0.508904 2 38 0.698039 39 0.301961
mnt_body.png
 47 -7.574582 0.967673 15.734649 0.092030 0.994646 -0.047016 0.170420 0.587526 2 37 0.498039 38 0.501961
 47 -6.945289 0.599358 15.010771 0.045015 0.552355 -0.832393 0.180217 0.601709 2 37 0.898039 38 0.101961
 47 -7.593688 0.591383 14.973341 0.064469 0.528026 -0.846778 0.180217 0.587526 2 37 0.498039 38 0.501961
mnt_body.png
 47 -7.574582 0.967673 15.734649 0.092030 0.994646 -0.047016 0.170420 0.587526 2 37 0.498039 38 0.501961
 47 -6.874547 0.904564 15.734725 0.041104 0.994720 -0.094033 0.170428 0.601709 2 37 0.898039 38 0.101961
 47 -6.945289 0.599358 15.010771 0.045015 0.552355 -0.832393 0.180217 0.601709 2 37 0.898039 38 0.101961
mnt_body.png
 47 -3.921423 -0.521984 16.531376 -0.422979 -0.291778 0.857878 0.140574 0.686885 3 20 0.200000 36 0.301961 37 0.498039
 47 -3.948428 0.586234 16.544807 -0.493092 0.375696 0.784674 0.158793 0.683391 3 20 0.200000 36 0.301961 37 0.498039
 47 -4.627213 0.627116 16.425327 -0.089884 0.537480 0.838472 0.158801 0.661982 2 36 0.200000 37 0.800000
mnt_body.png
 47 -4.627213 0.627116 16.425327 -0.089884 0.537480 0.838472 0.158801 0.661982 2 36 0.200000 37 0.800000
 47 -4.069107 1.016043 15.821455 -0.553567 0.743315 0.375562 0.170802 0.673884 3 20 0.396078 36 0.301961 37 0.301961
 47 -4.669686 0.881114 15.811607 -0.134945 0.989443 0.052834 0.170428 0.657557 2 36 0.200000 37 0.800000
mnt_body.png
 47 -4.627213 0.627116 16.425327 -0.089884 0.537480 0.838472 0.158801 0.661982 2 36 0.200000 37 0.800000
 47 -3.948428 0.586234 16.544807 -0.493092 0.375696 0.784674 0.158793 0.683391 3 20 0.200000 36 0.301961 37 0.498039
 47 -4.069107 1.016043 15.821455 -0.553567 0.743315 0.375562 0.170802 0.673884 3 20 0.396078 36 0.301961 37 0.301961
mnt_body.png
 47 -6.874547 0.904564 15.734725 0.041104 0.994720 -0.094033 0.170428 0.601709 2 37 0.898039 38 0.101961
 47 -4.799708 0.629361 15.088463 -0.289919 0.591646 -0.752264 0.180217 0.649126 2 36 0.200000 37 0.800000
 47 -6.945289 0.599358 15.010771 0.045015 0.552355 -0.832393 0.180217 0.601709 2 37 0.898039 38 0.101961
mnt_body.png
 47 -6.874547 0.904564 15.734725 0.041104 0.994720 -0.094033 0.170428 0.601709 2 37 0.898039 38 0.101961
 47 -4.669686 0.881114 15.811607 -0.134945 0.989443 0.052834 0.170428 0.657557 2 36 0.200000 37 0.800000
 47 -4.799708 0.629361 15.088463 -0.289919 0.591646 -0.752264 0.180217 0.649126 2 36 0.200000 37 0.800000
mnt_body.png
 47 -4.669686 0.881114 15.811607 -0.134945 0.989443 0.052834 0.170428 0.657557 2 36 0.200000 37 0.800000
 47 -4.069107 1.016043 15.821455 -0.553567 0.743315 0.375562 0.170802 0.673884 3 20 0.396078 36 0.301961 37 0.301961
 47 -4.562447 0.690400 14.946228 -0.834387 0.550406 -0.029183 0.179644 0.654017 3 20 0.600000 36 0.200000 37 0.200000
mnt_body.png
 47 -4.669686 0.881114 15.811607 -0.134945 0.989443 0.052834 0.170428 0.657557 2 36 0.200000 37 0.800000
 47 -4.562447 0.690400 14.946228 -0.834387 0.550406 -0.029183 0.179644 0.654017 3 20 0.600000 36 0.200000 37 0.200000
 47 -4.799708 0.629361 15.088463 -0.289919 0.591646 -0.752264 0.180217 0.649126 2 36 0.200000 37 0.800000
mnt_body.png
 47 -5.524349 0.659897 0.291506 -0.539922 0.103682 -0.835305 0.226184 0.695872 1 17 1.000000
 47 -3.378756 1.517680 0.076483 -0.005865 0.050902 -0.998686 0.205631 0.679927 1 17 1.000000
 47 -4.688038 -2.573169 0.223754 -0.105667 0.029373 -0.993968 0.218418 0.757572 2 17 0.800000 18 0.200000
mnt_body.png
 47 -5.524349 0.659897 0.291506 -0.539922 0.103682 -0.835305 0.226184 0.695872 1 17 1.000000
 47 -4.688038 -2.573169 0.223754 -0.105667 0.029373 -0.993968 0.218418 0.757572 2 17 0.800000 18 0.200000
 47 -5.510535 -2.542850 0.479983 -0.718081 0.044964 -0.694506 0.226627 0.756855 2 17 0.800000 18 0.200000
mnt_body.png
 47 -5.524349 0.659897 0.291506 -0.539922 0.103682 -0.835305 0.226184 0.695872 1 17 1.000000
 47 -4.882516 1.897918 0.316055 -0.543977 0.500954 -0.673152 0.220035 0.672259 1 17 1.000000
 47 -3.378756 1.517680 0.076483 -0.005865 0.050902 -0.998686 0.205631 0.679927 1 17 1.000000
mnt_body.png
 47 -3.378756 1.517680 0.076483 -0.005865 0.050902 -0.998686 0.205631 0.679927 1 17 1.000000
 47 -3.363773 2.468998 0.273886 -0.003910 0.816352 -0.577541 0.205440 0.661479 1 17 1.000000
 47 -1.841084 1.954567 0.291870 0.442540 0.509119 -0.738212 0.190890 0.671603 1 17 1.000000
mnt_body.png
 47 -3.378756 1.517680 0.076483 -0.005865 0.050902 -0.998686 0.205631 0.679927 1 17 1.000000
 47 -1.197655 0.658954 0.309253 0.641929 0.170266 -0.747620 0.184833 0.696414 1 17 1.000000
 47 -2.233147 -2.573175 0.223758 0.072360 0.005889 -0.997361 0.194903 0.757877 2 17 0.800000 18 0.200000
mnt_body.png
 47 -3.378756 1.517680 0.076483 -0.005865 0.050902 -0.998686 0.205631 0.679927 1 17 1.000000
 47 -4.882516 1.897918 0.316055 -0.543977 0.500954 -0.673152 0.220035 0.672259 1 17 1.000000
 47 -3.363773 2.468998 0.273886 -0.003910 0.816352 -0.577541 0.205440 0.661479 1 17 1.000000
mnt_body.png
 47 -3.378756 1.517680 0.076483 -0.005865 0.050902 -0.998686 0.205631 0.679927 1 17 1.000000
 47 -3.378772 -2.772701 0.368665 -0.005865 0.025415 -0.999660 0.205898 0.761585 2 17 0.800000 18 0.200000
 47 -4.688038 -2.573169 0.223754 -0.105667 0.029373 -0.993968 0.218418 0.757572 2 17 0.800000 18 0.200000
mnt_body.png
 47 -3.378756 1.517680 0.076483 -0.005865 0.050902 -0.998686 0.205631 0.679927 1 17 1.000000
 47 -2.233147 -2.573175 0.223758 0.072360 0.005889 -0.997361 0.194903 0.757877 2 17 0.800000 18 0.200000
 47 -3.378772 -2.772701 0.368665 -0.005865 0.025415 -0.999660 0.205898 0.761585 2 17 0.800000 18 0.200000
mnt_body.png
 47 -3.378756 1.517680 0.076483 -0.005865 0.050902 -0.998686 0.205631 0.679927 1 17 1.000000
 47 -1.841084 1.954567 0.291870 0.442540 0.509119 -0.738212 0.190890 0.671603 1 17 1.000000
 47 -1.197655 0.658954 0.309253 0.641929 0.170266 -0.747620 0.184833 0.696414 1 17 1.000000
mnt_body.png
 47 -4.688038 -2.573169 0.223754 -0.105667 0.029373 -0.993968 0.218418 0.757572 2 17 0.800000 18 0.200000
 47 -5.693369 -4.338664 0.266026 -0.645212 -0.046921 -0.762562 0.228038 0.791188 2 17 0.200000 18 0.800000
 47 -5.510535 -2.542850 0.479983 -0.718081 0.044964 -0.694506 0.226627 0.756855 2 17 0.800000 18 0.200000
mnt_body.png
 47 -4.688038 -2.573169 0.223754 -0.105667 0.029373 -0.993968 0.218418 0.757572 2 17 0.800000 18 0.200000
 47 -4.563725 -4.367018 0.076622 -0.013685 -0.093937 -0.995484 0.217281 0.791585 2 17 0.200000 18 0.800000
 47 -5.693369 -4.338664 0.266026 -0.645212 -0.046921 -0.762562 0.228038 0.791188 2 17 0.200000 18 0.800000
mnt_body.png
 47 -4.688038 -2.573169 0.223754 -0.105667 0.029373 -0.993968 0.218418 0.757572 2 17 0.800000 18 0.200000
 47 -3.378772 -2.772701 0.368665 -0.005865 0.025415 -0.999660 0.205898 0.761585 2 17 0.800000 18 0.200000
 47 -4.563725 -4.367018 0.076622 -0.013685 -0.093937 -0.995484 0.217281 0.791585 2 17 0.200000 18 0.800000
mnt_body.png
 47 -1.197655 0.658954 0.309253 0.641929 0.170266 -0.747620 0.184833 0.696414 1 17 1.000000
 47 -1.247012 -2.542860 0.479990 0.630008 0.052810 -0.774791 0.185183 0.757389 2 17 0.800000 18 0.200000
 47 -2.233147 -2.573175 0.223758 0.072360 0.005889 -0.997361 0.194903 0.757877 2 17 0.800000 18 0.200000
mnt_body.png
 47 -2.233147 -2.573175 0.223758 0.072360 0.005889 -0.997361 0.194903 0.757877 2 17 0.800000 18 0.200000
 47 -1.247012 -2.542860 0.479990 0.630008 0.052810 -0.774791 0.185183 0.757389 2 17 0.800000 18 0.200000
 47 -2.193823 -4.367023 0.076625 0.044966 -0.060558 -0.997151 0.194713 0.791943 2 17 0.200000 18 0.800000
mnt_body.png
 47 -2.233147 -2.573175 0.223758 0.072360 0.005889 -0.997361 0.194903 0.757877 2 17 0.800000 18 0.200000
 47 -2.193823 -4.367023 0.076625 0.044966 -0.060558 -0.997151 0.194713 0.791943 2 17 0.200000 18 0.800000
 47 -3.378772 -2.772701 0.368665 -0.005865 0.025415 -0.999660 0.205898 0.761585 2 17 0.800000 18 0.200000
mnt_body.png
 47 -3.378772 -2.772701 0.368665 -0.005865 0.025415 -0.999660 0.205898 0.761585 2 17 0.800000 18 0.200000
 47 -2.193823 -4.367023 0.076625 0.044966 -0.060558 -0.997151 0.194713 0.791943 2 17 0.200000 18 0.800000
 47 -3.378775 -4.467297 0.265417 0.000000 -0.325013 -0.945710 0.206020 0.793744 2 17 0.200000 18 0.800000
mnt_body.png
 47 -3.378772 -2.772701 0.368665 -0.005865 0.025415 -0.999660 0.205898 0.761585 2 17 0.800000 18 0.200000
 47 -3.378775 -4.467297 0.265417 0.000000 -0.325013 -0.945710 0.206020 0.793744 2 17 0.200000 18 0.800000
 47 -4.563725 -4.367018 0.076622 -0.013685 -0.093937 -0.995484 0.217281 0.791585 2 17 0.200000 18 0.800000
mnt_body.png
 47 -5.693369 -4.338664 0.266026 -0.645212 -0.046921 -0.762562 0.228038 0.791188 2 17 0.200000 18 0.800000
 47 -4.563725 -4.367018 0.076622 -0.013685 -0.093937 -0.995484 0.217281 0.791585 2 17 0.200000 18 0.800000
 47 -5.329055 -5.311418 0.478294 -0.555796 -0.518603 -0.649724 0.224750 0.810414 1 18 1.000000
mnt_body.png
 47 -4.563725 -4.367018 0.076622 -0.013685 -0.093937 -0.995484 0.217281 0.791585 2 17 0.200000 18 0.800000
 47 -4.417985 -5.575913 0.392591 0.119305 -0.762753 -0.635589 0.215923 0.815045 1 18 1.000000
 47 -5.329055 -5.311418 0.478294 -0.555796 -0.518603 -0.649724 0.224750 0.810414 1 18 1.000000
mnt_body.png
 47 -4.563725 -4.367018 0.076622 -0.013685 -0.093937 -0.995484 0.217281 0.791585 2 17 0.200000 18 0.800000
 47 -3.378775 -4.467297 0.265417 0.000000 -0.325013 -0.945710 0.206020 0.793744 2 17 0.200000 18 0.800000
 47 -4.417985 -5.575913 0.392591 0.119305 -0.762753 -0.635589 0.215923 0.815045 1 18 1.000000
mnt_body.png
 47 -1.247012 -2.542860 0.479990 0.630008 0.052810 -0.774791 0.185183 0.757389 2 17 0.800000 18 0.200000
 47 -1.064181 -4.338673 0.266032 0.712834 -0.076389 -0.697161 0.183894 0.791829 2 17 0.200000 18 0.800000
 47 -2.193823 -4.367023 0.076625 0.044966 -0.060558 -0.997151 0.194713 0.791943 2 17 0.200000 18 0.800000
mnt_body.png
 47 -2.193823 -4.367023 0.076625 0.044966 -0.060558 -0.997151 0.194713 0.791943 2 17 0.200000 18 0.800000
 47 -1.428499 -5.311425 0.478301 0.559760 -0.516701 -0.647834 0.187366 0.811177 1 18 1.000000
 47 -2.339570 -5.575916 0.392594 -0.119303 -0.762740 -0.635605 0.196284 0.815480 1 18 1.000000
mnt_body.png
 47 -2.193823 -4.367023 0.076625 0.044966 -0.060558 -0.997151 0.194713 0.791943 2 17 0.200000 18 0.800000
 47 -1.064181 -4.338673 0.266032 0.712834 -0.076389 -0.697161 0.183894 0.791829 2 17 0.200000 18 0.800000
 47 -1.428499 -5.311425 0.478301 0.559760 -0.516701 -0.647834 0.187366 0.811177 1 18 1.000000
mnt_body.png
 47 -2.193823 -4.367023 0.076625 0.044966 -0.060558 -0.997151 0.194713 0.791943 2 17 0.200000 18 0.800000
 47 -2.339570 -5.575916 0.392594 -0.119303 -0.762740 -0.635605 0.196284 0.815480 1 18 1.000000
 47 -3.378775 -4.467297 0.265417 0.000000 -0.325013 -0.945710 0.206020 0.793744 2 17 0.200000 18 0.800000
mnt_body.png
 47 -4.422456 1.369439 3.261861 -0.637664 0.588718 0.496785 0.062089 0.510346 2 16 0.498039 17 0.501961
 47 -4.944134 0.267781 3.261860 -0.860721 0.080202 0.502719 0.052277 0.510346 2 16 0.498039 17 0.501961
 47 -4.033875 0.742526 4.910871 -0.530291 0.772954 0.348330 0.061257 0.548249 2 15 0.200000 16 0.800000
mnt_body.png
 47 -4.422456 1.369439 3.261861 -0.637664 0.588718 0.496785 0.062089 0.510346 2 16 0.498039 17 0.501961
 47 -4.033875 0.742526 4.910871 -0.530291 0.772954 0.348330 0.061257 0.548249 2 15 0.200000 16 0.800000
 47 -3.378759 1.767839 3.261862 -0.001955 0.863983 0.503517 0.070848 0.510346 2 16 0.498039 17 0.501961
mnt_body.png
 47 -4.944134 0.267781 3.261860 -0.860721 0.080202 0.502719 0.052277 0.510346 2 16 0.498039 17 0.501961
 47 -4.268201 -1.130577 3.261860 -0.434779 -0.656066 0.616883 0.037209 0.510346 2 16 0.498039 17 0.501961
 47 -4.324806 -0.098554 5.131995 -0.984824 -0.070486 0.158598 0.049531 0.554353 2 15 0.498039 16 0.501961
mnt_body.png
 47 -4.944134 0.267781 3.261860 -0.860721 0.080202 0.502719 0.052277 0.510346 2 16 0.498039 17 0.501961
 47 -4.324806 -0.098554 5.131995 -0.984824 -0.070486 0.158598 0.049531 0.554353 2 15 0.498039 16 0.501961
 47 -4.033875 0.742526 4.910871 -0.530291 0.772954 0.348330 0.061257 0.548249 2 15 0.200000 16 0.800000
mnt_body.png
 47 -4.033875 0.742526 4.910871 -0.530291 0.772954 0.348330 0.061257 0.548249 2 15 0.200000 16 0.800000
 47 -3.968187 0.640894 5.334997 -0.614412 0.786654 0.060607 0.061097 0.560784 2 15 0.800000 16 0.200000
 47 -2.789355 0.854063 5.334998 0.516535 0.849232 0.109530 0.077813 0.560929 2 15 0.800000 16 0.200000
mnt_body.png
 47 -4.033875 0.742526 4.910871 -0.530291 0.772954 0.348330 0.061257 0.548249 2 15 0.200000 16 0.800000
 47 -2.789355 0.854063 5.334998 0.516535 0.849232 0.109530 0.077813 0.560929 2 15 0.800000 16 0.200000
 47 -2.723664 0.895877 4.910872 0.555160 0.754562 0.349905 0.078294 0.548592 2 15 0.200000 16 0.800000
mnt_body.png
 47 -4.033875 0.742526 4.910871 -0.530291 0.772954 0.348330 0.061257 0.548249 2 15 0.200000 16 0.800000
 47 -2.723664 0.895877 4.910872 0.555160 0.754562 0.349905 0.078294 0.548592 2 15 0.200000 16 0.800000
 47 -3.378759 1.767839 3.261862 -0.001955 0.863983 0.503517 0.070848 0.510346 2 16 0.498039 17 0.501961
mnt_body.png
 47 -4.033875 0.742526 4.910871 -0.530291 0.772954 0.348330 0.061257 0.548249 2 15 0.200000 16 0.800000
 47 -4.324806 -0.098554 5.131995 -0.984824 -0.070486 0.158598 0.049531 0.554353 2 15 0.498039 16 0.501961
 47 -3.968187 0.640894 5.334997 -0.614412 0.786654 0.060607 0.061097 0.560784 2 15 0.800000 16 0.200000
mnt_body.png
 47 -3.378759 1.767839 3.261862 -0.001955 0.863983 0.503517 0.070848 0.510346 2 16 0.498039 17 0.501961
 47 -2.723664 0.895877 4.910872 0.555160 0.754562 0.349905 0.078294 0.548592 2 15 0.200000 16 0.800000
 47 -2.335076 1.369432 3.261864 0.652216 0.611089 0.448536 0.079805 0.510346 2 16 0.498039 17 0.501961
mnt_body.png
 47 -4.268201 -1.130577 3.261860 -0.434779 -0.656066 0.616883 0.037209 0.510346 2 16 0.498039 17 0.501961
 47 -2.723161 -1.165948 4.689169 0.334408 -0.940722 0.056696 0.019577 0.544030 2 15 0.200000 16 0.800000
 47 -4.034389 -1.078097 4.689166 -0.600246 -0.793819 0.097752 0.036217 0.543839 2 15 0.200000 16 0.800000
mnt_body.png
 47 -4.268201 -1.130577 3.261860 -0.434779 -0.656066 0.616883 0.037209 0.510346 2 16 0.498039 17 0.501961
 47 -2.489347 -1.195184 3.261863 0.449805 -0.559371 0.696261 0.018929 0.510346 2 16 0.498039 17 0.501961
 47 -2.723161 -1.165948 4.689169 0.334408 -0.940722 0.056696 0.019577 0.544030 2 15 0.200000 16 0.800000
mnt_body.png
 47 -4.268201 -1.130577 3.261860 -0.434779 -0.656066 0.616883 0.037209 0.510346 2 16 0.498039 17 0.501961
 47 -4.034389 -1.078097 4.689166 -0.600246 -0.793819 0.097752 0.036217 0.543839 2 15 0.200000 16 0.800000
 47 -4.324806 -0.098554 5.131995 -0.984824 -0.070486 0.158598 0.049531 0.554353 2 15 0.498039 16 0.501961
mnt_body.png
 47 -4.324806 -0.098554 5.131995 -0.984824 -0.070486 0.158598 0.049531 0.554353 2 15 0.498039 16 0.501961
 47 -3.994329 -0.999112 5.501291 -0.618170 -0.776628 0.121307 0.036416 0.565026 2 15 0.800000 16 0.200000
 47 -4.261220 0.003288 7.110582 -0.992412 0.029363 -0.119402 0.050111 0.612833 2 4 0.498039 15 0.501961
mnt_body.png
 47 -4.324806 -0.098554 5.131995 -0.984824 -0.070486 0.158598 0.049531 0.554353 2 15 0.498039 16 0.501961
 47 -4.261220 0.003288 7.110582 -0.992412 0.029363 -0.119402 0.050111 0.612833 2 4 0.498039 15 0.501961
 47 -3.968187 0.640894 5.334997 -0.614412 0.786654 0.060607 0.061097 0.560784 2 15 0.800000 16 0.200000
mnt_body.png
 47 -4.324806 -0.098554 5.131995 -0.984824 -0.070486 0.158598 0.049531 0.554353 2 15 0.498039 16 0.501961
 47 -4.034389 -1.078097 4.689166 -0.600246 -0.793819 0.097752 0.036217 0.543839 2 15 0.200000 16 0.800000
 47 -4.011803 -1.056968 5.131995 -0.439929 -0.893518 0.089931 0.036202 0.555108 2 15 0.498039 16 0.501961
mnt_body.png
 47 -4.324806 -0.098554 5.131995 -0.984824 -0.070486 0.158598 0.049531 0.554353 2 15 0.498039 16 0.501961
 47 -4.011803 -1.056968 5.131995 -0.439929 -0.893518 0.089931 0.036202 0.555108 2 15 0.498039 16 0.501961
 47 -3.994329 -0.999112 5.501291 -0.618170 -0.776628 0.121307 0.036416 0.565026 2 15 0.800000 16 0.200000
mnt_body.png
 47 -3.968187 0.640894 5.334997 -0.614412 0.786654 0.060607 0.061097 0.560784 2 15 0.800000 16 0.200000
 47 -2.826313 0.934401 6.408888 -0.045013 0.657827 -0.751823 0.077562 0.592187 2 4 0.498039 15 0.501961
 47 -2.789355 0.854063 5.334998 0.516535 0.849232 0.109530 0.077813 0.560929 2 15 0.800000 16 0.200000
mnt_body.png
 47 -3.968187 0.640894 5.334997 -0.614412 0.786654 0.060607 0.061097 0.560784 2 15 0.800000 16 0.200000
 47 -3.900287 0.807053 6.975898 -0.760610 0.518178 -0.391106 0.062669 0.609598 2 4 0.498039 15 0.501961
 47 -2.826313 0.934401 6.408888 -0.045013 0.657827 -0.751823 0.077562 0.592187 2 4 0.498039 15 0.501961
mnt_body.png
 47 -3.968187 0.640894 5.334997 -0.614412 0.786654 0.060607 0.061097 0.560784 2 15 0.800000 16 0.200000
 47 -4.261220 0.003288 7.110582 -0.992412 0.029363 -0.119402 0.050111 0.612833 2 4 0.498039 15 0.501961
 47 -3.900287 0.807053 6.975898 -0.760610 0.518178 -0.391106 0.062669 0.609598 2 4 0.498039 15 0.501961
mnt_body.png
 47 -2.723664 0.895877 4.910872 0.555160 0.754562 0.349905 0.078294 0.548592 2 15 0.200000 16 0.800000
 47 -2.432740 -0.098560 5.131997 0.985007 -0.076373 0.154687 0.091127 0.556283 2 15 0.498039 16 0.501961
 47 -1.813406 0.267771 3.261864 0.868276 0.084091 0.488903 0.091127 0.510346 2 16 0.498039 17 0.501961
mnt_body.png
 47 -2.723664 0.895877 4.910872 0.555160 0.754562 0.349905 0.078294 0.548592 2 15 0.200000 16 0.800000
 47 -1.813406 0.267771 3.261864 0.868276 0.084091 0.488903 0.091127 0.510346 2 16 0.498039 17 0.501961
 47 -2.335076 1.369432 3.261864 0.652216 0.611089 0.448536 0.079805 0.510346 2 16 0.498039 17 0.501961
mnt_body.png
 47 -2.723664 0.895877 4.910872 0.555160 0.754562 0.349905 0.078294 0.548592 2 15 0.200000 16 0.800000
 47 -2.789355 0.854063 5.334998 0.516535 0.849232 0.109530 0.077813 0.560929 2 15 0.800000 16 0.200000
 47 -2.432740 -0.098560 5.131997 0.985007 -0.076373 0.154687 0.091127 0.556283 2 15 0.498039 16 0.501961
mnt_body.png
 47 -4.034389 -1.078097 4.689166 -0.600246 -0.793819 0.097752 0.036217 0.543839 2 15 0.200000 16 0.800000
 47 -2.723161 -1.165948 4.689169 0.334408 -0.940722 0.056696 0.019577 0.544030 2 15 0.200000 16 0.800000
 47 -4.011803 -1.056968 5.131995 -0.439929 -0.893518 0.089931 0.036202 0.555108 2 15 0.498039 16 0.501961
mnt_body.png
 47 -2.723161 -1.165948 4.689169 0.334408 -0.940722 0.056696 0.019577 0.544030 2 15 0.200000 16 0.800000
 47 -2.489347 -1.195184 3.261863 0.449805 -0.559371 0.696261 0.018929 0.510346 2 16 0.498039 17 0.501961
 47 -2.432740 -0.098560 5.131997 0.985007 -0.076373 0.154687 0.004402 0.553857 2 15 0.498039 16 0.501961
mnt_body.png
 47 -2.723161 -1.165948 4.689169 0.334408 -0.940722 0.056696 0.019577 0.544030 2 15 0.200000 16 0.800000
 47 -2.745748 -1.178947 5.131997 0.560976 -0.824835 0.070381 0.019814 0.555505 2 15 0.498039 16 0.501961
 47 -4.011803 -1.056968 5.131995 -0.439929 -0.893518 0.089931 0.036202 0.555108 2 15 0.498039 16 0.501961
mnt_body.png
 47 -2.723161 -1.165948 4.689169 0.334408 -0.940722 0.056696 0.019577 0.544030 2 15 0.200000 16 0.800000
 47 -2.432740 -0.098560 5.131997 0.985007 -0.076373 0.154687 0.004402 0.553857 2 15 0.498039 16 0.501961
 47 -2.745748 -1.178947 5.131997 0.560976 -0.824835 0.070381 0.019814 0.555505 2 15 0.498039 16 0.501961
mnt_body.png
 47 -2.489347 -1.195184 3.261863 0.449805 -0.559371 0.696261 0.018929 0.510346 2 16 0.498039 17 0.501961
 47 -1.813406 0.267771 3.261864 0.868276 0.084091 0.488903 0.004402 0.510346 2 16 0.498039 17 0.501961
 47 -2.432740 -0.098560 5.131997 0.985007 -0.076373 0.154687 0.004402 0.553857 2 15 0.498039 16 0.501961
mnt_body.png
 47 -4.261220 0.003288 7.110582 -0.992412 0.029363 -0.119402 0.050111 0.612833 2 4 0.498039 15 0.501961
 47 -3.994329 -0.999112 5.501291 -0.618170 -0.776628 0.121307 0.036416 0.565026 2 15 0.800000 16 0.200000
 47 -3.949919 -0.797252 7.070719 -0.780800 -0.514682 -0.354196 0.037812 0.611215 2 4 0.498039 15 0.501961
mnt_body.png
 47 -4.011803 -1.056968 5.131995 -0.439929 -0.893518 0.089931 0.036202 0.555108 2 15 0.498039 16 0.501961
 47 -2.763222 -1.130207 5.501291 0.558016 -0.818428 0.137090 0.019768 0.565591 2 15 0.800000 16 0.200000
 47 -3.994329 -0.999112 5.501291 -0.618170 -0.776628 0.121307 0.036416 0.565026 2 15 0.800000 16 0.200000
mnt_body.png
 47 -4.011803 -1.056968 5.131995 -0.439929 -0.893518 0.089931 0.036202 0.555108 2 15 0.498039 16 0.501961
 47 -2.745748 -1.178947 5.131997 0.560976 -0.824835 0.070381 0.019814 0.555505 2 15 0.498039 16 0.501961
 47 -2.763222 -1.130207 5.501291 0.558016 -0.818428 0.137090 0.019768 0.565591 2 15 0.800000 16 0.200000
mnt_body.png
 47 -3.994329 -0.999112 5.501291 -0.618170 -0.776628 0.121307 0.036416 0.565026 2 15 0.800000 16 0.200000
 47 -2.763222 -1.130207 5.501291 0.558016 -0.818428 0.137090 0.019768 0.565591 2 15 0.800000 16 0.200000
 47 -2.792178 -1.012287 6.456502 -0.027418 -0.712688 -0.700946 0.020020 0.594377 2 4 0.498039 15 0.501961
mnt_body.png
 47 -3.994329 -0.999112 5.501291 -0.618170 -0.776628 0.121307 0.036416 0.565026 2 15 0.800000 16 0.200000
 47 -2.792178 -1.012287 6.456502 -0.027418 -0.712688 -0.700946 0.020020 0.594377 2 4 0.498039 15 0.501961
 47 -3.949919 -0.797252 7.070719 -0.780800 -0.514682 -0.354196 0.037812 0.611215 2 4 0.498039 15 0.501961
mnt_body.png
 47 -2.826313 0.934401 6.408888 -0.045013 0.657827 -0.751823 0.077562 0.592187 2 4 0.498039 15 0.501961
 47 -2.512446 -0.057649 6.152968 0.900530 0.009788 -0.434684 0.091127 0.583482 2 4 0.498039 15 0.501961
 47 -2.789355 0.854063 5.334998 0.516535 0.849232 0.109530 0.077813 0.560929 2 15 0.800000 16 0.200000
mnt_body.png
 47 -2.432740 -0.098560 5.131997 0.985007 -0.076373 0.154687 0.091127 0.556283 2 15 0.498039 16 0.501961
 47 -2.789355 0.854063 5.334998 0.516535 0.849232 0.109530 0.077813 0.560929 2 15 0.800000 16 0.200000
 47 -2.512446 -0.057649 6.152968 0.900530 0.009788 -0.434684 0.091127 0.583482 2 4 0.498039 15 0.501961
mnt_body.png
 47 -2.432740 -0.098560 5.131997 0.985007 -0.076373 0.154687 0.004402 0.553857 2 15 0.498039 16 0.501961
 47 -2.512446 -0.057649 6.152968 0.900530 0.009788 -0.434684 0.004402 0.586625 2 4 0.498039 15 0.501961
 47 -2.763222 -1.130207 5.501291 0.558016 -0.818428 0.137090 0.019768 0.565591 2 15 0.800000 16 0.200000
mnt_body.png
 47 -2.432740 -0.098560 5.131997 0.985007 -0.076373 0.154687 0.004402 0.553857 2 15 0.498039 16 0.501961
 47 -2.763222 -1.130207 5.501291 0.558016 -0.818428 0.137090 0.019768 0.565591 2 15 0.800000 16 0.200000
 47 -2.745748 -1.178947 5.131997 0.560976 -0.824835 0.070381 0.019814 0.555505 2 15 0.498039 16 0.501961
mnt_body.png
 47 -2.763222 -1.130207 5.501291 0.558016 -0.818428 0.137090 0.019768 0.565591 2 15 0.800000 16 0.200000
 47 -2.512446 -0.057649 6.152968 0.900530 0.009788 -0.434684 0.004402 0.586625 2 4 0.498039 15 0.501961
 47 -2.792178 -1.012287 6.456502 -0.027418 -0.712688 -0.700946 0.020020 0.594377 2 4 0.498039 15 0.501961
mnt_body.png
 47 5.753831 5.838395 6.252931 0.622554 0.698800 0.352285 0.499354 0.605266 3 4 0.050980 6 0.101961 7 0.847059
 47 5.098910 5.180357 8.793677 0.749585 0.567577 0.340556 0.508561 0.701770 3 4 0.200000 6 0.078431 7 0.721569
 47 8.160114 0.008261 6.257574 0.935823 0.000000 0.352471 0.616037 0.604808 2 4 0.050980 6 0.949020
mnt_body.png
 47 5.753831 5.838395 6.252931 0.622554 0.698800 0.352285 0.499354 0.605266 3 4 0.050980 6 0.101961 7 0.847059
 47 8.160114 0.008261 6.257574 0.935823 0.000000 0.352471 0.616037 0.604808 2 4 0.050980 6 0.949020
 47 8.146141 3.418278 3.714638 0.877162 0.362242 0.315227 0.561007 0.510167 2 6 0.498039 7 0.501961
mnt_body.png
 47 5.753831 5.838395 6.252931 0.622554 0.698800 0.352285 0.499354 0.605266 3 4 0.050980 6 0.101961 7 0.847059
 47 -0.000000 8.229958 6.251026 0.000000 0.934562 0.355801 0.384461 0.604908 3 4 0.039216 7 0.482353 14 0.478431
 47 -0.000000 7.299706 8.791987 0.000000 0.938871 0.344269 0.391655 0.701770 3 4 0.200000 7 0.400000 14 0.400000
mnt_body.png
 47 5.753831 5.838395 6.252931 0.622554 0.698800 0.352285 0.499354 0.605266 3 4 0.050980 6 0.101961 7 0.847059
 47 -0.000000 7.299706 8.791987 0.000000 0.938871 0.344269 0.391655 0.701770 3 4 0.200000 7 0.400000 14 0.400000
 47 5.098910 5.180357 8.793677 0.749585 0.567577 0.340556 0.490906 0.701770 3 4 0.200000 6 0.078431 7 0.721569
mnt_body.png
 47 5.753831 5.838395 6.252931 0.622554 0.698800 0.352285 0.499354 0.605266 3 4 0.050980 6 0.101961 7 0.847059
 47 3.368670 8.230499 3.710805 0.363912 0.876556 0.314987 0.438414 0.510167 1 7 1.000000
 47 -0.000000 8.229958 6.251026 0.000000 0.934562 0.355801 0.384461 0.604908 3 4 0.039216 7 0.482353 14 0.478431
mnt_body.png
 47 5.753831 5.838395 6.252931 0.622554 0.698800 0.352285 0.499354 0.605266 3 4 0.050980 6 0.101961 7 0.847059
 47 8.146141 3.418278 3.714638 0.877162 0.362242 0.315227 0.561007 0.510167 2 6 0.498039 7 0.501961
 47 6.197402 6.283429 3.712355 0.688299 0.684389 0.240535 0.499483 0.510167 2 6 0.101961 7 0.898039
mnt_body.png
 47 5.753831 5.838395 6.252931 0.622554 0.698800 0.352285 0.499354 0.605266 3 4 0.050980 6 0.101961 7 0.847059
 47 6.197402 6.283429 3.712355 0.688299 0.684389 0.240535 0.499483 0.510167 2 6 0.101961 7 0.898039
 47 3.368670 8.230499 3.710805 0.363912 0.876556 0.314987 0.438414 0.510167 1 7 1.000000
mnt_body.png
 47 5.098910 5.180357 8.793677 0.749585 0.567577 0.340556 0.508561 0.701770 3 4 0.200000 6 0.078431 7 0.721569
 47 7.231302 0.010293 8.797792 0.939498 0.000000 0.342555 0.608681 0.701770 2 4 0.200000 6 0.800000
 47 8.160114 0.008261 6.257574 0.935823 0.000000 0.352471 0.616037 0.604808 2 4 0.050980 6 0.949020
mnt_body.png
 47 8.160114 0.008261 6.257574 0.935823 0.000000 0.352471 0.616037 0.604808 2 4 0.050980 6 0.949020
 47 8.789190 0.006234 3.717355 0.970606 0.000000 0.240673 0.623267 0.510167 1 6 1.000000
 47 8.146141 3.418278 3.714638 0.877162 0.362242 0.315227 0.561007 0.510167 2 6 0.498039 7 0.501961
mnt_body.png
 47 -0.000000 8.229958 6.251026 0.000000 0.934562 0.355801 0.384461 0.604908 3 4 0.039216 7 0.482353 14 0.478431
 47 3.368670 8.230499 3.710805 0.363912 0.876556 0.314987 0.438414 0.510167 1 7 1.000000
 47 -0.000000 8.859360 3.710304 0.000000 0.970612 0.240650 0.377049 0.510167 2 7 0.498039 14 0.501961
mnt_body.png
 47 0.000000 -0.016690 9.710987 0.000000 -0.001957 0.999998 0.406393 1.018906 2 4 0.698039 19 0.301961
 47 6.569797 -0.016690 12.108141 0.448432 -0.066594 0.891333 0.387441 0.925950 2 4 0.698039 19 0.301961
 47 5.674630 3.187125 12.018394 0.354139 0.180026 0.917701 0.423014 0.925950 2 4 0.698039 19 0.301961
mnt_body.png
 47 6.569797 -0.016690 12.108141 0.448432 -0.066594 0.891333 0.387441 0.925950 2 4 0.698039 19 0.301961
 47 6.798429 0.000000 11.759504 0.999283 -0.013689 0.035287 0.387539 0.914480 2 4 0.698039 19 0.301961
 47 5.674630 3.187125 12.018394 0.354139 0.180026 0.917701 0.423014 0.925950 2 4 0.698039 19 0.301961
mnt_body.png
 47 6.569797 -0.016690 12.108141 0.448432 -0.066594 0.891333 0.387441 0.925950 2 4 0.698039 19 0.301961
 47 5.775539 -3.560119 11.639464 0.850407 -0.525836 0.017452 0.348982 0.914480 2 4 0.698039 19 0.301961
 47 6.798429 0.000000 11.759504 0.999283 -0.013689 0.035287 0.387539 0.914480 2 4 0.698039 19 0.301961
mnt_body.png
 47 6.569797 -0.016690 12.108141 0.448432 -0.066594 0.891333 0.387441 0.925950 2 4 0.698039 19 0.301961
 47 5.561429 -3.473897 12.004905 0.262252 -0.193757 0.945348 0.348982 0.925950 2 4 0.698039 19 0.301961
 47 5.775539 -3.560119 11.639464 0.850407 -0.525836 0.017452 0.348982 0.914480 2 4 0.698039 19 0.301961
mnt_body.png
 47 6.569797 -0.016690 12.108141 0.448432 -0.066594 0.891333 0.387441 0.925950 2 4 0.698039 19 0.301961
 47 0.000000 -0.016690 9.710987 0.000000 -0.001957 0.999998 0.367078 1.018906 2 4 0.698039 19 0.301961
 47 5.561429 -3.473897 12.004905 0.262252 -0.193757 0.945348 0.348982 0.925950 2 4 0.698039 19 0.301961
mnt_body.png
 47 5.674630 3.187125 12.018394 0.354139 0.180026 0.917701 0.423014 0.925950 2 4 0.698039 19 0.301961
 47 5.968412 3.359270 11.639464 0.880411 0.469530 0.066469 0.423365 0.914480 2 4 0.698039 19 0.301961
 47 3.515171 5.511642 11.836145 0.168416 0.256534 0.951749 0.457908 0.925950 2 4 0.698039 19 0.301961
mnt_body.png
 47 5.674630 3.187125 12.018394 0.354139 0.180026 0.917701 0.423014 0.925950 2 4 0.698039 19 0.301961
 47 6.798429 0.000000 11.759504 0.999283 -0.013689 0.035287 0.387539 0.914480 2 4 0.698039 19 0.301961
 47 5.968412 3.359270 11.639464 0.880411 0.469530 0.066469 0.423365 0.914480 2 4 0.698039 19 0.301961
mnt_body.png
 47 5.674630 3.187125 12.018394 0.354139 0.180026 0.917701 0.423014 0.925950 2 4 0.698039 19 0.301961
 47 3.515171 5.511642 11.836145 0.168416 0.256534 0.951749 0.457908 0.925950 2 4 0.698039 19 0.301961
 47 0.000000 -0.016690 9.710987 0.000000 -0.001957 0.999998 0.439978 1.018906 2 4 0.698039 19 0.301961
mnt_body.png
 47 6.798429 0.000000 11.759504 0.999283 -0.013689 0.035287 0.387539 0.914480 2 4 0.698039 19 0.301961
 47 6.389835 0.000000 11.100649 0.817619 0.054768 -0.573149 0.387501 0.897879 2 4 0.800000 19 0.200000
 47 5.968412 3.359270 11.639464 0.880411 0.469530 0.066469 0.423365 0.914480 2 4 0.698039 19 0.301961
mnt_body.png
 47 6.798429 0.000000 11.759504 0.999283 -0.013689 0.035287 0.387539 0.914480 2 4 0.698039 19 0.301961
 47 5.533760 -3.194917 11.100649 0.752577 -0.338166 -0.565041 0.348982 0.899972 2 4 0.800000 19 0.200000
 47 6.389835 0.000000 11.100649 0.817619 0.054768 -0.573149 0.387501 0.897879 2 4 0.800000 19 0.200000
mnt_body.png
 47 6.798429 0.000000 11.759504 0.999283 -0.013689 0.035287 0.387539 0.914480 2 4 0.698039 19 0.301961
 47 5.775539 -3.560119 11.639464 0.850407 -0.525836 0.017452 0.348982 0.914480 2 4 0.698039 19 0.301961
 47 5.533760 -3.194917 11.100649 0.752577 -0.338166 -0.565041 0.348982 0.899972 2 4 0.800000 19 0.200000
mnt_body.png
 47 5.775539 -3.560119 11.639464 0.850407 -0.525836 0.017452 0.348982 0.914480 2 4 0.698039 19 0.301961
 47 3.172745 -5.961954 11.847698 0.281774 -0.407058 0.868854 0.311882 0.925950 2 4 0.698039 19 0.301961
 47 3.274998 -6.171478 11.452154 0.483547 -0.831955 -0.272089 0.311882 0.914480 2 4 0.698039 19 0.301961
mnt_body.png
 47 5.775539 -3.560119 11.639464 0.850407 -0.525836 0.017452 0.348982 0.914480 2 4 0.698039 19 0.301961
 47 5.561429 -3.473897 12.004905 0.262252 -0.193757 0.945348 0.348982 0.925950 2 4 0.698039 19 0.301961
 47 3.172745 -5.961954 11.847698 0.281774 -0.407058 0.868854 0.311882 0.925950 2 4 0.698039 19 0.301961
mnt_body.png
 47 5.775539 -3.560119 11.639464 0.850407 -0.525836 0.017452 0.348982 0.914480 2 4 0.698039 19 0.301961
 47 3.194917 -5.533760 11.100649 0.389377 -0.479413 -0.786479 0.312525 0.899771 2 4 0.800000 19 0.200000
 47 5.533760 -3.194917 11.100649 0.752577 -0.338166 -0.565041 0.348982 0.899972 2 4 0.800000 19 0.200000
mnt_body.png
 47 5.775539 -3.560119 11.639464 0.850407 -0.525836 0.017452 0.348982 0.914480 2 4 0.698039 19 0.301961
 47 3.274998 -6.171478 11.452154 0.483547 -0.831955 -0.272089 0.311882 0.914480 2 4 0.698039 19 0.301961
 47 3.194917 -5.533760 11.100649 0.389377 -0.479413 -0.786479 0.312525 0.899771 2 4 0.800000 19 0.200000
mnt_body.png
 47 5.561429 -3.473897 12.004905 0.262252 -0.193757 0.945348 0.348982 0.925950 2 4 0.698039 19 0.301961
 47 0.000000 -0.016690 9.710987 0.000000 -0.001957 0.999998 0.330529 1.018906 2 4 0.698039 19 0.301961
 47 3.172745 -5.961954 11.847698 0.281774 -0.407058 0.868854 0.311882 0.925950 2 4 0.698039 19 0.301961
mnt_body.png
 47 5.968412 3.359270 11.639464 0.880411 0.469530 0.066469 0.423365 0.914480 2 4 0.698039 19 0.301961
 47 3.734377 5.888147 11.502270 0.534066 0.845112 0.023651 0.457908 0.914480 2 4 0.698039 19 0.301961
 47 3.515171 5.511642 11.836145 0.168416 0.256534 0.951749 0.457908 0.925950 2 4 0.698039 19 0.301961
mnt_body.png
 47 5.968412 3.359270 11.639464 0.880411 0.469530 0.066469 0.423365 0.914480 2 4 0.698039 19 0.301961
 47 5.533760 3.194917 11.100649 0.583312 0.363992 -0.726124 0.423828 0.899754 2 4 0.800000 19 0.200000
 47 3.734377 5.888147 11.502270 0.534066 0.845112 0.023651 0.457908 0.914480 2 4 0.698039 19 0.301961
mnt_body.png
 47 5.968412 3.359270 11.639464 0.880411 0.469530 0.066469 0.423365 0.914480 2 4 0.698039 19 0.301961
 47 6.389835 0.000000 11.100649 0.817619 0.054768 -0.573149 0.387501 0.897879 2 4 0.800000 19 0.200000
 47 5.533760 3.194917 11.100649 0.583312 0.363992 -0.726124 0.423828 0.899754 2 4 0.800000 19 0.200000
mnt_body.png
 47 3.515171 5.511642 11.836145 0.168416 0.256534 0.951749 0.457908 0.925950 2 4 0.698039 19 0.301961
 47 3.734377 5.888147 11.502270 0.534066 0.845112 0.023651 0.457908 0.914480 2 4 0.698039 19 0.301961
 47 0.000000 6.725953 11.693155 0.000000 0.344300 0.938860 0.494640 0.925950 2 4 0.698039 19 0.301961
mnt_body.png
 47 3.515171 5.511642 11.836145 0.168416 0.256534 0.951749 0.457908 0.925950 2 4 0.698039 19 0.301961
 47 0.000000 6.725953 11.693155 0.000000 0.344300 0.938860 0.494640 0.925950 2 4 0.698039 19 0.301961
 47 0.000000 -0.016690 9.710987 0.000000 -0.001957 0.999998 0.473679 1.018906 2 4 0.698039 19 0.301961
mnt_body.png
 47 3.172745 -5.961954 11.847698 0.281774 -0.407058 0.868854 0.311882 0.925950 2 4 0.698039 19 0.301961
 47 0.000000 -7.244054 11.676022 0.000000 -0.546131 0.837700 0.275231 0.925950 2 4 0.698039 19 0.301961
 47 3.274998 -6.171478 11.452154 0.483547 -0.831955 -0.272089 0.311882 0.914480 2 4 0.698039 19 0.301961
mnt_body.png
 47 3.172745 -5.961954 11.847698 0.281774 -0.407058 0.868854 0.311882 0.925950 2 4 0.698039 19 0.301961
 47 0.000000 -0.016690 9.710987 0.000000 -0.001957 0.999998 0.295524 1.018906 2 4 0.698039 19 0.301961
 47 0.000000 -7.244054 11.676022 0.000000 -0.546131 0.837700 0.275231 0.925950 2 4 0.698039 19 0.301961
mnt_body.png
 47 3.274998 -6.171478 11.452154 0.483547 -0.831955 -0.272089 0.311882 0.914480 2 4 0.698039 19 0.301961
 47 0.000000 -7.244054 11.676022 0.000000 -0.546131 0.837700 0.275231 0.925950 2 4 0.698039 19 0.301961
 47 0.000000 -7.468755 11.370417 0.000000 -0.931433 -0.363914 0.275231 0.914480 2 4 0.698039 19 0.301961
mnt_body.png
 47 3.274998 -6.171478 11.452154 0.483547 -0.831955 -0.272089 0.311882 0.914480 2 4 0.698039 19 0.301961
 47 0.000000 -6.389835 11.100649 0.000000 -0.359960 -0.932968 0.277159 0.890815 2 4 0.800000 19 0.200000
 47 3.194917 -5.533760 11.100649 0.389377 -0.479413 -0.786479 0.312525 0.899771 2 4 0.800000 19 0.200000
mnt_body.png
 47 3.274998 -6.171478 11.452154 0.483547 -0.831955 -0.272089 0.311882 0.914480 2 4 0.698039 19 0.301961
 47 0.000000 -7.468755 11.370417 0.000000 -0.931433 -0.363914 0.275231 0.914480 2 4 0.698039 19 0.301961
 47 0.000000 -6.389835 11.100649 0.000000 -0.359960 -0.932968 0.277159 0.890815 2 4 0.800000 19 0.200000
mnt_body.png
 47 3.734377 5.888147 11.502270 0.534066 0.845112 0.023651 0.457908 0.914480 2 4 0.698039 19 0.301961
 47 0.000000 7.029651 11.456247 0.000000 0.888104 -0.459643 0.494640 0.914480 2 4 0.698039 19 0.301961
 47 0.000000 6.725953 11.693155 0.000000 0.344300 0.938860 0.494640 0.925950 2 4 0.698039 19 0.301961
mnt_body.png
 47 3.734377 5.888147 11.502270 0.534066 0.845112 0.023651 0.457908 0.914480 2 4 0.698039 19 0.301961
 47 3.194917 5.533760 11.100649 0.234956 0.489463 -0.839775 0.461118 0.898862 2 4 0.800000 19 0.200000
 47 0.000000 7.029651 11.456247 0.000000 0.888104 -0.459643 0.494640 0.914480 2 4 0.698039 19 0.301961
mnt_body.png
 47 3.734377 5.888147 11.502270 0.534066 0.845112 0.023651 0.457908 0.914480 2 4 0.698039 19 0.301961
 47 5.533760 3.194917 11.100649 0.583312 0.363992 -0.726124 0.423828 0.899754 2 4 0.800000 19 0.200000
 47 3.194917 5.533760 11.100649 0.234956 0.489463 -0.839775 0.461118 0.898862 2 4 0.800000 19 0.200000
mnt_body.png
 47 0.000000 7.029651 11.456247 0.000000 0.888104 -0.459643 0.494640 0.914480 2 4 0.698039 19 0.301961
 47 3.194917 5.533760 11.100649 0.234956 0.489463 -0.839775 0.461118 0.898862 2 4 0.800000 19 0.200000
 47 0.000000 6.389835 11.100649 0.000000 0.485141 -0.874436 0.493507 0.899636 2 4 0.800000 19 0.200000
mnt_body.png
 47 6.389835 0.000000 11.100649 0.637483 0.056703 0.768375 0.403259 0.880718 2 4 0.800000 19 0.200000
 47 6.730308 0.000000 10.818352 0.995366 0.007822 0.095841 0.403324 0.866801 2 4 0.800000 19 0.200000
 47 5.828619 3.365154 10.818352 0.857633 0.505233 0.095944 0.434452 0.866801 2 4 0.800000 19 0.200000
mnt_body.png
 47 6.389835 0.000000 11.100649 0.637483 0.056703 0.768375 0.403259 0.880718 2 4 0.800000 19 0.200000
 47 5.828619 3.365154 10.818352 0.857633 0.505233 0.095944 0.434452 0.866801 2 4 0.800000 19 0.200000
 47 5.533760 3.194917 11.100649 0.522561 0.367924 0.769131 0.434380 0.880718 2 4 0.800000 19 0.200000
mnt_body.png
 47 6.389835 0.000000 11.100649 0.637483 0.056703 0.768375 0.403259 0.880718 2 4 0.800000 19 0.200000
 47 5.533760 -3.194917 11.100649 0.580572 -0.269781 0.768215 0.372359 0.880718 2 4 0.800000 19 0.200000
 47 6.730308 0.000000 10.818352 0.995366 0.007822 0.095841 0.403324 0.866801 2 4 0.800000 19 0.200000
mnt_body.png
 47 6.730308 0.000000 10.818352 0.995366 0.007822 0.095841 0.403324 0.866801 2 4 0.800000 19 0.200000
 47 6.401814 0.000000 10.422400 0.767050 -0.068489 -0.637921 0.403435 0.852922 2 4 0.800000 19 0.200000
 47 5.544133 3.200907 10.422400 0.698429 0.324707 -0.637779 0.434471 0.852922 2 4 0.800000 19 0.200000
mnt_body.png
 47 6.730308 0.000000 10.818352 0.995366 0.007822 0.095841 0.403324 0.866801 2 4 0.800000 19 0.200000
 47 5.544133 3.200907 10.422400 0.698429 0.324707 -0.637779 0.434471 0.852922 2 4 0.800000 19 0.200000
 47 5.828619 3.365154 10.818352 0.857633 0.505233 0.095944 0.434452 0.866801 2 4 0.800000 19 0.200000
mnt_body.png
 47 6.730308 0.000000 10.818352 0.995366 0.007822 0.095841 0.403324 0.866801 2 4 0.800000 19 0.200000
 47 5.828619 -3.365154 10.818352 0.866021 -0.490734 0.095848 0.372359 0.866801 2 4 0.800000 19 0.200000
 47 6.401814 0.000000 10.422400 0.767050 -0.068489 -0.637921 0.403435 0.852922 2 4 0.800000 19 0.200000
mnt_body.png
 47 6.730308 0.000000 10.818352 0.995366 0.007822 0.095841 0.403324 0.866801 2 4 0.800000 19 0.200000
 47 5.533760 -3.194917 11.100649 0.580572 -0.269781 0.768215 0.372359 0.880718 2 4 0.800000 19 0.200000
 47 5.828619 -3.365154 10.818352 0.866021 -0.490734 0.095848 0.372359 0.866801 2 4 0.800000 19 0.200000
mnt_body.png
 47 5.828619 3.365154 10.818352 0.857633 0.505233 0.095944 0.434452 0.866801 2 4 0.800000 19 0.200000
 47 5.544133 3.200907 10.422400 0.698429 0.324707 -0.637779 0.434471 0.852922 2 4 0.800000 19 0.200000
 47 3.200907 5.544133 10.422400 0.443859 0.629690 -0.637558 0.465572 0.852922 2 4 0.800000 19 0.200000
mnt_body.png
 47 5.828619 3.365154 10.818352 0.857633 0.505233 0.095944 0.434452 0.866801 2 4 0.800000 19 0.200000
 47 3.200907 5.544133 10.422400 0.443859 0.629690 -0.637558 0.465572 0.852922 2 4 0.800000 19 0.200000
 47 3.365154 5.828619 10.818352 0.490734 0.866021 0.095848 0.465572 0.866801 2 4 0.800000 19 0.200000
mnt_body.png
 47 5.828619 3.365154 10.818352 0.857633 0.505233 0.095944 0.434452 0.866801 2 4 0.800000 19 0.200000
 47 3.365154 5.828619 10.818352 0.490734 0.866021 0.095848 0.465572 0.866801 2 4 0.800000 19 0.200000
 47 5.533760 3.194917 11.100649 0.522561 0.367924 0.769131 0.434380 0.880718 2 4 0.800000 19 0.200000
mnt_body.png
 47 5.533760 3.194917 11.100649 0.522561 0.367924 0.769131 0.434380 0.880718 2 4 0.800000 19 0.200000
 47 3.365154 5.828619 10.818352 0.490734 0.866021 0.095848 0.465572 0.866801 2 4 0.800000 19 0.200000
 47 3.194917 5.533760 11.100649 0.269781 0.580572 0.768215 0.465572 0.880718 2 4 0.800000 19 0.200000
mnt_body.png
 47 5.533760 -3.194917 11.100649 0.580572 -0.269781 0.768215 0.372359 0.880718 2 4 0.800000 19 0.200000
 47 3.194917 -5.533760 11.100649 0.367924 -0.522561 0.769131 0.341784 0.880718 2 4 0.800000 19 0.200000
 47 5.828619 -3.365154 10.818352 0.866021 -0.490734 0.095848 0.372359 0.866801 2 4 0.800000 19 0.200000
mnt_body.png
 47 6.401814 0.000000 10.422400 0.767050 -0.068489 -0.637921 0.403435 0.852922 2 4 0.800000 19 0.200000
 47 5.828619 -3.365154 10.818352 0.866021 -0.490734 0.095848 0.372359 0.866801 2 4 0.800000 19 0.200000
 47 5.544133 -3.200907 10.422400 0.629690 -0.443859 -0.637558 0.372359 0.852922 2 4 0.800000 19 0.200000
mnt_body.png
 47 5.828619 -3.365154 10.818352 0.866021 -0.490734 0.095848 0.372359 0.866801 2 4 0.800000 19 0.200000
 47 3.365154 -5.828619 10.818352 0.505233 -0.857633 0.095944 0.341784 0.866801 2 4 0.800000 19 0.200000
 47 5.544133 -3.200907 10.422400 0.629690 -0.443859 -0.637558 0.372359 0.852922 2 4 0.800000 19 0.200000
mnt_body.png
 47 5.828619 -3.365154 10.818352 0.866021 -0.490734 0.095848 0.372359 0.866801 2 4 0.800000 19 0.200000
 47 3.194917 -5.533760 11.100649 0.367924 -0.522561 0.769131 0.341784 0.880718 2 4 0.800000 19 0.200000
 47 3.365154 -5.828619 10.818352 0.505233 -0.857633 0.095944 0.341784 0.866801 2 4 0.800000 19 0.200000
mnt_body.png
 47 3.200907 5.544133 10.422400 0.443859 0.629690 -0.637558 0.465572 0.852922 2 4 0.800000 19 0.200000
 47 0.000000 6.401814 10.422400 0.000000 0.769626 -0.638494 0.496428 0.852922 2 4 0.800000 19 0.200000
 47 3.365154 5.828619 10.818352 0.490734 0.866021 0.095848 0.465572 0.866801 2 4 0.800000 19 0.200000
mnt_body.png
 47 3.365154 5.828619 10.818352 0.490734 0.866021 0.095848 0.465572 0.866801 2 4 0.800000 19 0.200000
 47 0.000000 6.401814 10.422400 0.000000 0.769626 -0.638494 0.496428 0.852922 2 4 0.800000 19 0.200000
 47 0.000000 6.730308 10.818352 0.000000 0.914181 0.405307 0.497040 0.866801 2 4 0.800000 19 0.200000
mnt_body.png
 47 3.365154 5.828619 10.818352 0.490734 0.866021 0.095848 0.465572 0.866801 2 4 0.800000 19 0.200000
 47 0.000000 6.730308 10.818352 0.000000 0.914181 0.405307 0.497040 0.866801 2 4 0.800000 19 0.200000
 47 3.194917 5.533760 11.100649 0.269781 0.580572 0.768215 0.465572 0.880718 2 4 0.800000 19 0.200000
mnt_body.png
 47 3.194917 5.533760 11.100649 0.269781 0.580572 0.768215 0.465572 0.880718 2 4 0.800000 19 0.200000
 47 0.000000 6.730308 10.818352 0.000000 0.914181 0.405307 0.497040 0.866801 2 4 0.800000 19 0.200000
 47 0.000000 6.389835 11.100649 0.000000 0.638494 0.769626 0.496408 0.880718 2 4 0.800000 19 0.200000
mnt_body.png
 47 3.194917 -5.533760 11.100649 0.367924 -0.522561 0.769131 0.341784 0.880718 2 4 0.800000 19 0.200000
 47 0.000000 -6.389835 11.100649 0.000000 -0.638494 0.769626 0.310972 0.880718 2 4 0.800000 19 0.200000
 47 3.365154 -5.828619 10.818352 0.505233 -0.857633 0.095944 0.341784 0.866801 2 4 0.800000 19 0.200000
mnt_body.png
 47 5.544133 -3.200907 10.422400 0.629690 -0.443859 -0.637558 0.372359 0.852922 2 4 0.800000 19 0.200000
 47 3.365154 -5.828619 10.818352 0.505233 -0.857633 0.095944 0.341784 0.866801 2 4 0.800000 19 0.200000
 47 3.200907 -5.544133 10.422400 0.324707 -0.698429 -0.637779 0.341784 0.852922 2 4 0.800000 19 0.200000
mnt_body.png
 47 3.365154 -5.828619 10.818352 0.505233 -0.857633 0.095944 0.341784 0.866801 2 4 0.800000 19 0.200000
 47 0.000000 -6.730308 10.818352 0.000000 -0.974368 -0.224960 0.310972 0.866801 2 4 0.800000 19 0.200000
 47 3.200907 -5.544133 10.422400 0.324707 -0.698429 -0.637779 0.341784 0.852922 2 4 0.800000 19 0.200000
mnt_body.png
 47 3.365154 -5.828619 10.818352 0.505233 -0.857633 0.095944 0.341784 0.866801 2 4 0.800000 19 0.200000
 47 0.000000 -6.389835 11.100649 0.000000 -0.638494 0.769626 0.310972 0.880718 2 4 0.800000 19 0.200000
 47 0.000000 -6.730308 10.818352 0.000000 -0.974368 -0.224960 0.310972 0.866801 2 4 0.800000 19 0.200000
mnt_body.png
 47 3.200907 -5.544133 10.422400 0.324707 -0.698429 -0.637779 0.341784 0.852922 2 4 0.800000 19 0.200000
 47 0.000000 -6.730308 10.818352 0.000000 -0.974368 -0.224960 0.310972 0.866801 2 4 0.800000 19 0.200000
 47 0.000000 -6.401814 10.422400 0.000000 -0.774832 -0.632167 0.310972 0.852922 2 4 0.800000 19 0.200000
mnt_body.png
 47 5.544133 -3.200907 10.422400 0.655611 -0.305227 0.690659 0.533018 0.701770 2 4 0.800000 19 0.200000
 47 3.200907 -5.544133 10.422400 0.416297 -0.592189 0.689934 0.469447 0.701770 2 4 0.800000 19 0.200000
 47 6.763905 -3.905143 8.951694 0.696661 -0.395303 0.598664 0.536710 0.637133 3 4 0.200000 5 0.400000 6 0.400000
mnt_body.png
 47 3.200907 -5.544133 10.422400 0.416297 -0.592189 0.689934 0.469447 0.701770 2 4 0.800000 19 0.200000
 47 3.905142 -6.763906 8.951694 0.405142 -0.690830 0.598844 0.464607 0.637133 2 4 0.200000 5 0.800000
 47 6.763905 -3.905143 8.951694 0.696661 -0.395303 0.598664 0.536710 0.637133 3 4 0.200000 5 0.400000 6 0.400000
mnt_body.png
 47 6.763905 -3.905143 8.951694 0.696661 -0.395303 0.598664 0.536710 0.637133 3 4 0.200000 5 0.400000 6 0.400000
 47 3.905142 -6.763906 8.951694 0.405142 -0.690830 0.598844 0.464607 0.637133 2 4 0.200000 5 0.800000
 47 7.577744 -4.375012 7.315361 0.804475 -0.459939 0.375867 0.538905 0.573864 3 4 0.101961 5 0.447059 6 0.450980
mnt_body.png
 47 3.905142 -6.763906 8.951694 0.405142 -0.690830 0.598844 0.464607 0.637133 2 4 0.200000 5 0.800000
 47 4.375012 -7.577743 7.315361 0.467568 -0.800196 0.375589 0.461431 0.573864 2 4 0.101961 5 0.898039
 47 7.577744 -4.375012 7.315361 0.804475 -0.459939 0.375867 0.538905 0.573864 3 4 0.101961 5 0.447059 6 0.450980
mnt_body.png
 47 7.577744 -4.375012 7.315361 0.804475 -0.459939 0.375867 0.538905 0.573864 3 4 0.101961 5 0.447059 6 0.450980
 47 4.375012 -7.577743 7.315361 0.467568 -0.800196 0.375589 0.461431 0.573864 2 4 0.101961 5 0.898039
 47 7.968710 -4.600737 5.544476 0.792588 -0.557701 0.246522 0.538905 0.510167 2 5 0.498039 6 0.501961
mnt_body.png
 47 7.577744 -4.375012 7.315361 0.804475 -0.459939 0.375867 0.538905 0.573864 3 4 0.101961 5 0.447059 6 0.450980
 47 7.968710 -4.600737 5.544476 0.792588 -0.557701 0.246522 0.538905 0.510167 2 5 0.498039 6 0.501961
 47 9.201473 0.000000 5.544476 0.965248 -0.086163 0.246724 0.619197 0.510167 1 6 1.000000
mnt_body.png
 47 7.577744 -4.375012 7.315361 0.804475 -0.459939 0.375867 0.538905 0.573864 3 4 0.101961 5 0.447059 6 0.450980
 47 9.201473 0.000000 5.544476 0.965248 -0.086163 0.246724 0.619197 0.510167 1 6 1.000000
 47 8.750023 0.000000 7.315361 0.926563 0.003918 0.376118 0.617936 0.573864 2 4 0.101961 6 0.898039
mnt_body.png
 47 7.577744 -4.375012 7.315361 0.804475 -0.459939 0.375867 0.538905 0.573864 3 4 0.101961 5 0.447059 6 0.450980
 47 8.750023 0.000000 7.315361 0.926563 0.003918 0.376118 0.617936 0.573864 2 4 0.101961 6 0.898039
 47 6.763905 -3.905143 8.951694 0.696661 -0.395303 0.598664 0.542927 0.637133 3 4 0.200000 5 0.400000 6 0.400000
mnt_body.png
 47 4.375012 -7.577743 7.315361 0.467568 -0.800196 0.375589 0.461431 0.573864 2 4 0.101961 5 0.898039
 47 0.000000 -8.750024 7.315361 0.000000 -0.942433 0.334396 0.381192 0.573864 3 4 0.101961 5 0.447059 12 0.450980
 47 4.600737 -7.968710 5.544475 0.408992 -0.878592 0.246578 0.460822 0.510167 1 5 1.000000
mnt_body.png
 47 4.375012 -7.577743 7.315361 0.467568 -0.800196 0.375589 0.461431 0.573864 2 4 0.101961 5 0.898039
 47 4.600737 -7.968710 5.544475 0.408992 -0.878592 0.246578 0.460822 0.510167 1 5 1.000000
 47 7.968710 -4.600737 5.544476 0.792588 -0.557701 0.246522 0.538905 0.510167 2 5 0.498039 6 0.501961
mnt_body.png
 47 4.375012 -7.577743 7.315361 0.467568 -0.800196 0.375589 0.461431 0.573864 2 4 0.101961 5 0.898039
 47 0.000000 -7.810286 8.951694 0.000000 -0.823592 0.567182 0.385433 0.637133 3 4 0.200000 5 0.400000 12 0.400000
 47 0.000000 -8.750024 7.315361 0.000000 -0.942433 0.334396 0.381192 0.573864 3 4 0.101961 5 0.447059 12 0.450980
mnt_body.png
 47 4.375012 -7.577743 7.315361 0.467568 -0.800196 0.375589 0.461431 0.573864 2 4 0.101961 5 0.898039
 47 3.905142 -6.763906 8.951694 0.405142 -0.690830 0.598844 0.457341 0.637133 2 4 0.200000 5 0.800000
 47 0.000000 -7.810286 8.951694 0.000000 -0.823592 0.567182 0.385433 0.637133 3 4 0.200000 5 0.400000 12 0.400000
mnt_body.png
 47 8.750023 0.000000 7.315361 0.926563 0.003918 0.376118 0.617936 0.573864 2 4 0.101961 6 0.898039
 47 7.810285 0.000000 8.951694 0.800752 0.005873 0.598967 0.613128 0.637133 2 4 0.200000 6 0.800000
 47 6.763905 -3.905143 8.951694 0.696661 -0.395303 0.598664 0.542927 0.637133 3 4 0.200000 5 0.400000 6 0.400000
mnt_body.png
 47 6.763905 -3.905143 8.951694 0.696661 -0.395303 0.598664 0.542927 0.637133 3 4 0.200000 5 0.400000 6 0.400000
 47 7.810285 0.000000 8.951694 0.800752 0.005873 0.598967 0.613128 0.637133 2 4 0.200000 6 0.800000
 47 5.544133 -3.200907 10.422400 0.655611 -0.305227 0.690659 0.549030 0.701770 2 4 0.800000 19 0.200000
mnt_body.png
 47 0.000000 -8.750024 7.315361 0.000000 -0.942433 0.334396 0.381192 0.573864 3 4 0.101961 5 0.447059 12 0.450980
 47 0.000001 -9.201475 5.544476 0.000000 -0.969113 0.246617 0.377049 0.510167 2 5 0.498039 12 0.501961
 47 4.600737 -7.968710 5.544475 0.408992 -0.878592 0.246578 0.460822 0.510167 1 5 1.000000
mnt_body.png
 47 0.000000 -7.810286 8.951694 0.000000 -0.823592 0.567182 0.385433 0.637133 3 4 0.200000 5 0.400000 12 0.400000
 47 3.905142 -6.763906 8.951694 0.405142 -0.690830 0.598844 0.457341 0.637133 2 4 0.200000 5 0.800000
 47 0.000000 -6.401814 10.422400 0.000000 -0.722574 0.691294 0.391655 0.701770 2 4 0.800000 19 0.200000
mnt_body.png
 47 3.905142 -6.763906 8.951694 0.405142 -0.690830 0.598844 0.457341 0.637133 2 4 0.200000 5 0.800000
 47 3.200907 -5.544133 10.422400 0.416297 -0.592189 0.689934 0.451306 0.701770 2 4 0.800000 19 0.200000
 47 0.000000 -6.401814 10.422400 0.000000 -0.722574 0.691294 0.391655 0.701770 2 4 0.800000 19 0.200000
mnt_body.png
 47 7.810285 0.000000 8.951694 0.800752 0.005873 0.598967 0.613128 0.637133 2 4 0.200000 6 0.800000
 47 6.401814 0.000000 10.422400 0.720165 0.064587 0.690790 0.606774 0.701770 2 4 0.800000 19 0.200000
 47 5.544133 -3.200907 10.422400 0.655611 -0.305227 0.690659 0.549030 0.701770 2 4 0.800000 19 0.200000
mnt_body.png
 47 5.544133 3.200907 10.422400 0.592189 0.416297 0.689934 0.549030 0.701770 2 4 0.800000 19 0.200000
 47 6.401814 0.000000 10.422400 0.720165 0.064587 0.690790 0.606774 0.701770 2 4 0.800000 19 0.200000
 47 6.763906 3.905143 8.951694 0.690816 0.405106 0.598885 0.542927 0.637133 3 4 0.200000 6 0.400000 7 0.400000
mnt_body.png
 47 6.401814 0.000000 10.422400 0.720165 0.064587 0.690790 0.606774 0.701770 2 4 0.800000 19 0.200000
 47 7.810285 0.000000 8.951694 0.800752 0.005873 0.598967 0.613128 0.637133 2 4 0.200000 6 0.800000
 47 6.763906 3.905143 8.951694 0.690816 0.405106 0.598885 0.542927 0.637133 3 4 0.200000 6 0.400000 7 0.400000
mnt_body.png
 47 6.763906 3.905143 8.951694 0.690816 0.405106 0.598885 0.542927 0.637133 3 4 0.200000 6 0.400000 7 0.400000
 47 7.810285 0.000000 8.951694 0.800752 0.005873 0.598967 0.613128 0.637133 2 4 0.200000 6 0.800000
 47 7.577744 4.375012 7.315361 0.800129 0.467632 0.375651 0.538905 0.573864 3 4 0.101961 6 0.447059 7 0.450980
mnt_body.png
 47 7.810285 0.000000 8.951694 0.800752 0.005873 0.598967 0.613128 0.637133 2 4 0.200000 6 0.800000
 47 8.750023 0.000000 7.315361 0.926563 0.003918 0.376118 0.617936 0.573864 2 4 0.101961 6 0.898039
 47 7.577744 4.375012 7.315361 0.800129 0.467632 0.375651 0.538905 0.573864 3 4 0.101961 6 0.447059 7 0.450980
mnt_body.png
 47 7.577744 4.375012 7.315361 0.800129 0.467632 0.375651 0.538905 0.573864 3 4 0.101961 6 0.447059 7 0.450980
 47 7.968710 4.600738 5.544476 0.878586 0.409015 0.246563 0.538905 0.510167 2 6 0.498039 7 0.501961
 47 4.600737 7.968710 5.544475 0.557716 0.792561 0.246576 0.460822 0.510167 1 7 1.000000
mnt_body.png
 47 7.577744 4.375012 7.315361 0.800129 0.467632 0.375651 0.538905 0.573864 3 4 0.101961 6 0.447059 7 0.450980
 47 4.600737 7.968710 5.544475 0.557716 0.792561 0.246576 0.460822 0.510167 1 7 1.000000
 47 4.375011 7.577743 7.315360 0.459957 0.804520 0.375748 0.461431 0.573864 2 4 0.101961 7 0.898039
mnt_body.png
 47 7.577744 4.375012 7.315361 0.800129 0.467632 0.375651 0.538905 0.573864 3 4 0.101961 6 0.447059 7 0.450980
 47 8.750023 0.000000 7.315361 0.926563 0.003918 0.376118 0.617936 0.573864 2 4 0.101961 6 0.898039
 47 7.968710 4.600738 5.544476 0.878586 0.409015 0.246563 0.538905 0.510167 2 6 0.498039 7 0.501961
mnt_body.png
 47 7.577744 4.375012 7.315361 0.800129 0.467632 0.375651 0.538905 0.573864 3 4 0.101961 6 0.447059 7 0.450980
 47 4.375011 7.577743 7.315360 0.459957 0.804520 0.375748 0.461431 0.573864 2 4 0.101961 7 0.898039
 47 6.763906 3.905143 8.951694 0.690816 0.405106 0.598885 0.536710 0.637133 3 4 0.200000 6 0.400000 7 0.400000
mnt_body.png
 47 8.750023 0.000000 7.315361 0.926563 0.003918 0.376118 0.617936 0.573864 2 4 0.101961 6 0.898039
 47 9.201473 0.000000 5.544476 0.965248 -0.086163 0.246724 0.619197 0.510167 1 6 1.000000
 47 7.968710 4.600738 5.544476 0.878586 0.409015 0.246563 0.538905 0.510167 2 6 0.498039 7 0.501961
mnt_body.png
 47 4.600737 7.968710 5.544475 0.557716 0.792561 0.246576 0.460822 0.510167 1 7 1.000000
 47 -0.000000 9.201475 5.544475 0.000000 0.969113 0.246617 0.377049 0.510167 2 7 0.498039 14 0.501961
 47 4.375011 7.577743 7.315360 0.459957 0.804520 0.375748 0.461431 0.573864 2 4 0.101961 7 0.898039
mnt_body.png
 47 4.375011 7.577743 7.315360 0.459957 0.804520 0.375748 0.461431 0.573864 2 4 0.101961 7 0.898039
 47 -0.000000 9.201475 5.544475 0.000000 0.969113 0.246617 0.377049 0.510167 2 7 0.498039 14 0.501961
 47 -0.000000 8.750025 7.315360 0.000000 0.908042 0.418880 0.381192 0.573864 3 4 0.101961 7 0.447059 14 0.450980
mnt_body.png
 47 4.375011 7.577743 7.315360 0.459957 0.804520 0.375748 0.461431 0.573864 2 4 0.101961 7 0.898039
 47 -0.000000 8.750025 7.315360 0.000000 0.908042 0.418880 0.381192 0.573864 3 4 0.101961 7 0.447059 14 0.450980
 47 3.905142 6.763906 8.951693 0.395260 0.696628 0.598731 0.457341 0.637133 2 4 0.200000 7 0.800000
mnt_body.png
 47 4.375011 7.577743 7.315360 0.459957 0.804520 0.375748 0.461431 0.573864 2 4 0.101961 7 0.898039
 47 3.905142 6.763906 8.951693 0.395260 0.696628 0.598731 0.464607 0.637133 2 4 0.200000 7 0.800000
 47 6.763906 3.905143 8.951694 0.690816 0.405106 0.598885 0.536710 0.637133 3 4 0.200000 6 0.400000 7 0.400000
mnt_body.png
 47 6.763906 3.905143 8.951694 0.690816 0.405106 0.598885 0.536710 0.637133 3 4 0.200000 6 0.400000 7 0.400000
 47 3.905142 6.763906 8.951693 0.395260 0.696628 0.598731 0.464607 0.637133 2 4 0.200000 7 0.800000
 47 5.544133 3.200907 10.422400 0.592189 0.416297 0.689934 0.533018 0.701770 2 4 0.800000 19 0.200000
mnt_body.png
 47 -0.000000 8.750025 7.315360 0.000000 0.908042 0.418880 0.381192 0.573864 3 4 0.101961 7 0.447059 14 0.450980
 47 -0.000000 7.810287 8.951693 0.000000 0.774879 0.632110 0.385433 0.637133 3 4 0.200000 7 0.400000 14 0.400000
 47 3.905142 6.763906 8.951693 0.395260 0.696628 0.598731 0.457341 0.637133 2 4 0.200000 7 0.800000
mnt_body.png
 47 3.905142 6.763906 8.951693 0.395260 0.696628 0.598731 0.457341 0.637133 2 4 0.200000 7 0.800000
 47 -0.000000 7.810287 8.951693 0.000000 0.774879 0.632110 0.385433 0.637133 3 4 0.200000 7 0.400000 14 0.400000
 47 3.200907 5.544133 10.422400 0.305227 0.655611 0.690659 0.451306 0.701770 2 4 0.800000 19 0.200000
mnt_body.png
 47 3.905142 6.763906 8.951693 0.395260 0.696628 0.598731 0.464607 0.637133 2 4 0.200000 7 0.800000
 47 3.200907 5.544133 10.422400 0.305227 0.655611 0.690659 0.469447 0.701770 2 4 0.800000 19 0.200000
 47 5.544133 3.200907 10.422400 0.592189 0.416297 0.689934 0.533018 0.701770 2 4 0.800000 19 0.200000
mnt_body.png
 47 -0.000000 7.810287 8.951693 0.000000 0.774879 0.632110 0.385433 0.637133 3 4 0.200000 7 0.400000 14 0.400000
 47 0.000000 6.401814 10.422400 0.000000 0.722574 0.691294 0.391655 0.701770 2 4 0.800000 19 0.200000
 47 3.200907 5.544133 10.422400 0.305227 0.655611 0.690659 0.451306 0.701770 2 4 0.800000 19 0.200000
mnt_body.png
 47 0.000000 -0.016690 9.710987 0.000000 -0.001957 0.999998 0.406393 1.018906 2 4 0.698039 19 0.301961
 47 -5.674630 3.187125 12.018394 -0.354139 0.180026 0.917701 0.423014 0.925950 2 4 0.698039 19 0.301961
 47 -6.569797 -0.016690 12.108141 -0.448432 -0.066594 0.891333 0.387441 0.925950 2 4 0.698039 19 0.301961
mnt_body.png
 47 -5.674630 3.187125 12.018394 -0.354139 0.180026 0.917701 0.423014 0.925950 2 4 0.698039 19 0.301961
 47 -3.515171 5.511642 11.836145 -0.168416 0.256534 0.951749 0.457908 0.925950 2 4 0.698039 19 0.301961
 47 -5.968412 3.359270 11.639464 -0.880411 0.469530 0.066469 0.423365 0.914480 2 4 0.698039 19 0.301961
mnt_body.png
 47 -5.674630 3.187125 12.018394 -0.354139 0.180026 0.917701 0.423014 0.925950 2 4 0.698039 19 0.301961
 47 -6.798429 0.000000 11.759504 -0.999283 -0.013689 0.035287 0.387539 0.914480 2 4 0.698039 19 0.301961
 47 -6.569797 -0.016690 12.108141 -0.448432 -0.066594 0.891333 0.387441 0.925950 2 4 0.698039 19 0.301961
mnt_body.png
 47 -5.674630 3.187125 12.018394 -0.354139 0.180026 0.917701 0.423014 0.925950 2 4 0.698039 19 0.301961
 47 -5.968412 3.359270 11.639464 -0.880411 0.469530 0.066469 0.423365 0.914480 2 4 0.698039 19 0.301961
 47 -6.798429 0.000000 11.759504 -0.999283 -0.013689 0.035287 0.387539 0.914480 2 4 0.698039 19 0.301961
mnt_body.png
 47 -5.674630 3.187125 12.018394 -0.354139 0.180026 0.917701 0.423014 0.925950 2 4 0.698039 19 0.301961
 47 0.000000 -0.016690 9.710987 0.000000 -0.001957 0.999998 0.439978 1.018906 2 4 0.698039 19 0.301961
 47 -3.515171 5.511642 11.836145 -0.168416 0.256534 0.951749 0.457908 0.925950 2 4 0.698039 19 0.301961
mnt_body.png
 47 -6.569797 -0.016690 12.108141 -0.448432 -0.066594 0.891333 0.387441 0.925950 2 4 0.698039 19 0.301961
 47 -5.775539 -3.560119 11.639464 -0.850407 -0.525836 0.017452 0.348982 0.914480 2 4 0.698039 19 0.301961
 47 -5.561429 -3.473897 12.004905 -0.262252 -0.193757 0.945348 0.348982 0.925950 2 4 0.698039 19 0.301961
mnt_body.png
 47 -6.569797 -0.016690 12.108141 -0.448432 -0.066594 0.891333 0.387441 0.925950 2 4 0.698039 19 0.301961
 47 -6.798429 0.000000 11.759504 -0.999283 -0.013689 0.035287 0.387539 0.914480 2 4 0.698039 19 0.301961
 47 -5.775539 -3.560119 11.639464 -0.850407 -0.525836 0.017452 0.348982 0.914480 2 4 0.698039 19 0.301961
mnt_body.png
 47 -6.569797 -0.016690 12.108141 -0.448432 -0.066594 0.891333 0.387441 0.925950 2 4 0.698039 19 0.301961
 47 -5.561429 -3.473897 12.004905 -0.262252 -0.193757 0.945348 0.348982 0.925950 2 4 0.698039 19 0.301961
 47 0.000000 -0.016690 9.710987 0.000000 -0.001957 0.999998 0.367078 1.018906 2 4 0.698039 19 0.301961
mnt_body.png
 47 -3.515171 5.511642 11.836145 -0.168416 0.256534 0.951749 0.457908 0.925950 2 4 0.698039 19 0.301961
 47 0.000000 6.725953 11.693155 0.000000 0.344300 0.938860 0.494640 0.925950 2 4 0.698039 19 0.301961
 47 -3.734377 5.888147 11.502270 -0.534066 0.845112 0.023651 0.457908 0.914480 2 4 0.698039 19 0.301961
mnt_body.png
 47 -3.515171 5.511642 11.836145 -0.168416 0.256534 0.951749 0.457908 0.925950 2 4 0.698039 19 0.301961
 47 -3.734377 5.888147 11.502270 -0.534066 0.845112 0.023651 0.457908 0.914480 2 4 0.698039 19 0.301961
 47 -5.968412 3.359270 11.639464 -0.880411 0.469530 0.066469 0.423365 0.914480 2 4 0.698039 19 0.301961
mnt_body.png
 47 -3.515171 5.511642 11.836145 -0.168416 0.256534 0.951749 0.457908 0.925950 2 4 0.698039 19 0.301961
 47 0.000000 -0.016690 9.710987 0.000000 -0.001957 0.999998 0.473679 1.018906 2 4 0.698039 19 0.301961
 47 0.000000 6.725953 11.693155 0.000000 0.344300 0.938860 0.494640 0.925950 2 4 0.698039 19 0.301961
mnt_body.png
 47 -5.968412 3.359270 11.639464 -0.880411 0.469530 0.066469 0.423365 0.914480 2 4 0.698039 19 0.301961
 47 -3.734377 5.888147 11.502270 -0.534066 0.845112 0.023651 0.457908 0.914480 2 4 0.698039 19 0.301961
 47 -5.533760 3.194917 11.100649 -0.583312 0.363992 -0.726124 0.423828 0.899754 2 4 0.800000 19 0.200000
mnt_body.png
 47 -5.968412 3.359270 11.639464 -0.880411 0.469530 0.066469 0.423365 0.914480 2 4 0.698039 19 0.301961
 47 -6.389834 0.000000 11.100649 -0.817603 0.054770 -0.573171 0.387501 0.897879 2 4 0.800000 19 0.200000
 47 -6.798429 0.000000 11.759504 -0.999283 -0.013689 0.035287 0.387539 0.914480 2 4 0.698039 19 0.301961
mnt_body.png
 47 -5.968412 3.359270 11.639464 -0.880411 0.469530 0.066469 0.423365 0.914480 2 4 0.698039 19 0.301961
 47 -5.533760 3.194917 11.100649 -0.583312 0.363992 -0.726124 0.423828 0.899754 2 4 0.800000 19 0.200000
 47 -6.389834 0.000000 11.100649 -0.817603 0.054770 -0.573171 0.387501 0.897879 2 4 0.800000 19 0.200000
mnt_body.png
 47 -6.798429 0.000000 11.759504 -0.999283 -0.013689 0.035287 0.387539 0.914480 2 4 0.698039 19 0.301961
 47 -5.533760 -3.194917 11.100649 -0.752577 -0.338166 -0.565041 0.348982 0.899972 2 4 0.800000 19 0.200000
 47 -5.775539 -3.560119 11.639464 -0.850407 -0.525836 0.017452 0.348982 0.914480 2 4 0.698039 19 0.301961
mnt_body.png
 47 -6.798429 0.000000 11.759504 -0.999283 -0.013689 0.035287 0.387539 0.914480 2 4 0.698039 19 0.301961
 47 -6.389834 0.000000 11.100649 -0.817603 0.054770 -0.573171 0.387501 0.897879 2 4 0.800000 19 0.200000
 47 -5.533760 -3.194917 11.100649 -0.752577 -0.338166 -0.565041 0.348982 0.899972 2 4 0.800000 19 0.200000
mnt_body.png
 47 -5.561429 -3.473897 12.004905 -0.262252 -0.193757 0.945348 0.348982 0.925950 2 4 0.698039 19 0.301961
 47 -5.775539 -3.560119 11.639464 -0.850407 -0.525836 0.017452 0.348982 0.914480 2 4 0.698039 19 0.301961
 47 -3.172745 -5.961954 11.847698 -0.281774 -0.407058 0.868854 0.311882 0.925950 2 4 0.698039 19 0.301961
mnt_body.png
 47 -5.561429 -3.473897 12.004905 -0.262252 -0.193757 0.945348 0.348982 0.925950 2 4 0.698039 19 0.301961
 47 -3.172745 -5.961954 11.847698 -0.281774 -0.407058 0.868854 0.311882 0.925950 2 4 0.698039 19 0.301961
 47 0.000000 -0.016690 9.710987 0.000000 -0.001957 0.999998 0.330529 1.018906 2 4 0.698039 19 0.301961
mnt_body.png
 47 0.000000 6.725953 11.693155 0.000000 0.344300 0.938860 0.494640 0.925950 2 4 0.698039 19 0.301961
 47 0.000000 7.029651 11.456247 0.000000 0.888104 -0.459643 0.494640 0.914480 2 4 0.698039 19 0.301961
 47 -3.734377 5.888147 11.502270 -0.534066 0.845112 0.023651 0.457908 0.914480 2 4 0.698039 19 0.301961
mnt_body.png
 47 -3.734377 5.888147 11.502270 -0.534066 0.845112 0.023651 0.457908 0.914480 2 4 0.698039 19 0.301961
 47 0.000000 7.029651 11.456247 0.000000 0.888104 -0.459643 0.494640 0.914480 2 4 0.698039 19 0.301961
 47 -3.194917 5.533760 11.100649 -0.234956 0.489463 -0.839775 0.461118 0.898862 2 4 0.800000 19 0.200000
mnt_body.png
 47 -3.734377 5.888147 11.502270 -0.534066 0.845112 0.023651 0.457908 0.914480 2 4 0.698039 19 0.301961
 47 -3.194917 5.533760 11.100649 -0.234956 0.489463 -0.839775 0.461118 0.898862 2 4 0.800000 19 0.200000
 47 -5.533760 3.194917 11.100649 -0.583312 0.363992 -0.726124 0.423828 0.899754 2 4 0.800000 19 0.200000
mnt_body.png
 47 -5.533760 -3.194917 11.100649 -0.752577 -0.338166 -0.565041 0.348982 0.899972 2 4 0.800000 19 0.200000
 47 -3.194917 -5.533760 11.100649 -0.389377 -0.479413 -0.786479 0.312525 0.899771 2 4 0.800000 19 0.200000
 47 -5.775539 -3.560119 11.639464 -0.850407 -0.525836 0.017452 0.348982 0.914480 2 4 0.698039 19 0.301961
mnt_body.png
 47 -3.172745 -5.961954 11.847698 -0.281774 -0.407058 0.868854 0.311882 0.925950 2 4 0.698039 19 0.301961
 47 -3.274998 -6.171478 11.452154 -0.483547 -0.831955 -0.272089 0.311882 0.914480 2 4 0.698039 19 0.301961
 47 0.000000 -7.244054 11.676022 0.000000 -0.546131 0.837700 0.275231 0.925950 2 4 0.698039 19 0.301961
mnt_body.png
 47 -3.172745 -5.961954 11.847698 -0.281774 -0.407058 0.868854 0.311882 0.925950 2 4 0.698039 19 0.301961
 47 -5.775539 -3.560119 11.639464 -0.850407 -0.525836 0.017452 0.348982 0.914480 2 4 0.698039 19 0.301961
 47 -3.274998 -6.171478 11.452154 -0.483547 -0.831955 -0.272089 0.311882 0.914480 2 4 0.698039 19 0.301961
mnt_body.png
 47 -3.172745 -5.961954 11.847698 -0.281774 -0.407058 0.868854 0.311882 0.925950 2 4 0.698039 19 0.301961
 47 0.000000 -7.244054 11.676022 0.000000 -0.546131 0.837700 0.275231 0.925950 2 4 0.698039 19 0.301961
 47 0.000000 -0.016690 9.710987 0.000000 -0.001957 0.999998 0.295524 1.018906 2 4 0.698039 19 0.301961
mnt_body.png
 47 0.000000 7.029651 11.456247 0.000000 0.888104 -0.459643 0.494640 0.914480 2 4 0.698039 19 0.301961
 47 0.000000 6.389835 11.100649 0.000000 0.485141 -0.874436 0.493507 0.899636 2 4 0.800000 19 0.200000
 47 -3.194917 5.533760 11.100649 -0.234956 0.489463 -0.839775 0.461118 0.898862 2 4 0.800000 19 0.200000
mnt_body.png
 47 -3.194917 -5.533760 11.100649 -0.389377 -0.479413 -0.786479 0.312525 0.899771 2 4 0.800000 19 0.200000
 47 0.000000 -6.389835 11.100649 0.000000 -0.359960 -0.932968 0.277159 0.890815 2 4 0.800000 19 0.200000
 47 -3.274998 -6.171478 11.452154 -0.483547 -0.831955 -0.272089 0.311882 0.914480 2 4 0.698039 19 0.301961
mnt_body.png
 47 -3.194917 -5.533760 11.100649 -0.389377 -0.479413 -0.786479 0.312525 0.899771 2 4 0.800000 19 0.200000
 47 -3.274998 -6.171478 11.452154 -0.483547 -0.831955 -0.272089 0.311882 0.914480 2 4 0.698039 19 0.301961
 47 -5.775539 -3.560119 11.639464 -0.850407 -0.525836 0.017452 0.348982 0.914480 2 4 0.698039 19 0.301961
mnt_body.png
 47 -3.274998 -6.171478 11.452154 -0.483547 -0.831955 -0.272089 0.311882 0.914480 2 4 0.698039 19 0.301961
 47 0.000000 -7.468755 11.370417 0.000000 -0.931433 -0.363914 0.275231 0.914480 2 4 0.698039 19 0.301961
 47 0.000000 -7.244054 11.676022 0.000000 -0.546131 0.837700 0.275231 0.925950 2 4 0.698039 19 0.301961
mnt_body.png
 47 -3.274998 -6.171478 11.452154 -0.483547 -0.831955 -0.272089 0.311882 0.914480 2 4 0.698039 19 0.301961
 47 0.000000 -6.389835 11.100649 0.000000 -0.359960 -0.932968 0.277159 0.890815 2 4 0.800000 19 0.200000
 47 0.000000 -7.468755 11.370417 0.000000 -0.931433 -0.363914 0.275231 0.914480 2 4 0.698039 19 0.301961
mnt_body.png
 47 -6.389834 0.000000 11.100649 -0.637427 0.056708 0.768422 0.403259 0.880718 2 4 0.800000 19 0.200000
 47 -5.828619 3.365154 10.818352 -0.857633 0.505233 0.095944 0.434452 0.866801 2 4 0.800000 19 0.200000
 47 -6.730308 0.000000 10.818352 -0.995366 0.007822 0.095841 0.403324 0.866801 2 4 0.800000 19 0.200000
mnt_body.png
 47 -6.389834 0.000000 11.100649 -0.637427 0.056708 0.768422 0.403259 0.880718 2 4 0.800000 19 0.200000
 47 -5.533760 3.194917 11.100649 -0.522561 0.367924 0.769131 0.434380 0.880718 2 4 0.800000 19 0.200000
 47 -5.828619 3.365154 10.818352 -0.857633 0.505233 0.095944 0.434452 0.866801 2 4 0.800000 19 0.200000
mnt_body.png
 47 -6.389834 0.000000 11.100649 -0.637427 0.056708 0.768422 0.403259 0.880718 2 4 0.800000 19 0.200000
 47 -6.730308 0.000000 10.818352 -0.995366 0.007822 0.095841 0.403324 0.866801 2 4 0.800000 19 0.200000
 47 -5.533760 -3.194917 11.100649 -0.580572 -0.269781 0.768215 0.372359 0.880718 2 4 0.800000 19 0.200000
mnt_body.png
 47 -5.828619 3.365154 10.818352 -0.857633 0.505233 0.095944 0.434452 0.866801 2 4 0.800000 19 0.200000
 47 -3.200907 5.544133 10.422400 -0.443859 0.629690 -0.637558 0.465572 0.852922 2 4 0.800000 19 0.200000
 47 -5.544134 3.200907 10.422400 -0.698405 0.324717 -0.637800 0.434471 0.852922 2 4 0.800000 19 0.200000
mnt_body.png
 47 -5.828619 3.365154 10.818352 -0.857633 0.505233 0.095944 0.434452 0.866801 2 4 0.800000 19 0.200000
 47 -3.365154 5.828619 10.818352 -0.490734 0.866021 0.095848 0.465572 0.866801 2 4 0.800000 19 0.200000
 47 -3.200907 5.544133 10.422400 -0.443859 0.629690 -0.637558 0.465572 0.852922 2 4 0.800000 19 0.200000
mnt_body.png
 47 -5.828619 3.365154 10.818352 -0.857633 0.505233 0.095944 0.434452 0.866801 2 4 0.800000 19 0.200000
 47 -5.544134 3.200907 10.422400 -0.698405 0.324717 -0.637800 0.434471 0.852922 2 4 0.800000 19 0.200000
 47 -6.730308 0.000000 10.818352 -0.995366 0.007822 0.095841 0.403324 0.866801 2 4 0.800000 19 0.200000
mnt_body.png
 47 -5.828619 3.365154 10.818352 -0.857633 0.505233 0.095944 0.434452 0.866801 2 4 0.800000 19 0.200000
 47 -5.533760 3.194917 11.100649 -0.522561 0.367924 0.769131 0.434380 0.880718 2 4 0.800000 19 0.200000
 47 -3.365154 5.828619 10.818352 -0.490734 0.866021 0.095848 0.465572 0.866801 2 4 0.800000 19 0.200000
mnt_body.png
 47 -6.730308 0.000000 10.818352 -0.995366 0.007822 0.095841 0.403324 0.866801 2 4 0.800000 19 0.200000
 47 -5.544134 3.200907 10.422400 -0.698405 0.324717 -0.637800 0.434471 0.852922 2 4 0.800000 19 0.200000
 47 -6.401814 0.000000 10.422400 -0.767050 -0.068489 -0.637921 0.403435 0.852922 2 4 0.800000 19 0.200000
mnt_body.png
 47 -6.730308 0.000000 10.818352 -0.995366 0.007822 0.095841 0.403324 0.866801 2 4 0.800000 19 0.200000
 47 -6.401814 0.000000 10.422400 -0.767050 -0.068489 -0.637921 0.403435 0.852922 2 4 0.800000 19 0.200000
 47 -5.828619 -3.365154 10.818352 -0.866021 -0.490734 0.095848 0.372359 0.866801 2 4 0.800000 19 0.200000
mnt_body.png
 47 -6.730308 0.000000 10.818352 -0.995366 0.007822 0.095841 0.403324 0.866801 2 4 0.800000 19 0.200000
 47 -5.828619 -3.365154 10.818352 -0.866021 -0.490734 0.095848 0.372359 0.866801 2 4 0.800000 19 0.200000
 47 -5.533760 -3.194917 11.100649 -0.580572 -0.269781 0.768215 0.372359 0.880718 2 4 0.800000 19 0.200000
mnt_body.png
 47 -5.533760 3.194917 11.100649 -0.522561 0.367924 0.769131 0.434380 0.880718 2 4 0.800000 19 0.200000
 47 -3.194917 5.533760 11.100649 -0.269781 0.580572 0.768215 0.465572 0.880718 2 4 0.800000 19 0.200000
 47 -3.365154 5.828619 10.818352 -0.490734 0.866021 0.095848 0.465572 0.866801 2 4 0.800000 19 0.200000
mnt_body.png
 47 -5.533760 -3.194917 11.100649 -0.580572 -0.269781 0.768215 0.372359 0.880718 2 4 0.800000 19 0.200000
 47 -5.828619 -3.365154 10.818352 -0.866021 -0.490734 0.095848 0.372359 0.866801 2 4 0.800000 19 0.200000
 47 -3.194917 -5.533760 11.100649 -0.367903 -0.522565 0.769138 0.341784 0.880718 2 4 0.800000 19 0.200000
mnt_body.png
 47 -3.200907 5.544133 10.422400 -0.443859 0.629690 -0.637558 0.465572 0.852922 2 4 0.800000 19 0.200000
 47 -3.365154 5.828619 10.818352 -0.490734 0.866021 0.095848 0.465572 0.866801 2 4 0.800000 19 0.200000
 47 0.000000 6.401814 10.422400 0.000000 0.769626 -0.638494 0.496428 0.852922 2 4 0.800000 19 0.200000
mnt_body.png
 47 -3.365154 5.828619 10.818352 -0.490734 0.866021 0.095848 0.465572 0.866801 2 4 0.800000 19 0.200000
 47 0.000000 6.730308 10.818352 0.000000 0.914181 0.405307 0.497040 0.866801 2 4 0.800000 19 0.200000
 47 0.000000 6.401814 10.422400 0.000000 0.769626 -0.638494 0.496428 0.852922 2 4 0.800000 19 0.200000
mnt_body.png
 47 -3.365154 5.828619 10.818352 -0.490734 0.866021 0.095848 0.465572 0.866801 2 4 0.800000 19 0.200000
 47 -3.194917 5.533760 11.100649 -0.269781 0.580572 0.768215 0.465572 0.880718 2 4 0.800000 19 0.200000
 47 0.000000 6.730308 10.818352 0.000000 0.914181 0.405307 0.497040 0.866801 2 4 0.800000 19 0.200000
mnt_body.png
 47 -6.401814 0.000000 10.422400 -0.767050 -0.068489 -0.637921 0.403435 0.852922 2 4 0.800000 19 0.200000
 47 -5.544134 -3.200907 10.422400 -0.629747 -0.443832 -0.637520 0.372359 0.852922 2 4 0.800000 19 0.200000
 47 -5.828619 -3.365154 10.818352 -0.866021 -0.490734 0.095848 0.372359 0.866801 2 4 0.800000 19 0.200000
mnt_body.png
 47 -5.828619 -3.365154 10.818352 -0.866021 -0.490734 0.095848 0.372359 0.866801 2 4 0.800000 19 0.200000
 47 -5.544134 -3.200907 10.422400 -0.629747 -0.443832 -0.637520 0.372359 0.852922 2 4 0.800000 19 0.200000
 47 -3.365154 -5.828619 10.818352 -0.505233 -0.857633 0.095944 0.341784 0.866801 2 4 0.800000 19 0.200000
mnt_body.png
 47 -5.828619 -3.365154 10.818352 -0.866021 -0.490734 0.095848 0.372359 0.866801 2 4 0.800000 19 0.200000
 47 -3.365154 -5.828619 10.818352 -0.505233 -0.857633 0.095944 0.341784 0.866801 2 4 0.800000 19 0.200000
 47 -3.194917 -5.533760 11.100649 -0.367903 -0.522565 0.769138 0.341784 0.880718 2 4 0.800000 19 0.200000
mnt_body.png
 47 -3.194917 5.533760 11.100649 -0.269781 0.580572 0.768215 0.465572 0.880718 2 4 0.800000 19 0.200000
 47 0.000000 6.389835 11.100649 0.000000 0.638494 0.769626 0.496408 0.880718 2 4 0.800000 19 0.200000
 47 0.000000 6.730308 10.818352 0.000000 0.914181 0.405307 0.497040 0.866801 2 4 0.800000 19 0.200000
mnt_body.png
 47 -3.194917 -5.533760 11.100649 -0.367903 -0.522565 0.769138 0.341784 0.880718 2 4 0.800000 19 0.200000
 47 -3.365154 -5.828619 10.818352 -0.505233 -0.857633 0.095944 0.341784 0.866801 2 4 0.800000 19 0.200000
 47 0.000000 -6.389835 11.100649 0.000000 -0.638494 0.769626 0.310972 0.880718 2 4 0.800000 19 0.200000
mnt_body.png
 47 -5.544134 -3.200907 10.422400 -0.629747 -0.443832 -0.637520 0.372359 0.852922 2 4 0.800000 19 0.200000
 47 -3.200907 -5.544133 10.422400 -0.324707 -0.698429 -0.637779 0.341784 0.852922 2 4 0.800000 19 0.200000
 47 -3.365154 -5.828619 10.818352 -0.505233 -0.857633 0.095944 0.341784 0.866801 2 4 0.800000 19 0.200000
mnt_body.png
 47 -3.365154 -5.828619 10.818352 -0.505233 -0.857633 0.095944 0.341784 0.866801 2 4 0.800000 19 0.200000
 47 -3.200907 -5.544133 10.422400 -0.324707 -0.698429 -0.637779 0.341784 0.852922 2 4 0.800000 19 0.200000
 47 0.000000 -6.730308 10.818352 0.000000 -0.974368 -0.224960 0.310972 0.866801 2 4 0.800000 19 0.200000
mnt_body.png
 47 -3.365154 -5.828619 10.818352 -0.505233 -0.857633 0.095944 0.341784 0.866801 2 4 0.800000 19 0.200000
 47 0.000000 -6.730308 10.818352 0.000000 -0.974368 -0.224960 0.310972 0.866801 2 4 0.800000 19 0.200000
 47 0.000000 -6.389835 11.100649 0.000000 -0.638494 0.769626 0.310972 0.880718 2 4 0.800000 19 0.200000
mnt_body.png
 47 -3.200907 -5.544133 10.422400 -0.324707 -0.698429 -0.637779 0.341784 0.852922 2 4 0.800000 19 0.200000
 47 0.000000 -6.401814 10.422400 0.000000 -0.774832 -0.632167 0.310972 0.852922 2 4 0.800000 19 0.200000
 47 0.000000 -6.730308 10.818352 0.000000 -0.974368 -0.224960 0.310972 0.866801 2 4 0.800000 19 0.200000
mnt_body.png
 47 -5.544134 -3.200907 10.422400 -0.655611 -0.305227 0.690659 0.533018 0.701770 2 4 0.800000 19 0.200000
 47 -6.763906 -3.905143 8.951694 -0.696643 -0.395296 0.598690 0.536710 0.637133 3 4 0.200000 12 0.400000 13 0.400000
 47 -3.200907 -5.544133 10.422400 -0.416297 -0.592189 0.689934 0.469447 0.701770 2 4 0.800000 19 0.200000
mnt_body.png
 47 -6.763906 -3.905143 8.951694 -0.696643 -0.395296 0.598690 0.536710 0.637133 3 4 0.200000 12 0.400000 13 0.400000
 47 -3.905142 -6.763904 8.951694 -0.405096 -0.690887 0.598810 0.464607 0.637133 2 4 0.200000 12 0.800000
 47 -3.200907 -5.544133 10.422400 -0.416297 -0.592189 0.689934 0.469447 0.701770 2 4 0.800000 19 0.200000
mnt_body.png
 47 -6.763906 -3.905143 8.951694 -0.696643 -0.395296 0.598690 0.536710 0.637133 3 4 0.200000 12 0.400000 13 0.400000
 47 -7.577744 -4.375011 7.315361 -0.804491 -0.459941 0.375830 0.538905 0.573864 3 4 0.101961 12 0.447059 13 0.450980
 47 -3.905142 -6.763904 8.951694 -0.405096 -0.690887 0.598810 0.464607 0.637133 2 4 0.200000 12 0.800000
mnt_body.png
 47 -3.905142 -6.763904 8.951694 -0.405096 -0.690887 0.598810 0.464607 0.637133 2 4 0.200000 12 0.800000
 47 -7.577744 -4.375011 7.315361 -0.804491 -0.459941 0.375830 0.538905 0.573864 3 4 0.101961 12 0.447059 13 0.450980
 47 -4.375011 -7.577742 7.315361 -0.467559 -0.800181 0.375630 0.461431 0.573864 2 4 0.101961 12 0.898039
mnt_body.png
 47 -7.577744 -4.375011 7.315361 -0.804491 -0.459941 0.375830 0.538905 0.573864 3 4 0.101961 12 0.447059 13 0.450980
 47 -7.968710 -4.600738 5.544476 -0.792588 -0.557701 0.246522 0.538905 0.510167 2 12 0.498039 13 0.501961
 47 -4.375011 -7.577742 7.315361 -0.467559 -0.800181 0.375630 0.461431 0.573864 2 4 0.101961 12 0.898039
mnt_body.png
 47 -7.577744 -4.375011 7.315361 -0.804491 -0.459941 0.375830 0.538905 0.573864 3 4 0.101961 12 0.447059 13 0.450980
 47 -9.201474 0.000000 5.544475 -0.965251 -0.086123 0.246725 0.619197 0.510167 1 13 1.000000
 47 -7.968710 -4.600738 5.544476 -0.792588 -0.557701 0.246522 0.538905 0.510167 2 12 0.498039 13 0.501961
mnt_body.png
 47 -7.577744 -4.375011 7.315361 -0.804491 -0.459941 0.375830 0.538905 0.573864 3 4 0.101961 12 0.447059 13 0.450980
 47 -8.750024 0.000000 7.315361 -0.926563 0.003918 0.376118 0.617936 0.573864 2 4 0.101961 13 0.898039
 47 -9.201474 0.000000 5.544475 -0.965251 -0.086123 0.246725 0.619197 0.510167 1 13 1.000000
mnt_body.png
 47 -7.577744 -4.375011 7.315361 -0.804491 -0.459941 0.375830 0.538905 0.573864 3 4 0.101961 12 0.447059 13 0.450980
 47 -6.763906 -3.905143 8.951694 -0.696643 -0.395296 0.598690 0.542927 0.637133 3 4 0.200000 12 0.400000 13 0.400000
 47 -8.750024 0.000000 7.315361 -0.926563 0.003918 0.376118 0.617936 0.573864 2 4 0.101961 13 0.898039
mnt_body.png
 47 -4.375011 -7.577742 7.315361 -0.467559 -0.800181 0.375630 0.461431 0.573864 2 4 0.101961 12 0.898039
 47 -4.600737 -7.968709 5.544476 -0.408992 -0.878592 0.246578 0.460822 0.510167 1 12 1.000000
 47 0.000000 -8.750024 7.315361 0.000000 -0.942433 0.334396 0.381192 0.573864 3 4 0.101961 5 0.447059 12 0.450980
mnt_body.png
 47 -4.375011 -7.577742 7.315361 -0.467559 -0.800181 0.375630 0.461431 0.573864 2 4 0.101961 12 0.898039
 47 -7.968710 -4.600738 5.544476 -0.792588 -0.557701 0.246522 0.538905 0.510167 2 12 0.498039 13 0.501961
 47 -4.600737 -7.968709 5.544476 -0.408992 -0.878592 0.246578 0.460822 0.510167 1 12 1.000000
mnt_body.png
 47 -4.375011 -7.577742 7.315361 -0.467559 -0.800181 0.375630 0.461431 0.573864 2 4 0.101961 12 0.898039
 47 0.000000 -8.750024 7.315361 0.000000 -0.942433 0.334396 0.381192 0.573864 3 4 0.101961 5 0.447059 12 0.450980
 47 0.000000 -7.810286 8.951694 0.000000 -0.823592 0.567182 0.385433 0.637133 3 4 0.200000 5 0.400000 12 0.400000
mnt_body.png
 47 -4.375011 -7.577742 7.315361 -0.467559 -0.800181 0.375630 0.461431 0.573864 2 4 0.101961 12 0.898039
 47 0.000000 -7.810286 8.951694 0.000000 -0.823592 0.567182 0.385433 0.637133 3 4 0.200000 5 0.400000 12 0.400000
 47 -3.905142 -6.763904 8.951694 -0.405096 -0.690887 0.598810 0.457341 0.637133 2 4 0.200000 12 0.800000
mnt_body.png
 47 -8.750024 0.000000 7.315361 -0.926563 0.003918 0.376118 0.617936 0.573864 2 4 0.101961 13 0.898039
 47 -6.763906 -3.905143 8.951694 -0.696643 -0.395296 0.598690 0.542927 0.637133 3 4 0.200000 12 0.400000 13 0.400000
 47 -7.810287 0.000000 8.951694 -0.800701 0.005873 0.599036 0.613128 0.637133 2 4 0.200000 13 0.800000
mnt_body.png
 47 -6.763906 -3.905143 8.951694 -0.696643 -0.395296 0.598690 0.542927 0.637133 3 4 0.200000 12 0.400000 13 0.400000
 47 -5.544134 -3.200907 10.422400 -0.655611 -0.305227 0.690659 0.549030 0.701770 2 4 0.800000 19 0.200000
 47 -7.810287 0.000000 8.951694 -0.800701 0.005873 0.599036 0.613128 0.637133 2 4 0.200000 13 0.800000
mnt_body.png
 47 -4.600737 -7.968709 5.544476 -0.408992 -0.878592 0.246578 0.460822 0.510167 1 12 1.000000
 47 0.000001 -9.201475 5.544476 0.000000 -0.969113 0.246617 0.377049 0.510167 2 5 0.498039 12 0.501961
 47 0.000000 -8.750024 7.315361 0.000000 -0.942433 0.334396 0.381192 0.573864 3 4 0.101961 5 0.447059 12 0.450980
mnt_body.png
 47 0.000000 -7.810286 8.951694 0.000000 -0.823592 0.567182 0.385433 0.637133 3 4 0.200000 5 0.400000 12 0.400000
 47 0.000000 -6.401814 10.422400 0.000000 -0.722574 0.691294 0.391655 0.701770 2 4 0.800000 19 0.200000
 47 -3.905142 -6.763904 8.951694 -0.405096 -0.690887 0.598810 0.457341 0.637133 2 4 0.200000 12 0.800000
mnt_body.png
 47 -3.905142 -6.763904 8.951694 -0.405096 -0.690887 0.598810 0.457341 0.637133 2 4 0.200000 12 0.800000
 47 0.000000 -6.401814 10.422400 0.000000 -0.722574 0.691294 0.391655 0.701770 2 4 0.800000 19 0.200000
 47 -3.200907 -5.544133 10.422400 -0.416297 -0.592189 0.689934 0.451306 0.701770 2 4 0.800000 19 0.200000
mnt_body.png
 47 -7.810287 0.000000 8.951694 -0.800701 0.005873 0.599036 0.613128 0.637133 2 4 0.200000 13 0.800000
 47 -5.544134 -3.200907 10.422400 -0.655611 -0.305227 0.690659 0.549030 0.701770 2 4 0.800000 19 0.200000
 47 -6.401814 0.000000 10.422400 -0.720165 0.064587 0.690790 0.606774 0.701770 2 4 0.800000 19 0.200000
mnt_body.png
 47 -5.544134 3.200907 10.422400 -0.592189 0.416297 0.689934 0.549030 0.701770 2 4 0.800000 19 0.200000
 47 -6.763905 3.905143 8.951694 -0.690816 0.405106 0.598885 0.542927 0.637133 3 4 0.200000 13 0.400000 14 0.400000
 47 -6.401814 0.000000 10.422400 -0.720165 0.064587 0.690790 0.606774 0.701770 2 4 0.800000 19 0.200000
mnt_body.png
 47 -6.763905 3.905143 8.951694 -0.690816 0.405106 0.598885 0.542927 0.637133 3 4 0.200000 13 0.400000 14 0.400000
 47 -7.810287 0.000000 8.951694 -0.800701 0.005873 0.599036 0.613128 0.637133 2 4 0.200000 13 0.800000
 47 -6.401814 0.000000 10.422400 -0.720165 0.064587 0.690790 0.606774 0.701770 2 4 0.800000 19 0.200000
mnt_body.png
 47 -6.763905 3.905143 8.951694 -0.690816 0.405106 0.598885 0.542927 0.637133 3 4 0.200000 13 0.400000 14 0.400000
 47 -7.577744 4.375012 7.315361 -0.800200 0.467503 0.375661 0.538905 0.573864 3 4 0.101961 13 0.447059 14 0.450980
 47 -7.810287 0.000000 8.951694 -0.800701 0.005873 0.599036 0.613128 0.637133 2 4 0.200000 13 0.800000
mnt_body.png
 47 -7.810287 0.000000 8.951694 -0.800701 0.005873 0.599036 0.613128 0.637133 2 4 0.200000 13 0.800000
 47 -7.577744 4.375012 7.315361 -0.800200 0.467503 0.375661 0.538905 0.573864 3 4 0.101961 13 0.447059 14 0.450980
 47 -8.750024 0.000000 7.315361 -0.926563 0.003918 0.376118 0.617936 0.573864 2 4 0.101961 13 0.898039
mnt_body.png
 47 -7.577744 4.375012 7.315361 -0.800200 0.467503 0.375661 0.538905 0.573864 3 4 0.101961 13 0.447059 14 0.450980
 47 -4.600738 7.968710 5.544475 -0.557716 0.792561 0.246576 0.460822 0.510167 1 14 1.000000
 47 -7.968710 4.600738 5.544475 -0.878620 0.408936 0.246573 0.538905 0.510167 2 13 0.498039 14 0.501961
mnt_body.png
 47 -7.577744 4.375012 7.315361 -0.800200 0.467503 0.375661 0.538905 0.573864 3 4 0.101961 13 0.447059 14 0.450980
 47 -4.375011 7.577743 7.315360 -0.459957 0.804520 0.375748 0.461431 0.573864 2 4 0.101961 14 0.898039
 47 -4.600738 7.968710 5.544475 -0.557716 0.792561 0.246576 0.460822 0.510167 1 14 1.000000
mnt_body.png
 47 -7.577744 4.375012 7.315361 -0.800200 0.467503 0.375661 0.538905 0.573864 3 4 0.101961 13 0.447059 14 0.450980
 47 -7.968710 4.600738 5.544475 -0.878620 0.408936 0.246573 0.538905 0.510167 2 13 0.498039 14 0.501961
 47 -8.750024 0.000000 7.315361 -0.926563 0.003918 0.376118 0.617936 0.573864 2 4 0.101961 13 0.898039
mnt_body.png
 47 -7.577744 4.375012 7.315361 -0.800200 0.467503 0.375661 0.538905 0.573864 3 4 0.101961 13 0.447059 14 0.450980
 47 -6.763905 3.905143 8.951694 -0.690816 0.405106 0.598885 0.536710 0.637133 3 4 0.200000 13 0.400000 14 0.400000
 47 -4.375011 7.577743 7.315360 -0.459957 0.804520 0.375748 0.461431 0.573864 2 4 0.101961 14 0.898039
mnt_body.png
 47 -8.750024 0.000000 7.315361 -0.926563 0.003918 0.376118 0.617936 0.573864 2 4 0.101961 13 0.898039
 47 -7.968710 4.600738 5.544475 -0.878620 0.408936 0.246573 0.538905 0.510167 2 13 0.498039 14 0.501961
 47 -9.201474 0.000000 5.544475 -0.965251 -0.086123 0.246725 0.619197 0.510167 1 13 1.000000
mnt_body.png
 47 -4.600738 7.968710 5.544475 -0.557716 0.792561 0.246576 0.460822 0.510167 1 14 1.000000
 47 -4.375011 7.577743 7.315360 -0.459957 0.804520 0.375748 0.461431 0.573864 2 4 0.101961 14 0.898039
 47 -0.000000 9.201475 5.544475 0.000000 0.969113 0.246617 0.377049 0.510167 2 7 0.498039 14 0.501961
mnt_body.png
 47 -4.375011 7.577743 7.315360 -0.459957 0.804520 0.375748 0.461431 0.573864 2 4 0.101961 14 0.898039
 47 -0.000000 8.750025 7.315360 0.000000 0.908042 0.418880 0.381192 0.573864 3 4 0.101961 7 0.447059 14 0.450980
 47 -0.000000 9.201475 5.544475 0.000000 0.969113 0.246617 0.377049 0.510167 2 7 0.498039 14 0.501961
mnt_body.png
 47 -4.375011 7.577743 7.315360 -0.459957 0.804520 0.375748 0.461431 0.573864 2 4 0.101961 14 0.898039
 47 -3.905142 6.763906 8.951693 -0.395273 0.696604 0.598751 0.457341 0.637133 2 4 0.200000 14 0.800000
 47 -0.000000 8.750025 7.315360 0.000000 0.908042 0.418880 0.381192 0.573864 3 4 0.101961 7 0.447059 14 0.450980
mnt_body.png
 47 -4.375011 7.577743 7.315360 -0.459957 0.804520 0.375748 0.461431 0.573864 2 4 0.101961 14 0.898039
 47 -6.763905 3.905143 8.951694 -0.690816 0.405106 0.598885 0.536710 0.637133 3 4 0.200000 13 0.400000 14 0.400000
 47 -3.905142 6.763906 8.951693 -0.395273 0.696604 0.598751 0.464607 0.637133 2 4 0.200000 14 0.800000
mnt_body.png
 47 -6.763905 3.905143 8.951694 -0.690816 0.405106 0.598885 0.536710 0.637133 3 4 0.200000 13 0.400000 14 0.400000
 47 -5.544134 3.200907 10.422400 -0.592189 0.416297 0.689934 0.533018 0.701770 2 4 0.800000 19 0.200000
 47 -3.905142 6.763906 8.951693 -0.395273 0.696604 0.598751 0.464607 0.637133 2 4 0.200000 14 0.800000
mnt_body.png
 47 -0.000000 8.750025 7.315360 0.000000 0.908042 0.418880 0.381192 0.573864 3 4 0.101961 7 0.447059 14 0.450980
 47 -3.905142 6.763906 8.951693 -0.395273 0.696604 0.598751 0.457341 0.637133 2 4 0.200000 14 0.800000
 47 -0.000000 7.810287 8.951693 0.000000 0.774879 0.632110 0.385433 0.637133 3 4 0.200000 7 0.400000 14 0.400000
mnt_body.png
 47 -3.905142 6.763906 8.951693 -0.395273 0.696604 0.598751 0.457341 0.637133 2 4 0.200000 14 0.800000
 47 -3.200907 5.544133 10.422400 -0.305227 0.655611 0.690659 0.451306 0.701770 2 4 0.800000 19 0.200000
 47 -0.000000 7.810287 8.951693 0.000000 0.774879 0.632110 0.385433 0.637133 3 4 0.200000 7 0.400000 14 0.400000
mnt_body.png
 47 -3.905142 6.763906 8.951693 -0.395273 0.696604 0.598751 0.464607 0.637133 2 4 0.200000 14 0.800000
 47 -5.544134 3.200907 10.422400 -0.592189 0.416297 0.689934 0.533018 0.701770 2 4 0.800000 19 0.200000
 47 -3.200907 5.544133 10.422400 -0.305227 0.655611 0.690659 0.469447 0.701770 2 4 0.800000 19 0.200000
mnt_body.png
 47 -0.000000 7.810287 8.951693 0.000000 0.774879 0.632110 0.385433 0.637133 3 4 0.200000 7 0.400000 14 0.400000
 47 -3.200907 5.544133 10.422400 -0.305227 0.655611 0.690659 0.451306 0.701770 2 4 0.800000 19 0.200000
 47 0.000000 6.401814 10.422400 0.000000 0.722574 0.691294 0.391655 0.701770 2 4 0.800000 19 0.200000
mnt_body.png
 47 5.544133 -3.200907 10.422400 -0.655407 0.305268 -0.690835 0.533018 0.701770 2 4 0.800000 19 0.200000
 47 6.763905 -3.905143 8.951694 -0.696582 0.395257 -0.598787 0.536710 0.637133 3 4 0.200000 5 0.400000 6 0.400000
 47 3.200907 -5.544133 10.422400 -0.416356 0.592191 -0.689897 0.469447 0.701770 2 4 0.800000 19 0.200000
mnt_body.png
 47 6.763905 -3.905143 8.951694 -0.696582 0.395257 -0.598787 0.536710 0.637133 3 4 0.200000 5 0.400000 6 0.400000
 47 3.905142 -6.763906 8.951694 -0.405115 0.690880 -0.598804 0.464607 0.637133 2 4 0.200000 5 0.800000
 47 3.200907 -5.544133 10.422400 -0.416356 0.592191 -0.689897 0.469447 0.701770 2 4 0.800000 19 0.200000
mnt_body.png
 47 6.763905 -3.905143 8.951694 -0.696582 0.395257 -0.598787 0.536710 0.637133 3 4 0.200000 5 0.400000 6 0.400000
 47 7.577744 -4.375012 7.315361 -0.804503 0.459995 -0.375740 0.538905 0.573864 3 4 0.101961 5 0.447059 6 0.450980
 47 3.905142 -6.763906 8.951694 -0.405115 0.690880 -0.598804 0.464607 0.637133 2 4 0.200000 5 0.800000
mnt_body.png
 47 3.905142 -6.763906 8.951694 -0.405115 0.690880 -0.598804 0.464607 0.637133 2 4 0.200000 5 0.800000
 47 7.577744 -4.375012 7.315361 -0.804503 0.459995 -0.375740 0.538905 0.573864 3 4 0.101961 5 0.447059 6 0.450980
 47 4.375012 -7.577743 7.315361 -0.467604 0.800116 -0.375714 0.461431 0.573864 2 4 0.101961 5 0.898039
mnt_body.png
 47 7.577744 -4.375012 7.315361 -0.804503 0.459995 -0.375740 0.538905 0.573864 3 4 0.101961 5 0.447059 6 0.450980
 47 7.968710 -4.600737 5.544476 -0.792561 0.557716 -0.246576 0.538905 0.510167 2 5 0.498039 6 0.501961
 47 4.375012 -7.577743 7.315361 -0.467604 0.800116 -0.375714 0.461431 0.573864 2 4 0.101961 5 0.898039
mnt_body.png
 47 7.577744 -4.375012 7.315361 -0.804503 0.459995 -0.375740 0.538905 0.573864 3 4 0.101961 5 0.447059 6 0.450980
 47 9.201473 0.000000 5.544476 -0.965239 0.086130 -0.246770 0.619197 0.510167 1 6 1.000000
 47 7.968710 -4.600737 5.544476 -0.792561 0.557716 -0.246576 0.538905 0.510167 2 5 0.498039 6 0.501961
mnt_body.png
 47 7.577744 -4.375012 7.315361 -0.804503 0.459995 -0.375740 0.538905 0.573864 3 4 0.101961 5 0.447059 6 0.450980
 47 8.750023 0.000000 7.315361 -0.926563 -0.003918 -0.376118 0.617936 0.573864 2 4 0.101961 6 0.898039
 47 9.201473 0.000000 5.544476 -0.965239 0.086130 -0.246770 0.619197 0.510167 1 6 1.000000
mnt_body.png
 47 7.577744 -4.375012 7.315361 -0.804503 0.459995 -0.375740 0.538905 0.573864 3 4 0.101961 5 0.447059 6 0.450980
 47 6.763905 -3.905143 8.951694 -0.696582 0.395257 -0.598787 0.542927 0.637133 3 4 0.200000 5 0.400000 6 0.400000
 47 8.750023 0.000000 7.315361 -0.926563 -0.003918 -0.376118 0.617936 0.573864 2 4 0.101961 6 0.898039
mnt_body.png
 47 4.375012 -7.577743 7.315361 -0.467604 0.800116 -0.375714 0.461431 0.573864 2 4 0.101961 5 0.898039
 47 4.600737 -7.968710 5.544475 -0.408992 0.878592 -0.246578 0.460822 0.510167 1 5 1.000000
 47 0.000000 -8.750024 7.315361 -0.000000 0.942428 -0.334408 0.381192 0.573864 3 4 0.101961 5 0.447059 12 0.450980
mnt_body.png
 47 4.375012 -7.577743 7.315361 -0.467604 0.800116 -0.375714 0.461431 0.573864 2 4 0.101961 5 0.898039
 47 7.968710 -4.600737 5.544476 -0.792561 0.557716 -0.246576 0.538905 0.510167 2 5 0.498039 6 0.501961
 47 4.600737 -7.968710 5.544475 -0.408992 0.878592 -0.246578 0.460822 0.510167 1 5 1.000000
mnt_body.png
 47 4.375012 -7.577743 7.315361 -0.467604 0.800116 -0.375714 0.461431 0.573864 2 4 0.101961 5 0.898039
 47 0.000000 -8.750024 7.315361 -0.000000 0.942428 -0.334408 0.381192 0.573864 3 4 0.101961 5 0.447059 12 0.450980
 47 0.000000 -7.810286 8.951694 -0.000000 0.823488 -0.567334 0.385433 0.637133 3 4 0.200000 5 0.400000 12 0.400000
mnt_body.png
 47 4.375012 -7.577743 7.315361 -0.467604 0.800116 -0.375714 0.461431 0.573864 2 4 0.101961 5 0.898039
 47 0.000000 -7.810286 8.951694 -0.000000 0.823488 -0.567334 0.385433 0.637133 3 4 0.200000 5 0.400000 12 0.400000
 47 3.905142 -6.763906 8.951694 -0.405115 0.690880 -0.598804 0.457341 0.637133 2 4 0.200000 5 0.800000
mnt_body.png
 47 8.750023 0.000000 7.315361 -0.926563 -0.003918 -0.376118 0.617936 0.573864 2 4 0.101961 6 0.898039
 47 6.763905 -3.905143 8.951694 -0.696582 0.395257 -0.598787 0.542927 0.637133 3 4 0.200000 5 0.400000 6 0.400000
 47 7.810285 0.000000 8.951694 -0.800701 -0.005873 -0.599036 0.613128 0.637133 2 4 0.200000 6 0.800000
mnt_body.png
 47 6.763905 -3.905143 8.951694 -0.696582 0.395257 -0.598787 0.542927 0.637133 3 4 0.200000 5 0.400000 6 0.400000
 47 5.544133 -3.200907 10.422400 -0.655407 0.305268 -0.690835 0.549030 0.701770 2 4 0.800000 19 0.200000
 47 7.810285 0.000000 8.951694 -0.800701 -0.005873 -0.599036 0.613128 0.637133 2 4 0.200000 6 0.800000
mnt_body.png
 47 4.600737 -7.968710 5.544475 -0.408992 0.878592 -0.246578 0.460822 0.510167 1 5 1.000000
 47 0.000001 -9.201475 5.544476 -0.000000 0.969090 -0.246707 0.377049 0.510167 2 5 0.498039 12 0.501961
 47 0.000000 -8.750024 7.315361 -0.000000 0.942428 -0.334408 0.381192 0.573864 3 4 0.101961 5 0.447059 12 0.450980
mnt_body.png
 47 0.000000 -7.810286 8.951694 -0.000000 0.823488 -0.567334 0.385433 0.637133 3 4 0.200000 5 0.400000 12 0.400000
 47 0.000000 -6.401814 10.422400 0.000000 0.722574 -0.691294 0.391655 0.701770 2 4 0.800000 19 0.200000
 47 3.905142 -6.763906 8.951694 -0.405115 0.690880 -0.598804 0.457341 0.637133 2 4 0.200000 5 0.800000
mnt_body.png
 47 3.905142 -6.763906 8.951694 -0.405115 0.690880 -0.598804 0.457341 0.637133 2 4 0.200000 5 0.800000
 47 0.000000 -6.401814 10.422400 0.000000 0.722574 -0.691294 0.391655 0.701770 2 4 0.800000 19 0.200000
 47 3.200907 -5.544133 10.422400 -0.416356 0.592191 -0.689897 0.451306 0.701770 2 4 0.800000 19 0.200000
mnt_body.png
 47 7.810285 0.000000 8.951694 -0.800701 -0.005873 -0.599036 0.613128 0.637133 2 4 0.200000 6 0.800000
 47 5.544133 -3.200907 10.422400 -0.655407 0.305268 -0.690835 0.549030 0.701770 2 4 0.800000 19 0.200000
 47 6.401814 0.000000 10.422400 -0.720211 -0.064575 -0.690743 0.606774 0.701770 2 4 0.800000 19 0.200000
mnt_body.png
 47 5.544133 3.200907 10.422400 -0.592191 -0.416356 -0.689897 0.549030 0.701770 2 4 0.800000 19 0.200000
 47 6.763906 3.905143 8.951694 -0.690880 -0.405115 -0.598804 0.542927 0.637133 3 4 0.200000 6 0.400000 7 0.400000
 47 6.401814 0.000000 10.422400 -0.720211 -0.064575 -0.690743 0.606774 0.701770 2 4 0.800000 19 0.200000
mnt_body.png
 47 6.763906 3.905143 8.951694 -0.690880 -0.405115 -0.598804 0.542927 0.637133 3 4 0.200000 6 0.400000 7 0.400000
 47 7.810285 0.000000 8.951694 -0.800701 -0.005873 -0.599036 0.613128 0.637133 2 4 0.200000 6 0.800000
 47 6.401814 0.000000 10.422400 -0.720211 -0.064575 -0.690743 0.606774 0.701770 2 4 0.800000 19 0.200000
mnt_body.png
 47 6.763906 3.905143 8.951694 -0.690880 -0.405115 -0.598804 0.542927 0.637133 3 4 0.200000 6 0.400000 7 0.400000
 47 7.577744 4.375012 7.315361 -0.800199 -0.467522 -0.375639 0.538905 0.573864 3 4 0.101961 6 0.447059 7 0.450980
 47 7.810285 0.000000 8.951694 -0.800701 -0.005873 -0.599036 0.613128 0.637133 2 4 0.200000 6 0.800000
mnt_body.png
 47 7.810285 0.000000 8.951694 -0.800701 -0.005873 -0.599036 0.613128 0.637133 2 4 0.200000 6 0.800000
 47 7.577744 4.375012 7.315361 -0.800199 -0.467522 -0.375639 0.538905 0.573864 3 4 0.101961 6 0.447059 7 0.450980
 47 8.750023 0.000000 7.315361 -0.926563 -0.003918 -0.376118 0.617936 0.573864 2 4 0.101961 6 0.898039
mnt_body.png
 47 7.577744 4.375012 7.315361 -0.800199 -0.467522 -0.375639 0.538905 0.573864 3 4 0.101961 6 0.447059 7 0.450980
 47 4.600737 7.968710 5.544475 -0.557716 -0.792561 -0.246576 0.460822 0.510167 1 7 1.000000
 47 7.968710 4.600738 5.544476 -0.878631 -0.408940 -0.246528 0.538905 0.510167 2 6 0.498039 7 0.501961
mnt_body.png
 47 7.577744 4.375012 7.315361 -0.800199 -0.467522 -0.375639 0.538905 0.573864 3 4 0.101961 6 0.447059 7 0.450980
 47 4.375011 7.577743 7.315360 -0.459967 -0.804489 -0.375803 0.461431 0.573864 2 4 0.101961 7 0.898039
 47 4.600737 7.968710 5.544475 -0.557716 -0.792561 -0.246576 0.460822 0.510167 1 7 1.000000
mnt_body.png
 47 7.577744 4.375012 7.315361 -0.800199 -0.467522 -0.375639 0.538905 0.573864 3 4 0.101961 6 0.447059 7 0.450980
 47 7.968710 4.600738 5.544476 -0.878631 -0.408940 -0.246528 0.538905 0.510167 2 6 0.498039 7 0.501961
 47 8.750023 0.000000 7.315361 -0.926563 -0.003918 -0.376118 0.617936 0.573864 2 4 0.101961 6 0.898039
mnt_body.png
 47 7.577744 4.375012 7.315361 -0.800199 -0.467522 -0.375639 0.538905 0.573864 3 4 0.101961 6 0.447059 7 0.450980
 47 6.763906 3.905143 8.951694 -0.690880 -0.405115 -0.598804 0.536710 0.637133 3 4 0.200000 6 0.400000 7 0.400000
 47 4.375011 7.577743 7.315360 -0.459967 -0.804489 -0.375803 0.461431 0.573864 2 4 0.101961 7 0.898039
mnt_body.png
 47 8.750023 0.000000 7.315361 -0.926563 -0.003918 -0.376118 0.617936 0.573864 2 4 0.101961 6 0.898039
 47 7.968710 4.600738 5.544476 -0.878631 -0.408940 -0.246528 0.538905 0.510167 2 6 0.498039 7 0.501961
 47 9.201473 0.000000 5.544476 -0.965239 0.086130 -0.246770 0.619197 0.510167 1 6 1.000000
mnt_body.png
 47 4.600737 7.968710 5.544475 -0.557716 -0.792561 -0.246576 0.460822 0.510167 1 7 1.000000
 47 4.375011 7.577743 7.315360 -0.459967 -0.804489 -0.375803 0.461431 0.573864 2 4 0.101961 7 0.898039
 47 -0.000000 9.201475 5.544475 -0.000000 -0.969090 -0.246707 0.377049 0.510167 2 7 0.498039 14 0.501961
mnt_body.png
 47 4.375011 7.577743 7.315360 -0.459967 -0.804489 -0.375803 0.461431 0.573864 2 4 0.101961 7 0.898039
 47 -0.000000 8.750025 7.315360 -0.000000 -0.908096 -0.418762 0.381192 0.573864 3 4 0.101961 7 0.447059 14 0.450980
 47 -0.000000 9.201475 5.544475 -0.000000 -0.969090 -0.246707 0.377049 0.510167 2 7 0.498039 14 0.501961
mnt_body.png
 47 4.375011 7.577743 7.315360 -0.459967 -0.804489 -0.375803 0.461431 0.573864 2 4 0.101961 7 0.898039
 47 3.905142 6.763906 8.951693 -0.395300 -0.696615 -0.598720 0.457341 0.637133 2 4 0.200000 7 0.800000
 47 -0.000000 8.750025 7.315360 -0.000000 -0.908096 -0.418762 0.381192 0.573864 3 4 0.101961 7 0.447059 14 0.450980
mnt_body.png
 47 4.375011 7.577743 7.315360 -0.459967 -0.804489 -0.375803 0.461431 0.573864 2 4 0.101961 7 0.898039
 47 6.763906 3.905143 8.951694 -0.690880 -0.405115 -0.598804 0.536710 0.637133 3 4 0.200000 6 0.400000 7 0.400000
 47 3.905142 6.763906 8.951693 -0.395300 -0.696615 -0.598720 0.464607 0.637133 2 4 0.200000 7 0.800000
mnt_body.png
 47 6.763906 3.905143 8.951694 -0.690880 -0.405115 -0.598804 0.536710 0.637133 3 4 0.200000 6 0.400000 7 0.400000
 47 5.544133 3.200907 10.422400 -0.592191 -0.416356 -0.689897 0.533018 0.701770 2 4 0.800000 19 0.200000
 47 3.905142 6.763906 8.951693 -0.395300 -0.696615 -0.598720 0.464607 0.637133 2 4 0.200000 7 0.800000
mnt_body.png
 47 -0.000000 8.750025 7.315360 -0.000000 -0.908096 -0.418762 0.381192 0.573864 3 4 0.101961 7 0.447059 14 0.450980
 47 3.905142 6.763906 8.951693 -0.395300 -0.696615 -0.598720 0.457341 0.637133 2 4 0.200000 7 0.800000
 47 -0.000000 7.810287 8.951693 -0.000000 -0.774917 -0.632063 0.385433 0.637133 3 4 0.200000 7 0.400000 14 0.400000
mnt_body.png
 47 3.905142 6.763906 8.951693 -0.395300 -0.696615 -0.598720 0.457341 0.637133 2 4 0.200000 7 0.800000
 47 3.200907 5.544133 10.422400 -0.305268 -0.655407 -0.690835 0.451306 0.701770 2 4 0.800000 19 0.200000
 47 -0.000000 7.810287 8.951693 -0.000000 -0.774917 -0.632063 0.385433 0.637133 3 4 0.200000 7 0.400000 14 0.400000
mnt_body.png
 47 3.905142 6.763906 8.951693 -0.395300 -0.696615 -0.598720 0.464607 0.637133 2 4 0.200000 7 0.800000
 47 5.544133 3.200907 10.422400 -0.592191 -0.416356 -0.689897 0.533018 0.701770 2 4 0.800000 19 0.200000
 47 3.200907 5.544133 10.422400 -0.305268 -0.655407 -0.690835 0.469447 0.701770 2 4 0.800000 19 0.200000
mnt_body.png
 47 -0.000000 7.810287 8.951693 -0.000000 -0.774917 -0.632063 0.385433 0.637133 3 4 0.200000 7 0.400000 14 0.400000
 47 3.200907 5.544133 10.422400 -0.305268 -0.655407 -0.690835 0.451306 0.701770 2 4 0.800000 19 0.200000
 47 0.000000 6.401814 10.422400 0.000000 -0.722574 -0.691294 0.391655 0.701770 2 4 0.800000 19 0.200000
mnt_body.png
 47 -5.544134 -3.200907 10.422400 0.655477 0.305279 -0.690764 0.533018 0.701770 2 4 0.800000 19 0.200000
 47 -3.200907 -5.544133 10.422400 0.416356 0.592191 -0.689897 0.469447 0.701770 2 4 0.800000 19 0.200000
 47 -6.763906 -3.905143 8.951694 0.696606 0.395244 -0.598767 0.536710 0.637133 3 4 0.200000 12 0.400000 13 0.400000
mnt_body.png
 47 -3.200907 -5.544133 10.422400 0.416356 0.592191 -0.689897 0.469447 0.701770 2 4 0.800000 19 0.200000
 47 -3.905142 -6.763904 8.951694 0.405162 0.690823 -0.598838 0.464607 0.637133 2 4 0.200000 12 0.800000
 47 -6.763906 -3.905143 8.951694 0.696606 0.395244 -0.598767 0.536710 0.637133 3 4 0.200000 12 0.400000 13 0.400000
mnt_body.png
 47 -6.763906 -3.905143 8.951694 0.696606 0.395244 -0.598767 0.536710 0.637133 3 4 0.200000 12 0.400000 13 0.400000
 47 -3.905142 -6.763904 8.951694 0.405162 0.690823 -0.598838 0.464607 0.637133 2 4 0.200000 12 0.800000
 47 -7.577744 -4.375011 7.315361 0.804503 0.459975 -0.375762 0.538905 0.573864 3 4 0.101961 12 0.447059 13 0.450980
mnt_body.png
 47 -3.905142 -6.763904 8.951694 0.405162 0.690823 -0.598838 0.464607 0.637133 2 4 0.200000 12 0.800000
 47 -4.375011 -7.577742 7.315361 0.467595 0.800147 -0.375659 0.461431 0.573864 2 4 0.101961 12 0.898039
 47 -7.577744 -4.375011 7.315361 0.804503 0.459975 -0.375762 0.538905 0.573864 3 4 0.101961 12 0.447059 13 0.450980
mnt_body.png
 47 -7.577744 -4.375011 7.315361 0.804503 0.459975 -0.375762 0.538905 0.573864 3 4 0.101961 12 0.447059 13 0.450980
 47 -4.375011 -7.577742 7.315361 0.467595 0.800147 -0.375659 0.461431 0.573864 2 4 0.101961 12 0.898039
 47 -7.968710 -4.600738 5.544476 0.792553 0.557744 -0.246540 0.538905 0.510167 2 12 0.498039 13 0.501961
mnt_body.png
 47 -7.577744 -4.375011 7.315361 0.804503 0.459975 -0.375762 0.538905 0.573864 3 4 0.101961 12 0.447059 13 0.450980
 47 -7.968710 -4.600738 5.544476 0.792553 0.557744 -0.246540 0.538905 0.510167 2 12 0.498039 13 0.501961
 47 -9.201474 0.000000 5.544475 0.965247 0.086170 -0.246724 0.619197 0.510167 1 13 1.000000
mnt_body.png
 47 -7.577744 -4.375011 7.315361 0.804503 0.459975 -0.375762 0.538905 0.573864 3 4 0.101961 12 0.447059 13 0.450980
 47 -9.201474 0.000000 5.544475 0.965247 0.086170 -0.246724 0.619197 0.510167 1 13 1.000000
 47 -8.750024 0.000000 7.315361 0.926563 -0.003918 -0.376118 0.617936 0.573864 2 4 0.101961 13 0.898039
mnt_body.png
 47 -7.577744 -4.375011 7.315361 0.804503 0.459975 -0.375762 0.538905 0.573864 3 4 0.101961 12 0.447059 13 0.450980
 47 -8.750024 0.000000 7.315361 0.926563 -0.003918 -0.376118 0.617936 0.573864 2 4 0.101961 13 0.898039
 47 -6.763906 -3.905143 8.951694 0.696606 0.395244 -0.598767 0.542927 0.637133 3 4 0.200000 12 0.400000 13 0.400000
mnt_body.png
 47 -4.375011 -7.577742 7.315361 0.467595 0.800147 -0.375659 0.461431 0.573864 2 4 0.101961 12 0.898039
 47 0.000000 -8.750024 7.315361 -0.000000 0.942428 -0.334408 0.381192 0.573864 3 4 0.101961 5 0.447059 12 0.450980
 47 -4.600737 -7.968709 5.544476 0.408936 0.878620 -0.246573 0.460822 0.510167 1 12 1.000000
mnt_body.png
 47 -4.375011 -7.577742 7.315361 0.467595 0.800147 -0.375659 0.461431 0.573864 2 4 0.101961 12 0.898039
 47 -4.600737 -7.968709 5.544476 0.408936 0.878620 -0.246573 0.460822 0.510167 1 12 1.000000
 47 -7.968710 -4.600738 5.544476 0.792553 0.557744 -0.246540 0.538905 0.510167 2 12 0.498039 13 0.501961
mnt_body.png
 47 -4.375011 -7.577742 7.315361 0.467595 0.800147 -0.375659 0.461431 0.573864 2 4 0.101961 12 0.898039
 47 0.000000 -7.810286 8.951694 -0.000000 0.823488 -0.567334 0.385433 0.637133 3 4 0.200000 5 0.400000 12 0.400000
 47 0.000000 -8.750024 7.315361 -0.000000 0.942428 -0.334408 0.381192 0.573864 3 4 0.101961 5 0.447059 12 0.450980
mnt_body.png
 47 -4.375011 -7.577742 7.315361 0.467595 0.800147 -0.375659 0.461431 0.573864 2 4 0.101961 12 0.898039
 47 -3.905142 -6.763904 8.951694 0.405162 0.690823 -0.598838 0.457341 0.637133 2 4 0.200000 12 0.800000
 47 0.000000 -7.810286 8.951694 -0.000000 0.823488 -0.567334 0.385433 0.637133 3 4 0.200000 5 0.400000 12 0.400000
mnt_body.png
 47 -8.750024 0.000000 7.315361 0.926563 -0.003918 -0.376118 0.617936 0.573864 2 4 0.101961 13 0.898039
 47 -7.810287 0.000000 8.951694 0.800735 -0.005873 -0.598990 0.613128 0.637133 2 4 0.200000 13 0.800000
 47 -6.763906 -3.905143 8.951694 0.696606 0.395244 -0.598767 0.542927 0.637133 3 4 0.200000 12 0.400000 13 0.400000
mnt_body.png
 47 -6.763906 -3.905143 8.951694 0.696606 0.395244 -0.598767 0.542927 0.637133 3 4 0.200000 12 0.400000 13 0.400000
 47 -7.810287 0.000000 8.951694 0.800735 -0.005873 -0.598990 0.613128 0.637133 2 4 0.200000 13 0.800000
 47 -5.544134 -3.200907 10.422400 0.655477 0.305279 -0.690764 0.549030 0.701770 2 4 0.800000 19 0.200000
mnt_body.png
 47 0.000000 -8.750024 7.315361 -0.000000 0.942428 -0.334408 0.381192 0.573864 3 4 0.101961 5 0.447059 12 0.450980
 47 0.000001 -9.201475 5.544476 -0.000000 0.969090 -0.246707 0.377049 0.510167 2 5 0.498039 12 0.501961
 47 -4.600737 -7.968709 5.544476 0.408936 0.878620 -0.246573 0.460822 0.510167 1 12 1.000000
mnt_body.png
 47 0.000000 -7.810286 8.951694 -0.000000 0.823488 -0.567334 0.385433 0.637133 3 4 0.200000 5 0.400000 12 0.400000
 47 -3.905142 -6.763904 8.951694 0.405162 0.690823 -0.598838 0.457341 0.637133 2 4 0.200000 12 0.800000
 47 0.000000 -6.401814 10.422400 0.000000 0.722574 -0.691294 0.391655 0.701770 2 4 0.800000 19 0.200000
mnt_body.png
 47 -3.905142 -6.763904 8.951694 0.405162 0.690823 -0.598838 0.457341 0.637133 2 4 0.200000 12 0.800000
 47 -3.200907 -5.544133 10.422400 0.416356 0.592191 -0.689897 0.451306 0.701770 2 4 0.800000 19 0.200000
 47 0.000000 -6.401814 10.422400 0.000000 0.722574 -0.691294 0.391655 0.701770 2 4 0.800000 19 0.200000
mnt_body.png
 47 -7.810287 0.000000 8.951694 0.800735 -0.005873 -0.598990 0.613128 0.637133 2 4 0.200000 13 0.800000
 47 -6.401814 0.000000 10.422400 0.720211 -0.064575 -0.690743 0.606774 0.701770 2 4 0.800000 19 0.200000
 47 -5.544134 -3.200907 10.422400 0.655477 0.305279 -0.690764 0.549030 0.701770 2 4 0.800000 19 0.200000
mnt_body.png
 47 -5.544134 3.200907 10.422400 0.592161 -0.416367 -0.689916 0.549030 0.701770 2 4 0.800000 19 0.200000
 47 -6.401814 0.000000 10.422400 0.720211 -0.064575 -0.690743 0.606774 0.701770 2 4 0.800000 19 0.200000
 47 -6.763905 3.905143 8.951694 0.690855 -0.405129 -0.598824 0.542927 0.637133 3 4 0.200000 13 0.400000 14 0.400000
mnt_body.png
 47 -6.401814 0.000000 10.422400 0.720211 -0.064575 -0.690743 0.606774 0.701770 2 4 0.800000 19 0.200000
 47 -7.810287 0.000000 8.951694 0.800735 -0.005873 -0.598990 0.613128 0.637133 2 4 0.200000 13 0.800000
 47 -6.763905 3.905143 8.951694 0.690855 -0.405129 -0.598824 0.542927 0.637133 3 4 0.200000 13 0.400000 14 0.400000
mnt_body.png
 47 -6.763905 3.905143 8.951694 0.690855 -0.405129 -0.598824 0.542927 0.637133 3 4 0.200000 13 0.400000 14 0.400000
 47 -7.810287 0.000000 8.951694 0.800735 -0.005873 -0.598990 0.613128 0.637133 2 4 0.200000 13 0.800000
 47 -7.577744 4.375012 7.315361 0.800164 -0.467597 -0.375622 0.538905 0.573864 3 4 0.101961 13 0.447059 14 0.450980
mnt_body.png
 47 -7.810287 0.000000 8.951694 0.800735 -0.005873 -0.598990 0.613128 0.637133 2 4 0.200000 13 0.800000
 47 -8.750024 0.000000 7.315361 0.926563 -0.003918 -0.376118 0.617936 0.573864 2 4 0.101961 13 0.898039
 47 -7.577744 4.375012 7.315361 0.800164 -0.467597 -0.375622 0.538905 0.573864 3 4 0.101961 13 0.447059 14 0.450980
mnt_body.png
 47 -7.577744 4.375012 7.315361 0.800164 -0.467597 -0.375622 0.538905 0.573864 3 4 0.101961 13 0.447059 14 0.450980
 47 -7.968710 4.600738 5.544475 0.878603 -0.408975 -0.246568 0.538905 0.510167 2 13 0.498039 14 0.501961
 47 -4.600738 7.968710 5.544475 0.557716 -0.792561 -0.246576 0.460822 0.510167 1 14 1.000000
mnt_body.png
 47 -7.577744 4.375012 7.315361 0.800164 -0.467597 -0.375622 0.538905 0.573864 3 4 0.101961 13 0.447059 14 0.450980
 47 -4.600738 7.968710 5.544475 0.557716 -0.792561 -0.246576 0.460822 0.510167 1 14 1.000000
 47 -4.375011 7.577743 7.315360 0.459967 -0.804489 -0.375803 0.461431 0.573864 2 4 0.101961 14 0.898039
mnt_body.png
 47 -7.577744 4.375012 7.315361 0.800164 -0.467597 -0.375622 0.538905 0.573864 3 4 0.101961 13 0.447059 14 0.450980
 47 -8.750024 0.000000 7.315361 0.926563 -0.003918 -0.376118 0.617936 0.573864 2 4 0.101961 13 0.898039
 47 -7.968710 4.600738 5.544475 0.878603 -0.408975 -0.246568 0.538905 0.510167 2 13 0.498039 14 0.501961
mnt_body.png
 47 -7.577744 4.375012 7.315361 0.800164 -0.467597 -0.375622 0.538905 0.573864 3 4 0.101961 13 0.447059 14 0.450980
 47 -4.375011 7.577743 7.315360 0.459967 -0.804489 -0.375803 0.461431 0.573864 2 4 0.101961 14 0.898039
 47 -6.763905 3.905143 8.951694 0.690855 -0.405129 -0.598824 0.536710 0.637133 3 4 0.200000 13 0.400000 14 0.400000
mnt_body.png
 47 -8.750024 0.000000 7.315361 0.926563 -0.003918 -0.376118 0.617936 0.573864 2 4 0.101961 13 0.898039
 47 -9.201474 0.000000 5.544475 0.965247 0.086170 -0.246724 0.619197 0.510167 1 13 1.000000
 47 -7.968710 4.600738 5.544475 0.878603 -0.408975 -0.246568 0.538905 0.510167 2 13 0.498039 14 0.501961
mnt_body.png
 47 -4.600738 7.968710 5.544475 0.557716 -0.792561 -0.246576 0.460822 0.510167 1 14 1.000000
 47 -0.000000 9.201475 5.544475 -0.000000 -0.969090 -0.246707 0.377049 0.510167 2 7 0.498039 14 0.501961
 47 -4.375011 7.577743 7.315360 0.459967 -0.804489 -0.375803 0.461431 0.573864 2 4 0.101961 14 0.898039
mnt_body.png
 47 -4.375011 7.577743 7.315360 0.459967 -0.804489 -0.375803 0.461431 0.573864 2 4 0.101961 14 0.898039
 47 -0.000000 9.201475 5.544475 -0.000000 -0.969090 -0.246707 0.377049 0.510167 2 7 0.498039 14 0.501961
 47 -0.000000 8.750025 7.315360 -0.000000 -0.908096 -0.418762 0.381192 0.573864 3 4 0.101961 7 0.447059 14 0.450980
mnt_body.png
 47 -4.375011 7.577743 7.315360 0.459967 -0.804489 -0.375803 0.461431 0.573864 2 4 0.101961 14 0.898039
 47 -0.000000 8.750025 7.315360 -0.000000 -0.908096 -0.418762 0.381192 0.573864 3 4 0.101961 7 0.447059 14 0.450980
 47 -3.905142 6.763906 8.951693 0.395280 -0.696622 -0.598725 0.457341 0.637133 2 4 0.200000 14 0.800000
mnt_body.png
 47 -4.375011 7.577743 7.315360 0.459967 -0.804489 -0.375803 0.461431 0.573864 2 4 0.101961 14 0.898039
 47 -3.905142 6.763906 8.951693 0.395280 -0.696622 -0.598725 0.464607 0.637133 2 4 0.200000 14 0.800000
 47 -6.763905 3.905143 8.951694 0.690855 -0.405129 -0.598824 0.536710 0.637133 3 4 0.200000 13 0.400000 14 0.400000
mnt_body.png
 47 -6.763905 3.905143 8.951694 0.690855 -0.405129 -0.598824 0.536710 0.637133 3 4 0.200000 13 0.400000 14 0.400000
 47 -3.905142 6.763906 8.951693 0.395280 -0.696622 -0.598725 0.464607 0.637133 2 4 0.200000 14 0.800000
 47 -5.544134 3.200907 10.422400 0.592161 -0.416367 -0.689916 0.533018 0.701770 2 4 0.800000 19 0.200000
mnt_body.png
 47 -0.000000 8.750025 7.315360 -0.000000 -0.908096 -0.418762 0.381192 0.573864 3 4 0.101961 7 0.447059 14 0.450980
 47 -0.000000 7.810287 8.951693 -0.000000 -0.774917 -0.632063 0.385433 0.637133 3 4 0.200000 7 0.400000 14 0.400000
 47 -3.905142 6.763906 8.951693 0.395280 -0.696622 -0.598725 0.457341 0.637133 2 4 0.200000 14 0.800000
mnt_body.png
 47 -3.905142 6.763906 8.951693 0.395280 -0.696622 -0.598725 0.457341 0.637133 2 4 0.200000 14 0.800000
 47 -0.000000 7.810287 8.951693 -0.000000 -0.774917 -0.632063 0.385433 0.637133 3 4 0.200000 7 0.400000 14 0.400000
 47 -3.200907 5.544133 10.422400 0.305268 -0.655407 -0.690835 0.451306 0.701770 2 4 0.800000 19 0.200000
mnt_body.png
 47 -3.905142 6.763906 8.951693 0.395280 -0.696622 -0.598725 0.464607 0.637133 2 4 0.200000 14 0.800000
 47 -3.200907 5.544133 10.422400 0.305268 -0.655407 -0.690835 0.469447 0.701770 2 4 0.800000 19 0.200000
 47 -5.544134 3.200907 10.422400 0.592161 -0.416367 -0.689916 0.533018 0.701770 2 4 0.800000 19 0.200000
mnt_body.png
 47 -0.000000 7.810287 8.951693 -0.000000 -0.774917 -0.632063 0.385433 0.637133 3 4 0.200000 7 0.400000 14 0.400000
 47 0.000000 6.401814 10.422400 0.000000 -0.722574 -0.691294 0.391655 0.701770 2 4 0.800000 19 0.200000
 47 -3.200907 5.544133 10.422400 0.305268 -0.655407 -0.690835 0.451306 0.701770 2 4 0.800000 19 0.200000
mnt_body.png
 47 -0.000000 8.859360 3.710304 0.000000 -0.970590 -0.240740 0.377049 0.510167 2 7 0.498039 14 0.501961
 47 -0.000000 8.229958 6.251026 -0.000000 -0.934518 -0.355916 0.384461 0.604908 3 4 0.039216 7 0.482353 14 0.478431
 47 -3.368670 8.230499 3.710805 0.363969 -0.876520 -0.315022 0.438414 0.510167 1 14 1.000000
mnt_body.png
 47 -0.000000 8.229958 6.251026 -0.000000 -0.934518 -0.355916 0.384461 0.604908 3 4 0.039216 7 0.482353 14 0.478431
 47 -0.000000 7.299706 8.791987 -0.000000 -0.938871 -0.344269 0.391655 0.701770 3 4 0.200000 7 0.400000 14 0.400000
 47 -5.753831 5.838395 6.252931 0.622454 -0.698842 -0.352378 0.499354 0.605266 3 4 0.050980 13 0.101961 14 0.847059
mnt_body.png
 47 -0.000000 8.229958 6.251026 -0.000000 -0.934518 -0.355916 0.384461 0.604908 3 4 0.039216 7 0.482353 14 0.478431
 47 -5.753831 5.838395 6.252931 0.622454 -0.698842 -0.352378 0.499354 0.605266 3 4 0.050980 13 0.101961 14 0.847059
 47 -3.368670 8.230499 3.710805 0.363969 -0.876520 -0.315022 0.438414 0.510167 1 14 1.000000
mnt_body.png
 47 -3.368670 8.230499 3.710805 0.363969 -0.876520 -0.315022 0.438414 0.510167 1 14 1.000000
 47 -5.753831 5.838395 6.252931 0.622454 -0.698842 -0.352378 0.499354 0.605266 3 4 0.050980 13 0.101961 14 0.847059
 47 -6.197402 6.283429 3.712355 0.688325 -0.684367 -0.240520 0.499483 0.510167 2 13 0.101961 14 0.898039
mnt_body.png
 47 -0.000000 7.299706 8.791987 -0.000000 -0.938871 -0.344269 0.391655 0.701770 3 4 0.200000 7 0.400000 14 0.400000
 47 -5.098910 5.180357 8.793677 0.749630 -0.567575 -0.340459 0.490906 0.701770 3 4 0.200000 13 0.078431 14 0.721569
 47 -5.753831 5.838395 6.252931 0.622454 -0.698842 -0.352378 0.499354 0.605266 3 4 0.050980 13 0.101961 14 0.847059
mnt_body.png
 47 -5.753831 5.838395 6.252931 0.622454 -0.698842 -0.352378 0.499354 0.605266 3 4 0.050980 13 0.101961 14 0.847059
 47 -5.098910 5.180357 8.793677 0.749630 -0.567575 -0.340459 0.508561 0.701770 3 4 0.200000 13 0.078431 14 0.721569
 47 -8.160114 0.008260 6.257574 0.935823 0.000000 -0.352471 0.616037 0.604808 2 4 0.050980 13 0.949020
mnt_body.png
 47 -5.753831 5.838395 6.252931 0.622454 -0.698842 -0.352378 0.499354 0.605266 3 4 0.050980 13 0.101961 14 0.847059
 47 -8.160114 0.008260 6.257574 0.935823 0.000000 -0.352471 0.616037 0.604808 2 4 0.050980 13 0.949020
 47 -8.146141 3.418277 3.714636 0.877177 -0.362200 -0.315232 0.561007 0.510167 2 13 0.498039 14 0.501961
mnt_body.png
 47 -5.753831 5.838395 6.252931 0.622454 -0.698842 -0.352378 0.499354 0.605266 3 4 0.050980 13 0.101961 14 0.847059
 47 -8.146141 3.418277 3.714636 0.877177 -0.362200 -0.315232 0.561007 0.510167 2 13 0.498039 14 0.501961
 47 -6.197402 6.283429 3.712355 0.688325 -0.684367 -0.240520 0.499483 0.510167 2 13 0.101961 14 0.898039
mnt_body.png
 47 -5.098910 5.180357 8.793677 0.749630 -0.567575 -0.340459 0.508561 0.701770 3 4 0.200000 13 0.078431 14 0.721569
 47 -7.231303 0.010293 8.797792 0.935854 0.000000 -0.352388 0.608681 0.701770 2 4 0.200000 13 0.800000
 47 -8.160114 0.008260 6.257574 0.935823 0.000000 -0.352471 0.616037 0.604808 2 4 0.050980 13 0.949020
mnt_body.png
 47 -8.160114 0.008260 6.257574 0.935823 0.000000 -0.352471 0.616037 0.604808 2 4 0.050980 13 0.949020
 47 -8.789190 0.006234 3.717354 0.970601 0.000000 -0.240695 0.623267 0.510167 1 13 1.000000
 47 -8.146141 3.418277 3.714636 0.877177 -0.362200 -0.315232 0.561007 0.510167 2 13 0.498039 14 0.501961
mnt_body.png
 47 -8.789190 0.006234 3.717354 0.970601 0.000000 -0.240695 0.623267 0.510167 1 13 1.000000
 47 -8.160114 0.008260 6.257574 0.935823 0.000000 -0.352471 0.616037 0.604808 2 4 0.050980 13 0.949020
 47 -8.146151 -3.405792 3.720068 0.877177 0.362200 -0.315232 0.561007 0.510167 2 12 0.498039 13 0.501961
mnt_body.png
 47 -8.160114 0.008260 6.257574 0.935823 0.000000 -0.352471 0.616037 0.604808 2 4 0.050980 13 0.949020
 47 -5.098926 -5.159767 8.801903 0.750410 0.566253 -0.340944 0.508561 0.701770 3 4 0.200000 12 0.650980 13 0.149020
 47 -5.753849 -5.821848 6.262208 0.622896 0.697372 -0.354503 0.499354 0.605266 3 4 0.050980 12 0.768628 13 0.180392
mnt_body.png
 47 -8.160114 0.008260 6.257574 0.935823 0.000000 -0.352471 0.616037 0.604808 2 4 0.050980 13 0.949020
 47 -7.231303 0.010293 8.797792 0.935854 0.000000 -0.352388 0.608681 0.701770 2 4 0.200000 13 0.800000
 47 -5.098926 -5.159767 8.801903 0.750410 0.566253 -0.340944 0.508561 0.701770 3 4 0.200000 12 0.650980 13 0.149020
mnt_body.png
 47 -8.160114 0.008260 6.257574 0.935823 0.000000 -0.352471 0.616037 0.604808 2 4 0.050980 13 0.949020
 47 -5.753849 -5.821848 6.262208 0.622896 0.697372 -0.354503 0.499354 0.605266 3 4 0.050980 12 0.768628 13 0.180392
 47 -8.146151 -3.405792 3.720068 0.877177 0.362200 -0.315232 0.561007 0.510167 2 12 0.498039 13 0.501961
mnt_body.png
 47 -8.146151 -3.405792 3.720068 0.877177 0.362200 -0.315232 0.561007 0.510167 2 12 0.498039 13 0.501961
 47 -5.753849 -5.821848 6.262208 0.622896 0.697372 -0.354503 0.499354 0.605266 3 4 0.050980 12 0.768628 13 0.180392
 47 -6.197422 -6.270926 3.722346 0.688259 0.684444 -0.240490 0.499483 0.510167 2 12 0.800000 13 0.200000
mnt_body.png
 47 -5.753849 -5.821848 6.262208 0.622896 0.697372 -0.354503 0.499354 0.605266 3 4 0.050980 12 0.768628 13 0.180392
 47 -5.098926 -5.159767 8.801903 0.750410 0.566253 -0.340944 0.490906 0.701770 3 4 0.200000 12 0.650980 13 0.149020
 47 0.000000 -7.279138 8.803592 -0.000000 0.938871 -0.344269 0.391655 0.701770 3 4 0.200000 5 0.400000 12 0.400000
mnt_body.png
 47 -5.753849 -5.821848 6.262208 0.622896 0.697372 -0.354503 0.499354 0.605266 3 4 0.050980 12 0.768628 13 0.180392
 47 0.000000 -7.279138 8.803592 -0.000000 0.938871 -0.344269 0.391655 0.701770 3 4 0.200000 5 0.400000 12 0.400000
 47 0.000000 -8.213436 6.264116 -0.000000 0.933629 -0.358241 0.384461 0.604908 3 4 0.039216 5 0.482353 12 0.478431
mnt_body.png
 47 -5.753849 -5.821848 6.262208 0.622896 0.697372 -0.354503 0.499354 0.605266 3 4 0.050980 12 0.768628 13 0.180392
 47 0.000000 -8.213436 6.264116 -0.000000 0.933629 -0.358241 0.384461 0.604908 3 4 0.039216 5 0.482353 12 0.478431
 47 -3.368681 -8.218007 3.723897 0.363694 0.876011 -0.316751 0.438414 0.510167 2 5 0.101961 12 0.898039
mnt_body.png
 47 -5.753849 -5.821848 6.262208 0.622896 0.697372 -0.354503 0.499354 0.605266 3 4 0.050980 12 0.768628 13 0.180392
 47 -3.368681 -8.218007 3.723897 0.363694 0.876011 -0.316751 0.438414 0.510167 2 5 0.101961 12 0.898039
 47 -6.197422 -6.270926 3.722346 0.688259 0.684444 -0.240490 0.499483 0.510167 2 12 0.800000 13 0.200000
mnt_body.png
 47 0.000000 -8.213436 6.264116 -0.000000 0.933629 -0.358241 0.384461 0.604908 3 4 0.039216 5 0.482353 12 0.478431
 47 0.000001 -8.846882 3.724398 -0.000000 0.970143 -0.242536 0.377049 0.510167 2 5 0.498039 12 0.501961
 47 -3.368681 -8.218007 3.723897 0.363694 0.876011 -0.316751 0.438414 0.510167 2 5 0.101961 12 0.898039
mnt_body.png
 47 -0.000000 8.859360 3.710304 0.000000 -0.970590 -0.240740 0.377049 0.510167 2 7 0.498039 14 0.501961
 47 3.368670 8.230499 3.710805 -0.363969 -0.876520 -0.315022 0.438414 0.510167 1 7 1.000000
 47 -0.000000 8.229958 6.251026 -0.000000 -0.934518 -0.355916 0.384461 0.604908 3 4 0.039216 7 0.482353 14 0.478431
mnt_body.png
 47 3.368670 8.230499 3.710805 -0.363969 -0.876520 -0.315022 0.438414 0.510167 1 7 1.000000
 47 5.753831 5.838395 6.252931 -0.622475 -0.698818 -0.352389 0.499354 0.605266 3 4 0.050980 6 0.101961 7 0.847059
 47 -0.000000 8.229958 6.251026 -0.000000 -0.934518 -0.355916 0.384461 0.604908 3 4 0.039216 7 0.482353 14 0.478431
mnt_body.png
 47 3.368670 8.230499 3.710805 -0.363969 -0.876520 -0.315022 0.438414 0.510167 1 7 1.000000
 47 6.197402 6.283429 3.712355 -0.688307 -0.684397 -0.240490 0.499483 0.510167 2 6 0.101961 7 0.898039
 47 5.753831 5.838395 6.252931 -0.622475 -0.698818 -0.352389 0.499354 0.605266 3 4 0.050980 6 0.101961 7 0.847059
mnt_body.png
 47 -0.000000 8.229958 6.251026 -0.000000 -0.934518 -0.355916 0.384461 0.604908 3 4 0.039216 7 0.482353 14 0.478431
 47 5.753831 5.838395 6.252931 -0.622475 -0.698818 -0.352389 0.499354 0.605266 3 4 0.050980 6 0.101961 7 0.847059
 47 -0.000000 7.299706 8.791987 -0.000000 -0.938871 -0.344269 0.391655 0.701770 3 4 0.200000 7 0.400000 14 0.400000
mnt_body.png
 47 5.753831 5.838395 6.252931 -0.622475 -0.698818 -0.352389 0.499354 0.605266 3 4 0.050980 6 0.101961 7 0.847059
 47 8.160114 0.008261 6.257574 -0.935838 0.000000 -0.352430 0.616037 0.604808 2 4 0.050980 6 0.949020
 47 5.098910 5.180357 8.793677 -0.749610 -0.567596 -0.340472 0.508561 0.701770 3 4 0.200000 6 0.078431 7 0.721569
mnt_body.png
 47 5.753831 5.838395 6.252931 -0.622475 -0.698818 -0.352389 0.499354 0.605266 3 4 0.050980 6 0.101961 7 0.847059
 47 8.146141 3.418278 3.714638 -0.877169 -0.362221 -0.315230 0.561007 0.510167 2 6 0.498039 7 0.501961
 47 8.160114 0.008261 6.257574 -0.935838 0.000000 -0.352430 0.616037 0.604808 2 4 0.050980 6 0.949020
mnt_body.png
 47 5.753831 5.838395 6.252931 -0.622475 -0.698818 -0.352389 0.499354 0.605266 3 4 0.050980 6 0.101961 7 0.847059
 47 5.098910 5.180357 8.793677 -0.749610 -0.567596 -0.340472 0.490906 0.701770 3 4 0.200000 6 0.078431 7 0.721569
 47 -0.000000 7.299706 8.791987 -0.000000 -0.938871 -0.344269 0.391655 0.701770 3 4 0.200000 7 0.400000 14 0.400000
mnt_body.png
 47 5.753831 5.838395 6.252931 -0.622475 -0.698818 -0.352389 0.499354 0.605266 3 4 0.050980 6 0.101961 7 0.847059
 47 6.197402 6.283429 3.712355 -0.688307 -0.684397 -0.240490 0.499483 0.510167 2 6 0.101961 7 0.898039
 47 8.146141 3.418278 3.714638 -0.877169 -0.362221 -0.315230 0.561007 0.510167 2 6 0.498039 7 0.501961
mnt_body.png
 47 8.160114 0.008261 6.257574 -0.935838 0.000000 -0.352430 0.616037 0.604808 2 4 0.050980 6 0.949020
 47 7.231302 0.010293 8.797792 -0.935848 0.000000 -0.352403 0.608681 0.701770 2 4 0.200000 6 0.800000
 47 5.098910 5.180357 8.793677 -0.749610 -0.567596 -0.340472 0.508561 0.701770 3 4 0.200000 6 0.078431 7 0.721569
mnt_body.png
 47 8.160114 0.008261 6.257574 -0.935838 0.000000 -0.352430 0.616037 0.604808 2 4 0.050980 6 0.949020
 47 8.146141 3.418278 3.714638 -0.877169 -0.362221 -0.315230 0.561007 0.510167 2 6 0.498039 7 0.501961
 47 8.789190 0.006234 3.717355 -0.970595 0.000000 -0.240718 0.623267 0.510167 1 6 1.000000
mnt_body.png
 47 8.789190 0.006234 3.717355 -0.970595 0.000000 -0.240718 0.623267 0.510167 1 6 1.000000
 47 8.146151 -3.405792 3.720068 -0.877169 0.362221 -0.315230 0.561007 0.510167 2 5 0.498039 6 0.501961
 47 8.160114 0.008261 6.257574 -0.935838 0.000000 -0.352430 0.616037 0.604808 2 4 0.050980 6 0.949020
mnt_body.png
 47 8.146151 -3.405792 3.720068 -0.877169 0.362221 -0.315230 0.561007 0.510167 2 5 0.498039 6 0.501961
 47 5.753849 -5.821849 6.262208 -0.622896 0.697372 -0.354503 0.499354 0.605266 3 4 0.050980 5 0.768628 6 0.180392
 47 8.160114 0.008261 6.257574 -0.935838 0.000000 -0.352430 0.616037 0.604808 2 4 0.050980 6 0.949020
mnt_body.png
 47 8.146151 -3.405792 3.720068 -0.877169 0.362221 -0.315230 0.561007 0.510167 2 5 0.498039 6 0.501961
 47 6.197420 -6.270926 3.722345 -0.688252 0.684438 -0.240528 0.499483 0.510167 2 5 0.800000 6 0.200000
 47 5.753849 -5.821849 6.262208 -0.622896 0.697372 -0.354503 0.499354 0.605266 3 4 0.050980 5 0.768628 6 0.180392
mnt_body.png
 47 8.160114 0.008261 6.257574 -0.935838 0.000000 -0.352430 0.616037 0.604808 2 4 0.050980 6 0.949020
 47 5.753849 -5.821849 6.262208 -0.622896 0.697372 -0.354503 0.499354 0.605266 3 4 0.050980 5 0.768628 6 0.180392
 47 5.098926 -5.159768 8.801904 -0.750406 0.566202 -0.341037 0.508561 0.701770 3 4 0.200000 5 0.650980 6 0.149020
mnt_body.png
 47 8.160114 0.008261 6.257574 -0.935838 0.000000 -0.352430 0.616037 0.604808 2 4 0.050980 6 0.949020
 47 5.098926 -5.159768 8.801904 -0.750406 0.566202 -0.341037 0.508561 0.701770 3 4 0.200000 5 0.650980 6 0.149020
 47 7.231302 0.010293 8.797792 -0.935848 0.000000 -0.352403 0.608681 0.701770 2 4 0.200000 6 0.800000
mnt_body.png
 47 5.753849 -5.821849 6.262208 -0.622896 0.697372 -0.354503 0.499354 0.605266 3 4 0.050980 5 0.768628 6 0.180392
 47 0.000000 -8.213436 6.264116 -0.000000 0.933629 -0.358241 0.384461 0.604908 3 4 0.039216 5 0.482353 12 0.478431
 47 0.000000 -7.279138 8.803592 -0.000000 0.938871 -0.344269 0.391655 0.701770 3 4 0.200000 5 0.400000 12 0.400000
mnt_body.png
 47 5.753849 -5.821849 6.262208 -0.622896 0.697372 -0.354503 0.499354 0.605266 3 4 0.050980 5 0.768628 6 0.180392
 47 0.000000 -7.279138 8.803592 -0.000000 0.938871 -0.344269 0.391655 0.701770 3 4 0.200000 5 0.400000 12 0.400000
 47 5.098926 -5.159768 8.801904 -0.750406 0.566202 -0.341037 0.490906 0.701770 3 4 0.200000 5 0.650980 6 0.149020
mnt_body.png
 47 5.753849 -5.821849 6.262208 -0.622896 0.697372 -0.354503 0.499354 0.605266 3 4 0.050980 5 0.768628 6 0.180392
 47 3.368682 -8.218010 3.723896 -0.363699 0.876025 -0.316708 0.438414 0.510167 2 5 0.898039 12 0.101961
 47 0.000000 -8.213436 6.264116 -0.000000 0.933629 -0.358241 0.384461 0.604908 3 4 0.039216 5 0.482353 12 0.478431
mnt_body.png
 47 5.753849 -5.821849 6.262208 -0.622896 0.697372 -0.354503 0.499354 0.605266 3 4 0.050980 5 0.768628 6 0.180392
 47 6.197420 -6.270926 3.722345 -0.688252 0.684438 -0.240528 0.499483 0.510167 2 5 0.800000 6 0.200000
 47 3.368682 -8.218010 3.723896 -0.363699 0.876025 -0.316708 0.438414 0.510167 2 5 0.898039 12 0.101961
mnt_body.png
 47 0.000000 -8.213436 6.264116 -0.000000 0.933629 -0.358241 0.384461 0.604908 3 4 0.039216 5 0.482353 12 0.478431
 47 3.368682 -8.218010 3.723896 -0.363699 0.876025 -0.316708 0.438414 0.510167 2 5 0.898039 12 0.101961
 47 0.000001 -8.846882 3.724398 -0.000000 0.970143 -0.242536 0.377049 0.510167 2 5 0.498039 12 0.501961
mnt_body.png
 47 -0.000000 8.859360 3.710304 0.000000 0.970612 0.240650 0.377049 0.510167 2 7 0.498039 14 0.501961
 47 -3.368670 8.230499 3.710805 -0.363912 0.876556 0.314987 0.438414 0.510167 1 14 1.000000
 47 -0.000000 8.229958 6.251026 0.000000 0.934562 0.355801 0.384461 0.604908 3 4 0.039216 7 0.482353 14 0.478431
mnt_body.png
 47 -3.368670 8.230499 3.710805 -0.363912 0.876556 0.314987 0.438414 0.510167 1 14 1.000000
 47 -5.753831 5.838395 6.252931 -0.622504 0.698797 0.352379 0.499354 0.605266 3 4 0.050980 13 0.101961 14 0.847059
 47 -0.000000 8.229958 6.251026 0.000000 0.934562 0.355801 0.384461 0.604908 3 4 0.039216 7 0.482353 14 0.478431
mnt_body.png
 47 -3.368670 8.230499 3.710805 -0.363912 0.876556 0.314987 0.438414 0.510167 1 14 1.000000
 47 -6.197402 6.283429 3.712355 -0.688303 0.684393 0.240513 0.499483 0.510167 2 13 0.101961 14 0.898039
 47 -5.753831 5.838395 6.252931 -0.622504 0.698797 0.352379 0.499354 0.605266 3 4 0.050980 13 0.101961 14 0.847059
mnt_body.png
 47 -0.000000 8.229958 6.251026 0.000000 0.934562 0.355801 0.384461 0.604908 3 4 0.039216 7 0.482353 14 0.478431
 47 -5.753831 5.838395 6.252931 -0.622504 0.698797 0.352379 0.499354 0.605266 3 4 0.050980 13 0.101961 14 0.847059
 47 -0.000000 7.299706 8.791987 0.000000 0.938871 0.344269 0.391655 0.701770 3 4 0.200000 7 0.400000 14 0.400000
mnt_body.png
 47 -5.753831 5.838395 6.252931 -0.622504 0.698797 0.352379 0.499354 0.605266 3 4 0.050980 13 0.101961 14 0.847059
 47 -8.160114 0.008260 6.257574 -0.935838 0.000000 0.352430 0.616037 0.604808 2 4 0.050980 13 0.949020
 47 -5.098910 5.180357 8.793677 -0.749585 0.567577 0.340556 0.508561 0.701770 3 4 0.200000 13 0.078431 14 0.721569
mnt_body.png
 47 -5.753831 5.838395 6.252931 -0.622504 0.698797 0.352379 0.499354 0.605266 3 4 0.050980 13 0.101961 14 0.847059
 47 -8.146141 3.418277 3.714636 -0.877149 0.362236 0.315270 0.561007 0.510167 2 13 0.498039 14 0.501961
 47 -8.160114 0.008260 6.257574 -0.935838 0.000000 0.352430 0.616037 0.604808 2 4 0.050980 13 0.949020
mnt_body.png
 47 -5.753831 5.838395 6.252931 -0.622504 0.698797 0.352379 0.499354 0.605266 3 4 0.050980 13 0.101961 14 0.847059
 47 -5.098910 5.180357 8.793677 -0.749585 0.567577 0.340556 0.490906 0.701770 3 4 0.200000 13 0.078431 14 0.721569
 47 -0.000000 7.299706 8.791987 0.000000 0.938871 0.344269 0.391655 0.701770 3 4 0.200000 7 0.400000 14 0.400000
mnt_body.png
 47 -5.753831 5.838395 6.252931 -0.622504 0.698797 0.352379 0.499354 0.605266 3 4 0.050980 13 0.101961 14 0.847059
 47 -6.197402 6.283429 3.712355 -0.688303 0.684393 0.240513 0.499483 0.510167 2 13 0.101961 14 0.898039
 47 -8.146141 3.418277 3.714636 -0.877149 0.362236 0.315270 0.561007 0.510167 2 13 0.498039 14 0.501961
mnt_body.png
 47 -8.160114 0.008260 6.257574 -0.935838 0.000000 0.352430 0.616037 0.604808 2 4 0.050980 13 0.949020
 47 -7.231303 0.010293 8.797792 -0.939498 0.000000 0.342555 0.608681 0.701770 2 4 0.200000 13 0.800000
 47 -5.098910 5.180357 8.793677 -0.749585 0.567577 0.340556 0.508561 0.701770 3 4 0.200000 13 0.078431 14 0.721569
mnt_body.png
 47 -8.160114 0.008260 6.257574 -0.935838 0.000000 0.352430 0.616037 0.604808 2 4 0.050980 13 0.949020
 47 -8.146141 3.418277 3.714636 -0.877149 0.362236 0.315270 0.561007 0.510167 2 13 0.498039 14 0.501961
 47 -8.789190 0.006234 3.717354 -0.970601 0.000000 0.240695 0.623267 0.510167 1 13 1.000000
mnt_body.png
 47 -8.789190 0.006234 3.717354 -0.970601 0.000000 0.240695 0.623267 0.510167 1 13 1.000000
 47 -8.146151 -3.405792 3.720068 -0.877162 -0.362242 0.315227 0.561007 0.510167 2 12 0.498039 13 0.501961
 47 -8.160114 0.008260 6.257574 -0.935838 0.000000 0.352430 0.616037 0.604808 2 4 0.050980 13 0.949020
mnt_body.png
 47 -8.146151 -3.405792 3.720068 -0.877162 -0.362242 0.315227 0.561007 0.510167 2 12 0.498039 13 0.501961
 47 -5.753849 -5.821848 6.262208 -0.622908 -0.697344 0.354537 0.499354 0.605266 3 4 0.050980 12 0.768628 13 0.180392
 47 -8.160114 0.008260 6.257574 -0.935838 0.000000 0.352430 0.616037 0.604808 2 4 0.050980 13 0.949020
mnt_body.png
 47 -8.146151 -3.405792 3.720068 -0.877162 -0.362242 0.315227 0.561007 0.510167 2 12 0.498039 13 0.501961
 47 -6.197422 -6.270926 3.722346 -0.688321 -0.684363 0.240543 0.499483 0.510167 2 12 0.800000 13 0.200000
 47 -5.753849 -5.821848 6.262208 -0.622908 -0.697344 0.354537 0.499354 0.605266 3 4 0.050980 12 0.768628 13 0.180392
mnt_body.png
 47 -8.160114 0.008260 6.257574 -0.935838 0.000000 0.352430 0.616037 0.604808 2 4 0.050980 13 0.949020
 47 -5.753849 -5.821848 6.262208 -0.622908 -0.697344 0.354537 0.499354 0.605266 3 4 0.050980 12 0.768628 13 0.180392
 47 -5.098926 -5.159767 8.801903 -0.750451 -0.566200 0.340941 0.508561 0.701770 3 4 0.200000 12 0.650980 13 0.149020
mnt_body.png
 47 -8.160114 0.008260 6.257574 -0.935838 0.000000 0.352430 0.616037 0.604808 2 4 0.050980 13 0.949020
 47 -5.098926 -5.159767 8.801903 -0.750451 -0.566200 0.340941 0.508561 0.701770 3 4 0.200000 12 0.650980 13 0.149020
 47 -7.231303 0.010293 8.797792 -0.939498 0.000000 0.342555 0.608681 0.701770 2 4 0.200000 13 0.800000
mnt_body.png
 47 -5.753849 -5.821848 6.262208 -0.622908 -0.697344 0.354537 0.499354 0.605266 3 4 0.050980 12 0.768628 13 0.180392
 47 0.000000 -8.213436 6.264116 0.000000 -0.933645 0.358199 0.384461 0.604908 3 4 0.039216 5 0.482353 12 0.478431
 47 0.000000 -7.279138 8.803592 0.000000 -0.938871 0.344269 0.391655 0.701770 3 4 0.200000 5 0.400000 12 0.400000
mnt_body.png
 47 -5.753849 -5.821848 6.262208 -0.622908 -0.697344 0.354537 0.499354 0.605266 3 4 0.050980 12 0.768628 13 0.180392
 47 0.000000 -7.279138 8.803592 0.000000 -0.938871 0.344269 0.391655 0.701770 3 4 0.200000 5 0.400000 12 0.400000
 47 -5.098926 -5.159767 8.801903 -0.750451 -0.566200 0.340941 0.490906 0.701770 3 4 0.200000 12 0.650980 13 0.149020
mnt_body.png
 47 -5.753849 -5.821848 6.262208 -0.622908 -0.697344 0.354537 0.499354 0.605266 3 4 0.050980 12 0.768628 13 0.180392
 47 -3.368681 -8.218007 3.723897 -0.363673 -0.876019 0.316753 0.438414 0.510167 2 5 0.101961 12 0.898039
 47 0.000000 -8.213436 6.264116 0.000000 -0.933645 0.358199 0.384461 0.604908 3 4 0.039216 5 0.482353 12 0.478431
mnt_body.png
 47 -5.753849 -5.821848 6.262208 -0.622908 -0.697344 0.354537 0.499354 0.605266 3 4 0.050980 12 0.768628 13 0.180392
 47 -6.197422 -6.270926 3.722346 -0.688321 -0.684363 0.240543 0.499483 0.510167 2 12 0.800000 13 0.200000
 47 -3.368681 -8.218007 3.723897 -0.363673 -0.876019 0.316753 0.438414 0.510167 2 5 0.101961 12 0.898039
mnt_body.png
 47 0.000000 -8.213436 6.264116 0.000000 -0.933645 0.358199 0.384461 0.604908 3 4 0.039216 5 0.482353 12 0.478431
 47 -3.368681 -8.218007 3.723897 -0.363673 -0.876019 0.316753 0.438414 0.510167 2 5 0.101961 12 0.898039
 47 0.000001 -8.846882 3.724398 0.000000 -0.970137 0.242558 0.377049 0.510167 2 5 0.498039 12 0.501961
mnt_body.png
 47 8.789190 0.006234 3.717355 0.970606 0.000000 0.240673 0.623267 0.510167 1 6 1.000000
 47 8.160114 0.008261 6.257574 0.935823 0.000000 0.352471 0.616037 0.604808 2 4 0.050980 6 0.949020
 47 8.146151 -3.405792 3.720068 0.877149 -0.362236 0.315270 0.561007 0.510167 2 5 0.498039 6 0.501961
mnt_body.png
 47 8.160114 0.008261 6.257574 0.935823 0.000000 0.352471 0.616037 0.604808 2 4 0.050980 6 0.949020
 47 5.098926 -5.159768 8.801904 0.750393 -0.566324 0.340862 0.508561 0.701770 3 4 0.200000 5 0.650980 6 0.149020
 47 5.753849 -5.821849 6.262208 0.622910 -0.697304 0.354613 0.499354 0.605266 3 4 0.050980 5 0.768628 6 0.180392
mnt_body.png
 47 8.160114 0.008261 6.257574 0.935823 0.000000 0.352471 0.616037 0.604808 2 4 0.050980 6 0.949020
 47 7.231302 0.010293 8.797792 0.939498 0.000000 0.342555 0.608681 0.701770 2 4 0.200000 6 0.800000
 47 5.098926 -5.159768 8.801904 0.750393 -0.566324 0.340862 0.508561 0.701770 3 4 0.200000 5 0.650980 6 0.149020
mnt_body.png
 47 8.160114 0.008261 6.257574 0.935823 0.000000 0.352471 0.616037 0.604808 2 4 0.050980 6 0.949020
 47 5.753849 -5.821849 6.262208 0.622910 -0.697304 0.354613 0.499354 0.605266 3 4 0.050980 5 0.768628 6 0.180392
 47 8.146151 -3.405792 3.720068 0.877149 -0.362236 0.315270 0.561007 0.510167 2 5 0.498039 6 0.501961
mnt_body.png
 47 8.146151 -3.405792 3.720068 0.877149 -0.362236 0.315270 0.561007 0.510167 2 5 0.498039 6 0.501961
 47 5.753849 -5.821849 6.262208 0.622910 -0.697304 0.354613 0.499354 0.605266 3 4 0.050980 5 0.768628 6 0.180392
 47 6.197420 -6.270926 3.722345 0.688328 -0.684370 0.240505 0.499483 0.510167 2 5 0.800000 6 0.200000
mnt_body.png
 47 5.753849 -5.821849 6.262208 0.622910 -0.697304 0.354613 0.499354 0.605266 3 4 0.050980 5 0.768628 6 0.180392
 47 5.098926 -5.159768 8.801904 0.750393 -0.566324 0.340862 0.490906 0.701770 3 4 0.200000 5 0.650980 6 0.149020
 47 0.000000 -7.279138 8.803592 0.000000 -0.938871 0.344269 0.391655 0.701770 3 4 0.200000 5 0.400000 12 0.400000
mnt_body.png
 47 5.753849 -5.821849 6.262208 0.622910 -0.697304 0.354613 0.499354 0.605266 3 4 0.050980 5 0.768628 6 0.180392
 47 0.000000 -7.279138 8.803592 0.000000 -0.938871 0.344269 0.391655 0.701770 3 4 0.200000 5 0.400000 12 0.400000
 47 0.000000 -8.213436 6.264116 0.000000 -0.933645 0.358199 0.384461 0.604908 3 4 0.039216 5 0.482353 12 0.478431
mnt_body.png
 47 5.753849 -5.821849 6.262208 0.622910 -0.697304 0.354613 0.499354 0.605266 3 4 0.050980 5 0.768628 6 0.180392
 47 0.000000 -8.213436 6.264116 0.000000 -0.933645 0.358199 0.384461 0.604908 3 4 0.039216 5 0.482353 12 0.478431
 47 3.368682 -8.218010 3.723896 0.363700 -0.875990 0.316801 0.438414 0.510167 2 5 0.898039 12 0.101961
mnt_body.png
 47 5.753849 -5.821849 6.262208 0.622910 -0.697304 0.354613 0.499354 0.605266 3 4 0.050980 5 0.768628 6 0.180392
 47 3.368682 -8.218010 3.723896 0.363700 -0.875990 0.316801 0.438414 0.510167 2 5 0.898039 12 0.101961
 47 6.197420 -6.270926 3.722345 0.688328 -0.684370 0.240505 0.499483 0.510167 2 5 0.800000 6 0.200000
mnt_body.png
 47 0.000000 -8.213436 6.264116 0.000000 -0.933645 0.358199 0.384461 0.604908 3 4 0.039216 5 0.482353 12 0.478431
 47 0.000001 -8.846882 3.724398 0.000000 -0.970137 0.242558 0.377049 0.510167 2 5 0.498039 12 0.501961
 47 3.368682 -8.218010 3.723896 0.363700 -0.875990 0.316801 0.438414 0.510167 2 5 0.898039 12 0.101961
mnt_body.png
 47 -2.674175 -3.204453 21.594166 0.240663 -0.970592 -0.005722 0.422141 0.724338 1 23 1.000000
 47 -2.361842 -3.129631 22.209978 0.303028 -0.948160 0.095748 0.429351 0.732761 1 23 1.000000
 47 -3.225373 -3.336329 21.202093 0.240708 -0.970580 -0.005913 0.411917 0.721370 1 23 1.000000
mnt_body.png
 47 -3.225373 -3.336329 21.202093 0.240708 -0.970580 -0.005913 0.411917 0.721370 1 23 1.000000
 47 -2.361842 -3.129631 22.209978 0.303028 -0.948160 0.095748 0.429351 0.732761 1 23 1.000000
 47 -4.304434 -3.608492 20.926643 -0.745734 -0.638015 0.191881 0.393919 0.719059 1 23 1.000000
mnt_body.png
 47 -4.304434 -3.608492 20.926643 -0.745734 -0.638015 0.191881 0.393919 0.719059 1 23 1.000000
 47 -2.817286 -3.157494 22.996735 0.180077 -0.955220 0.234794 0.428222 0.762219 1 23 1.000000
 47 -3.500141 -2.937569 23.757759 -0.649901 -0.542256 0.532529 0.427199 0.793133 1 23 1.000000
mnt_body.png
 47 -4.304434 -3.608492 20.926643 -0.745734 -0.638015 0.191881 0.393919 0.719059 1 23 1.000000
 47 -2.361842 -3.129631 22.209978 0.303028 -0.948160 0.095748 0.429351 0.732761 1 23 1.000000
 47 -2.817286 -3.157494 22.996735 0.180077 -0.955220 0.234794 0.428222 0.762219 1 23 1.000000
mnt_body.png
 47 -2.817286 -3.157494 22.996735 0.180077 -0.955220 0.234794 0.428222 0.762219 1 23 1.000000
 47 -2.055628 -2.538586 24.137585 0.405361 -0.834135 0.374033 0.449386 0.779675 1 23 1.000000
 47 -3.500141 -2.937569 23.757759 -0.649901 -0.542256 0.532529 0.427199 0.793133 1 23 1.000000
mnt_body.png
 47 -2.817286 -3.157494 22.996735 0.180077 -0.955220 0.234794 0.428222 0.762219 1 23 1.000000
 47 -2.361842 -3.129631 22.209978 0.303028 -0.948160 0.095748 0.429351 0.732761 1 23 1.000000
 47 -2.055628 -2.538586 24.137585 0.405361 -0.834135 0.374033 0.449386 0.779675 1 23 1.000000
mnt_body.png
 47 -2.361842 -3.129631 22.209978 0.303028 -0.948160 0.095748 0.429351 0.732761 1 23 1.000000
 47 -1.567058 -2.747400 22.252380 0.504921 -0.833819 0.223159 0.441001 0.728008 1 23 1.000000
 47 -2.055628 -2.538586 24.137585 0.405361 -0.834135 0.374033 0.449386 0.779675 1 23 1.000000
mnt_body.png
 47 -3.500141 -2.937569 23.757759 -0.649901 -0.542256 0.532529 0.427199 0.793133 1 23 1.000000
 47 -2.055628 -2.538586 24.137585 0.405361 -0.834135 0.374033 0.449386 0.779675 1 23 1.000000
 47 -3.080995 -2.554819 24.477900 -0.490885 -0.395164 0.776452 0.440047 0.804746 1 23 1.000000
mnt_body.png
 47 -1.567058 -2.747400 22.252380 0.504921 -0.833819 0.223159 0.441001 0.728008 1 23 1.000000
 47 -1.013965 -2.191650 22.683329 0.588573 -0.772430 0.238610 0.456428 0.728611 1 23 1.000000
 47 -2.055628 -2.538586 24.137585 0.405361 -0.834135 0.374033 0.449386 0.779675 1 23 1.000000
mnt_body.png
 47 -2.055628 -2.538586 24.137585 0.405361 -0.834135 0.374033 0.449386 0.779675 1 23 1.000000
 47 -2.399198 -1.967735 24.954021 -0.187901 -0.148775 0.970855 0.455955 0.806805 1 23 1.000000
 47 -3.080995 -2.554819 24.477900 -0.490885 -0.395164 0.776452 0.440047 0.804746 1 23 1.000000
mnt_body.png
 47 -2.055628 -2.538586 24.137585 0.405361 -0.834135 0.374033 0.449386 0.779675 1 23 1.000000
 47 -1.150881 -1.609827 24.520988 0.572680 -0.588355 0.570856 0.468841 0.772671 1 23 1.000000
 47 -2.399198 -1.967735 24.954021 -0.187901 -0.148775 0.970855 0.455955 0.806805 1 23 1.000000
mnt_body.png
 47 -2.055628 -2.538586 24.137585 0.405361 -0.834135 0.374033 0.449386 0.779675 1 23 1.000000
 47 -1.013965 -2.191650 22.683329 0.588573 -0.772430 0.238610 0.456428 0.728611 1 23 1.000000
 47 -0.695020 -1.686104 23.537666 0.640138 -0.698855 0.319100 0.467956 0.738956 1 23 1.000000
mnt_body.png
 47 -2.055628 -2.538586 24.137585 0.405361 -0.834135 0.374033 0.449386 0.779675 1 23 1.000000
 47 -0.695020 -1.686104 23.537666 0.640138 -0.698855 0.319100 0.467956 0.738956 1 23 1.000000
 47 -1.150881 -1.609827 24.520988 0.572680 -0.588355 0.570856 0.468841 0.772671 1 23 1.000000
mnt_body.png
 47 -2.399198 -1.967735 24.954021 -0.187901 -0.148775 0.970855 0.455955 0.806805 1 23 1.000000
 47 -1.150881 -1.609827 24.520988 0.572680 -0.588355 0.570856 0.468841 0.772671 1 23 1.000000
 47 -1.568040 -1.264259 25.008003 0.064630 0.045010 0.996894 0.471054 0.793950 1 23 1.000000
mnt_body.png
 47 -1.150881 -1.609827 24.520988 0.572680 -0.588355 0.570856 0.468841 0.772671 1 23 1.000000
 47 -0.000010 -0.001532 24.598793 0.217114 0.174122 0.960491 0.496628 0.757626 1 23 1.000000
 47 -1.568040 -1.264259 25.008003 0.064630 0.045010 0.996894 0.471054 0.793950 1 23 1.000000
mnt_body.png
 47 -1.150881 -1.609827 24.520988 0.572680 -0.588355 0.570856 0.468841 0.772671 1 23 1.000000
 47 -0.695020 -1.686104 23.537666 0.640138 -0.698855 0.319100 0.467956 0.738956 1 23 1.000000
 47 0.099256 -0.330276 24.138758 0.702886 -0.552156 0.448415 0.492027 0.743320 1 23 1.000000
mnt_body.png
 47 -1.150881 -1.609827 24.520988 0.572680 -0.588355 0.570856 0.468841 0.772671 1 23 1.000000
 47 0.099256 -0.330276 24.138758 0.702886 -0.552156 0.448415 0.492027 0.743320 1 23 1.000000
 47 -0.000010 -0.001532 24.598793 0.217114 0.174122 0.960491 0.496628 0.757626 1 23 1.000000
mnt_body.png
 47 -3.860134 -2.579855 21.203102 -0.914943 0.402660 -0.027275 0.411917 0.721370 1 23 1.000000
 47 -3.516857 -1.731483 22.218777 -0.880699 0.463858 0.095940 0.429351 0.732761 1 23 1.000000
 47 -3.640091 -2.053328 21.595705 -0.914943 0.402660 -0.027275 0.422141 0.724338 1 23 1.000000
mnt_body.png
 47 -3.860134 -2.579855 21.203102 -0.914943 0.402660 -0.027275 0.411917 0.721370 1 23 1.000000
 47 -4.304434 -3.608492 20.926643 -0.745734 -0.638015 0.191881 0.393919 0.719059 1 23 1.000000
 47 -3.516857 -1.731483 22.218777 -0.880699 0.463858 0.095940 0.429351 0.732761 1 23 1.000000
mnt_body.png
 47 -3.516857 -1.731483 22.218777 -0.880699 0.463858 0.095940 0.429351 0.732761 1 23 1.000000
 47 -2.872605 -1.555140 24.127996 -0.762769 0.543770 0.349997 0.449386 0.779675 1 23 1.000000
 47 -2.945174 -1.081299 22.269560 -0.708343 0.677086 0.199509 0.441001 0.728008 1 23 1.000000
mnt_body.png
 47 -3.516857 -1.731483 22.218777 -0.880699 0.463858 0.095940 0.429351 0.732761 1 23 1.000000
 47 -3.602299 -2.221960 22.997982 -0.915786 0.317191 0.246428 0.428222 0.762219 1 23 1.000000
 47 -2.872605 -1.555140 24.127996 -0.762769 0.543770 0.349997 0.449386 0.779675 1 23 1.000000
mnt_body.png
 47 -3.516857 -1.731483 22.218777 -0.880699 0.463858 0.095940 0.429351 0.732761 1 23 1.000000
 47 -4.304434 -3.608492 20.926643 -0.745734 -0.638015 0.191881 0.393919 0.719059 1 23 1.000000
 47 -3.602299 -2.221960 22.997982 -0.915786 0.317191 0.246428 0.428222 0.762219 1 23 1.000000
mnt_body.png
 47 -4.304434 -3.608492 20.926643 -0.745734 -0.638015 0.191881 0.393919 0.719059 1 23 1.000000
 47 -3.500141 -2.937569 23.757759 -0.649901 -0.542256 0.532529 0.427199 0.793133 1 23 1.000000
 47 -3.602299 -2.221960 22.997982 -0.915786 0.317191 0.246428 0.428222 0.762219 1 23 1.000000
mnt_body.png
 47 -2.945174 -1.081299 22.269560 -0.708343 0.677086 0.199509 0.441001 0.728008 1 23 1.000000
 47 -2.872605 -1.555140 24.127996 -0.762769 0.543770 0.349997 0.449386 0.779675 1 23 1.000000
 47 -2.330118 -0.626118 22.688219 -0.675746 0.708975 0.201796 0.456428 0.728611 1 23 1.000000
mnt_body.png
 47 -3.602299 -2.221960 22.997982 -0.915786 0.317191 0.246428 0.428222 0.762219 1 23 1.000000
 47 -3.500141 -2.937569 23.757759 -0.649901 -0.542256 0.532529 0.427199 0.793133 1 23 1.000000
 47 -2.872605 -1.555140 24.127996 -0.762769 0.543770 0.349997 0.449386 0.779675 1 23 1.000000
mnt_body.png
 47 -2.872605 -1.555140 24.127996 -0.762769 0.543770 0.349997 0.449386 0.779675 1 23 1.000000
 47 -3.500141 -2.937569 23.757759 -0.649901 -0.542256 0.532529 0.427199 0.793133 1 23 1.000000
 47 -3.080995 -2.554819 24.477900 -0.490885 -0.395164 0.776452 0.440047 0.804746 1 23 1.000000
mnt_body.png
 47 -2.872605 -1.555140 24.127996 -0.762769 0.543770 0.349997 0.449386 0.779675 1 23 1.000000
 47 -3.080995 -2.554819 24.477900 -0.490885 -0.395164 0.776452 0.440047 0.804746 1 23 1.000000
 47 -2.399198 -1.967735 24.954021 -0.187901 -0.148775 0.970855 0.455955 0.806805 1 23 1.000000
mnt_body.png
 47 -2.872605 -1.555140 24.127996 -0.762769 0.543770 0.349997 0.449386 0.779675 1 23 1.000000
 47 -2.399198 -1.967735 24.954021 -0.187901 -0.148775 0.970855 0.455955 0.806805 1 23 1.000000
 47 -1.839782 -0.783710 24.522112 -0.479592 0.677302 0.557901 0.468841 0.772671 1 23 1.000000
mnt_body.png
 47 -2.872605 -1.555140 24.127996 -0.762769 0.543770 0.349997 0.449386 0.779675 1 23 1.000000
 47 -1.812399 -0.364235 23.546463 -0.589381 0.757781 0.279998 0.467956 0.738956 1 23 1.000000
 47 -2.330118 -0.626118 22.688219 -0.675746 0.708975 0.201796 0.456428 0.728611 1 23 1.000000
mnt_body.png
 47 -2.872605 -1.555140 24.127996 -0.762769 0.543770 0.349997 0.449386 0.779675 1 23 1.000000
 47 -1.839782 -0.783710 24.522112 -0.479592 0.677302 0.557901 0.468841 0.772671 1 23 1.000000
 47 -1.812399 -0.364235 23.546463 -0.589381 0.757781 0.279998 0.467956 0.738956 1 23 1.000000
mnt_body.png
 47 -2.399198 -1.967735 24.954021 -0.187901 -0.148775 0.970855 0.455955 0.806805 1 23 1.000000
 47 -1.568040 -1.264259 25.008003 0.064630 0.045010 0.996894 0.471054 0.793950 1 23 1.000000
 47 -1.839782 -0.783710 24.522112 -0.479592 0.677302 0.557901 0.468841 0.772671 1 23 1.000000
mnt_body.png
 47 -1.839782 -0.783710 24.522112 -0.479592 0.677302 0.557901 0.468841 0.772671 1 23 1.000000
 47 -1.568040 -1.264259 25.008003 0.064630 0.045010 0.996894 0.471054 0.793950 1 23 1.000000
 47 -0.000010 -0.001532 24.598793 0.217114 0.174122 0.960491 0.496628 0.757626 1 23 1.000000
mnt_body.png
 47 -1.839782 -0.783710 24.522112 -0.479592 0.677302 0.557901 0.468841 0.772671 1 23 1.000000
 47 -0.307129 0.154032 24.139404 -0.391839 0.814910 0.427063 0.492027 0.743320 1 23 1.000000
 47 -1.812399 -0.364235 23.546463 -0.589381 0.757781 0.279998 0.467956 0.738956 1 23 1.000000
mnt_body.png
 47 -1.839782 -0.783710 24.522112 -0.479592 0.677302 0.557901 0.468841 0.772671 1 23 1.000000
 47 -0.000010 -0.001532 24.598793 0.217114 0.174122 0.960491 0.496628 0.757626 1 23 1.000000
 47 -0.307129 0.154032 24.139404 -0.391839 0.814910 0.427063 0.492027 0.743320 1 23 1.000000
mnt_body.png
 47 -3.225373 -3.336329 21.202093 -0.113512 0.960906 -0.252535 0.419623 0.833104 1 23 1.000000
 47 -4.304434 -3.608492 20.926643 0.672606 0.576884 -0.463472 0.436500 0.817555 1 23 1.000000
 47 -3.114023 -2.617918 23.883411 0.581185 0.495117 -0.645819 0.388685 0.768414 1 23 1.000000
mnt_body.png
 47 -3.225373 -3.336329 21.202093 -0.113512 0.960906 -0.252535 0.419623 0.833104 1 23 1.000000
 47 -3.114023 -2.617918 23.883411 0.581185 0.495117 -0.645819 0.388685 0.768414 1 23 1.000000
 47 -2.674175 -3.204453 21.594166 0.068545 0.969625 -0.234795 0.408522 0.835164 1 23 1.000000
mnt_body.png
 47 -3.114023 -2.617918 23.883411 0.581185 0.495117 -0.645819 0.388685 0.768414 1 23 1.000000
 47 -1.013965 -2.191650 22.683329 -0.379458 0.813775 -0.440206 0.371008 0.838460 1 23 1.000000
 47 -1.567058 -2.747400 22.252380 -0.399499 0.802861 -0.442510 0.385054 0.839757 1 23 1.000000
mnt_body.png
 47 -3.114023 -2.617918 23.883411 0.581185 0.495117 -0.645819 0.388685 0.768414 1 23 1.000000
 47 -1.567058 -2.747400 22.252380 -0.399499 0.802861 -0.442510 0.385054 0.839757 1 23 1.000000
 47 -2.361842 -3.129631 22.209978 -0.099871 0.938226 -0.331298 0.397673 0.827779 1 23 1.000000
mnt_body.png
 47 -3.114023 -2.617918 23.883411 0.581185 0.495117 -0.645819 0.388685 0.768414 1 23 1.000000
 47 -2.361842 -3.129631 22.209978 -0.099871 0.938226 -0.331298 0.397673 0.827779 1 23 1.000000
 47 -2.674175 -3.204453 21.594166 0.068545 0.969625 -0.234795 0.408522 0.835164 1 23 1.000000
mnt_body.png
 47 -3.114023 -2.617918 23.883411 0.581185 0.495117 -0.645819 0.388685 0.768414 1 23 1.000000
 47 -2.058631 -1.680349 24.547043 0.252634 0.203709 -0.945875 0.363661 0.770191 1 23 1.000000
 47 -1.013965 -2.191650 22.683329 -0.379458 0.813775 -0.440206 0.371008 0.838460 1 23 1.000000
mnt_body.png
 47 -1.013965 -2.191650 22.683329 -0.379458 0.813775 -0.440206 0.371008 0.838460 1 23 1.000000
 47 -2.058631 -1.680349 24.547043 0.252634 0.203709 -0.945875 0.363661 0.770191 1 23 1.000000
 47 -0.695020 -1.686104 23.537666 -0.384137 0.670271 -0.634961 0.356336 0.823590 1 23 1.000000
mnt_body.png
 47 -2.058631 -1.680349 24.547043 0.252634 0.203709 -0.945875 0.363661 0.770191 1 23 1.000000
 47 -0.019217 -0.010593 24.410488 0.025427 0.013731 -0.999582 0.325177 0.805936 1 23 1.000000
 47 -0.695020 -1.686104 23.537666 -0.384137 0.670271 -0.634961 0.356336 0.823590 1 23 1.000000
mnt_body.png
 47 -0.695020 -1.686104 23.537666 -0.384137 0.670271 -0.634961 0.356336 0.823590 1 23 1.000000
 47 -0.019217 -0.010593 24.410488 0.025427 0.013731 -0.999582 0.325177 0.805936 1 23 1.000000
 47 0.099256 -0.330276 24.138758 -0.330291 0.537477 -0.775903 0.329313 0.816968 1 23 1.000000
mnt_body.png
 47 -2.058631 -1.680349 24.547043 0.252634 0.203709 -0.945875 0.363661 0.770191 1 23 1.000000
 47 -1.812399 -0.364235 23.546463 0.595053 -0.510813 -0.620469 0.356336 0.823590 1 23 1.000000
 47 -0.019217 -0.010593 24.410488 0.025427 0.013731 -0.999582 0.325177 0.805936 1 23 1.000000
mnt_body.png
 47 -2.058631 -1.680349 24.547043 0.252634 0.203709 -0.945875 0.363661 0.770191 1 23 1.000000
 47 -3.114023 -2.617918 23.883411 0.581185 0.495117 -0.645819 0.388685 0.768414 1 23 1.000000
 47 -2.330118 -0.626118 22.688219 0.758948 -0.506728 -0.408930 0.371008 0.838460 1 23 1.000000
mnt_body.png
 47 -2.058631 -1.680349 24.547043 0.252634 0.203709 -0.945875 0.363661 0.770191 1 23 1.000000
 47 -2.330118 -0.626118 22.688219 0.758948 -0.506728 -0.408930 0.371008 0.838460 1 23 1.000000
 47 -1.812399 -0.364235 23.546463 0.595053 -0.510813 -0.620469 0.356336 0.823590 1 23 1.000000
mnt_body.png
 47 -1.812399 -0.364235 23.546463 0.595053 -0.510813 -0.620469 0.356336 0.823590 1 23 1.000000
 47 -0.307129 0.154032 24.139404 0.457895 -0.456040 -0.763125 0.329313 0.816968 1 23 1.000000
 47 -0.019217 -0.010593 24.410488 0.025427 0.013731 -0.999582 0.325177 0.805936 1 23 1.000000
mnt_body.png
 47 -3.114023 -2.617918 23.883411 0.581185 0.495117 -0.645819 0.388685 0.768414 1 23 1.000000
 47 -4.304434 -3.608492 20.926643 0.672606 0.576884 -0.463472 0.436500 0.817555 1 23 1.000000
 47 -3.860134 -2.579855 21.203102 0.929318 -0.260165 -0.262073 0.419623 0.833104 1 23 1.000000
mnt_body.png
 47 -3.114023 -2.617918 23.883411 0.581185 0.495117 -0.645819 0.388685 0.768414 1 23 1.000000
 47 -3.640091 -2.053328 21.595705 0.966903 -0.078392 -0.242805 0.408522 0.835164 1 23 1.000000
 47 -3.516857 -1.731483 22.218777 0.888405 -0.279811 -0.363926 0.397673 0.827779 1 23 1.000000
mnt_body.png
 47 -3.114023 -2.617918 23.883411 0.581185 0.495117 -0.645819 0.388685 0.768414 1 23 1.000000
 47 -3.516857 -1.731483 22.218777 0.888405 -0.279811 -0.363926 0.397673 0.827779 1 23 1.000000
 47 -2.945174 -1.081299 22.269560 0.694912 -0.555987 -0.456043 0.385054 0.839757 1 23 1.000000
mnt_body.png
 47 -3.114023 -2.617918 23.883411 0.581185 0.495117 -0.645819 0.388685 0.768414 1 23 1.000000
 47 -2.945174 -1.081299 22.269560 0.694912 -0.555987 -0.456043 0.385054 0.839757 1 23 1.000000
 47 -2.330118 -0.626118 22.688219 0.758948 -0.506728 -0.408930 0.371008 0.838460 1 23 1.000000
mnt_body.png
 47 -3.114023 -2.617918 23.883411 0.581185 0.495117 -0.645819 0.388685 0.768414 1 23 1.000000
 47 -3.860134 -2.579855 21.203102 0.929318 -0.260165 -0.262073 0.419623 0.833104 1 23 1.000000
 47 -3.640091 -2.053328 21.595705 0.966903 -0.078392 -0.242805 0.408522 0.835164 1 23 1.000000
mnt_body.png
 47 -3.202932 2.672634 21.594168 -0.970580 -0.240708 -0.005913 0.422141 0.724338 1 23 1.000000
 47 -3.128110 2.360300 22.209978 -0.948131 -0.303058 0.095941 0.429351 0.732761 1 23 1.000000
 47 -3.334807 3.223831 21.202093 -0.970580 -0.240708 -0.005913 0.411917 0.721370 1 23 1.000000
mnt_body.png
 47 -3.128110 2.360300 22.209978 -0.948131 -0.303058 0.095941 0.429351 0.732761 1 23 1.000000
 47 -2.537064 2.054087 24.137585 -0.834159 -0.405313 0.374033 0.449386 0.779675 1 23 1.000000
 47 -3.155972 2.815744 22.996735 -0.955224 -0.180054 0.234795 0.428222 0.762219 1 23 1.000000
mnt_body.png
 47 -3.128110 2.360300 22.209978 -0.948131 -0.303058 0.095941 0.429351 0.732761 1 23 1.000000
 47 -2.745879 1.565516 22.252380 -0.833829 -0.504904 0.223162 0.441001 0.728008 1 23 1.000000
 47 -2.537064 2.054087 24.137585 -0.834159 -0.405313 0.374033 0.449386 0.779675 1 23 1.000000
mnt_body.png
 47 -3.128110 2.360300 22.209978 -0.948131 -0.303058 0.095941 0.429351 0.732761 1 23 1.000000
 47 -3.155972 2.815744 22.996735 -0.955224 -0.180054 0.234795 0.428222 0.762219 1 23 1.000000
 47 -3.606970 4.302893 20.926643 -0.638029 0.745722 0.191878 0.393919 0.719059 1 23 1.000000
mnt_body.png
 47 -3.128110 2.360300 22.209978 -0.948131 -0.303058 0.095941 0.429351 0.732761 1 23 1.000000
 47 -3.606970 4.302893 20.926643 -0.638029 0.745722 0.191878 0.393919 0.719059 1 23 1.000000
 47 -3.334807 3.223831 21.202093 -0.970580 -0.240708 -0.005913 0.411917 0.721370 1 23 1.000000
mnt_body.png
 47 -3.155972 2.815744 22.996735 -0.955224 -0.180054 0.234795 0.428222 0.762219 1 23 1.000000
 47 -2.537064 2.054087 24.137585 -0.834159 -0.405313 0.374033 0.449386 0.779675 1 23 1.000000
 47 -2.936048 3.498600 23.757759 -0.542290 0.649865 0.532538 0.427199 0.793133 1 23 1.000000
mnt_body.png
 47 -3.155972 2.815744 22.996735 -0.955224 -0.180054 0.234795 0.428222 0.762219 1 23 1.000000
 47 -2.936048 3.498600 23.757759 -0.542290 0.649865 0.532538 0.427199 0.793133 1 23 1.000000
 47 -3.606970 4.302893 20.926643 -0.638029 0.745722 0.191878 0.393919 0.719059 1 23 1.000000
mnt_body.png
 47 -2.745879 1.565516 22.252380 -0.833829 -0.504904 0.223162 0.441001 0.728008 1 23 1.000000
 47 -2.190129 1.012424 22.683327 -0.772283 -0.588689 0.238799 0.456428 0.728611 1 23 1.000000
 47 -2.537064 2.054087 24.137585 -0.834159 -0.405313 0.374033 0.449386 0.779675 1 23 1.000000
mnt_body.png
 47 -2.537064 2.054087 24.137585 -0.834159 -0.405313 0.374033 0.449386 0.779675 1 23 1.000000
 47 -2.553298 3.079453 24.477900 -0.395074 0.490940 0.776463 0.440047 0.804746 1 23 1.000000
 47 -2.936048 3.498600 23.757759 -0.542290 0.649865 0.532538 0.427199 0.793133 1 23 1.000000
mnt_body.png
 47 -2.537064 2.054087 24.137585 -0.834159 -0.405313 0.374033 0.449386 0.779675 1 23 1.000000
 47 -1.966213 2.397657 24.954021 -0.148764 0.187878 0.970861 0.455955 0.806805 1 23 1.000000
 47 -2.553298 3.079453 24.477900 -0.395074 0.490940 0.776463 0.440047 0.804746 1 23 1.000000
mnt_body.png
 47 -2.537064 2.054087 24.137585 -0.834159 -0.405313 0.374033 0.449386 0.779675 1 23 1.000000
 47 -1.608307 1.149340 24.520988 -0.588308 -0.572728 0.570856 0.468841 0.772671 1 23 1.000000
 47 -1.966213 2.397657 24.954021 -0.148764 0.187878 0.970861 0.455955 0.806805 1 23 1.000000
mnt_body.png
 47 -2.537064 2.054087 24.137585 -0.834159 -0.405313 0.374033 0.449386 0.779675 1 23 1.000000
 47 -2.190129 1.012424 22.683327 -0.772283 -0.588689 0.238799 0.456428 0.728611 1 23 1.000000
 47 -1.684583 0.693478 23.537666 -0.698878 -0.640113 0.319100 0.467956 0.738956 1 23 1.000000
mnt_body.png
 47 -2.537064 2.054087 24.137585 -0.834159 -0.405313 0.374033 0.449386 0.779675 1 23 1.000000
 47 -1.684583 0.693478 23.537666 -0.698878 -0.640113 0.319100 0.467956 0.738956 1 23 1.000000
 47 -1.608307 1.149340 24.520988 -0.588308 -0.572728 0.570856 0.468841 0.772671 1 23 1.000000
mnt_body.png
 47 -1.966213 2.397657 24.954021 -0.148764 0.187878 0.970861 0.455955 0.806805 1 23 1.000000
 47 -1.608307 1.149340 24.520988 -0.588308 -0.572728 0.570856 0.468841 0.772671 1 23 1.000000
 47 -1.262739 1.566498 25.008003 0.045046 -0.064654 0.996891 0.471054 0.793950 1 23 1.000000
mnt_body.png
 47 -1.608307 1.149340 24.520988 -0.588308 -0.572728 0.570856 0.468841 0.772671 1 23 1.000000
 47 -0.000010 -0.001532 24.598793 0.174090 -0.217043 0.960513 0.496628 0.757626 1 23 1.000000
 47 -1.262739 1.566498 25.008003 0.045046 -0.064654 0.996891 0.471054 0.793950 1 23 1.000000
mnt_body.png
 47 -1.608307 1.149340 24.520988 -0.588308 -0.572728 0.570856 0.468841 0.772671 1 23 1.000000
 47 -1.684583 0.693478 23.537666 -0.698878 -0.640113 0.319100 0.467956 0.738956 1 23 1.000000
 47 -0.328755 -0.100798 24.138758 -0.552165 -0.702876 0.448419 0.492027 0.743320 1 23 1.000000
mnt_body.png
 47 -1.608307 1.149340 24.520988 -0.588308 -0.572728 0.570856 0.468841 0.772671 1 23 1.000000
 47 -0.328755 -0.100798 24.138758 -0.552165 -0.702876 0.448419 0.492027 0.743320 1 23 1.000000
 47 -0.000010 -0.001532 24.598793 0.174090 -0.217043 0.960513 0.496628 0.757626 1 23 1.000000
mnt_body.png
 47 -2.578334 3.858591 21.203102 0.402689 0.914931 -0.027275 0.411917 0.721370 1 23 1.000000
 47 -1.729962 3.515316 22.218777 0.463877 0.880690 0.095939 0.429351 0.732761 1 23 1.000000
 47 -2.051807 3.638550 21.595705 0.402689 0.914931 -0.027275 0.422141 0.724338 1 23 1.000000
mnt_body.png
 47 -2.578334 3.858591 21.203102 0.402689 0.914931 -0.027275 0.411917 0.721370 1 23 1.000000
 47 -3.606970 4.302893 20.926643 -0.638029 0.745722 0.191878 0.393919 0.719059 1 23 1.000000
 47 -1.729962 3.515316 22.218777 0.463877 0.880690 0.095939 0.429351 0.732761 1 23 1.000000
mnt_body.png
 47 -1.729962 3.515316 22.218777 0.463877 0.880690 0.095939 0.429351 0.732761 1 23 1.000000
 47 -1.553618 2.871063 24.127996 0.543745 0.762784 0.350003 0.449386 0.779675 1 23 1.000000
 47 -1.079778 2.943632 22.269560 0.677044 0.708384 0.199507 0.441001 0.728008 1 23 1.000000
mnt_body.png
 47 -1.729962 3.515316 22.218777 0.463877 0.880690 0.095939 0.429351 0.732761 1 23 1.000000
 47 -2.220438 3.600758 22.997982 0.317026 0.915791 0.246621 0.428222 0.762219 1 23 1.000000
 47 -1.553618 2.871063 24.127996 0.543745 0.762784 0.350003 0.449386 0.779675 1 23 1.000000
mnt_body.png
 47 -1.729962 3.515316 22.218777 0.463877 0.880690 0.095939 0.429351 0.732761 1 23 1.000000
 47 -3.606970 4.302893 20.926643 -0.638029 0.745722 0.191878 0.393919 0.719059 1 23 1.000000
 47 -2.220438 3.600758 22.997982 0.317026 0.915791 0.246621 0.428222 0.762219 1 23 1.000000
mnt_body.png
 47 -3.606970 4.302893 20.926643 -0.638029 0.745722 0.191878 0.393919 0.719059 1 23 1.000000
 47 -2.936048 3.498600 23.757759 -0.542290 0.649865 0.532538 0.427199 0.793133 1 23 1.000000
 47 -2.220438 3.600758 22.997982 0.317026 0.915791 0.246621 0.428222 0.762219 1 23 1.000000
mnt_body.png
 47 -1.079778 2.943632 22.269560 0.677044 0.708384 0.199507 0.441001 0.728008 1 23 1.000000
 47 -1.553618 2.871063 24.127996 0.543745 0.762784 0.350003 0.449386 0.779675 1 23 1.000000
 47 -0.624597 2.328577 22.688219 0.708975 0.675746 0.201796 0.456428 0.728611 1 23 1.000000
mnt_body.png
 47 -2.220438 3.600758 22.997982 0.317026 0.915791 0.246621 0.428222 0.762219 1 23 1.000000
 47 -2.936048 3.498600 23.757759 -0.542290 0.649865 0.532538 0.427199 0.793133 1 23 1.000000
 47 -1.553618 2.871063 24.127996 0.543745 0.762784 0.350003 0.449386 0.779675 1 23 1.000000
mnt_body.png
 47 -1.553618 2.871063 24.127996 0.543745 0.762784 0.350003 0.449386 0.779675 1 23 1.000000
 47 -2.936048 3.498600 23.757759 -0.542290 0.649865 0.532538 0.427199 0.793133 1 23 1.000000
 47 -2.553298 3.079453 24.477900 -0.395074 0.490940 0.776463 0.440047 0.804746 1 23 1.000000
mnt_body.png
 47 -1.553618 2.871063 24.127996 0.543745 0.762784 0.350003 0.449386 0.779675 1 23 1.000000
 47 -2.553298 3.079453 24.477900 -0.395074 0.490940 0.776463 0.440047 0.804746 1 23 1.000000
 47 -1.966213 2.397657 24.954021 -0.148764 0.187878 0.970861 0.455955 0.806805 1 23 1.000000
mnt_body.png
 47 -1.553618 2.871063 24.127996 0.543745 0.762784 0.350003 0.449386 0.779675 1 23 1.000000
 47 -1.966213 2.397657 24.954021 -0.148764 0.187878 0.970861 0.455955 0.806805 1 23 1.000000
 47 -0.782189 1.838242 24.522112 0.677337 0.479537 0.557906 0.468841 0.772671 1 23 1.000000
mnt_body.png
 47 -1.553618 2.871063 24.127996 0.543745 0.762784 0.350003 0.449386 0.779675 1 23 1.000000
 47 -0.362713 1.810858 23.546463 0.757786 0.589373 0.280000 0.467956 0.738956 1 23 1.000000
 47 -0.624597 2.328577 22.688219 0.708975 0.675746 0.201796 0.456428 0.728611 1 23 1.000000
mnt_body.png
 47 -1.553618 2.871063 24.127996 0.543745 0.762784 0.350003 0.449386 0.779675 1 23 1.000000
 47 -0.782189 1.838242 24.522112 0.677337 0.479537 0.557906 0.468841 0.772671 1 23 1.000000
 47 -0.362713 1.810858 23.546463 0.757786 0.589373 0.280000 0.467956 0.738956 1 23 1.000000
mnt_body.png
 47 -1.966213 2.397657 24.954021 -0.148764 0.187878 0.970861 0.455955 0.806805 1 23 1.000000
 47 -1.262739 1.566498 25.008003 0.045046 -0.064654 0.996891 0.471054 0.793950 1 23 1.000000
 47 -0.782189 1.838242 24.522112 0.677337 0.479537 0.557906 0.468841 0.772671 1 23 1.000000
mnt_body.png
 47 -0.782189 1.838242 24.522112 0.677337 0.479537 0.557906 0.468841 0.772671 1 23 1.000000
 47 -1.262739 1.566498 25.008003 0.045046 -0.064654 0.996891 0.471054 0.793950 1 23 1.000000
 47 -0.000010 -0.001532 24.598793 0.174090 -0.217043 0.960513 0.496628 0.757626 1 23 1.000000
mnt_body.png
 47 -0.782189 1.838242 24.522112 0.677337 0.479537 0.557906 0.468841 0.772671 1 23 1.000000
 47 0.155552 0.305588 24.139404 0.814945 0.391776 0.427056 0.492027 0.743320 1 23 1.000000
 47 -0.362713 1.810858 23.546463 0.757786 0.589373 0.280000 0.467956 0.738956 1 23 1.000000
mnt_body.png
 47 -0.782189 1.838242 24.522112 0.677337 0.479537 0.557906 0.468841 0.772671 1 23 1.000000
 47 -0.000010 -0.001532 24.598793 0.174090 -0.217043 0.960513 0.496628 0.757626 1 23 1.000000
 47 0.155552 0.305588 24.139404 0.814945 0.391776 0.427056 0.492027 0.743320 1 23 1.000000
mnt_body.png
 47 -3.334807 3.223831 21.202093 0.960911 0.113486 -0.252530 0.419623 0.833104 1 23 1.000000
 47 -3.606970 4.302893 20.926643 0.576802 -0.672669 -0.463482 0.436500 0.817555 1 23 1.000000
 47 -2.616397 3.112482 23.883411 0.495029 -0.581285 -0.645798 0.388685 0.768414 1 23 1.000000
mnt_body.png
 47 -3.334807 3.223831 21.202093 0.960911 0.113486 -0.252530 0.419623 0.833104 1 23 1.000000
 47 -2.616397 3.112482 23.883411 0.495029 -0.581285 -0.645798 0.388685 0.768414 1 23 1.000000
 47 -3.202932 2.672634 21.594168 0.969571 -0.068664 -0.234984 0.408522 0.835164 1 23 1.000000
mnt_body.png
 47 -2.616397 3.112482 23.883411 0.495029 -0.581285 -0.645798 0.388685 0.768414 1 23 1.000000
 47 -2.190129 1.012424 22.683327 0.813886 0.379417 -0.440036 0.371008 0.838460 1 23 1.000000
 47 -2.745879 1.565516 22.252380 0.802825 0.399577 -0.442504 0.385054 0.839757 1 23 1.000000
mnt_body.png
 47 -2.616397 3.112482 23.883411 0.495029 -0.581285 -0.645798 0.388685 0.768414 1 23 1.000000
 47 -2.745879 1.565516 22.252380 0.802825 0.399577 -0.442504 0.385054 0.839757 1 23 1.000000
 47 -3.128110 2.360300 22.209978 0.938284 0.099944 -0.331111 0.397673 0.827779 1 23 1.000000
mnt_body.png
 47 -2.616397 3.112482 23.883411 0.495029 -0.581285 -0.645798 0.388685 0.768414 1 23 1.000000
 47 -3.128110 2.360300 22.209978 0.938284 0.099944 -0.331111 0.397673 0.827779 1 23 1.000000
 47 -3.202932 2.672634 21.594168 0.969571 -0.068664 -0.234984 0.408522 0.835164 1 23 1.000000
mnt_body.png
 47 -2.616397 3.112482 23.883411 0.495029 -0.581285 -0.645798 0.388685 0.768414 1 23 1.000000
 47 -1.678828 2.057089 24.547043 0.203690 -0.252568 -0.945896 0.363661 0.770191 1 23 1.000000
 47 -2.190129 1.012424 22.683327 0.813886 0.379417 -0.440036 0.371008 0.838460 1 23 1.000000
mnt_body.png
 47 -2.190129 1.012424 22.683327 0.813886 0.379417 -0.440036 0.371008 0.838460 1 23 1.000000
 47 -1.678828 2.057089 24.547043 0.203690 -0.252568 -0.945896 0.363661 0.770191 1 23 1.000000
 47 -1.684583 0.693478 23.537666 0.670268 0.384147 -0.634958 0.356336 0.823590 1 23 1.000000
mnt_body.png
 47 -1.678828 2.057089 24.547043 0.203690 -0.252568 -0.945896 0.363661 0.770191 1 23 1.000000
 47 -0.009072 0.017675 24.410488 0.013691 -0.025365 -0.999584 0.325177 0.805936 1 23 1.000000
 47 -1.684583 0.693478 23.537666 0.670268 0.384147 -0.634958 0.356336 0.823590 1 23 1.000000
mnt_body.png
 47 -1.684583 0.693478 23.537666 0.670268 0.384147 -0.634958 0.356336 0.823590 1 23 1.000000
 47 -0.009072 0.017675 24.410488 0.013691 -0.025365 -0.999584 0.325177 0.805936 1 23 1.000000
 47 -0.328755 -0.100798 24.138758 0.537449 0.330342 -0.775901 0.329313 0.816968 1 23 1.000000
mnt_body.png
 47 -1.678828 2.057089 24.547043 0.203690 -0.252568 -0.945896 0.363661 0.770191 1 23 1.000000
 47 -0.362713 1.810858 23.546463 -0.510828 -0.595060 -0.620451 0.356336 0.823590 1 23 1.000000
 47 -0.009072 0.017675 24.410488 0.013691 -0.025365 -0.999584 0.325177 0.805936 1 23 1.000000
mnt_body.png
 47 -1.678828 2.057089 24.547043 0.203690 -0.252568 -0.945896 0.363661 0.770191 1 23 1.000000
 47 -2.616397 3.112482 23.883411 0.495029 -0.581285 -0.645798 0.388685 0.768414 1 23 1.000000
 47 -0.624597 2.328577 22.688219 -0.506603 -0.759034 -0.408925 0.371008 0.838460 1 23 1.000000
mnt_body.png
 47 -1.678828 2.057089 24.547043 0.203690 -0.252568 -0.945896 0.363661 0.770191 1 23 1.000000
 47 -0.624597 2.328577 22.688219 -0.506603 -0.759034 -0.408925 0.371008 0.838460 1 23 1.000000
 47 -0.362713 1.810858 23.546463 -0.510828 -0.595060 -0.620451 0.356336 0.823590 1 23 1.000000
mnt_body.png
 47 -0.362713 1.810858 23.546463 -0.510828 -0.595060 -0.620451 0.356336 0.823590 1 23 1.000000
 47 0.155552 0.305588 24.139404 -0.455955 -0.457963 -0.763135 0.329313 0.816968 1 23 1.000000
 47 -0.009072 0.017675 24.410488 0.013691 -0.025365 -0.999584 0.325177 0.805936 1 23 1.000000
mnt_body.png
 47 -2.616397 3.112482 23.883411 0.495029 -0.581285 -0.645798 0.388685 0.768414 1 23 1.000000
 47 -3.606970 4.302893 20.926643 0.576802 -0.672669 -0.463482 0.436500 0.817555 1 23 1.000000
 47 -2.578334 3.858591 21.203102 -0.260210 -0.929307 -0.262069 0.419623 0.833104 1 23 1.000000
mnt_body.png
 47 -2.616397 3.112482 23.883411 0.495029 -0.581285 -0.645798 0.388685 0.768414 1 23 1.000000
 47 -2.051807 3.638550 21.595705 -0.078297 -0.966910 -0.242806 0.408522 0.835164 1 23 1.000000
 47 -1.729962 3.515316 22.218777 -0.279805 -0.888410 -0.363918 0.397673 0.827779 1 23 1.000000
mnt_body.png
 47 -2.616397 3.112482 23.883411 0.495029 -0.581285 -0.645798 0.388685 0.768414 1 23 1.000000
 47 -1.729962 3.515316 22.218777 -0.279805 -0.888410 -0.363918 0.397673 0.827779 1 23 1.000000
 47 -1.079778 2.943632 22.269560 -0.555980 -0.694909 -0.456057 0.385054 0.839757 1 23 1.000000
mnt_body.png
 47 -2.616397 3.112482 23.883411 0.495029 -0.581285 -0.645798 0.388685 0.768414 1 23 1.000000
 47 -1.079778 2.943632 22.269560 -0.555980 -0.694909 -0.456057 0.385054 0.839757 1 23 1.000000
 47 -0.624597 2.328577 22.688219 -0.506603 -0.759034 -0.408925 0.371008 0.838460 1 23 1.000000
mnt_body.png
 47 -2.616397 3.112482 23.883411 0.495029 -0.581285 -0.645798 0.388685 0.768414 1 23 1.000000
 47 -2.578334 3.858591 21.203102 -0.260210 -0.929307 -0.262069 0.419623 0.833104 1 23 1.000000
 47 -2.051807 3.638550 21.595705 -0.078297 -0.966910 -0.242806 0.408522 0.835164 1 23 1.000000
mnt_body.png
 47 2.674155 3.201391 21.594168 -0.240708 0.970580 -0.005913 0.422141 0.724338 1 23 1.000000
 47 2.361822 3.126568 22.209978 -0.303028 0.948160 0.095748 0.429351 0.732761 1 23 1.000000
 47 3.225352 3.333265 21.202093 -0.240663 0.970591 -0.005913 0.411917 0.721370 1 23 1.000000
mnt_body.png
 47 2.361822 3.126568 22.209978 -0.303028 0.948160 0.095748 0.429351 0.732761 1 23 1.000000
 47 2.055607 2.535522 24.137585 -0.405361 0.834135 0.374033 0.449386 0.779675 1 23 1.000000
 47 2.817266 3.154430 22.996735 -0.180077 0.955220 0.234794 0.428222 0.762219 1 23 1.000000
mnt_body.png
 47 2.361822 3.126568 22.209978 -0.303028 0.948160 0.095748 0.429351 0.732761 1 23 1.000000
 47 1.567037 2.744337 22.252380 -0.504921 0.833819 0.223159 0.441001 0.728008 1 23 1.000000
 47 2.055607 2.535522 24.137585 -0.405361 0.834135 0.374033 0.449386 0.779675 1 23 1.000000
mnt_body.png
 47 2.361822 3.126568 22.209978 -0.303028 0.948160 0.095748 0.429351 0.732761 1 23 1.000000
 47 2.817266 3.154430 22.996735 -0.180077 0.955220 0.234794 0.428222 0.762219 1 23 1.000000
 47 4.304413 3.605429 20.926643 0.745734 0.638015 0.191881 0.393919 0.719059 1 23 1.000000
mnt_body.png
 47 2.361822 3.126568 22.209978 -0.303028 0.948160 0.095748 0.429351 0.732761 1 23 1.000000
 47 4.304413 3.605429 20.926643 0.745734 0.638015 0.191881 0.393919 0.719059 1 23 1.000000
 47 3.225352 3.333265 21.202093 -0.240663 0.970591 -0.005913 0.411917 0.721370 1 23 1.000000
mnt_body.png
 47 2.817266 3.154430 22.996735 -0.180077 0.955220 0.234794 0.428222 0.762219 1 23 1.000000
 47 2.055607 2.535522 24.137585 -0.405361 0.834135 0.374033 0.449386 0.779675 1 23 1.000000
 47 3.500120 2.934505 23.757759 0.649901 0.542256 0.532529 0.427199 0.793133 1 23 1.000000
mnt_body.png
 47 2.817266 3.154430 22.996735 -0.180077 0.955220 0.234794 0.428222 0.762219 1 23 1.000000
 47 3.500120 2.934505 23.757759 0.649901 0.542256 0.532529 0.427199 0.793133 1 23 1.000000
 47 4.304413 3.605429 20.926643 0.745734 0.638015 0.191881 0.393919 0.719059 1 23 1.000000
mnt_body.png
 47 1.567037 2.744337 22.252380 -0.504921 0.833819 0.223159 0.441001 0.728008 1 23 1.000000
 47 1.013945 2.188587 22.683329 -0.588573 0.772430 0.238610 0.456428 0.728611 1 23 1.000000
 47 2.055607 2.535522 24.137585 -0.405361 0.834135 0.374033 0.449386 0.779675 1 23 1.000000
mnt_body.png
 47 2.055607 2.535522 24.137585 -0.405361 0.834135 0.374033 0.449386 0.779675 1 23 1.000000
 47 3.080974 2.551756 24.477900 0.490885 0.395164 0.776452 0.440047 0.804746 1 23 1.000000
 47 3.500120 2.934505 23.757759 0.649901 0.542256 0.532529 0.427199 0.793133 1 23 1.000000
mnt_body.png
 47 2.055607 2.535522 24.137585 -0.405361 0.834135 0.374033 0.449386 0.779675 1 23 1.000000
 47 2.399178 1.964672 24.954021 0.187901 0.148775 0.970855 0.455955 0.806805 1 23 1.000000
 47 3.080974 2.551756 24.477900 0.490885 0.395164 0.776452 0.440047 0.804746 1 23 1.000000
mnt_body.png
 47 2.055607 2.535522 24.137585 -0.405361 0.834135 0.374033 0.449386 0.779675 1 23 1.000000
 47 1.150861 1.606766 24.520988 -0.572681 0.588166 0.571048 0.468841 0.772671 1 23 1.000000
 47 2.399178 1.964672 24.954021 0.187901 0.148775 0.970855 0.455955 0.806805 1 23 1.000000
mnt_body.png
 47 2.055607 2.535522 24.137585 -0.405361 0.834135 0.374033 0.449386 0.779675 1 23 1.000000
 47 1.013945 2.188587 22.683329 -0.588573 0.772430 0.238610 0.456428 0.728611 1 23 1.000000
 47 0.695000 1.683041 23.537666 -0.640094 0.698810 0.319287 0.467956 0.738956 1 23 1.000000
mnt_body.png
 47 2.055607 2.535522 24.137585 -0.405361 0.834135 0.374033 0.449386 0.779675 1 23 1.000000
 47 0.695000 1.683041 23.537666 -0.640094 0.698810 0.319287 0.467956 0.738956 1 23 1.000000
 47 1.150861 1.606766 24.520988 -0.572681 0.588166 0.571048 0.468841 0.772671 1 23 1.000000
mnt_body.png
 47 2.399178 1.964672 24.954021 0.187901 0.148775 0.970855 0.455955 0.806805 1 23 1.000000
 47 1.150861 1.606766 24.520988 -0.572681 0.588166 0.571048 0.468841 0.772671 1 23 1.000000
 47 1.568019 1.261198 25.008003 -0.064630 -0.045200 0.996885 0.471054 0.793950 1 23 1.000000
mnt_body.png
 47 1.150861 1.606766 24.520988 -0.572681 0.588166 0.571048 0.468841 0.772671 1 23 1.000000
 47 -0.000010 -0.001532 24.598793 -0.217114 -0.174122 0.960491 0.496628 0.757626 1 23 1.000000
 47 1.568019 1.261198 25.008003 -0.064630 -0.045200 0.996885 0.471054 0.793950 1 23 1.000000
mnt_body.png
 47 1.150861 1.606766 24.520988 -0.572681 0.588166 0.571048 0.468841 0.772671 1 23 1.000000
 47 0.695000 1.683041 23.537666 -0.640094 0.698810 0.319287 0.467956 0.738956 1 23 1.000000
 47 -0.099276 0.327213 24.138758 -0.702886 0.552156 0.448415 0.492027 0.743320 1 23 1.000000
mnt_body.png
 47 1.150861 1.606766 24.520988 -0.572681 0.588166 0.571048 0.468841 0.772671 1 23 1.000000
 47 -0.099276 0.327213 24.138758 -0.702886 0.552156 0.448415 0.492027 0.743320 1 23 1.000000
 47 -0.000010 -0.001532 24.598793 -0.217114 -0.174122 0.960491 0.496628 0.757626 1 23 1.000000
mnt_body.png
 47 3.860113 2.576792 21.203102 0.914943 -0.402660 -0.027275 0.411917 0.721370 1 23 1.000000
 47 3.516837 1.728420 22.218777 0.880688 -0.463840 0.096130 0.429351 0.732761 1 23 1.000000
 47 3.640071 2.050264 21.595705 0.914943 -0.402660 -0.027275 0.422141 0.724338 1 23 1.000000
mnt_body.png
 47 3.860113 2.576792 21.203102 0.914943 -0.402660 -0.027275 0.411917 0.721370 1 23 1.000000
 47 4.304413 3.605429 20.926643 0.745734 0.638015 0.191881 0.393919 0.719059 1 23 1.000000
 47 3.516837 1.728420 22.218777 0.880688 -0.463840 0.096130 0.429351 0.732761 1 23 1.000000
mnt_body.png
 47 3.516837 1.728420 22.218777 0.880688 -0.463840 0.096130 0.429351 0.732761 1 23 1.000000
 47 2.872585 1.552076 24.127996 0.762769 -0.543770 0.349997 0.449386 0.779675 1 23 1.000000
 47 2.945153 1.078236 22.269560 0.708436 -0.676989 0.199509 0.441001 0.728008 1 23 1.000000
mnt_body.png
 47 3.516837 1.728420 22.218777 0.880688 -0.463840 0.096130 0.429351 0.732761 1 23 1.000000
 47 3.602278 2.218897 22.997982 0.915802 -0.316997 0.246617 0.428222 0.762219 1 23 1.000000
 47 2.872585 1.552076 24.127996 0.762769 -0.543770 0.349997 0.449386 0.779675 1 23 1.000000
mnt_body.png
 47 3.516837 1.728420 22.218777 0.880688 -0.463840 0.096130 0.429351 0.732761 1 23 1.000000
 47 4.304413 3.605429 20.926643 0.745734 0.638015 0.191881 0.393919 0.719059 1 23 1.000000
 47 3.602278 2.218897 22.997982 0.915802 -0.316997 0.246617 0.428222 0.762219 1 23 1.000000
mnt_body.png
 47 4.304413 3.605429 20.926643 0.745734 0.638015 0.191881 0.393919 0.719059 1 23 1.000000
 47 3.500120 2.934505 23.757759 0.649901 0.542256 0.532529 0.427199 0.793133 1 23 1.000000
 47 3.602278 2.218897 22.997982 0.915802 -0.316997 0.246617 0.428222 0.762219 1 23 1.000000
mnt_body.png
 47 2.945153 1.078236 22.269560 0.708436 -0.676989 0.199509 0.441001 0.728008 1 23 1.000000
 47 2.872585 1.552076 24.127996 0.762769 -0.543770 0.349997 0.449386 0.779675 1 23 1.000000
 47 2.330098 0.623055 22.688219 0.675746 -0.708975 0.201796 0.456428 0.728611 1 23 1.000000
mnt_body.png
 47 3.602278 2.218897 22.997982 0.915802 -0.316997 0.246617 0.428222 0.762219 1 23 1.000000
 47 3.500120 2.934505 23.757759 0.649901 0.542256 0.532529 0.427199 0.793133 1 23 1.000000
 47 2.872585 1.552076 24.127996 0.762769 -0.543770 0.349997 0.449386 0.779675 1 23 1.000000
mnt_body.png
 47 2.872585 1.552076 24.127996 0.762769 -0.543770 0.349997 0.449386 0.779675 1 23 1.000000
 47 3.500120 2.934505 23.757759 0.649901 0.542256 0.532529 0.427199 0.793133 1 23 1.000000
 47 3.080974 2.551756 24.477900 0.490885 0.395164 0.776452 0.440047 0.804746 1 23 1.000000
mnt_body.png
 47 2.872585 1.552076 24.127996 0.762769 -0.543770 0.349997 0.449386 0.779675 1 23 1.000000
 47 3.080974 2.551756 24.477900 0.490885 0.395164 0.776452 0.440047 0.804746 1 23 1.000000
 47 2.399178 1.964672 24.954021 0.187901 0.148775 0.970855 0.455955 0.806805 1 23 1.000000
mnt_body.png
 47 2.872585 1.552076 24.127996 0.762769 -0.543770 0.349997 0.449386 0.779675 1 23 1.000000
 47 2.399178 1.964672 24.954021 0.187901 0.148775 0.970855 0.455955 0.806805 1 23 1.000000
 47 1.839762 0.780647 24.522112 0.479592 -0.677302 0.557901 0.468841 0.772671 1 23 1.000000
mnt_body.png
 47 2.872585 1.552076 24.127996 0.762769 -0.543770 0.349997 0.449386 0.779675 1 23 1.000000
 47 1.812378 0.361172 23.546463 0.589381 -0.757781 0.279998 0.467956 0.738956 1 23 1.000000
 47 2.330098 0.623055 22.688219 0.675746 -0.708975 0.201796 0.456428 0.728611 1 23 1.000000
mnt_body.png
 47 2.872585 1.552076 24.127996 0.762769 -0.543770 0.349997 0.449386 0.779675 1 23 1.000000
 47 1.839762 0.780647 24.522112 0.479592 -0.677302 0.557901 0.468841 0.772671 1 23 1.000000
 47 1.812378 0.361172 23.546463 0.589381 -0.757781 0.279998 0.467956 0.738956 1 23 1.000000
mnt_body.png
 47 2.399178 1.964672 24.954021 0.187901 0.148775 0.970855 0.455955 0.806805 1 23 1.000000
 47 1.568019 1.261198 25.008003 -0.064630 -0.045200 0.996885 0.471054 0.793950 1 23 1.000000
 47 1.839762 0.780647 24.522112 0.479592 -0.677302 0.557901 0.468841 0.772671 1 23 1.000000
mnt_body.png
 47 1.839762 0.780647 24.522112 0.479592 -0.677302 0.557901 0.468841 0.772671 1 23 1.000000
 47 1.568019 1.261198 25.008003 -0.064630 -0.045200 0.996885 0.471054 0.793950 1 23 1.000000
 47 -0.000010 -0.001532 24.598793 -0.217114 -0.174122 0.960491 0.496628 0.757626 1 23 1.000000
mnt_body.png
 47 1.839762 0.780647 24.522112 0.479592 -0.677302 0.557901 0.468841 0.772671 1 23 1.000000
 47 0.307109 -0.157093 24.139404 0.391768 -0.814951 0.427051 0.492027 0.743320 1 23 1.000000
 47 1.812378 0.361172 23.546463 0.589381 -0.757781 0.279998 0.467956 0.738956 1 23 1.000000
mnt_body.png
 47 1.839762 0.780647 24.522112 0.479592 -0.677302 0.557901 0.468841 0.772671 1 23 1.000000
 47 -0.000010 -0.001532 24.598793 -0.217114 -0.174122 0.960491 0.496628 0.757626 1 23 1.000000
 47 0.307109 -0.157093 24.139404 0.391768 -0.814951 0.427051 0.492027 0.743320 1 23 1.000000
mnt_body.png
 47 3.225352 3.333265 21.202093 0.113512 -0.960906 -0.252535 0.419623 0.833104 1 23 1.000000
 47 4.304413 3.605429 20.926643 -0.672606 -0.576884 -0.463472 0.436500 0.817555 1 23 1.000000
 47 3.114003 2.614855 23.883411 -0.581185 -0.495117 -0.645819 0.388685 0.768414 1 23 1.000000
mnt_body.png
 47 3.225352 3.333265 21.202093 0.113512 -0.960906 -0.252535 0.419623 0.833104 1 23 1.000000
 47 3.114003 2.614855 23.883411 -0.581185 -0.495117 -0.645819 0.388685 0.768414 1 23 1.000000
 47 2.674155 3.201391 21.594168 -0.068546 -0.969533 -0.235177 0.408522 0.835164 1 23 1.000000
mnt_body.png
 47 3.114003 2.614855 23.883411 -0.581185 -0.495117 -0.645819 0.388685 0.768414 1 23 1.000000
 47 1.013945 2.188587 22.683329 0.379531 -0.813733 -0.440222 0.371008 0.838460 1 23 1.000000
 47 1.567037 2.744337 22.252380 0.399499 -0.802861 -0.442510 0.385054 0.839757 1 23 1.000000
mnt_body.png
 47 3.114003 2.614855 23.883411 -0.581185 -0.495117 -0.645819 0.388685 0.768414 1 23 1.000000
 47 1.567037 2.744337 22.252380 0.399499 -0.802861 -0.442510 0.385054 0.839757 1 23 1.000000
 47 2.361822 3.126568 22.209978 0.099899 -0.938286 -0.331120 0.397673 0.827779 1 23 1.000000
mnt_body.png
 47 3.114003 2.614855 23.883411 -0.581185 -0.495117 -0.645819 0.388685 0.768414 1 23 1.000000
 47 2.361822 3.126568 22.209978 0.099899 -0.938286 -0.331120 0.397673 0.827779 1 23 1.000000
 47 2.674155 3.201391 21.594168 -0.068546 -0.969533 -0.235177 0.408522 0.835164 1 23 1.000000
mnt_body.png
 47 3.114003 2.614855 23.883411 -0.581185 -0.495117 -0.645819 0.388685 0.768414 1 23 1.000000
 47 2.058611 1.677286 24.547043 -0.252634 -0.203709 -0.945875 0.363661 0.770191 1 23 1.000000
 47 1.013945 2.188587 22.683329 0.379531 -0.813733 -0.440222 0.371008 0.838460 1 23 1.000000
mnt_body.png
 47 1.013945 2.188587 22.683329 0.379531 -0.813733 -0.440222 0.371008 0.838460 1 23 1.000000
 47 2.058611 1.677286 24.547043 -0.252634 -0.203709 -0.945875 0.363661 0.770191 1 23 1.000000
 47 0.695000 1.683041 23.537666 0.384137 -0.670271 -0.634961 0.356336 0.823590 1 23 1.000000
mnt_body.png
 47 2.058611 1.677286 24.547043 -0.252634 -0.203709 -0.945875 0.363661 0.770191 1 23 1.000000
 47 0.019197 0.007530 24.410488 -0.025427 -0.013540 -0.999585 0.325177 0.805936 1 23 1.000000
 47 0.695000 1.683041 23.537666 0.384137 -0.670271 -0.634961 0.356336 0.823590 1 23 1.000000
mnt_body.png
 47 0.695000 1.683041 23.537666 0.384137 -0.670271 -0.634961 0.356336 0.823590 1 23 1.000000
 47 0.019197 0.007530 24.410488 -0.025427 -0.013540 -0.999585 0.325177 0.805936 1 23 1.000000
 47 -0.099276 0.327213 24.138758 0.330291 -0.537477 -0.775903 0.329313 0.816968 1 23 1.000000
mnt_body.png
 47 2.058611 1.677286 24.547043 -0.252634 -0.203709 -0.945875 0.363661 0.770191 1 23 1.000000
 47 1.812378 0.361172 23.546463 -0.595053 0.510813 -0.620469 0.356336 0.823590 1 23 1.000000
 47 0.019197 0.007530 24.410488 -0.025427 -0.013540 -0.999585 0.325177 0.805936 1 23 1.000000
mnt_body.png
 47 2.058611 1.677286 24.547043 -0.252634 -0.203709 -0.945875 0.363661 0.770191 1 23 1.000000
 47 3.114003 2.614855 23.883411 -0.581185 -0.495117 -0.645819 0.388685 0.768414 1 23 1.000000
 47 2.330098 0.623055 22.688219 -0.758948 0.506728 -0.408930 0.371008 0.838460 1 23 1.000000
mnt_body.png
 47 2.058611 1.677286 24.547043 -0.252634 -0.203709 -0.945875 0.363661 0.770191 1 23 1.000000
 47 2.330098 0.623055 22.688219 -0.758948 0.506728 -0.408930 0.371008 0.838460 1 23 1.000000
 47 1.812378 0.361172 23.546463 -0.595053 0.510813 -0.620469 0.356336 0.823590 1 23 1.000000
mnt_body.png
 47 1.812378 0.361172 23.546463 -0.595053 0.510813 -0.620469 0.356336 0.823590 1 23 1.000000
 47 0.307109 -0.157093 24.139404 -0.457957 0.455911 -0.763165 0.329313 0.816968 1 23 1.000000
 47 0.019197 0.007530 24.410488 -0.025427 -0.013540 -0.999585 0.325177 0.805936 1 23 1.000000
mnt_body.png
 47 3.114003 2.614855 23.883411 -0.581185 -0.495117 -0.645819 0.388685 0.768414 1 23 1.000000
 47 4.304413 3.605429 20.926643 -0.672606 -0.576884 -0.463472 0.436500 0.817555 1 23 1.000000
 47 3.860113 2.576792 21.203102 -0.929265 0.260355 -0.262071 0.419623 0.833104 1 23 1.000000
mnt_body.png
 47 3.114003 2.614855 23.883411 -0.581185 -0.495117 -0.645819 0.388685 0.768414 1 23 1.000000
 47 3.640071 2.050264 21.595705 -0.966903 0.078392 -0.242805 0.408522 0.835164 1 23 1.000000
 47 3.516837 1.728420 22.218777 -0.888405 0.279811 -0.363926 0.397673 0.827779 1 23 1.000000
mnt_body.png
 47 3.114003 2.614855 23.883411 -0.581185 -0.495117 -0.645819 0.388685 0.768414 1 23 1.000000
 47 3.516837 1.728420 22.218777 -0.888405 0.279811 -0.363926 0.397673 0.827779 1 23 1.000000
 47 2.945153 1.078236 22.269560 -0.694912 0.555987 -0.456043 0.385054 0.839757 1 23 1.000000
mnt_body.png
 47 3.114003 2.614855 23.883411 -0.581185 -0.495117 -0.645819 0.388685 0.768414 1 23 1.000000
 47 2.945153 1.078236 22.269560 -0.694912 0.555987 -0.456043 0.385054 0.839757 1 23 1.000000
 47 2.330098 0.623055 22.688219 -0.758948 0.506728 -0.408930 0.371008 0.838460 1 23 1.000000
mnt_body.png
 47 3.114003 2.614855 23.883411 -0.581185 -0.495117 -0.645819 0.388685 0.768414 1 23 1.000000
 47 3.860113 2.576792 21.203102 -0.929265 0.260355 -0.262071 0.419623 0.833104 1 23 1.000000
 47 3.640071 2.050264 21.595705 -0.966903 0.078392 -0.242805 0.408522 0.835164 1 23 1.000000
mnt_body.png
 47 3.202912 -2.675697 21.594170 0.970578 0.240707 -0.006104 0.422141 0.724338 1 23 1.000000
 47 3.128089 -2.363363 22.209978 0.948143 0.303078 0.095749 0.429351 0.732761 1 23 1.000000
 47 3.334787 -3.226894 21.202093 0.970580 0.240708 -0.005913 0.411917 0.721370 1 23 1.000000
mnt_body.png
 47 3.128089 -2.363363 22.209978 0.948143 0.303078 0.095749 0.429351 0.732761 1 23 1.000000
 47 2.537043 -2.057150 24.137585 0.834080 0.405477 0.374030 0.449386 0.779675 1 23 1.000000
 47 3.155952 -2.818808 22.996735 0.955224 0.180054 0.234795 0.428222 0.762219 1 23 1.000000
mnt_body.png
 47 3.128089 -2.363363 22.209978 0.948143 0.303078 0.095749 0.429351 0.732761 1 23 1.000000
 47 2.745859 -1.568579 22.252380 0.833829 0.504904 0.223162 0.441001 0.728008 1 23 1.000000
 47 2.537043 -2.057150 24.137585 0.834080 0.405477 0.374030 0.449386 0.779675 1 23 1.000000
mnt_body.png
 47 3.128089 -2.363363 22.209978 0.948143 0.303078 0.095749 0.429351 0.732761 1 23 1.000000
 47 3.155952 -2.818808 22.996735 0.955224 0.180054 0.234795 0.428222 0.762219 1 23 1.000000
 47 3.606949 -4.305956 20.926643 0.638117 -0.745646 0.191883 0.393919 0.719059 1 23 1.000000
mnt_body.png
 47 3.128089 -2.363363 22.209978 0.948143 0.303078 0.095749 0.429351 0.732761 1 23 1.000000
 47 3.606949 -4.305956 20.926643 0.638117 -0.745646 0.191883 0.393919 0.719059 1 23 1.000000
 47 3.334787 -3.226894 21.202093 0.970580 0.240708 -0.005913 0.411917 0.721370 1 23 1.000000
mnt_body.png
 47 3.155952 -2.818808 22.996735 0.955224 0.180054 0.234795 0.428222 0.762219 1 23 1.000000
 47 2.537043 -2.057150 24.137585 0.834080 0.405477 0.374030 0.449386 0.779675 1 23 1.000000
 47 2.936027 -3.501661 23.757759 0.542197 -0.649960 0.532518 0.427199 0.793133 1 23 1.000000
mnt_body.png
 47 3.155952 -2.818808 22.996735 0.955224 0.180054 0.234795 0.428222 0.762219 1 23 1.000000
 47 2.936027 -3.501661 23.757759 0.542197 -0.649960 0.532518 0.427199 0.793133 1 23 1.000000
 47 3.606949 -4.305956 20.926643 0.638117 -0.745646 0.191883 0.393919 0.719059 1 23 1.000000
mnt_body.png
 47 2.745859 -1.568579 22.252380 0.833829 0.504904 0.223162 0.441001 0.728008 1 23 1.000000
 47 2.190109 -1.015486 22.683329 0.772409 0.588599 0.238611 0.456428 0.728611 1 23 1.000000
 47 2.537043 -2.057150 24.137585 0.834080 0.405477 0.374030 0.449386 0.779675 1 23 1.000000
mnt_body.png
 47 2.537043 -2.057150 24.137585 0.834080 0.405477 0.374030 0.449386 0.779675 1 23 1.000000
 47 2.553278 -3.082516 24.477900 0.395074 -0.490940 0.776463 0.440047 0.804746 1 23 1.000000
 47 2.936027 -3.501661 23.757759 0.542197 -0.649960 0.532518 0.427199 0.793133 1 23 1.000000
mnt_body.png
 47 2.537043 -2.057150 24.137585 0.834080 0.405477 0.374030 0.449386 0.779675 1 23 1.000000
 47 1.966193 -2.400719 24.954021 0.148764 -0.187878 0.970861 0.455955 0.806805 1 23 1.000000
 47 2.553278 -3.082516 24.477900 0.395074 -0.490940 0.776463 0.440047 0.804746 1 23 1.000000
mnt_body.png
 47 2.537043 -2.057150 24.137585 0.834080 0.405477 0.374030 0.449386 0.779675 1 23 1.000000
 47 1.608286 -1.152403 24.520988 0.588308 0.572728 0.570856 0.468841 0.772671 1 23 1.000000
 47 1.966193 -2.400719 24.954021 0.148764 -0.187878 0.970861 0.455955 0.806805 1 23 1.000000
mnt_body.png
 47 2.537043 -2.057150 24.137585 0.834080 0.405477 0.374030 0.449386 0.779675 1 23 1.000000
 47 2.190109 -1.015486 22.683329 0.772409 0.588599 0.238611 0.456428 0.728611 1 23 1.000000
 47 1.684563 -0.696541 23.537666 0.698878 0.640113 0.319100 0.467956 0.738956 1 23 1.000000
mnt_body.png
 47 2.537043 -2.057150 24.137585 0.834080 0.405477 0.374030 0.449386 0.779675 1 23 1.000000
 47 1.684563 -0.696541 23.537666 0.698878 0.640113 0.319100 0.467956 0.738956 1 23 1.000000
 47 1.608286 -1.152403 24.520988 0.588308 0.572728 0.570856 0.468841 0.772671 1 23 1.000000
mnt_body.png
 47 1.966193 -2.400719 24.954021 0.148764 -0.187878 0.970861 0.455955 0.806805 1 23 1.000000
 47 1.608286 -1.152403 24.520988 0.588308 0.572728 0.570856 0.468841 0.772671 1 23 1.000000
 47 1.262718 -1.569561 25.008003 -0.045046 0.064654 0.996891 0.471054 0.793950 1 23 1.000000
mnt_body.png
 47 1.608286 -1.152403 24.520988 0.588308 0.572728 0.570856 0.468841 0.772671 1 23 1.000000
 47 -0.000010 -0.001532 24.598793 -0.174076 0.217216 0.960476 0.496628 0.757626 1 23 1.000000
 47 1.262718 -1.569561 25.008003 -0.045046 0.064654 0.996891 0.471054 0.793950 1 23 1.000000
mnt_body.png
 47 1.608286 -1.152403 24.520988 0.588308 0.572728 0.570856 0.468841 0.772671 1 23 1.000000
 47 1.684563 -0.696541 23.537666 0.698878 0.640113 0.319100 0.467956 0.738956 1 23 1.000000
 47 0.328734 0.097734 24.138758 0.552076 0.702953 0.448408 0.492027 0.743320 1 23 1.000000
mnt_body.png
 47 1.608286 -1.152403 24.520988 0.588308 0.572728 0.570856 0.468841 0.772671 1 23 1.000000
 47 0.328734 0.097734 24.138758 0.552076 0.702953 0.448408 0.492027 0.743320 1 23 1.000000
 47 -0.000010 -0.001532 24.598793 -0.174076 0.217216 0.960476 0.496628 0.757626 1 23 1.000000
mnt_body.png
 47 2.578314 -3.861654 21.203102 -0.402689 -0.914931 -0.027275 0.411917 0.721370 1 23 1.000000
 47 1.729942 -3.518377 22.218777 -0.463792 -0.880734 0.095939 0.429351 0.732761 1 23 1.000000
 47 2.051786 -3.641613 21.595705 -0.402689 -0.914931 -0.027275 0.422141 0.724338 1 23 1.000000
mnt_body.png
 47 2.578314 -3.861654 21.203102 -0.402689 -0.914931 -0.027275 0.411917 0.721370 1 23 1.000000
 47 3.606949 -4.305956 20.926643 0.638117 -0.745646 0.191883 0.393919 0.719059 1 23 1.000000
 47 1.729942 -3.518377 22.218777 -0.463792 -0.880734 0.095939 0.429351 0.732761 1 23 1.000000
mnt_body.png
 47 1.729942 -3.518377 22.218777 -0.463792 -0.880734 0.095939 0.429351 0.732761 1 23 1.000000
 47 1.553598 -2.874126 24.127996 -0.543745 -0.762784 0.350003 0.449386 0.779675 1 23 1.000000
 47 1.079757 -2.946695 22.269560 -0.677044 -0.708384 0.199507 0.441001 0.728008 1 23 1.000000
mnt_body.png
 47 1.729942 -3.518377 22.218777 -0.463792 -0.880734 0.095939 0.429351 0.732761 1 23 1.000000
 47 2.220417 -3.603821 22.997982 -0.317026 -0.915791 0.246621 0.428222 0.762219 1 23 1.000000
 47 1.553598 -2.874126 24.127996 -0.543745 -0.762784 0.350003 0.449386 0.779675 1 23 1.000000
mnt_body.png
 47 1.729942 -3.518377 22.218777 -0.463792 -0.880734 0.095939 0.429351 0.732761 1 23 1.000000
 47 3.606949 -4.305956 20.926643 0.638117 -0.745646 0.191883 0.393919 0.719059 1 23 1.000000
 47 2.220417 -3.603821 22.997982 -0.317026 -0.915791 0.246621 0.428222 0.762219 1 23 1.000000
mnt_body.png
 47 3.606949 -4.305956 20.926643 0.638117 -0.745646 0.191883 0.393919 0.719059 1 23 1.000000
 47 2.936027 -3.501661 23.757759 0.542197 -0.649960 0.532518 0.427199 0.793133 1 23 1.000000
 47 2.220417 -3.603821 22.997982 -0.317026 -0.915791 0.246621 0.428222 0.762219 1 23 1.000000
mnt_body.png
 47 1.079757 -2.946695 22.269560 -0.677044 -0.708384 0.199507 0.441001 0.728008 1 23 1.000000
 47 1.553598 -2.874126 24.127996 -0.543745 -0.762784 0.350003 0.449386 0.779675 1 23 1.000000
 47 0.624577 -2.331640 22.688219 -0.709080 -0.675635 0.201799 0.456428 0.728611 1 23 1.000000
mnt_body.png
 47 2.220417 -3.603821 22.997982 -0.317026 -0.915791 0.246621 0.428222 0.762219 1 23 1.000000
 47 2.936027 -3.501661 23.757759 0.542197 -0.649960 0.532518 0.427199 0.793133 1 23 1.000000
 47 1.553598 -2.874126 24.127996 -0.543745 -0.762784 0.350003 0.449386 0.779675 1 23 1.000000
mnt_body.png
 47 1.553598 -2.874126 24.127996 -0.543745 -0.762784 0.350003 0.449386 0.779675 1 23 1.000000
 47 2.936027 -3.501661 23.757759 0.542197 -0.649960 0.532518 0.427199 0.793133 1 23 1.000000
 47 2.553278 -3.082516 24.477900 0.395074 -0.490940 0.776463 0.440047 0.804746 1 23 1.000000
mnt_body.png
 47 1.553598 -2.874126 24.127996 -0.543745 -0.762784 0.350003 0.449386 0.779675 1 23 1.000000
 47 2.553278 -3.082516 24.477900 0.395074 -0.490940 0.776463 0.440047 0.804746 1 23 1.000000
 47 1.966193 -2.400719 24.954021 0.148764 -0.187878 0.970861 0.455955 0.806805 1 23 1.000000
mnt_body.png
 47 1.553598 -2.874126 24.127996 -0.543745 -0.762784 0.350003 0.449386 0.779675 1 23 1.000000
 47 1.966193 -2.400719 24.954021 0.148764 -0.187878 0.970861 0.455955 0.806805 1 23 1.000000
 47 0.782169 -1.841303 24.522112 -0.677258 -0.479666 0.557890 0.468841 0.772671 1 23 1.000000
mnt_body.png
 47 1.553598 -2.874126 24.127996 -0.543745 -0.762784 0.350003 0.449386 0.779675 1 23 1.000000
 47 0.362693 -1.813919 23.546463 -0.757786 -0.589373 0.280000 0.467956 0.738956 1 23 1.000000
 47 0.624577 -2.331640 22.688219 -0.709080 -0.675635 0.201799 0.456428 0.728611 1 23 1.000000
mnt_body.png
 47 1.553598 -2.874126 24.127996 -0.543745 -0.762784 0.350003 0.449386 0.779675 1 23 1.000000
 47 0.782169 -1.841303 24.522112 -0.677258 -0.479666 0.557890 0.468841 0.772671 1 23 1.000000
 47 0.362693 -1.813919 23.546463 -0.757786 -0.589373 0.280000 0.467956 0.738956 1 23 1.000000
mnt_body.png
 47 1.966193 -2.400719 24.954021 0.148764 -0.187878 0.970861 0.455955 0.806805 1 23 1.000000
 47 1.262718 -1.569561 25.008003 -0.045046 0.064654 0.996891 0.471054 0.793950 1 23 1.000000
 47 0.782169 -1.841303 24.522112 -0.677258 -0.479666 0.557890 0.468841 0.772671 1 23 1.000000
mnt_body.png
 47 0.782169 -1.841303 24.522112 -0.677258 -0.479666 0.557890 0.468841 0.772671 1 23 1.000000
 47 1.262718 -1.569561 25.008003 -0.045046 0.064654 0.996891 0.471054 0.793950 1 23 1.000000
 47 -0.000010 -0.001532 24.598793 -0.174076 0.217216 0.960476 0.496628 0.757626 1 23 1.000000
mnt_body.png
 47 0.782169 -1.841303 24.522112 -0.677258 -0.479666 0.557890 0.468841 0.772671 1 23 1.000000
 47 -0.155573 -0.308651 24.139404 -0.814945 -0.391776 0.427056 0.492027 0.743320 1 23 1.000000
 47 0.362693 -1.813919 23.546463 -0.757786 -0.589373 0.280000 0.467956 0.738956 1 23 1.000000
mnt_body.png
 47 0.782169 -1.841303 24.522112 -0.677258 -0.479666 0.557890 0.468841 0.772671 1 23 1.000000
 47 -0.000010 -0.001532 24.598793 -0.174076 0.217216 0.960476 0.496628 0.757626 1 23 1.000000
 47 -0.155573 -0.308651 24.139404 -0.814945 -0.391776 0.427056 0.492027 0.743320 1 23 1.000000
mnt_body.png
 47 3.334787 -3.226894 21.202093 -0.960911 -0.113486 -0.252530 0.419623 0.833104 1 23 1.000000
 47 3.606949 -4.305956 20.926643 -0.576802 0.672669 -0.463482 0.436500 0.817555 1 23 1.000000
 47 2.616376 -3.115545 23.883411 -0.495029 0.581285 -0.645798 0.388685 0.768414 1 23 1.000000
mnt_body.png
 47 3.334787 -3.226894 21.202093 -0.960911 -0.113486 -0.252530 0.419623 0.833104 1 23 1.000000
 47 2.616376 -3.115545 23.883411 -0.495029 0.581285 -0.645798 0.388685 0.768414 1 23 1.000000
 47 3.202912 -2.675697 21.594170 -0.969525 0.068664 -0.235175 0.408522 0.835164 1 23 1.000000
mnt_body.png
 47 2.616376 -3.115545 23.883411 -0.495029 0.581285 -0.645798 0.388685 0.768414 1 23 1.000000
 47 2.190109 -1.015486 22.683329 -0.813737 -0.379534 -0.440211 0.371008 0.838460 1 23 1.000000
 47 2.745859 -1.568579 22.252380 -0.802901 -0.399424 -0.442506 0.385054 0.839757 1 23 1.000000
mnt_body.png
 47 2.616376 -3.115545 23.883411 -0.495029 0.581285 -0.645798 0.388685 0.768414 1 23 1.000000
 47 2.745859 -1.568579 22.252380 -0.802901 -0.399424 -0.442506 0.385054 0.839757 1 23 1.000000
 47 3.128089 -2.363363 22.209978 -0.938284 -0.099944 -0.331111 0.397673 0.827779 1 23 1.000000
mnt_body.png
 47 2.616376 -3.115545 23.883411 -0.495029 0.581285 -0.645798 0.388685 0.768414 1 23 1.000000
 47 3.128089 -2.363363 22.209978 -0.938284 -0.099944 -0.331111 0.397673 0.827779 1 23 1.000000
 47 3.202912 -2.675697 21.594170 -0.969525 0.068664 -0.235175 0.408522 0.835164 1 23 1.000000
mnt_body.png
 47 2.616376 -3.115545 23.883411 -0.495029 0.581285 -0.645798 0.388685 0.768414 1 23 1.000000
 47 1.678807 -2.060152 24.547043 -0.203690 0.252568 -0.945896 0.363661 0.770191 1 23 1.000000
 47 2.190109 -1.015486 22.683329 -0.813737 -0.379534 -0.440211 0.371008 0.838460 1 23 1.000000
mnt_body.png
 47 2.190109 -1.015486 22.683329 -0.813737 -0.379534 -0.440211 0.371008 0.838460 1 23 1.000000
 47 1.678807 -2.060152 24.547043 -0.203690 0.252568 -0.945896 0.363661 0.770191 1 23 1.000000
 47 1.684563 -0.696541 23.537666 -0.670268 -0.384147 -0.634958 0.356336 0.823590 1 23 1.000000
mnt_body.png
 47 1.678807 -2.060152 24.547043 -0.203690 0.252568 -0.945896 0.363661 0.770191 1 23 1.000000
 47 0.009052 -0.020739 24.410488 -0.013691 0.025365 -0.999584 0.325177 0.805936 1 23 1.000000
 47 1.684563 -0.696541 23.537666 -0.670268 -0.384147 -0.634958 0.356336 0.823590 1 23 1.000000
mnt_body.png
 47 1.684563 -0.696541 23.537666 -0.670268 -0.384147 -0.634958 0.356336 0.823590 1 23 1.000000
 47 0.009052 -0.020739 24.410488 -0.013691 0.025365 -0.999584 0.325177 0.805936 1 23 1.000000
 47 0.328734 0.097734 24.138758 -0.537505 -0.330185 -0.775930 0.329313 0.816968 1 23 1.000000
mnt_body.png
 47 1.678807 -2.060152 24.547043 -0.203690 0.252568 -0.945896 0.363661 0.770191 1 23 1.000000
 47 0.362693 -1.813919 23.546463 0.510908 0.594964 -0.620476 0.356336 0.823590 1 23 1.000000
 47 0.009052 -0.020739 24.410488 -0.013691 0.025365 -0.999584 0.325177 0.805936 1 23 1.000000
mnt_body.png
 47 1.678807 -2.060152 24.547043 -0.203690 0.252568 -0.945896 0.363661 0.770191 1 23 1.000000
 47 2.616376 -3.115545 23.883411 -0.495029 0.581285 -0.645798 0.388685 0.768414 1 23 1.000000
 47 0.624577 -2.331640 22.688219 0.506603 0.759034 -0.408925 0.371008 0.838460 1 23 1.000000
mnt_body.png
 47 1.678807 -2.060152 24.547043 -0.203690 0.252568 -0.945896 0.363661 0.770191 1 23 1.000000
 47 0.624577 -2.331640 22.688219 0.506603 0.759034 -0.408925 0.371008 0.838460 1 23 1.000000
 47 0.362693 -1.813919 23.546463 0.510908 0.594964 -0.620476 0.356336 0.823590 1 23 1.000000
mnt_body.png
 47 0.362693 -1.813919 23.546463 0.510908 0.594964 -0.620476 0.356336 0.823590 1 23 1.000000
 47 -0.155573 -0.308651 24.139404 0.455955 0.457963 -0.763135 0.329313 0.816968 1 23 1.000000
 47 0.009052 -0.020739 24.410488 -0.013691 0.025365 -0.999584 0.325177 0.805936 1 23 1.000000
mnt_body.png
 47 2.616376 -3.115545 23.883411 -0.495029 0.581285 -0.645798 0.388685 0.768414 1 23 1.000000
 47 3.606949 -4.305956 20.926643 -0.576802 0.672669 -0.463482 0.436500 0.817555 1 23 1.000000
 47 2.578314 -3.861654 21.203102 0.260210 0.929307 -0.262069 0.419623 0.833104 1 23 1.000000
mnt_body.png
 47 2.616376 -3.115545 23.883411 -0.495029 0.581285 -0.645798 0.388685 0.768414 1 23 1.000000
 47 2.051786 -3.641613 21.595705 0.078297 0.966910 -0.242806 0.408522 0.835164 1 23 1.000000
 47 1.729942 -3.518377 22.218777 0.279861 0.888388 -0.363929 0.397673 0.827779 1 23 1.000000
mnt_body.png
 47 2.616376 -3.115545 23.883411 -0.495029 0.581285 -0.645798 0.388685 0.768414 1 23 1.000000
 47 1.729942 -3.518377 22.218777 0.279861 0.888388 -0.363929 0.397673 0.827779 1 23 1.000000
 47 1.079757 -2.946695 22.269560 0.555894 0.694986 -0.456044 0.385054 0.839757 1 23 1.000000
mnt_body.png
 47 2.616376 -3.115545 23.883411 -0.495029 0.581285 -0.645798 0.388685 0.768414 1 23 1.000000
 47 1.079757 -2.946695 22.269560 0.555894 0.694986 -0.456044 0.385054 0.839757 1 23 1.000000
 47 0.624577 -2.331640 22.688219 0.506603 0.759034 -0.408925 0.371008 0.838460 1 23 1.000000
mnt_body.png
 47 2.616376 -3.115545 23.883411 -0.495029 0.581285 -0.645798 0.388685 0.768414 1 23 1.000000
 47 2.578314 -3.861654 21.203102 0.260210 0.929307 -0.262069 0.419623 0.833104 1 23 1.000000
 47 2.051786 -3.641613 21.595705 0.078297 0.966910 -0.242806 0.408522 0.835164 1 23 1.000000
mnt_body.png
 47 0.000000 0.109659 24.031712 0.000000 0.912322 0.409473 0.363767 0.617868 2 21 0.031373 22 0.968627
 47 -0.188637 -0.078321 24.015867 -0.976669 -0.039144 0.211152 0.367880 0.617868 2 21 0.031373 22 0.968627
 47 0.000000 -0.193296 24.411407 0.000000 -0.174126 0.984723 0.367819 0.605730 1 22 1.000000
mnt_body.png
 47 0.000000 0.109659 24.031712 0.000000 0.912322 0.409473 0.363767 0.617868 2 21 0.031373 22 0.968627
 47 0.000000 0.414755 21.946840 0.000000 0.992869 0.119212 0.359045 0.681674 2 21 0.101961 22 0.898039
 47 -0.188637 -0.078321 24.015867 -0.976669 -0.039144 0.211152 0.367880 0.617868 2 21 0.031373 22 0.968627
mnt_body.png
 47 -0.188637 -0.078321 24.015867 -0.976669 -0.039144 0.211152 0.367880 0.617868 2 21 0.031373 22 0.968627
 47 0.000000 -0.266302 24.000025 0.000000 -0.993540 0.113487 0.371763 0.617868 2 21 0.031373 22 0.968627
 47 0.000000 -0.193296 24.411407 0.000000 -0.174126 0.984723 0.367819 0.605730 1 22 1.000000
mnt_body.png
 47 -0.188637 -0.078321 24.015867 -0.976669 -0.039144 0.211152 0.367880 0.617868 2 21 0.031373 22 0.968627
 47 0.000000 0.414755 21.946840 0.000000 0.992869 0.119212 0.359045 0.681674 2 21 0.101961 22 0.898039
 47 -0.417358 -0.002169 21.936796 -0.981216 0.176266 0.078392 0.367880 0.681674 2 21 0.101961 22 0.898039
mnt_body.png
 47 -0.188637 -0.078321 24.015867 -0.976669 -0.039144 0.211152 0.367880 0.617868 2 21 0.031373 22 0.968627
 47 0.000000 -0.370555 21.926760 0.000000 -0.998373 0.057029 0.376249 0.681674 2 21 0.101961 22 0.898039
 47 0.000000 -0.266302 24.000025 0.000000 -0.993540 0.113487 0.371763 0.617868 2 21 0.031373 22 0.968627
mnt_body.png
 47 -0.188637 -0.078321 24.015867 -0.976669 -0.039144 0.211152 0.367880 0.617868 2 21 0.031373 22 0.968627
 47 -0.417358 -0.002169 21.936796 -0.981216 0.176266 0.078392 0.367880 0.681674 2 21 0.101961 22 0.898039
 47 0.000000 -0.370555 21.926760 0.000000 -0.998373 0.057029 0.376249 0.681674 2 21 0.101961 22 0.898039
mnt_body.png
 47 0.000000 0.414755 21.946840 0.000000 0.992869 0.119212 0.359045 0.681674 2 21 0.101961 22 0.898039
 47 0.000000 0.551569 19.869282 0.000000 0.997782 0.066566 0.356329 0.742603 2 21 0.800000 22 0.200000
 47 -0.417358 -0.002169 21.936796 -0.981216 0.176266 0.078392 0.367880 0.681674 2 21 0.101961 22 0.898039
mnt_body.png
 47 -0.417358 -0.002169 21.936796 -0.981216 0.176266 0.078392 0.367880 0.681674 2 21 0.101961 22 0.898039
 47 -0.538793 0.012767 19.870140 -0.939030 -0.338443 0.060654 0.367880 0.742603 2 21 0.800000 22 0.200000
 47 0.000000 -0.370555 21.926760 0.000000 -0.998373 0.057029 0.376249 0.681674 2 21 0.101961 22 0.898039
mnt_body.png
 47 -0.417358 -0.002169 21.936796 -0.981216 0.176266 0.078392 0.367880 0.681674 2 21 0.101961 22 0.898039
 47 0.000000 0.551569 19.869282 0.000000 0.997782 0.066566 0.356329 0.742603 2 21 0.800000 22 0.200000
 47 -0.538793 0.012767 19.870140 -0.939030 -0.338443 0.060654 0.367880 0.742603 2 21 0.800000 22 0.200000
mnt_body.png
 47 0.000000 -0.370555 21.926760 0.000000 -0.998373 0.057029 0.376249 0.681674 2 21 0.101961 22 0.898039
 47 -0.538793 0.012767 19.870140 -0.939030 -0.338443 0.060654 0.367880 0.742603 2 21 0.800000 22 0.200000
 47 0.000000 -0.526038 19.871000 0.000000 -0.997085 0.076294 0.379362 0.742603 2 21 0.800000 22 0.200000
mnt_body.png
 47 0.000000 0.109659 24.031712 0.000000 0.912322 0.409473 0.371763 0.617868 2 21 0.031373 22 0.968627
 47 0.000000 -0.193296 24.411407 0.000000 -0.174126 0.984723 0.367819 0.605730 1 22 1.000000
 47 0.188637 -0.078321 24.015867 0.976669 -0.039144 0.211152 0.367819 0.617868 2 21 0.031373 22 0.968627
mnt_body.png
 47 0.000000 0.109659 24.031712 0.000000 0.912322 0.409473 0.371763 0.617868 2 21 0.031373 22 0.968627
 47 0.188637 -0.078321 24.015867 0.976669 -0.039144 0.211152 0.367819 0.617868 2 21 0.031373 22 0.968627
 47 0.000000 0.414755 21.946840 0.000000 0.992869 0.119212 0.376249 0.681674 2 21 0.101961 22 0.898039
mnt_body.png
 47 0.000000 -0.193296 24.411407 0.000000 -0.174126 0.984723 0.367819 0.605730 1 22 1.000000
 47 0.000000 -0.266302 24.000025 0.000000 -0.993540 0.113487 0.363767 0.617868 2 21 0.031373 22 0.968627
 47 0.188637 -0.078321 24.015867 0.976669 -0.039144 0.211152 0.367819 0.617868 2 21 0.031373 22 0.968627
mnt_body.png
 47 0.188637 -0.078321 24.015867 0.976669 -0.039144 0.211152 0.367819 0.617868 2 21 0.031373 22 0.968627
 47 0.417358 -0.002169 21.936796 0.981216 0.176266 0.078392 0.367819 0.681674 2 21 0.101961 22 0.898039
 47 0.000000 0.414755 21.946840 0.000000 0.992869 0.119212 0.376249 0.681674 2 21 0.101961 22 0.898039
mnt_body.png
 47 0.188637 -0.078321 24.015867 0.976669 -0.039144 0.211152 0.367819 0.617868 2 21 0.031373 22 0.968627
 47 0.000000 -0.370555 21.926760 0.000000 -0.998373 0.057029 0.359045 0.681674 2 21 0.101961 22 0.898039
 47 0.417358 -0.002169 21.936796 0.981216 0.176266 0.078392 0.367819 0.681674 2 21 0.101961 22 0.898039
mnt_body.png
 47 0.188637 -0.078321 24.015867 0.976669 -0.039144 0.211152 0.367819 0.617868 2 21 0.031373 22 0.968627
 47 0.000000 -0.266302 24.000025 0.000000 -0.993540 0.113487 0.363767 0.617868 2 21 0.031373 22 0.968627
 47 0.000000 -0.370555 21.926760 0.000000 -0.998373 0.057029 0.359045 0.681674 2 21 0.101961 22 0.898039
mnt_body.png
 47 0.000000 0.414755 21.946840 0.000000 0.992869 0.119212 0.376249 0.681674 2 21 0.101961 22 0.898039
 47 0.417358 -0.002169 21.936796 0.981216 0.176266 0.078392 0.367819 0.681674 2 21 0.101961 22 0.898039
 47 0.000000 0.551569 19.869282 0.000000 0.997782 0.066566 0.379362 0.742603 2 21 0.800000 22 0.200000
mnt_body.png
 47 0.417358 -0.002169 21.936796 0.981216 0.176266 0.078392 0.367819 0.681674 2 21 0.101961 22 0.898039
 47 0.000000 -0.370555 21.926760 0.000000 -0.998373 0.057029 0.359045 0.681674 2 21 0.101961 22 0.898039
 47 0.538793 0.012767 19.870140 0.939030 -0.338443 0.060654 0.367819 0.742603 2 21 0.800000 22 0.200000
mnt_body.png
 47 0.417358 -0.002169 21.936796 0.981216 0.176266 0.078392 0.367819 0.681674 2 21 0.101961 22 0.898039
 47 0.538793 0.012767 19.870140 0.939030 -0.338443 0.060654 0.367819 0.742603 2 21 0.800000 22 0.200000
 47 0.000000 0.551569 19.869282 0.000000 0.997782 0.066566 0.379362 0.742603 2 21 0.800000 22 0.200000
mnt_body.png
 47 0.000000 -0.370555 21.926760 0.000000 -0.998373 0.057029 0.359045 0.681674 2 21 0.101961 22 0.898039
 47 0.000000 -0.526038 19.871000 0.000000 -0.997085 0.076294 0.356329 0.742603 2 21 0.800000 22 0.200000
 47 0.538793 0.012767 19.870140 0.939030 -0.338443 0.060654 0.367819 0.742603 2 21 0.800000 22 0.200000
end
