<?xml version="1.0" encoding="utf-8"?>
<COLLADA xmlns="http://www.collada.org/2005/11/COLLADASchema" version="1.4.1">
  <asset>
    <contributor>
      <author>RandomTBush</author>
      <authoring_tool>OpenCOLLADA for 3ds Max;  Version: 1.3.1;  Revision: 847M;  Platform: x64;  Configuration: Release_Max2010_static</authoring_tool>
    </contributor>
    <created>2017-04-05T19:37:32</created>
    <modified>2017-04-05T19:37:32</modified>
    <unit name="inch" meter="0.0254"/>
    <up_axis>Z_UP</up_axis>
  </asset>
  <library_effects>
    <effect id="Pianta">
      <profile_COMMON>
        <newparam sid="mnt_body_m_png-surface">
          <surface type="2D">
            <init_from>mnt_body_m_png</init_from>
          </surface>
        </newparam>
        <newparam sid="mnt_body_m_png-sampler">
          <sampler2D>
            <source>mnt_body_m_png-surface</source>
          </sampler2D>
        </newparam>
        <technique sid="common">
          <blinn>
            <emission>
              <color>0 0 0 1</color>
            </emission>
            <ambient>
              <color>0.588 0.588 0.588 1</color>
            </ambient>
            <diffuse>
              <texture texture="mnt_body_m_png-sampler" texcoord="CHANNEL1"/>
            </diffuse>
            <specular>
              <color>0.9 0.9 0.9 1</color>
            </specular>
            <shininess>
              <float>10</float>
            </shininess>
            <reflective>
              <color>0 0 0 1</color>
            </reflective>
            <transparent opaque="A_ONE">
              <texture texture="mnt_body_m_png-sampler" texcoord="CHANNEL1"/>
            </transparent>
            <transparency>
              <float>1</float>
            </transparency>
          </blinn>
        </technique>
      </profile_COMMON>
      <extra>
        <technique profile="OpenCOLLADA3dsMax">
          <extended_shader>
            <apply_reflection_dimming>0</apply_reflection_dimming>
            <dim_level>0</dim_level>
            <falloff_type>0</falloff_type>
            <index_of_refraction>1.5</index_of_refraction>
            <opacity_type>0</opacity_type>
            <reflection_level>3</reflection_level>
            <wire_size>1</wire_size>
            <wire_units>0</wire_units>
          </extended_shader>
          <shader>
            <ambient_diffuse_lock>1</ambient_diffuse_lock>
            <ambient_diffuse_texture_lock>1</ambient_diffuse_texture_lock>
            <diffuse_specular_lock>0</diffuse_specular_lock>
            <soften>0.1</soften>
            <use_self_illum_color>0</use_self_illum_color>
          </shader>
        </technique>
      </extra>
    </effect>
  </library_effects>
  <library_materials>
    <material id="Pianta-material" name="Pianta">
      <instance_effect url="#Pianta"/>
    </material>
  </library_materials>
  <library_geometries>
    <geometry id="geom-Pianta" name="Pianta">
      <mesh>
        <source id="geom-Pianta-positions">
          <float_array id="geom-Pianta-positions-array" count="3195">0 7.148748 8.792109 4.993318 5.073289 8.793763 0 0.010292 10.70282 -4.993318 5.073289 8.793762 11.36051 -0.072266 14.68474 11.35962 1.13233 14.91164 12.48124 0.347215 14.44608 12.40999 1.643692 14.72832 13.55335 0.31746 14.53254 13.47349 1.946337 14.78249 14.44439 2.014823 15.02759 14.56896 0.244758 14.87556 14.54128 -1.218454 14.70418 15.10139 0.161283 14.96021 15.0548 -1.976019 15.04967 14.5218 -2.25645 14.85445 15.06994 -2.411858 16.02492 15.90309 -1.83219 15.14108 15.8945 -2.265652 16.0939 16.64895 -1.672225 15.28019 16.6202 -2.095789 16.17085 17.36754 -1.830836 16.24153 17.39986 -1.455848 15.49097 17.94799 -1.478819 16.32981 18.00866 -1.132151 15.8543 18.29367 -0.9481 16.46999 18.13464 0.091121 15.82276 18.43634 0.083322 16.52581 18.25794 1.048341 16.44283 18.02248 1.265635 15.94486 17.87311 1.561652 16.36512 17.44736 1.583724 15.57755 17.39228 1.947031 16.25216 16.69984 1.821843 15.3797 16.65178 2.243466 16.1813 16.80792 1.887762 17.00449 17.47273 1.598786 16.98677 18.00468 1.090042 16.94399 18.19411 0.116999 16.99286 18.00874 -1.014021 16.90012 17.40497 -1.516202 16.93904 16.78733 -1.736755 16.97599 16.10516 -1.869549 16.95519 15.48937 -1.963398 16.95532 14.93081 -1.997702 16.94081 14.40651 -2.484504 15.96305 13.47634 -2.49096 15.9171 13.25357 -2.834254 14.82553 14.97015 -2.848292 14.41592 14.0824 -3.408772 14.29762 15.19307 -3.387271 13.88255 14.71432 -3.917161 13.73372 15.04013 -3.712852 13.13261 14.57556 -3.825221 13.13657 14.57331 -3.360084 12.76903 15.09189 -2.968061 12.87578 14.65032 -2.202632 13.09204 15.02214 -2.423262 13.83895 15.34231 -3.150336 13.36446 14.52662 -1.857672 14.19464 14.15665 -0.876531 14.07401 13.18931 -0.638711 13.73487 12.33886 -0.395164 14.00304 12.16533 -1.478714 13.82333 11.36468 -1.102042 14.8025 12.12321 -2.155323 14.29467 11.40476 -1.712387 15.68621 12.32528 -2.379321 15.17889 12.46924 -2.190157 15.92108 11.37874 -1.179987 16.63683 12.51311 -1.557294 16.91107 12.5155 0.075331 17.43859 11.44108 0.034959 17.01837 11.35962 1.133747 16.69282 12.40524 1.622713 16.9247 11.29584 1.601535 15.77046 12.2524 2.158919 15.68938 13.26804 2.504656 15.70782 14.2087 2.622842 15.89487 15.14755 1.98572 15.15645 15.97321 1.944557 15.24807 15.97488 0.153295 15.05323 16.74218 0.13007 15.19996 17.49686 0.092005 15.4214 15.96489 2.438798 16.09515 16.16917 2.033899 16.9898 16.15227 1.372242 17.48545 16.84004 1.27871 17.42423 17.52832 1.158528 17.22344 17.59624 0.098673 17.39395 17.50901 -1.064415 17.24109 16.81194 -1.142695 17.37909 16.13006 -1.201054 17.4643 15.50269 -1.245061 17.49266 14.93254 -1.282338 17.50638 14.16335 -1.352447 17.39003 14.13868 -2.055369 16.79472 12.96041 -2.855741 13.86014 13.71616 -3.299937 13.55383 13.78023 -2.71793 13.05962 14.02644 -1.581048 13.44177 12.94691 -2.131793 13.39074 14.15224 0.140009 17.66742 14.09763 1.447316 17.4668 14.0438 2.105442 16.96758 15.0224 2.179405 16.97989 15.18599 2.576677 16.01473 15.56717 2.145585 16.99217 15.5474 1.440073 17.51799 15.53621 0.137314 17.72863 16.14427 0.141556 17.6813 16.84155 0.13476 17.60092 14.98538 0.13123 17.75186 14.99975 1.482303 17.53589 8.237166 0.618259 14.95275 8.326462 -0.725709 14.91783 7.578301 -0.678557 14.94846 7.593689 0.591383 14.97334 6.990728 -0.646341 14.97935 6.94529 0.599358 15.01077 4.840827 -0.573509 15.06106 4.799708 0.629361 15.08846 4.562448 0.6904 14.94623 4.508789 -0.649148 14.93484 4.741587 -0.833167 15.78133 4.046211 -0.98253 15.80514 4.217324 -0.590261 16.49896 3.781177 -0.575387 16.53137 4.217816 0.021558 16.65352 3.795289 0.032125 16.65906 3.808182 0.586234 16.54481 4.217698 0.606675 16.48507 4.069107 1.016043 15.82146 4.627213 0.627116 16.42533 4.669687 0.881114 15.81161 6.874548 0.904564 15.73472 7.574581 0.967673 15.73465 8.194563 1.052575 15.73459 8.202092 0.726969 16.61863 8.244411 -0.048854 16.82366 8.286731 -0.824676 16.62462 8.326135 -1.141358 15.73634 7.574577 -1.066752 15.73627 6.993138 -1.006837 15.73624 6.955221 -0.728115 16.55494 4.653471 -0.605135 16.46655 4.640342 0.010991 16.64798 6.891605 0.62051 16.52958 7.586999 0.659214 16.5761 7.580789 -0.054443 16.78451 7.574579 -0.768101 16.58884 6.923413 -0.053803 16.7443 5.982882 -0.001114 10.5071 5.67408 0.002671 8.807404 4.066804 4.451207 10.48933 3.759352 4.348968 8.855185 0 6.110037 10.48933 0 5.857354 8.858154 2.723695 3.39369 7.212433 0 4.460315 7.217696 2.826313 1.206695 6.408888 0 9.08e-4 5.789567 2.512446 -0.057649 6.152968 2.792178 -1.390143 6.456502 0 -4.460281 7.217696 2.756895 -3.496324 7.302656 0 -5.888052 8.858152 3.908618 -4.362533 8.906109 0 -6.171469 10.48933 4.305698 -4.375223 10.48933 3.949918 -1.175108 7.070718 4.26122 0.003288 7.110582 3.900287 1.079346 6.975898 0 -4.104648 16.16634 0 -4.378655 15.70899 0.510991 -3.892234 16.34264 1.406133 -3.698007 16.34099 0.992008 -3.17662 17.36419 1.237335 -3.125212 17.3641 1.058435 -2.517307 18.36187 0.583299 -2.611183 18.36202 0 -2.246337 18.9308 0 -2.526642 18.59884 0.817492 -1.814902 19.26252 0 -1.966033 19.26276 0 -1.024319 19.87011 0.84535 -0.722619 19.86963 0 0.019902 20.07251 0.684444 0.019804 20.00982 0.845071 0.761778 19.86727 0 1.068724 19.86678 0.817403 1.88754 19.25662 0 2.042689 19.25637 1.05832 2.584368 18.35374 0 2.797273 18.3534 1.237199 3.132877 17.35413 0 3.391284 17.35372 1.405981 3.614657 16.33203 0 3.913121 16.33166 1.598091 4.082221 15.31925 0 4.41951 15.31898 0 4.936234 14.32574 1.826577 4.559203 14.32602 0 5.424729 13.31516 2.049286 4.999841 13.32511 2.209926 5.357378 12.25904 0 5.813751 12.24415 4.095776 4.110251 12.25585 5.35615 2.230736 12.24634 5.810563 -0.008855 12.24416 5.358486 -2.280524 12.24209 4.097122 -4.216892 12.23277 2.210153 -5.48724 12.22947 0 -5.928202 12.24415 2.0495 -5.170261 13.30496 0 -5.586531 13.31516 1.82677 -4.730188 14.32913 0 -5.121585 14.32944 -1.82677 -4.730188 14.32913 -2.0495 -5.170261 13.30496 -2.210153 -5.48724 12.22947 -4.305698 -4.375223 10.48933 -4.097122 -4.216892 12.23277 -5.358486 -2.280524 12.24209 -5.982882 -0.001114 10.5071 -5.810563 -0.008855 12.24416 -5.35615 2.230736 12.24634 -4.066804 4.451207 10.48933 -4.095776 4.110251 12.25585 -2.209926 5.357378 12.25904 -2.049286 4.999841 13.32511 -1.826577 4.559203 14.32602 -1.598091 4.082221 15.31925 -1.405981 3.614657 16.33203 -1.237199 3.132877 17.35413 -1.05832 2.584368 18.35374 -0.817403 1.88754 19.25662 -0.845071 0.761778 19.86727 -0.684444 0.019804 20.00982 -0.84535 -0.722619 19.86963 -0.817492 -1.814902 19.26252 -1.058435 -2.517307 18.36187 -0.583299 -2.611183 18.36202 -0.992008 -3.17662 17.36419 -1.237335 -3.125212 17.3641 -1.406133 -3.698007 16.34099 -0.510991 -3.892234 16.34264 -1.598264 -4.234074 15.32588 0 -4.584742 15.32616 1.598264 -4.234074 15.32588 2.962798 -3.262137 15.3198 2.606646 -2.837711 16.33994 2.293732 -2.397357 17.36295 1.962097 -1.930267 18.36094 1.515443 -1.390659 19.26185 1.981993 -0.746301 19.26082 1.198879 0.016051 19.86846 1.981128 0.793919 19.25836 1.514943 1.452348 19.25731 1.961447 1.987172 18.35469 2.292972 2.408052 17.35529 2.605785 2.77742 16.33307 2.961819 3.12214 15.32595 3.385271 3.48108 14.33751 3.798052 3.829532 13.32773 4.966803 2.067322 13.32151 5.366287 0.080394 13.31548 4.968968 -2.16327 13.30898 3.799299 -3.979606 13.3026 3.386385 -3.651906 14.31759 3.874924 -1.782448 15.31882 3.409123 -1.544035 16.33659 2.999885 -1.293586 17.36112 2.566153 -1.039021 18.35951 2.782646 0.019069 18.35783 2.149205 0.020296 19.2596 2.565032 1.083273 18.35614 2.998574 1.30975 17.35711 3.412335 1.489102 16.33839 3.975573 1.679291 15.3267 4.455453 1.867571 14.33284 4.773742 0.163435 14.32615 4.428932 -1.988695 14.32221 4.204377 -1.111139 15.08266 3.412428 -6.86e-4 16.99177 3.25297 0.009715 17.35912 4.365864 1.272484 15.01678 1.813406 0.267771 3.261865 2.489347 -1.57304 3.261864 2.43274 -0.09856 5.131997 2.723161 -1.543804 4.689169 2.745748 -1.556803 5.131997 2.763222 -1.508063 5.501292 3.994329 -1.376968 5.501291 4.324806 -0.098554 5.131996 3.968188 0.913188 5.334997 2.789355 1.126357 5.334998 2.723664 1.168171 4.910872 2.335076 1.641726 3.261864 3.378758 2.040132 3.261863 4.033875 1.01482 4.91087 4.422456 1.641732 3.261861 4.944133 0.267781 3.26186 4.2682 -1.508433 3.261861 4.034389 -1.455952 4.689166 4.011803 -1.434824 5.131996 -11.36051 -0.072266 14.68474 -12.48124 0.347216 14.44608 -11.35962 1.13233 14.91164 -12.40999 1.643692 14.72832 -11.29584 1.601535 15.77046 -12.25241 2.158919 15.68938 -12.40524 1.622713 16.9247 -11.35962 1.133747 16.69282 -12.5155 0.075331 17.4386 -11.44108 0.034959 17.01837 -11.37874 -1.179987 16.63683 -12.51311 -1.557293 16.91107 -12.46924 -2.190157 15.92108 -11.40476 -1.712386 15.68621 -12.32527 -2.37932 15.1789 -12.12321 -2.155322 14.29467 -11.36468 -1.102042 14.8025 -12.16533 -1.478714 13.82333 -12.33886 -0.395164 14.00304 -13.18931 -0.638711 13.73487 -13.55335 0.317461 14.53254 -14.15665 -0.876531 14.07401 -14.54128 -1.218454 14.70418 -14.52662 -1.857671 14.19465 -14.5218 -2.256449 14.85445 -14.97015 -2.848291 14.41592 -15.02214 -2.423261 13.83895 -15.34231 -3.150335 13.36447 -15.19307 -3.387269 13.88255 -15.04014 -3.712851 13.13262 -15.0919 -2.96806 12.87578 -14.65032 -2.202631 13.09204 -14.57331 -3.360082 12.76904 -14.57556 -3.825219 13.13657 -14.71432 -3.91716 13.73373 -14.0824 -3.408771 14.29762 -13.25357 -2.834254 14.82553 -13.47634 -2.49096 15.9171 -14.40651 -2.484504 15.96305 -15.06994 -2.411858 16.02493 -14.93081 -1.997702 16.94081 -15.48937 -1.963398 16.95532 -15.8945 -2.265651 16.0939 -16.10516 -1.869548 16.9552 -16.62019 -2.095789 16.17086 -16.78733 -1.736754 16.976 -17.36754 -1.830835 16.24153 -17.40497 -1.516202 16.93904 -17.94799 -1.478819 16.32981 -18.00874 -1.014021 16.90012 -18.29367 -0.948099 16.46999 -18.19411 0.116999 16.99287 -18.43634 0.083322 16.52581 -18.25794 1.048341 16.44283 -18.00468 1.090042 16.94399 -17.87311 1.561652 16.36512 -17.47273 1.598786 16.98677 -17.39227 1.947031 16.25217 -16.80792 1.887762 17.0045 -16.65178 2.243466 16.1813 -16.69984 1.821843 15.3797 -17.44736 1.583724 15.57755 -18.02247 1.265635 15.94487 -18.13464 0.091121 15.82276 -18.00866 -1.132151 15.8543 -17.39986 -1.455847 15.49097 -16.64895 -1.672224 15.2802 -15.90309 -1.832189 15.14108 -15.0548 -1.976018 15.04968 -15.10139 0.161283 14.96021 -14.56896 0.244759 14.87556 -14.44439 2.014823 15.02759 -13.47349 1.946337 14.78249 -13.26805 2.504656 15.70782 -14.0438 2.105442 16.96758 -14.09763 1.447316 17.4668 -14.15224 0.140009 17.66742 -14.16335 -1.352447 17.39003 -14.13868 -2.055369 16.79472 -12.96041 -2.85574 13.86014 -12.94691 -2.131792 13.39074 -14.02644 -1.581047 13.44177 -13.78023 -2.717929 13.05962 -13.71616 -3.299936 13.55383 -14.2087 2.622842 15.89488 -15.0224 2.179405 16.9799 -14.99975 1.482303 17.53589 -14.98538 0.13123 17.75186 -14.93254 -1.282338 17.50638 -15.50269 -1.245061 17.49267 -16.13006 -1.201053 17.46431 -16.81194 -1.142694 17.37909 -17.50901 -1.064415 17.2411 -17.59624 0.098673 17.39395 -17.52832 1.158528 17.22344 -16.84003 1.27871 17.42424 -16.15227 1.372242 17.48546 -16.16917 2.033899 16.98981 -15.96489 2.438798 16.09515 -15.97321 1.944558 15.24807 -15.97488 0.153295 15.05324 -16.74218 0.13007 15.19996 -17.49686 0.092006 15.4214 -15.14755 1.98572 15.15645 -15.18599 2.576677 16.01473 -15.56717 2.145584 16.99217 -15.5474 1.440073 17.518 -15.53621 0.137314 17.72864 -16.14426 0.141556 17.6813 -16.84155 0.13476 17.60093 -8.237166 0.618259 14.95275 -8.326462 -0.725709 14.91783 -8.326135 -1.141358 15.73634 -8.286731 -0.824676 16.62462 -8.244411 -0.048854 16.82366 -8.202092 0.726969 16.61863 -8.194563 1.052575 15.73459 -7.593689 0.591383 14.97334 -7.574582 0.967673 15.73465 -6.94529 0.599358 15.01077 -6.874548 0.904564 15.73473 -4.799709 0.629361 15.08846 -4.669687 0.881114 15.81161 -4.562448 0.6904 14.94623 -4.069107 1.016043 15.82146 -4.627214 0.627116 16.42533 -4.217698 0.606675 16.48507 -3.808182 0.586234 16.54481 -4.217816 0.021558 16.65352 -3.795289 0.032125 16.65906 -3.781177 -0.575387 16.53138 -4.217324 -0.590261 16.49896 -4.046211 -0.98253 15.80514 -4.741588 -0.833167 15.78133 -4.508789 -0.649148 14.93484 -4.840827 -0.573509 15.06106 -6.990728 -0.64634 14.97935 -7.578302 -0.678557 14.94846 -7.574577 -1.066752 15.73627 -7.57458 -0.768101 16.58884 -7.58079 -0.054443 16.78451 -7.587 0.659214 16.5761 -6.891606 0.62051 16.52958 -4.640343 0.010991 16.64798 -4.653472 -0.605134 16.46656 -6.955221 -0.728115 16.55494 -6.993139 -1.006837 15.73624 -6.923413 -0.053803 16.7443 -5.67408 0.002671 8.807404 -3.759352 4.348968 8.855185 -3.900287 1.079346 6.975898 -4.26122 0.003288 7.110582 -2.723695 3.39369 7.212433 -2.826313 1.206695 6.408888 -2.512446 -0.057649 6.152968 -2.792178 -1.390143 6.456502 -2.756895 -3.496324 7.302656 -3.949918 -1.175108 7.070718 -3.908618 -4.362533 8.906109 -3.386385 -3.651906 14.31759 -3.799299 -3.979606 13.3026 -4.968968 -2.16327 13.30898 -5.366287 0.080394 13.31548 -4.966803 2.067322 13.32151 -3.798052 3.829532 13.32773 -3.385271 3.48108 14.33751 -2.961819 3.12214 15.32595 -2.605785 2.77742 16.33307 -2.292972 2.408052 17.35529 -1.961447 1.987172 18.35469 -1.514943 1.452348 19.25731 -1.981128 0.793919 19.25836 -1.198879 0.016051 19.86846 -1.981993 -0.746301 19.26082 -1.515443 -1.390659 19.26185 -1.962097 -1.930267 18.36094 -2.293732 -2.397357 17.36295 -2.606646 -2.837711 16.33994 -2.962798 -3.262137 15.3198 -3.874924 -1.782448 15.31882 -4.428932 -1.988695 14.32221 -4.773742 0.163435 14.32615 -4.455453 1.867571 14.33284 -3.975573 1.679291 15.3267 -3.412335 1.489102 16.33839 -2.998574 1.30975 17.35711 -2.565032 1.083273 18.35614 -2.782646 0.019069 18.35783 -2.149205 0.020296 19.2596 -2.566153 -1.039021 18.35951 -2.999885 -1.293586 17.36112 -3.409123 -1.544035 16.33659 -4.204377 -1.111139 15.08266 -4.365864 1.272484 15.01678 -3.412428 -6.86e-4 16.99177 -3.25297 0.009715 17.35912 -1.813406 0.267771 3.261865 -2.43274 -0.09856 5.131997 -2.489347 -1.57304 3.261864 -2.723161 -1.543804 4.689169 -4.2682 -1.508433 3.261861 -4.034389 -1.455952 4.689166 -4.324806 -0.098554 5.131996 -4.944133 0.267781 3.26186 -4.033875 1.01482 4.91087 -4.422456 1.641732 3.261861 -3.378758 2.040132 3.261863 -2.723664 1.168171 4.910872 -2.335076 1.641726 3.261864 -2.789355 1.126357 5.334998 -3.968188 0.913188 5.334997 -3.994329 -1.376968 5.501291 -2.763222 -1.508063 5.501292 -2.745748 -1.556803 5.131997 -4.011803 -1.434824 5.131996 5.753831 5.838394 6.252931 5.098911 5.180356 8.793678 8.160114 0.00826 6.257573 7.231302 0.010293 8.797792 0 7.299704 8.791988 0 8.229958 6.251027 -5.753832 5.838394 6.252931 -5.098911 5.180356 8.793677 5.098927 -5.159767 8.801904 0 -7.279137 8.803593 5.75385 -5.821849 6.26221 0 -8.213436 6.264117 -5.753849 -5.821849 6.262209 -5.098926 -5.159767 8.801904 -8.160113 0.00826 6.257573 -7.231302 0.010293 8.797792 0 6.389834 11.10065 -3.194917 5.533759 11.10065 0 7.029651 11.45625 -3.734377 5.888147 11.50227 0 6.725953 11.69315 -3.515171 5.511642 11.83615 0 -0.01669 9.710987 -5.968413 3.359269 11.63946 -5.67463 3.187125 12.01839 -6.798429 0 11.7595 -6.569797 -0.01669 12.10814 -5.77554 -3.560119 11.63946 -5.561429 -3.473897 12.0049 -3.172746 -5.961954 11.8477 -3.274998 -6.171477 11.45215 -1.586373 -6.790973 11.76186 0 -7.040709 11.67602 -1.637499 -7.008084 11.41129 0 -7.26541 11.37042 0 -6.389834 11.10065 -3.194917 -5.533759 11.10065 -5.53376 -3.194917 11.10065 -6.389834 0 11.10065 -5.53376 3.194917 11.10065 0 -6.401814 10.4224 0 -6.730308 10.81835 -3.200907 -5.544133 10.4224 -3.365154 -5.828617 10.81835 -5.544134 -3.200907 10.4224 -5.828619 -3.365154 10.81835 -6.401815 0 10.4224 -6.730308 0 10.81835 -5.544134 3.200907 10.4224 -5.828619 3.365154 10.81835 -3.200907 5.544133 10.4224 -3.365154 5.828617 10.81835 0 6.401814 10.4224 0 6.730308 10.81835 -3.905142 -6.763905 8.951694 0 -7.810285 8.951694 -4.375011 -7.577742 7.315361 0 -8.750023 7.315361 0 7.810284 8.951694 -3.905143 6.763904 8.951694 0 8.750023 7.315361 -4.375012 7.577741 7.31536 -6.763905 3.905142 8.951694 -7.577743 4.375011 7.31536 -7.810285 0 8.951694 -6.763905 -3.905142 8.951694 -8.750023 0 7.31536 -7.577743 -4.375011 7.315361 3.194917 5.533759 11.10065 3.734377 5.888147 11.50227 5.53376 3.194917 11.10065 5.968413 3.359269 11.63946 6.389835 0 11.10065 6.798429 0 11.7595 5.53376 -3.194917 11.10065 5.77554 -3.560119 11.63946 3.194917 -5.533759 11.10065 3.274998 -6.171477 11.45215 1.637499 -7.008084 11.41129 1.586373 -6.790973 11.76186 3.172746 -5.961954 11.8477 5.561429 -3.473897 12.0049 6.569797 -0.01669 12.10814 5.67463 3.187125 12.01839 3.515171 5.511642 11.83615 3.200907 -5.544133 10.4224 3.365154 -5.828617 10.81835 5.828619 -3.365154 10.81835 6.730308 0 10.81835 5.828619 3.365154 10.81835 3.365154 5.828617 10.81835 3.200907 5.544133 10.4224 5.544134 3.200907 10.4224 6.401815 0 10.4224 5.544133 -3.200907 10.4224 3.905143 -6.763905 8.951695 4.375012 -7.577743 7.315362 3.905143 6.763904 8.951694 4.375012 7.577742 7.31536 6.763904 3.905142 8.951694 7.577743 4.375011 7.315361 7.810285 0 8.951694 8.750024 0 7.31536 6.763906 -3.905142 8.951694 7.577743 -4.375011 7.315361 0 -0.526038 19.871 0.373054 -0.360295 19.87074 0 -0.370555 21.92676 0.282049 -0.25539 21.93002 0 -0.266302 24.00003 0.188638 -0.078321 24.01587 0 -0.193296 24.41141 0 0.109659 24.03171 0.282049 0.275321 21.94358 0 0.414755 21.94684 0.373054 0.385828 19.86954 0 0.551569 19.86928 0.417358 -0.002169 21.9368 0.538793 0.012767 19.87014 -0.373054 0.385828 19.86954 -0.282049 0.275321 21.94358 -0.188638 -0.078321 24.01587 -0.282049 -0.25539 21.93002 -0.373054 -0.360295 19.87074 -0.538793 0.012767 19.87014 -0.417358 -0.002169 21.9368 -10e-6 -0.001531 24.5988 0.631354 -0.785546 24.94959 0.328734 0.097735 24.13876 1.089527 -0.229483 23.48081 1.608286 -1.152402 24.52099 1.739634 -0.649989 23.5373 2.537043 -2.057148 24.13759 2.260584 -0.956237 22.68311 2.774614 -1.544794 22.25209 3.12809 -2.363363 22.20998 3.155952 -2.818807 22.99674 3.606949 -4.305954 20.92665 3.334787 -3.226894 21.2021 3.202912 -2.675696 21.59417 2.936027 -3.501662 23.75776 2.553278 -3.082516 24.4779 1.966193 -2.400719 24.95402 1.262718 -1.569561 25.00801 -0.155573 -0.30865 24.13941 0.020682 -1.131205 23.4864 0.782169 -1.841303 24.52211 1.553598 -2.874126 24.128 2.220417 -3.60382 22.99798 1.729942 -3.518378 22.21878 2.578314 -3.861655 21.20311 2.051786 -3.641612 21.59571 1.051003 -2.970479 22.26986 0.554101 -2.390889 22.68844 0.307621 -1.860471 23.54683 0.009052 -0.020738 24.41049 0.84393 -1.040445 24.62496 1.678807 -2.060152 24.54704 2.616377 -3.115544 23.88341 -0.054091 0.30609 24.16799 0.214921 1.109274 23.50619 0.095433 -0.009738 24.4465 1.062024 0.933804 24.66632 1.225367 0.104188 23.51189 0.404111 -0.152108 24.16865 1.894769 0.511532 23.56091 2.028616 1.877346 24.58646 2.399992 0.825176 22.68126 3.02247 2.928928 23.90627 2.987333 1.344882 22.25215 3.512968 2.059821 22.2001 3.610046 2.399448 21.56149 3.787685 2.956715 21.15909 4.149449 4.046691 20.87573 0.635787 1.76141 23.5519 0.916285 2.30609 22.67625 1.431375 2.922946 22.23454 2.208744 3.38422 22.19108 2.520967 3.488518 21.55991 3.071987 3.672407 21.15805 3.556394 2.568253 22.99875 2.870908 1.822213 24.15696 1.885257 0.942284 24.56091 0.820749 0.693984 24.99905 0.076631 -0.020706 24.6395 1.108058 1.724251 24.55975 1.948882 2.753379 24.16678 2.671286 3.453354 22.99747 3.38816 3.289799 23.77748 2.994382 2.861551 24.51559 2.350679 2.201204 25.00359 1.564867 1.408674 25.05892 -0.382156 -0.084871 24.20991 -1.211094 0.19584 23.54259 -0.055299 0.069874 24.49815 -1.031789 1.070218 24.72565 -0.175496 1.23696 23.54846 0.092043 0.389331 24.2106 -0.594772 1.932041 23.58164 -2.008279 2.070562 24.643 -0.870374 2.503993 22.67143 -3.096581 3.099121 23.93906 -1.457221 3.062757 22.22718 -2.197125 3.606747 22.17331 -2.548612 3.707215 21.51239 -3.125339 3.891057 21.09595 -4.253377 4.265453 20.8027 -1.888295 0.629097 23.57231 -2.500988 0.870304 22.66591 -3.09039 1.452466 22.20896 -3.567772 2.256981 22.16398 -3.675712 2.580107 21.51077 -3.866023 3.150367 21.09488 -2.723311 3.65169 22.99985 -1.951221 2.942267 24.1985 -1.040565 1.922198 24.61655 -0.783594 0.820518 25.06999 -0.043948 0.050416 24.69789 -1.849838 1.117859 24.61536 -2.914902 1.988045 24.20867 -3.63932 2.735674 22.99852 -3.470055 3.477581 23.80577 -3.026852 3.070053 24.56965 -2.343445 2.403872 25.0747 -1.523241 1.59062 25.13196 0.236303 -0.2453 24.13876 -0.01121 -0.990969 23.48125 0.053953 0.042765 24.41049 -0.76989 -0.985878 24.62496 -0.944205 -0.26602 23.48597 -0.261894 0.143932 24.13941 -1.626517 -0.675972 23.54646 -1.593733 -2.01452 24.54704 -2.078474 -1.039773 22.68822 -2.43113 -3.15103 23.88341 -2.585452 -1.612884 22.26956 -3.009462 -2.36772 22.21878 -3.063088 -2.708153 21.59571 -3.16885 -3.268924 21.20311 -3.389576 -4.367455 20.92664 -0.258723 -1.736639 23.53767 -0.46559 -2.29745 22.68333 -0.891049 -2.95605 22.25238 -1.588995 -3.495173 22.20998 -1.878947 -3.633298 21.59417 -2.390681 -3.876891 21.2021 -2.991061 -2.865242 22.99798 -2.415952 -2.061281 24.128 -1.566088 -1.091975 24.52211 -0.564758 -0.724951 24.94959 0.070857 0.055622 24.5988 -0.720482 -1.756809 24.52099 -1.412358 -2.853378 24.13759 -2.028694 -3.617119 22.99674 -2.742352 -3.543973 23.75776 -2.411943 -3.082443 24.4779 -1.867107 -2.366434 24.95402 -1.200372 -1.505524 25.00801 5.753832 5.838394 6.252931 7.081551 0.010293 8.797792 0 8.229958 6.251027 10e-7 -8.213436 6.264117 4.993334 -5.052701 8.801819 10e-7 -7.128181 8.803473 -4.993332 -5.052701 8.801818 -5.753848 -5.821849 6.262209 -7.081549 0.010293 8.797792 -2.940345 -5.092828 10.07791 0 -5.88069 10.07791 4.375012 -7.577743 7.315361 3.905143 -6.763905 8.951694 2.940345 -5.092828 10.07791 -2.940345 5.092828 10.07791 -5.092828 2.940345 10.07791 -3.905143 6.763904 8.951693 -6.763905 3.905142 8.951693 -4.375012 7.577741 7.315359 -5.880691 0 10.07791 -7.810285 0 8.951693 -6.763905 -3.905142 8.951693 -7.577743 -4.375011 7.31536 -5.092828 -2.940345 10.07791 0 8.750023 7.31536 0 7.810284 8.951693 0 5.88069 10.07791 2.940345 5.092828 10.07791 4.375012 7.577742 7.315359 5.092828 2.940345 10.07791 6.763904 3.905142 8.951693 7.577743 4.375011 7.31536 5.880691 0 10.07791 7.810285 0 8.951693 5.092828 -2.940345 10.07791 7.577744 -4.375011 7.31536 1.259414 -5.311425 0.478302 2.193823 -4.367023 0.076626 2.33957 -5.575916 0.392595 3.378775 -4.467297 0.400988 3.378772 -2.772701 0.368665 4.563725 -4.367018 0.076623 4.417985 -5.575913 0.392592 5.438613 -5.311418 0.478295 5.802927 -4.338665 0.266027 4.688038 -2.573169 0.223755 5.620093 -2.54285 0.479984 5.524349 0.659897 0.291507 3.378756 1.929352 0.076484 4.882516 2.309589 0.316055 3.363773 2.880669 0.273887 1.841084 2.366238 0.291871 1.197655 0.658954 0.309253 2.233147 -2.573175 0.223759 1.077927 -2.54286 0.479991 0.895096 -4.338673 0.266033 1.6973 2.476448 1.153799 3.382645 3.113881 1.222335 5.005502 2.552835 1.166746 5.813601 0.62917 1.072274 5.957999 -2.530877 1.117599 6.126259 -4.361878 1.294946 5.644099 -5.534639 1.369118 4.34862 -5.895745 1.509585 3.378778 -5.183107 1.323088 2.408937 -5.89575 1.509587 1.05393 -5.534645 1.369125 0.571766 -4.32255 1.294953 0.74002 -2.530889 1.117607 0.961691 0.629773 1.072325 1.953029 2.280256 2.196282 3.392266 2.844752 2.281042 4.772346 2.395826 2.247669 5.571775 0.471564 2.18608 5.595314 -2.679678 2.3089 5.723967 -4.326639 2.435381 5.540866 -5.288657 2.172357 4.480013 -5.537412 2.348205 3.37878 -5.012406 1.943708 2.277546 -5.537416 2.348209 1.203215 -5.293471 2.147875 0.927737 -4.326615 2.412806 1.086106 -2.727761 2.383166 1.219362 0.512132 2.139708 4.574066 -3.190951 2.678191 4.893522 -4.471102 2.797649 4.04374 -4.615566 2.754181 3.378763 -4.288983 2.399225 2.713817 -4.615571 2.754185 1.811107 -4.471093 2.786363 2.183488 -3.190956 2.678195 3.378771 -3.276263 2.409733 0 -8.384069 16.03084 0.986434 -8.446929 16.74438 0 -8.64201 16.75782 0 -8.610687 17.47045 1.019814 -8.405859 17.43941 0 -8.315269 18.05658 0.968955 -8.100695 18.00793 0 -7.840353 18.41724 0.996484 -7.723224 18.29209 0 -7.236024 18.65442 1.070623 -7.11087 18.48345 0.807991 -6.316147 18.62947 0 -6.322289 18.77301 0 -5.159098 18.56962 0.677019 -5.159241 18.47787 0.462034 -3.786373 18.39086 0 -3.786277 18.4516 0.884472 -3.786679 18.19806 1.201582 -3.787232 17.84966 1.327064 -3.787973 17.38452 1.056714 -3.817328 16.79793 1.081177 -4.451649 16.22187 0.564687 -4.452017 15.99225 0 -4.452133 15.92012 -0.564687 -4.452017 15.99225 -1.081177 -4.451649 16.22187 -1.056714 -3.817328 16.79793 -1.327064 -3.787973 17.38452 -1.201582 -3.787232 17.84966 -0.884472 -3.786679 18.19806 -0.462034 -3.786373 18.39086 -0.677019 -5.159241 18.47787 -0.807991 -6.316147 18.62947 -1.070623 -7.11087 18.48345 -0.996484 -7.723224 18.29209 -0.968955 -8.100695 18.00793 -1.019814 -8.405859 17.43941 -0.986434 -8.446929 16.74438 -0.934479 -8.179482 16.07017 0 -7.861448 15.53532 -0.950295 -7.755271 15.67214 0 -7.184049 15.24712 -1.013139 -7.117512 15.43654 -0.821046 -6.207803 15.24323 0 -6.237353 15.1747 0 -5.163996 15.49523 -0.67726 -5.16385 15.58432 -1.296716 -5.163402 15.86444 -1.761023 -5.162606 16.36482 -1.468309 -4.450986 16.63743 -1.944548 -5.161542 17.03028 -1.760678 -5.160486 17.69421 -1.296018 -5.159691 18.19401 -1.501804 -6.330658 18.27362 -1.803149 -7.109163 17.88131 -1.426591 -7.832104 17.96889 -1.62251 -7.990048 17.35107 -1.658981 -7.964076 16.66772 -1.437281 -7.805069 16.03835 -1.818667 -7.079525 15.91644 -1.716696 -6.183045 15.63891 -2.134046 -6.186664 16.30165 -2.250769 -6.18222 17.07334 -1.956766 -6.250201 17.73772 -2.161875 -7.165545 17.21865 -2.156627 -7.140826 16.53295 1.296018 -5.159691 18.19401 1.760678 -5.160486 17.69421 1.944548 -5.161542 17.03028 1.468309 -4.450986 16.63743 1.761023 -5.162606 16.36482 1.296716 -5.163402 15.86444 0.67726 -5.16385 15.58432 0.821046 -6.207803 15.24323 1.013139 -7.117512 15.43654 0.950295 -7.755271 15.67214 0.934479 -8.179482 16.07017 1.437281 -7.805069 16.03835 1.658981 -7.964076 16.66772 1.62251 -7.990048 17.35107 1.426591 -7.832104 17.96889 1.803149 -7.109163 17.88131 1.501804 -6.330658 18.27362 1.956766 -6.250201 17.73772 2.250769 -6.18222 17.07334 2.134046 -6.186664 16.30165 1.716696 -6.183045 15.63891 1.818667 -7.079525 15.91644 2.156627 -7.140826 16.53295 2.161875 -7.165545 17.21865 -2.33957 -5.575916 0.392595 -2.193823 -4.367023 0.076626 -1.259414 -5.311425 0.478302 -0.895096 -4.338673 0.266033 -1.077927 -2.54286 0.479991 -2.233147 -2.573175 0.223759 -1.197655 0.658954 0.309253 -3.378756 1.929352 0.076484 -1.841084 2.366238 0.291871 -3.363773 2.880669 0.273887 -4.882516 2.309589 0.316055 -5.524349 0.659897 0.291507 -4.688038 -2.573169 0.223755 -5.620093 -2.54285 0.479984 -5.802927 -4.338665 0.266027 -4.563725 -4.367018 0.076623 -5.438613 -5.311418 0.478295 -4.417985 -5.575913 0.392592 -3.378775 -4.467297 0.400988 -3.378772 -2.772701 0.368665 -1.6973 2.476448 1.153799 -0.961691 0.629773 1.072325 -0.74002 -2.530889 1.117607 -0.571766 -4.32255 1.294953 -1.05393 -5.534645 1.369125 -2.408937 -5.89575 1.509587 -3.378778 -5.183107 1.323088 -4.34862 -5.895745 1.509585 -5.644099 -5.534639 1.369118 -6.126259 -4.361878 1.294946 -5.957999 -2.530877 1.117599 -5.813601 0.62917 1.072274 -5.005502 2.552835 1.166746 -3.382645 3.113881 1.222335 -1.953029 2.280256 2.196282 -1.219362 0.512132 2.139708 -1.086106 -2.727761 2.383166 -0.927737 -4.326615 2.412806 -1.203215 -5.293471 2.147875 -2.277546 -5.537416 2.348209 -3.37878 -5.012406 1.943708 -4.480013 -5.537412 2.348205 -5.540866 -5.288657 2.172357 -5.723967 -4.326639 2.435381 -5.595314 -2.679678 2.3089 -5.571775 0.471564 2.18608 -4.772346 2.395826 2.247669 -3.392266 2.844752 2.281042 -2.183488 -3.190956 2.678195 -1.811107 -4.471093 2.786363 -2.713817 -4.615571 2.754185 -3.378763 -4.288983 2.399225 -4.04374 -4.615566 2.754181 -4.893522 -4.471102 2.797649 -4.574066 -3.190951 2.678191 -3.378771 -3.276263 2.409733 8.78919 0.006234 3.717355 8.146151 -3.405791 3.720068 6.197422 -6.270926 3.722346 3.368682 -8.218009 3.723897 0 -8.846882 3.724399 -3.368681 -8.218008 3.723897 -6.197421 -6.270926 3.722347 -8.146151 -3.405791 3.720068 -8.789189 0.006234 3.717354 8.146139 3.418277 3.714638 6.197401 6.283427 3.712356 3.368671 8.230499 3.710805 0 8.859358 3.710305 -3.368672 8.230499 3.710805 -6.197401 6.283427 3.712356 -8.146139 3.418277 3.714637 0 9.201473 5.544475 -4.600738 7.968709 5.544475 -7.96871 4.600737 5.544475 -9.201473 0 5.544475 -7.96871 -4.600737 5.544477 -4.600737 -7.968709 5.544476 0 -9.201473 5.544477 4.600737 7.968709 5.544475 7.968709 4.600737 5.544475 9.201473 0 5.544475 7.96871 -4.600737 5.544476 4.600738 -7.968711 5.544477 3.368683 -8.218009 3.723897 10e-7 -8.846882 3.724399 -6.19742 -6.270926 3.722347 8.146141 3.418277 3.714638 6.197402 6.283427 3.712356 3.368672 8.230499 3.710805 0 8.859358 3.710305 -3.368671 8.230499 3.710805 -4.600738 7.968709 5.544474 -7.96871 4.600737 5.544474 -9.201473 0 5.544474 -7.96871 -4.600737 5.544475 -4.600737 -7.96871 5.544475 0 -9.201473 5.544475 4.600738 -7.96871 5.544475 7.96871 -4.600737 5.544475 9.201473 0 5.544474 7.968709 4.600737 5.544474 4.600737 7.968709 5.544474 0 9.201473 5.544474</float_array>
          <technique_common>
            <accessor source="#geom-Pianta-positions-array" count="1065" stride="3">
              <param name="X" type="float"/>
              <param name="Y" type="float"/>
              <param name="Z" type="float"/>
            </accessor>
          </technique_common>
        </source>
        <source id="geom-Pianta-normals">
          <float_array id="geom-Pianta-normals-array" count="3534">7.10396e-8 -0.7096022 -0.7046025 -0.5025009 -0.5015078 -0.7042605 8.19545e-8 -7.37642e-4 -0.9999998 0.502501 -0.5015078 -0.7042604 -0.2767138 0.129248 -0.9522208 -0.2576371 0.539551 -0.8015658 -0.1255277 0.3816944 -0.915725 -0.2354158 0.5478168 -0.8027927 0.2656532 0.3205696 -0.9092104 0.02058006 0.5655164 -0.8244802 0.1707245 0.5413629 -0.8232735 0.2478212 0.1048263 -0.963118 0.7261814 0.1226153 -0.6764807 0.1642569 0.05820727 -0.9846988 0.3913822 -0.5115829 -0.7649202 0.7876438 -0.6092494 0.09182829 0.1665699 -0.9850661 0.04358015 0.2183737 -0.5437944 -0.8103089 0.2025609 -0.9791455 -0.01559958 0.3062673 -0.5299199 -0.790813 0.2745263 -0.9613721 -0.01997224 0.4265972 -0.9041904 -0.02131851 0.4680005 -0.4834413 -0.7397703 0.6838127 -0.7291403 0.02746947 0.746926 -0.3392156 -0.5718693 0.9425681 -0.3242105 0.08032957 0.7625961 0.0230044 -0.6464659 0.9984783 0.01831146 0.05201821 0.9344017 0.3535991 0.04314089 0.763916 0.4045469 -0.5027664 0.6936433 0.7186335 0.04924372 0.4975934 0.4919966 -0.714381 0.4928548 0.8693924 -0.03536839 0.3004846 0.5478376 -0.7807579 0.3096251 0.9496737 -0.04745888 0.2495205 0.7656014 0.5929536 0.4594265 0.6701983 0.5828907 0.7043149 0.3822049 0.598214 0.7506617 0.01419386 0.6605342 0.679098 -0.3929095 0.6200387 0.3931811 -0.711181 0.5827779 0.2202221 -0.7651903 0.6049678 0.1282349 -0.7869561 0.6035362 0.08425213 -0.7859802 0.6124842 -0.004549122 -0.7793207 0.6266089 0.04121232 -0.9911899 0.1258738 -0.07478964 -0.9366951 0.3420656 -0.2066938 -0.9184931 0.3371174 0.7103391 -0.128357 0.6920569 -0.1415883 -0.8029228 0.5790232 0.7839226 -0.410654 0.4656487 0.1174521 -0.9384589 0.3248072 0.6016566 -0.6724107 -0.43113 -0.2298191 -0.8535475 -0.4675893 -0.1344973 -0.2743461 -0.952179 0.6098586 0.1978823 -0.767408 0.3950227 0.5982171 -0.6972039 0.8592799 0.5048848 0.08203185 0.9920191 0.008366762 -0.1258096 0.9110156 0.4029104 -0.08782828 0.7055942 0.4778386 -0.5232658 0.04889528 0.4365874 -0.8983322 -0.3139955 0.372146 -0.8734495 -0.6009122 -0.05966516 -0.797085 -0.5744637 -0.4253066 -0.699361 -0.7169426 -0.6088963 -0.3394682 -0.4569153 -0.8861486 0.07725926 -0.4629887 -0.87975 0.1080813 -0.3387026 -0.8484135 0.4067863 -0.2545927 -0.6061814 0.7534763 -0.2908987 -0.5873592 0.7552397 -0.2733351 -0.009556095 0.9618714 -0.224503 -0.01062621 0.9744155 -0.2865384 0.592015 0.7532689 -0.3434567 0.6187442 0.706536 -0.3566778 0.934157 -0.01147288 -0.404329 0.9125026 -0.06210451 -0.2057845 0.9737572 -0.09720901 -0.03236935 0.9962172 -0.08064454 0.1437663 0.5117925 -0.8469945 0.1952064 0.5350498 -0.8219588 0.148442 0.029359 -0.9884852 0.2370792 0.02665428 -0.9711246 0.4172516 0.02380096 -0.9084793 0.229798 0.9707339 -0.0697754 0.1592542 0.7837046 0.6003708 0.1088154 0.3828141 0.9173945 0.2151385 0.3549293 0.9098025 0.410545 0.315347 0.8555752 0.4153574 0.002456856 0.909655 0.3921317 -0.364852 0.8444618 0.1840295 -0.3731259 0.909346 0.1019866 -0.3883139 0.9158663 0.06038551 -0.3964497 0.9160684 -0.02894678 -0.3998007 0.9161449 -0.1354334 -0.4302495 0.8924926 -0.0984365 -0.7806838 0.6171249 -0.6379527 -0.7204641 -0.2719333 -0.5987071 -0.7443702 -0.2957412 -0.4102718 -0.08007128 -0.9084414 0.3325381 0.5001258 -0.7995577 -0.4530308 -0.08360838 -0.8875656 -0.1196508 -0.01119559 0.9927529 -0.1425982 0.3838545 0.9123164 -0.1525632 0.7710447 0.6182351 -0.009372644 0.798506 0.6019138 0.1034659 0.9903373 -0.09234081 0.09812031 0.791963 0.6026334 0.07639259 0.3888444 0.9181308 0.05804836 -0.003678697 0.998307 0.09726413 -0.003955725 0.9952508 0.1887657 -0.001773802 0.9820206 -0.02883055 -0.006104027 0.9995657 -0.01503479 0.3990826 0.9167917 -0.08780053 0.5043545 -0.8590212 -0.09537022 -0.5102147 -0.854743 -0.07188779 -0.5169619 -0.8529845 -0.05351468 0.5204577 -0.8522089 -0.06254889 -0.5216894 -0.8508394 -0.04218321 0.5552857 -0.8305892 0.1857052 -0.5692168 -0.8009406 0.2774629 0.6123736 -0.740279 0.8946713 0.4282697 -0.1270759 0.8795268 -0.472141 -0.05929198 0.06230559 -0.9977068 0.02644173 0.6165644 -0.700779 0.3588274 0.05871293 -0.6362985 0.7692055 0.3893495 -0.4408273 0.808751 0.03007735 0.01110793 0.9994859 0.3722753 -0.005266864 0.9281074 0.3622854 0.4425467 0.8203058 0.07287651 0.6153426 0.7848837 0.5789692 0.7018671 0.4149424 0.04768268 0.686328 0.7257273 0.1184477 0.9913415 0.05667538 -0.04492201 0.9985365 -0.03011565 -0.1041908 0.9934023 -0.04791878 -0.1384729 0.9880879 -0.06713792 -0.1129782 0.660951 0.7418759 -0.06344385 0.00267577 0.9979818 -0.0890474 -0.6696191 0.7373471 -0.119418 -0.990931 -0.06160511 -0.0984468 -0.9932175 -0.06186551 -0.07993285 -0.9951305 -0.05767017 -0.07377354 -0.6874366 0.7224876 -0.01696548 -0.7024507 0.7115302 -0.00116585 0.02478016 0.9996923 -0.05473808 0.6885163 0.7231522 -0.09848964 0.6732044 0.7328681 -0.06122272 0.006695955 0.9981017 -0.08715056 -0.6776081 0.7302411 -0.055294 0.009034012 0.9984293 0.9957596 0.01438176 -0.09086267 0.9221829 0.01462414 -0.3864774 0.6963742 0.7139088 -0.07346485 0.6246098 0.6749344 -0.3928435 0 0.9991513 -0.04119113 -5.55789e-9 0.9199445 -0.3920486 0.3808436 0.5011486 -0.777051 1.04794e-8 0.6026028 -0.7980413 0.02663942 0.6553948 -0.7548166 -6.36024e-9 7.38358e-4 -0.9999998 -0.6655285 0.01134291 -0.7462862 -0.02013254 -0.7078577 -0.7060682 0 -0.5953125 -0.8034943 0.3798915 -0.5112228 -0.7709304 -2.76098e-9 -0.9143504 -0.4049239 0.6255622 -0.6710612 -0.3979307 0 -0.997967 -0.06373318 0.7248724 -0.6851907 -0.071231 0.7783146 -0.4703515 -0.4159279 0.9314792 0.02135898 -0.363167 0.7423086 0.4841281 -0.4632471 -4.17872e-9 -0.6455172 -0.7637457 0 -0.8709528 0.4913666 0.801272 -0.4919934 -0.3404491 0.3532851 -0.7934142 0.4956647 0.8291016 -0.3875093 0.4030226 0.3415957 -0.7866856 0.5142355 0.3115322 -0.7523406 0.5804579 0.3733157 -0.4935576 0.7855164 4.79382e-9 -0.7658278 0.6430457 3.11553e-9 -0.5120448 0.8589588 0.2453032 -0.6275561 0.7389179 -2.44413e-9 -0.6697338 0.7426013 -8.61659e-9 -0.3866594 0.9222226 0.2585022 -0.2965862 0.9193547 -3.05732e-9 0.001347213 0.999999 0.1656755 0.001776175 0.9861788 0.258596 0.2934312 0.9203402 -2.4574e-9 0.3815429 0.9243512 0.247856 0.6252389 0.7400295 -2.45223e-9 0.6693338 0.7429618 0.3178205 0.7640317 0.5614673 -7.29683e-9 0.8204394 0.5717335 0.3467332 0.8113139 0.4706865 0 0.8769843 0.480519 0.354989 0.8214617 0.4462998 4.82959e-9 0.8925043 0.451039 0.3519902 0.8161901 0.4581884 0 0.8905804 0.4548261 0 0.8937318 0.4486016 0.3488989 0.8189133 0.455687 -7.29393e-9 0.9220693 0.3870248 0.3570294 0.8473454 0.3931106 0.3780542 0.9072981 0.1840793 -4.90951e-9 0.9677757 0.2518137 0.6926875 0.6808022 0.2381016 0.9121768 0.3818233 0.1488099 0.9716068 3.94092e-4 0.2366013 0.9166483 -0.3652904 0.1622303 0.6923177 -0.6806719 0.2395452 0.3825833 -0.912154 0.1469869 -4.90311e-9 -0.9754353 0.220286 0.3623117 -0.8546933 0.3717924 0 -0.9327147 0.3606153 0.3522055 -0.8181 0.4546027 0 -0.895518 0.4450253 -0.3522055 -0.8181 0.4546027 -0.3623117 -0.8546933 0.3717924 -0.3825833 -0.912154 0.1469869 -0.7248724 -0.6851907 -0.07123102 -0.6923177 -0.6806719 0.2395452 -0.9166484 -0.3652904 0.1622303 -0.9957596 0.01438178 -0.09086266 -0.9716068 3.9409e-4 0.2366013 -0.9121768 0.3818233 0.1488099 -0.6963742 0.7139088 -0.07346485 -0.6926875 0.6808023 0.2381016 -0.3780542 0.9072981 0.1840793 -0.3570294 0.8473454 0.3931106 -0.3488989 0.8189133 0.455687 -0.3519902 0.8161901 0.4581884 -0.3549891 0.8214617 0.4462998 -0.3467333 0.8113139 0.4706865 -0.3178206 0.7640318 0.5614674 -0.247856 0.6252389 0.7400295 -0.258596 0.2934312 0.9203403 -0.1656755 0.001776175 0.9861788 -0.2585022 -0.2965862 0.9193547 -0.2453031 -0.6275561 0.7389179 -0.3115322 -0.7523406 0.5804579 -0.3733158 -0.4935578 0.7855165 -0.8291016 -0.3875093 0.4030226 -0.3415957 -0.7866855 0.5142356 -0.3532851 -0.7934142 0.4956647 -0.801272 -0.4919935 -0.340449 -0.3520119 -0.801052 0.4841523 4.83089e-9 -0.8804659 0.4741096 0.3520118 -0.801052 0.4841523 0.6364946 -0.598034 0.4870626 0.643547 -0.6045202 0.4694705 0.6335143 -0.6100242 0.4759517 0.5892321 -0.5929605 0.5488199 0.472663 -0.5011142 0.724896 0.6378099 -0.2811299 0.7170526 0.411064 1.42983e-4 0.9116065 0.6382036 0.2797493 0.7172422 0.4759457 0.4968133 0.7257081 0.5964063 0.5967987 0.5367782 0.6415707 0.6232514 0.4471519 0.6497223 0.6233163 0.4351296 0.6249954 0.6227158 0.4707503 0.6234545 0.6215175 0.4743632 0.6464943 0.6428179 0.4108897 0.8396199 0.3461064 0.4186274 0.899032 0.01196702 0.4377195 0.8420851 -0.3371461 0.4209811 0.6579913 -0.6411844 0.3948796 0.6351926 -0.6083385 0.4758725 0.7949708 -0.4012605 0.4549853 0.7771143 -0.410084 0.4774144 0.8362567 -0.3348381 0.4342327 0.7910549 -0.330745 0.5146258 0.8663858 0.001181455 0.4993739 0.7051028 9.52712e-4 0.7091045 0.7936989 0.3316786 0.5099329 0.8400267 0.3409192 0.4220535 0.7589728 0.4301815 0.4887782 0.7498845 0.4678222 0.4677773 0.8199668 0.3584113 0.4463136 0.9153364 0.01393379 0.4024488 0.8088933 -0.3332373 0.4844011 0.838159 -0.3544345 0.4145671 0.8118821 -0.005004782 0.5838 0.9106227 0.002353509 0.4132321 0.8759422 0.3095201 0.3700306 -0.8806186 0.09021348 0.4651584 -0.4096686 -0.5386623 0.7362165 -0.984955 -0.008490881 0.1726028 -0.5789647 -0.811601 0.07812679 -0.5726846 -0.8169737 0.0677221 -0.5860134 -0.7996836 0.130746 0.656763 -0.7435694 0.1255656 0.987382 0.002458253 0.1583373 0.6688524 0.7343826 0.1154068 -0.5456272 0.8341328 0.08070558 -0.5594615 0.7517415 0.3491241 -0.6357357 0.6124042 0.4698948 -0.005307986 0.8409527 0.5410827 0.616302 0.6937312 0.3727048 0.6207053 0.5875249 0.519172 0.873652 0.07920295 0.4800615 0.4524226 -0.5349405 0.7135491 0.6202599 -0.7772454 0.1056758 0.6422171 -0.7599509 0.1001584 0.2767132 0.1292482 -0.952221 0.1255271 0.3816943 -0.9157251 0.257636 0.5395517 -0.8015657 0.2354151 0.5478172 -0.8027927 0.3566777 0.934157 -0.01147269 0.404329 0.9125026 -0.06210489 0.3434574 0.6187441 0.7065357 0.2865398 0.5920146 0.7532686 0.2733362 -0.009556916 0.961871 0.2245047 -0.01062602 0.9744151 0.2545931 -0.6061817 0.753476 0.2908985 -0.5873594 0.7552397 0.338703 -0.8484133 0.4067864 0.4569154 -0.8861486 0.07725887 0.4629892 -0.8797497 0.1080811 0.7169424 -0.6088965 -0.3394681 0.5744634 -0.4253068 -0.6993612 0.6009124 -0.05966581 -0.7970849 0.3139953 0.3721461 -0.8734496 -0.0488958 0.4365874 -0.8983321 -0.2656535 0.3205692 -0.9092104 -0.7055951 0.4778379 -0.5232654 -0.7261807 0.1226148 -0.6764814 -0.9110154 0.4029109 -0.08782855 -0.787645 -0.6092477 0.09182859 -0.7103387 -0.1283552 0.6920578 -0.859279 0.5048863 0.08203246 -0.9920191 0.008367273 -0.1258094 -0.7839232 -0.4106517 0.4656495 -0.6016555 -0.6724115 -0.4311304 -0.60986 0.197882 -0.7674071 -0.395023 0.5982174 -0.6972037 0.134496 -0.2743468 -0.9521789 0.2298179 -0.8535473 -0.4675904 -0.1174524 -0.9384592 0.3248066 0.1415885 -0.8029229 0.5790228 0.2066938 -0.9184932 0.3371172 0.07478977 -0.9366948 0.3420662 -0.0412124 -0.9911899 0.1258731 -0.1665698 -0.9850661 0.04358097 0.004551577 -0.779321 0.6266086 -0.08425006 -0.7859803 0.6124843 -0.2025609 -0.9791454 -0.01559875 -0.1282344 -0.786956 0.6035365 -0.2745259 -0.9613723 -0.0199713 -0.2202226 -0.7651895 0.6049687 -0.4265966 -0.9041908 -0.02131841 -0.3931812 -0.7111813 0.5827775 -0.6838131 -0.72914 0.0274682 -0.679099 -0.3929094 0.6200377 -0.9425685 -0.32421 0.08032823 -0.7506624 0.01419383 0.6605334 -0.9984783 0.01831137 0.05201712 -0.9344018 0.3535992 0.04313925 -0.7043158 0.3822048 0.598213 -0.6936434 0.7186334 0.04924247 -0.4594267 0.6701984 0.5828904 -0.4928538 0.8693931 -0.03536772 -0.2495214 0.7656013 0.5929533 -0.3096257 0.9496734 -0.04745883 -0.3004844 0.5478379 -0.7807578 -0.4975932 0.4919972 -0.7143806 -0.7639161 0.4045462 -0.502767 -0.7625957 0.02300451 -0.6464664 -0.7469258 -0.3392149 -0.5718698 -0.4680002 -0.4834416 -0.7397702 -0.3062666 -0.5299207 -0.7908128 -0.2183743 -0.5437947 -0.8103086 -0.391383 -0.5115826 -0.7649201 -0.1642575 0.05820706 -0.9846986 -0.2478213 0.1048259 -0.963118 -0.1707246 0.5413629 -0.8232735 -0.02058008 0.5655164 -0.8244802 0.2057845 0.9737572 -0.09720909 0.1525632 0.7710453 0.6182342 0.1425962 0.3838562 0.9123161 0.1196506 -0.01119607 0.992753 0.1354342 -0.430251 0.8924918 0.09843639 -0.7806835 0.6171252 0.6379529 -0.7204639 -0.2719335 0.4530309 -0.08360814 -0.8875656 -0.3325385 0.5001264 -0.7995572 0.4102706 -0.08007197 -0.9084418 0.5987056 -0.7443711 -0.2957421 0.03236947 0.9962172 -0.08064453 0.009373017 0.7985051 0.6019151 0.01503532 0.3990832 0.9167914 0.02883102 -0.006103313 0.9995657 0.02894921 -0.399802 0.9161443 -0.06038309 -0.39645 0.9160684 -0.1019866 -0.3883133 0.9158665 -0.1840305 -0.3731251 0.9093462 -0.3921323 -0.3648521 0.8444614 -0.4153585 0.002456869 0.9096544 -0.4105459 0.315347 0.8555748 -0.2151394 0.3549294 0.9098023 -0.1088141 0.3828142 0.9173946 -0.1592534 0.7837046 0.6003711 -0.2297977 0.9707341 -0.06977449 -0.1952071 0.5350503 -0.8219583 -0.1484421 0.02935904 -0.9884852 -0.2370782 0.02665436 -0.9711249 -0.4172523 0.02380116 -0.908479 -0.1437667 0.5117923 -0.8469945 -0.1034663 0.9903373 -0.092341 -0.09811911 0.7919627 0.6026341 -0.07638858 0.3888451 0.9181309 -0.05804672 -0.003678248 0.9983071 -0.09726389 -0.003955798 0.9952508 -0.1887667 -0.001773833 0.9820204 0.08780079 0.5043546 -0.8590212 0.09537118 -0.5102144 -0.854743 0.119418 -0.9909309 -0.06160526 0.08904742 -0.6696191 0.7373472 0.06344314 0.002675768 0.9979819 0.1129782 0.6609509 0.7418759 0.1384729 0.988088 -0.06713743 0.05351501 0.5204573 -0.852209 0.1041909 0.9934022 -0.04791829 0.04218373 0.5552859 -0.8305889 0.04492194 0.9985365 -0.03011541 -0.2774629 0.6123739 -0.7402787 -0.1184478 0.9913415 0.05667569 -0.8946714 0.4282695 -0.1270756 -0.5789689 0.7018674 0.4149424 -0.04768389 0.6863302 0.7257252 -0.0728756 0.6153432 0.7848834 -0.3622847 0.4425475 0.8203057 -0.03007367 0.01110743 0.999486 -0.3722745 -0.005265449 0.9281077 -0.38935 -0.4408272 0.8087509 -0.05871245 -0.6363003 0.769204 -0.6165643 -0.7007791 0.3588273 -0.06230524 -0.9977068 0.0264417 -0.8795261 -0.4721422 -0.0592928 -0.1857045 -0.5692168 -0.8009408 0.06254873 -0.5216887 -0.85084 0.07188829 -0.5169624 -0.8529841 0.09844704 -0.9932175 -0.06186512 0.0871493 -0.677609 0.7302404 0.06122094 0.006696228 0.9981018 0.09848932 0.673205 0.7328677 0.05473786 0.6885173 0.7231513 0.001167466 0.0247813 0.9996922 0.01696751 -0.7024499 0.7115309 0.07377252 -0.6874371 0.7224873 0.07993273 -0.9951305 -0.05767113 0.05529357 0.009035296 0.9984293 -0.9221829 0.01462415 -0.3864774 -0.6246098 0.6749345 -0.3928435 -0.7423087 0.4841281 -0.4632471 -0.9314792 0.02135896 -0.363167 -0.3808436 0.5011486 -0.7770509 -0.0266394 0.6553948 -0.7548166 0.6655285 0.01134291 -0.7462862 0.02013252 -0.7078577 -0.7060682 -0.3798915 -0.5112228 -0.7709304 -0.7783145 -0.4703516 -0.4159279 -0.6255622 -0.6710612 -0.3979307 -0.6351926 -0.6083385 0.4758725 -0.6579914 -0.6411844 0.3948796 -0.8420851 -0.3371461 0.4209812 -0.899032 0.01196702 0.4377195 -0.8396199 0.3461064 0.4186274 -0.6464943 0.6428179 0.4108897 -0.6234545 0.6215175 0.4743632 -0.6249954 0.6227158 0.4707503 -0.6497223 0.6233163 0.4351296 -0.6415707 0.6232514 0.4471518 -0.5964063 0.5967987 0.5367781 -0.4759457 0.4968133 0.725708 -0.6382036 0.2797494 0.7172422 -0.411064 1.42973e-4 0.9116065 -0.6378099 -0.2811299 0.7170526 -0.472663 -0.5011142 0.724896 -0.5892321 -0.5929605 0.5488199 -0.6335143 -0.6100242 0.4759517 -0.643547 -0.6045203 0.4694705 -0.6364946 -0.598034 0.4870626 -0.7949708 -0.4012605 0.4549853 -0.8088933 -0.3332373 0.4844011 -0.9153365 0.01393388 0.4024486 -0.8199668 0.3584112 0.4463136 -0.7498845 0.4678224 0.4677771 -0.7589726 0.4301817 0.4887782 -0.8400266 0.3409194 0.4220536 -0.7936989 0.3316785 0.5099329 -0.8663858 0.001181465 0.4993739 -0.7051027 9.52721e-4 0.7091045 -0.7910549 -0.330745 0.5146258 -0.8362567 -0.3348382 0.4342328 -0.7771142 -0.4100844 0.4774143 -0.8381585 -0.3544351 0.4145674 -0.8759422 0.3095202 0.3700304 -0.8118821 -0.005004527 0.5838 -0.9106223 0.002353524 0.4132331 0.8806186 0.09021351 0.4651584 0.984955 -0.008490889 0.1726028 0.4096686 -0.5386622 0.7362164 0.5789647 -0.811601 0.07812679 -0.4524226 -0.5349405 0.7135491 -0.6202599 -0.7772454 0.1056758 -0.987382 0.00245826 0.1583373 -0.873652 0.07920295 0.4800615 -0.616302 0.6937312 0.3727048 -0.6207052 0.5875248 0.5191719 0.005307993 0.8409526 0.5410827 0.5594614 0.7517415 0.3491241 0.6357357 0.6124043 0.4698948 0.5456272 0.8341329 0.08070557 -0.6688524 0.7343826 0.1154068 -0.656763 -0.7435694 0.1255656 0.5860134 -0.7996836 0.130746 0.5726845 -0.8169737 0.06772209 -0.6422171 -0.7599509 0.1001584 0.6646611 0.6628858 0.3446851 0.6651752 0.6631019 0.3432752 0.9388382 2.74591e-4 0.3443582 0.9391868 2.75643e-4 0.3434065 3.75606e-8 0.9390473 0.343788 1.00853e-8 0.9383896 0.3455792 -0.6646612 0.6628858 0.3446852 -0.6651753 0.6631018 0.3432754 0.6651762 -0.6625529 0.3443315 -3.28655e-8 -0.9384985 0.3452832 0.664662 -0.6623351 0.3457407 -1.05895e-7 -0.9378381 0.347073 -0.6646619 -0.6623352 0.3457406 -0.6651763 -0.6625529 0.3443314 -0.9388384 2.7453e-4 0.3443581 -0.9391869 2.75568e-4 0.3434062 8.35291e-9 0.4857937 -0.8740735 -0.2640718 0.50903 -0.8192403 -5.08472e-9 0.9978504 -0.0655342 -0.5398177 0.8414275 -0.02442642 0 0.2793382 0.9601927 -0.1045863 0.2210935 0.9696285 -7.94048e-9 -0.005137107 0.9999868 -0.8780044 0.4781933 0.02096261 -0.2665062 0.1845278 0.9460042 -0.9996543 -0.008789202 0.02477985 -0.4022421 -0.007974296 0.9154986 -0.8536658 -0.5192072 -0.04097098 -0.3350629 -0.2387812 0.9114365 -0.2198192 -0.3474261 0.9115781 -0.5675711 -0.7914848 -0.2267482 -0.08961629 -0.3937651 0.9148322 0 -0.3862671 0.922387 -0.2718094 -0.9112675 -0.3093723 0 -0.9531754 -0.3024181 -2.05132e-9 -0.290035 -0.957016 -0.3609281 -0.4010135 -0.8419733 -0.7292845 -0.3685314 -0.5764796 -0.8441789 -0.0168078 -0.5357981 -0.6572524 0.3524514 -0.6661811 1.75203e-8 -0.7696224 -0.6384993 7.73011e-9 -0.9964955 0.0836458 -0.3848113 -0.6665128 -0.6384989 -0.4982478 -0.8629905 0.08364554 -0.666512 -0.3848112 -0.6384999 -0.8629904 -0.4982478 0.08364542 -0.7696233 1.83963e-7 -0.6384982 -0.9964955 8.98625e-8 0.08364663 -0.6665122 0.384811 -0.6384999 -0.8629906 0.4982477 0.08364552 -0.3848112 0.6665128 -0.638499 -0.4982479 0.8629904 0.08364552 -5.09182e-8 0.7696224 -0.6384993 7.73011e-9 0.9964955 0.08364621 -0.3191366 0.5527614 0.7698095 0 0.6382725 0.7698105 -0.5527605 0.3191364 0.7698101 -0.6382726 7.68088e-8 0.7698104 -0.5527605 -0.3191363 0.7698102 -0.3191365 -0.5527615 0.7698095 3.73376e-9 -0.6382726 0.7698104 -0.3611111 -0.6254627 0.6916611 -0.4037682 -0.6993469 0.5898179 -1.69047e-7 -0.7222221 0.6916613 -1.68911e-7 -0.8075363 0.5898179 -0.4648305 -0.8051103 0.3684152 -1.91361e-7 -0.9296613 0.3684153 -2.51402e-7 0.7222223 0.6916609 -4.96798e-8 0.8075363 0.5898179 -0.361111 0.6254629 0.6916611 -0.4037682 0.6993469 0.5898178 -9.06449e-8 0.9296613 0.3684153 -0.4648307 0.8051103 0.3684153 -0.6254629 0.3611113 0.691661 -0.6993469 0.4037683 0.5898179 -0.8051103 0.4648306 0.3684153 -0.7222223 8.66905e-9 0.6916609 -0.8075365 -3.72599e-8 0.5898177 -0.6254628 -0.3611113 0.691661 -0.6993469 -0.4037681 0.5898179 -0.9296614 -1.00717e-8 0.3684151 -0.8051103 -0.4648305 0.3684155 0.2640718 0.50903 -0.8192403 0.5398177 0.8414274 -0.02442637 0.6572524 0.3524515 -0.6661811 0.8780044 0.4781934 0.02096264 0.8441793 -0.0168079 -0.5357973 0.9996543 -0.008789256 0.02478032 0.7292845 -0.3685314 -0.5764796 0.8536658 -0.5192071 -0.040971 0.3609281 -0.4010135 -0.8419733 0.5675712 -0.791485 -0.2267481 0.2718094 -0.9112675 -0.3093724 0.08961629 -0.3937651 0.9148322 0.2198192 -0.3474262 0.9115781 0.3350628 -0.2387812 0.9114365 0.4022421 -0.007974299 0.9154986 0.2665062 0.1845278 0.9460042 0.1045863 0.2210935 0.9696285 0.3848113 -0.6665128 -0.6384989 0.4982478 -0.8629905 0.08364541 0.3191366 -0.5527616 0.7698094 0.8629905 -0.4982479 0.08364482 0.5527606 -0.3191363 0.7698101 0.9964955 3.86505e-8 0.08364601 0.6382736 -2.34694e-8 0.7698096 0.8629904 0.4982479 0.08364525 0.5527605 0.3191365 0.7698102 0.498248 0.8629905 0.08364397 0.3191366 0.5527614 0.7698095 0.3848104 0.6665109 -0.6385015 0.666512 0.3848112 -0.6384999 0.7696233 2.07506e-7 -0.6384982 0.6665112 -0.3848111 -0.6385008 0.3611109 -0.6254622 0.6916617 0.4037682 -0.6993467 0.5898183 0.4648306 -0.8051102 0.3684154 0.3611115 0.6254632 0.6916606 0.4037684 0.699347 0.5898176 0.4648307 0.8051103 0.3684152 0.6254631 0.3611113 0.6916607 0.6993467 0.4037683 0.5898181 0.8051104 0.4648306 0.3684153 0.7222223 -4.33453e-8 0.6916609 0.8075362 6.45837e-8 0.5898179 0.9296614 2.01433e-8 0.368415 0.6993469 -0.4037679 0.5898181 0.8051105 -0.4648305 0.3684152 0.6254626 -0.3611111 0.6916613 0 -0.997152 0.07541747 0.7038858 -0.7069187 0.06935986 -6.38696e-9 -0.9981916 0.06011287 0.6731618 -0.7367021 0.06421239 -2.50935e-9 -0.9895379 0.1442729 0.9582551 0.01324069 0.2856079 -4.09187e-8 -0.2562194 0.9666187 5.89804e-8 0.91829 0.3959084 0.705449 0.7018466 0.09875764 1.06868e-8 0.9941024 0.1084461 0.7046956 0.7067021 0.06305639 0 0.9978387 0.065711 0.9962516 -0.01736958 0.08474123 0.9979664 -8.43366e-4 0.06373579 -0.7046956 0.7067021 0.06305639 -0.705449 0.7018466 0.09875764 -0.9582551 0.01324069 0.2856079 -0.6731618 -0.7367021 0.06421239 -0.7038858 -0.7069187 0.06935986 -0.9979664 -8.43366e-4 0.06373579 -0.9962516 -0.0173696 0.08474123 -0.2024779 0.2594523 0.9442919 -0.1938123 0.2384087 0.9516292 0.6036385 0.6414434 0.4734668 0.5339332 0.7186758 0.4454442 0.587813 0.5804613 0.5635074 0.6377852 0.6666505 0.3857554 0.816264 0.3730311 0.4410907 0.798713 0.54302 0.2592039 0.8633763 0.4487214 0.2307172 0.9457392 0.2964571 0.133006 0.953492 0.1878521 0.2357212 0.6349503 -0.7475305 0.1950295 0.9690676 0.2464817 -0.01244305 0.9725905 0.2325245 2.37621e-4 0.5490342 -0.6446114 0.5320128 0.4196491 -0.526338 0.7395018 0.1702927 -0.2197951 0.9605678 7.16145e-4 1.42398e-4 0.9999997 -0.7573268 -0.4567426 0.4667359 -0.822498 -0.3730353 0.4293503 -0.6849396 -0.4790669 0.5489559 -0.508494 -0.7542288 0.4154186 -0.3226987 -0.9135702 0.2474974 -0.4609588 -0.8758027 0.1431314 -0.402466 -0.9150394 -0.02690724 -0.4024748 -0.9150352 -0.02691603 -0.6302453 -0.7476693 0.2092405 -0.6671512 -0.7101903 0.2248089 -0.7759286 -0.5242912 0.35079 -0.6506027 0.01404734 -0.7592884 -0.5031382 -0.6261649 -0.5956252 -0.05712159 0.06165225 -0.9964618 0.07266029 -0.08683024 -0.9935699 -0.6912184 -0.4663062 -0.552065 -0.1968373 0.2617461 -0.9448513 -0.82187 -0.3499119 -0.4495457 -0.4267953 0.4992436 -0.7540568 -0.8229126 -0.367299 -0.4334817 -0.9484386 -0.0508171 -0.3128608 -0.9690878 0.009080319 -0.2465487 -0.9583066 -0.1363773 -0.2510971 -0.5725083 0.6759986 -0.4639613 0.2833751 0.9228346 -0.2609116 0.1355928 0.9577326 -0.2536982 0.2288518 0.9112617 -0.3423871 0.5204892 0.732307 -0.4391098 0.4786717 0.7705001 -0.420955 0.585704 0.6060238 -0.5382249 0.7193733 0.3678136 -0.5892497 0.1427866 0.6339831 -0.760051 0.05453224 -0.6457754 -0.7615776 0.6458376 -0.4853059 -0.5893826 -0.05371112 -0.05948441 -0.9967832 0.06729175 0.06735967 -0.9954569 -0.4678477 0.6638115 -0.5835003 -0.6401394 0.09892039 -0.7618636 -0.6724578 0.5346056 -0.5118569 -0.2461724 -0.2204173 -0.9438303 -0.7965327 0.4414387 -0.4131191 -0.4510088 -0.4595973 -0.7650891 -0.7441222 0.4903123 -0.4537355 -0.9236405 0.1612654 -0.3476803 -0.965906 0.05160367 -0.2536979 -0.9440209 0.2018666 -0.2609109 -0.6235303 -0.6292455 -0.4639614 0.5277765 -0.6667069 -0.526264 0.4512478 -0.7752659 -0.4419706 0.4727885 -0.7592245 -0.4472686 0.1465129 -0.9366535 -0.3181418 0.07541554 -0.9661916 -0.2465489 0.2193799 -0.9427739 -0.2510974 0.9466318 -0.3211911 -0.02691478 0.9466342 -0.3211846 -0.0269086 0.9082049 -0.3944933 0.1397812 0.6893473 0.6976848 0.1950289 0.9382188 -0.2418479 0.2474976 0.7926383 -0.4556254 0.4051296 0.7676472 -0.6090181 0.199536 0.7344948 -0.6475105 0.2030948 0.6190016 -0.7294841 0.2910153 0.5479 -0.6473325 0.5298738 0.4737891 -0.7806634 0.4075395 -0.2204108 -0.2136815 0.9517138 0.5200841 -0.7148591 0.467428 -0.2408196 -0.2243191 0.9442917 -0.6918781 0.5444619 0.4742004 -0.7551507 0.5003732 0.4235257 -0.636021 0.5456278 0.5456809 -0.7225343 0.6081533 0.3287759 -0.4573869 0.7777593 0.4311469 -0.6543409 0.7178017 0.2379045 -0.5680425 0.7925785 0.2216914 -0.3890503 0.9120277 0.1297896 -0.2702395 0.9334915 0.2357208 -0.3300035 0.9438977 -0.01244308 -0.316405 0.9486241 2.38941e-4 0.5943069 0.6031263 0.5320131 0.48776 0.4639253 0.7395023 0.2041172 0.1888019 0.9605675 -2.05487e-4 7.0227e-4 0.9999997 0.6401876 0.07233646 -0.7648054 0.4869719 0.642025 -0.5921675 0.05449659 -0.0488107 -0.9973202 -0.06551837 0.06542996 -0.9957039 -0.6600587 -0.4695875 -0.5863532 -0.117046 -0.6340514 -0.7643815 -0.5386406 -0.6582039 -0.52596 0.211033 -0.2364837 -0.9484411 -0.4293063 -0.8022505 -0.4148375 0.4665224 -0.4579223 -0.7567457 -0.4680287 -0.7710231 -0.4318245 -0.1612653 -0.9236406 -0.3476804 -0.05160417 -0.965906 -0.2536979 -0.2018667 -0.9440209 -0.2609109 0.6292455 -0.6235299 -0.4639618 0.6521912 0.5318791 -0.5401402 0.7811658 0.4392669 -0.4436491 0.7844144 0.450674 -0.4261303 0.9366531 0.1465133 -0.3181426 0.9661914 0.07541581 -0.2465493 0.9427736 0.2193806 -0.2510977 0.32119 0.9466323 -0.02691374 0.3211836 0.9466346 -0.02690765 0.3944934 0.9082049 0.139781 -0.6976848 0.6893471 0.1950293 0.241848 0.9382188 0.2474974 0.4512076 0.7930077 0.4093293 0.5821314 0.7895778 0.1941388 0.6193728 0.7529728 0.2222822 0.7284763 0.6116609 0.3085341 0.6466545 0.548404 0.5301801 0.7797592 0.4740877 0.408921 0.2132357 -0.2199164 0.9519282 0.7153798 0.5179031 0.4690503 0.2243212 -0.240817 0.9442919 -0.5422105 -0.6924852 0.4758908 -0.5008102 -0.7540983 0.4248821 -0.5461329 -0.6352998 0.5460156 -0.6005007 -0.7210748 0.3456157 -0.7780575 -0.4529984 0.4352229 -0.7357622 -0.6267199 0.2566633 -0.8125948 -0.5412202 0.2162646 -0.9120273 -0.389051 0.12979 -0.9334913 -0.2702403 0.2357208 -0.9438976 -0.3300036 -0.01244229 -0.9486232 -0.3164078 2.37277e-4 -0.6031272 0.5943062 0.5320129 -0.4639252 0.48776 0.7395021 -0.1888015 0.2041173 0.9605676 -7.01639e-4 -2.0474e-4 0.9999997 -0.04726443 0.6694203 -0.7413788 -0.7442055 0.3759544 -0.552102 0.1008646 0.1351 -0.9856847 -0.08287404 -0.1060449 -0.9909018 0.52939 -0.6504205 -0.5447012 0.6638625 0.0802446 -0.743537 0.7196585 -0.4774359 -0.5041296 0.2174754 0.2487746 -0.9438303 0.8443934 -0.3410753 -0.4131193 0.3916354 0.5111358 -0.7650895 0.7983291 -0.3959723 -0.4537363 0.9364089 -0.04749931 -0.3476811 0.9649951 0.06649562 -0.2536982 0.9615855 -0.08531447 -0.2609114 0.5421958 0.7005454 -0.4639611 -0.6302678 0.5771995 -0.5192333 -0.5423656 0.714494 -0.4419703 -0.5617914 0.6959465 -0.4472683 -0.2595708 0.9118163 -0.3181416 -0.1926026 0.9497989 -0.2465484 -0.3326399 0.9090111 -0.2510968 -0.9787192 0.203431 -0.02691507 -0.9787206 0.2034254 -0.02690993 -0.9495119 0.2808706 0.1397814 -0.5991821 -0.7764952 0.1950286 -0.9606994 0.1257047 0.2474975 -0.8422567 0.3556316 0.4051296 -0.8361454 0.5109268 0.1995359 -0.8079315 0.5531722 0.2030945 -0.6637636 0.6838297 0.3029765 -0.6137837 0.5921446 0.522144 -0.5555103 0.7411235 0.3770201 0.202848 0.251317 0.9464103 -0.6455716 0.6289527 0.4331926 0.2116848 0.2519966 0.9442919 0.7452002 -0.5014272 0.4395993 0.832646 -0.3892147 0.3939703 0.7117083 -0.4516912 0.5380023 0.8155169 -0.4679844 0.3404742 0.5487626 -0.7162208 0.4311467 0.7369416 -0.6327074 0.2379041 0.6604 -0.7174432 0.2216915 0.497299 -0.8578162 0.1297895 0.3819888 -0.8935995 0.2357209 0.4425758 -0.8966447 -0.01244341 0.429656 -0.9029925 2.37321e-4 -0.5163751 -0.6710584 0.5320126 -0.4275863 -0.5199106 0.7395018 -0.1795864 -0.2122694 0.9605678 2.88426e-4 -6.70955e-4 0.9999997 -0.6588202 -0.6571158 -0.3662715 -0.9306622 -2.9163e-4 -0.3658795 -0.7098814 -5.66608e-4 -0.704321 1.52028e-8 -0.9301372 -0.3672123 0.6588202 -0.6571157 -0.3662714 -0.6588211 0.6565307 -0.3673176 6.58789e-8 0.9295513 -0.3686929 -0.5025213 0.5003954 -0.7050368 5.62383e-8 0.7085088 -0.7057019 0.5025213 0.5003954 -0.7050367 0.658821 0.6565309 -0.3673176 0.9306622 -2.91612e-4 -0.3658796 0.7098812 -5.66466e-4 -0.7043211 0.2520384 0.4365432 -0.8636589 1.25567e-8 0.5040765 -0.863659 0.3647804 0.631818 -0.6839162 5.41492e-8 0.7295606 -0.6839162 0.4648307 0.8051103 -0.3684154 9.06449e-8 0.9296615 -0.3684151 -0.4648305 0.8051103 -0.3684153 -0.3647803 0.6318179 -0.6839162 -0.2520382 0.4365431 -0.863659 0.2520384 -0.4365435 -0.8636588 0.4365434 -0.2520385 -0.8636588 0.3647805 -0.6318182 -0.6839159 0.631818 -0.3647805 -0.6839161 0.4648307 -0.8051103 -0.3684153 0.8051103 -0.4648307 -0.3684153 0.504077 -4.18556e-9 -0.8636588 0.7295608 4.3835e-8 -0.683916 0.9296614 5.03583e-9 -0.3684152 0.6318181 0.3647802 -0.6839161 0.8051104 0.4648305 -0.3684154 0.4365434 0.2520385 -0.8636588 9.06449e-8 -0.9296613 -0.3684153 4.64136e-8 -0.7295606 -0.6839161 0 -0.5040769 -0.8636587 -0.2520382 -0.4365433 -0.8636589 -0.3647805 -0.6318181 -0.683916 -0.4648308 -0.8051103 -0.3684151 -0.4365436 -0.2520384 -0.8636587 -0.6318179 -0.3647804 -0.6839162 -0.8051103 -0.4648306 -0.3684152 -0.504077 -5.44123e-8 -0.8636587 -0.7295606 -1.53423e-7 -0.6839162 -0.4365431 0.2520382 -0.863659 -0.631818 0.3647802 -0.6839162 -0.9296614 -1.22119e-7 -0.3684151 -0.8051105 0.4648305 -0.368415 -0.4947505 -0.5989259 -0.6296901 0.0274515 -0.08732466 -0.9958016 0.1518728 -0.7190813 -0.6781273 -6.42356e-7 -0.3030233 -0.9529832 0.005937957 -0.002558655 -0.9999791 -0.03262994 -0.09736369 -0.9947138 -0.1464945 -0.720181 -0.6781436 0.4975728 -0.5965384 -0.6297327 0.6558538 -0.1319501 -0.7432665 0.0725766 0.02587567 -0.9970272 0.6321773 0.07398236 -0.7712836 0.6410564 0.1251782 -0.7572166 0.005632455 0.09144653 -0.995794 0.522511 0.5044218 -0.6874161 -0.001690683 0.7411292 -0.6713603 -0.5278881 0.5370619 -0.6579504 -0.6640913 0.130693 -0.73614 -0.04767024 0.01542327 -0.9987441 -0.6083569 0.07210036 -0.7903818 -0.6494382 -0.1236647 -0.7502913 -0.7075716 0.705719 0.03610076 -0.01820659 0.9997989 0.008402796 0.6863295 0.7271101 -0.01621158 0.9770741 0.2055838 -0.05533021 0.9929004 0.0769146 -0.09073577 0.990319 -0.1386281 0.007116108 0.6579353 -0.7529894 -0.01131751 -0.1760584 -0.9818876 0.07000036 1.82049e-6 -0.9846237 -0.1746888 0.1794076 -0.9811838 0.07135328 -0.6624346 -0.7490898 0.006700796 -0.9902432 -0.1393362 0.001986496 -0.9906809 0.09306467 -0.09945042 -0.9767616 0.2128863 -0.02482308 -0.6336627 0.6521204 0.4161857 -0.03043985 0.8988596 0.4371781 0.6091775 0.6726257 0.4200921 0.9071165 0.1886216 0.3762467 0.7653393 0.005335605 0.6436048 0.727904 -0.08533058 0.6803488 0.5916446 -0.5910868 0.5482454 -0.08463774 -0.7449424 0.6617381 9.84399e-7 -0.7922627 0.6101803 0.08236855 -0.7440034 0.6630795 -0.5725276 -0.6072706 0.550849 -0.7425546 -0.1272865 0.6575795 -0.7504352 0.01223361 0.6608309 -0.9063182 0.2096644 0.3669171 0.08280315 -0.06138082 0.9946738 0.1931252 -0.1452724 0.97036 -0.3010855 -0.2498391 0.9202869 1.92615e-5 -0.2313437 0.9728721 0.2962858 -0.2494666 0.9219443 -0.1954577 -0.1612164 0.9673705 -0.04626363 -0.08011358 0.9957115 0.0016516 -0.1361466 0.9906873 0 -0.8391162 -0.5439521 0.3825831 -0.9097089 -0.1614311 5.03566e-9 -0.9897106 -0.1430828 2.53861e-9 -0.9679865 0.2510027 0.3878205 -0.889024 0.2433759 2.54517e-9 -0.772646 0.6348372 0.3155229 -0.7200766 0.618009 -4.92619e-9 -0.4934238 0.869789 0.3231557 -0.4425682 0.8364829 -2.45689e-9 -0.2447468 0.9695871 0.4027956 -0.1922269 0.8948768 0.2991191 0.03734231 0.9534849 0 0.02095486 0.9997804 2.38802e-9 0.1204492 0.9927195 0.278631 0.130463 0.9514957 0.2839304 0.02335584 0.9585604 0 -0.01544281 0.9998807 0.5877656 0.1077228 0.8018274 0.8467498 0.3107853 0.4317723 0.8882535 0.4579959 -0.03529294 0.6076929 0.5798088 -0.5427072 0.4959449 0.5313626 -0.6867987 0.2229855 0.5257158 -0.8209143 2.3933e-9 0.544309 -0.8388848 -0.2229855 0.5257158 -0.8209143 -0.4959449 0.5313626 -0.6867987 -0.6076929 0.5798088 -0.5427072 -0.8882535 0.4579959 -0.03529294 -0.8467498 0.3107852 0.4317722 -0.5877656 0.1077228 0.8018275 -0.2839304 0.02335584 0.9585604 -0.278631 0.130463 0.9514957 -0.299119 0.03734231 0.9534848 -0.4027956 -0.1922269 0.8948768 -0.3231557 -0.4425682 0.8364829 -0.3155229 -0.7200766 0.618009 -0.3878205 -0.889024 0.2433759 -0.3825831 -0.9097089 -0.1614311 -0.3474099 -0.7767317 -0.5253515 -2.49838e-9 -0.5497214 -0.8353482 -0.3286097 -0.5065797 -0.7971152 2.47392e-9 -0.2565214 -0.9665385 -0.3487497 -0.2553914 -0.9017477 -0.2536468 0.1039822 -0.9616918 2.44173e-9 0.1016503 -0.9948202 -6.05596e-10 0.4096375 -0.9122484 -0.2466325 0.4199919 -0.8733723 -0.5102801 0.439557 -0.7391914 -0.7935434 0.423022 -0.4374257 -0.7535852 0.5034173 -0.4227062 -0.9384218 0.345293 0.01171892 -0.8556297 0.2345177 0.4614103 -0.5891682 0.1703643 0.7898461 -0.6243412 0.04367459 0.7799299 -0.7723497 -0.2158962 0.5973815 -0.6348976 -0.5092833 0.580978 -0.7256461 -0.655921 0.2078591 -0.7070553 -0.680889 -0.1909534 -0.5938774 -0.5824895 -0.5549916 -0.7112058 -0.2782668 -0.6455647 -0.6402401 0.1198246 -0.7587718 -0.9236989 0.1313244 -0.3599087 -0.9818524 0.1299849 0.1380931 -0.8468524 0.08497135 0.5249961 -0.9289415 -0.2932796 0.225953 -0.9209793 -0.2989838 -0.2498116 0.5891682 0.1703643 0.7898461 0.8556297 0.2345177 0.4614102 0.9384218 0.345293 0.01171892 0.7535852 0.5034173 -0.4227062 0.7935434 0.4230221 -0.4374257 0.5102801 0.4395569 -0.7391914 0.2466325 0.4199919 -0.8733723 0.2536468 0.1039822 -0.9616917 0.3487497 -0.2553914 -0.9017477 0.3286097 -0.5065797 -0.7971152 0.3474099 -0.7767317 -0.5253515 0.5938773 -0.5824895 -0.5549917 0.7070553 -0.680889 -0.1909534 0.7256461 -0.655921 0.2078591 0.6348977 -0.5092833 0.580978 0.7723497 -0.2158962 0.5973815 0.6243412 0.04367459 0.7799299 0.8468525 0.08497133 0.524996 0.9818524 0.1299849 0.1380931 0.9236989 0.1313244 -0.3599087 0.6402401 0.1198246 -0.7587718 0.7112058 -0.2782668 -0.6455647 0.9209793 -0.2989837 -0.2498116 0.9289415 -0.2932796 0.225953 -0.1518728 -0.7190814 -0.6781273 -0.02745149 -0.08732468 -0.9958016 0.4947505 -0.598926 -0.6296902 0.6494382 -0.1236646 -0.7502913 0.6083569 0.07210036 -0.7903818 0.04767024 0.01542327 -0.9987441 0.6640913 0.1306931 -0.73614 -0.005632455 0.0914465 -0.995794 0.5278881 0.5370619 -0.6579504 0.001690676 0.7411292 -0.6713603 -0.522511 0.5044218 -0.6874161 -0.6410564 0.1251782 -0.7572166 -0.07257657 0.02587566 -0.9970272 -0.6321773 0.07398236 -0.7712836 -0.6558538 -0.1319501 -0.7432663 0.03262994 -0.09736369 -0.9947138 -0.4975728 -0.5965384 -0.6297327 0.1464945 -0.720181 -0.6781435 6.3232e-7 -0.3030233 -0.9529832 -0.00593796 -0.002558655 -0.9999791 0.7075715 0.705719 0.03610076 0.9767616 0.2128862 -0.02482307 0.9906809 0.09306468 -0.09945042 0.9902432 -0.1393362 0.001986486 0.6624346 -0.7490898 0.006700784 -0.1794076 -0.9811838 0.07135329 -1.79842e-6 -0.9846237 -0.1746888 0.1760584 -0.9818876 0.07000034 -0.6579353 -0.7529894 -0.01131752 -0.990319 -0.1386281 0.007116112 -0.9929004 0.0769146 -0.0907357 -0.9770741 0.2055838 -0.05533021 -0.6863294 0.7271101 -0.01621158 0.01820659 0.9997989 0.008402783 0.6336626 0.6521204 0.4161857 0.9063182 0.2096644 0.366917 0.7504352 0.01223361 0.660831 0.7425547 -0.1272865 0.6575795 0.5725275 -0.6072707 0.550849 -0.08236854 -0.7440034 0.6630794 -9.84399e-7 -0.7922627 0.6101803 0.08463774 -0.7449424 0.6617381 -0.5916446 -0.5910868 0.5482454 -0.727904 -0.08533059 0.6803488 -0.7653393 0.005335606 0.6436048 -0.9071164 0.1886217 0.3762467 -0.6091775 0.6726257 0.4200921 0.03043985 0.8988596 0.4371781 0.04626363 -0.08011358 0.9957115 0.1954577 -0.1612164 0.9673705 -0.2962858 -0.2494666 0.9219443 -1.92615e-5 -0.2313437 0.9728721 0.3010855 -0.2498391 0.9202869 -0.1931251 -0.1452724 0.9703601 -0.08280317 -0.06138082 0.9946738 -0.00165159 -0.1361466 0.9906873 0.9706777 1.92152e-4 0.2403847 0.8614315 -0.3555238 0.3626826 0.6881122 -0.6843506 0.2411757 0.3574316 -0.8601832 0.3637683 -1.58728e-7 -0.9702756 0.2420021 -0.3574316 -0.8601833 0.3637682 -0.688112 -0.6843507 0.2411759 -0.8614314 -0.3555237 0.3626829 -0.9706777 1.92201e-4 0.2403847 0.8614313 0.3561015 0.3621158 0.688112 0.6847342 0.2400854 0.3574294 0.8607624 0.3623981 1.98409e-8 0.9706599 0.2404567 -0.3574295 0.8607623 0.3623981 -0.6881122 0.684734 0.2400851 -0.8614314 0.3561014 0.3621157 -8.93994e-8 0.9690083 0.2470284 -0.4845041 0.8391856 0.2470289 -0.8391857 0.4845042 0.2470286 -0.9690082 7.91823e-8 0.2470285 -0.8391857 -0.4845041 0.2470286 -0.4845042 -0.8391857 0.2470286 -2.24776e-7 -0.9690082 0.2470286 0.4845043 0.8391858 0.2470283 0.8391858 0.4845043 0.247028 0.9690084 7.40738e-8 0.2470281 0.8391857 -0.484504 0.2470285 0.4845041 -0.8391856 0.2470289 -0.9706777 -1.91904e-4 -0.2403848 -0.8614315 0.3555238 -0.3626826 -0.6881123 0.6843506 -0.2411758 -0.3574317 0.8601833 -0.3637683 1.38887e-7 0.9702758 -0.2420021 0.3574316 0.8601833 -0.3637682 0.6881121 0.6843507 -0.2411759 0.8614314 0.3555238 -0.362683 0.9706777 -1.92201e-4 -0.2403847 -0.8614312 -0.3561014 -0.3621161 -0.688112 -0.6847342 -0.2400854 -0.3574294 -0.8607624 -0.3623981 1.98409e-8 -0.9706599 -0.2404567 0.3574294 -0.8607624 -0.362398 0.6881121 -0.6847342 -0.2400852 0.8614314 -0.3561014 -0.3621157 0.484504 -0.8391856 -0.2470288 0.8391858 -0.4845041 -0.2470284 0.9690083 -3.32055e-8 -0.2470284 0.8391857 0.4845041 -0.2470285 0.4845041 0.8391856 -0.2470288 3.06512e-8 0.9690083 -0.2470284 -0.4845042 0.8391858 -0.2470284 -0.8391858 0.4845042 -0.2470281 -0.9690084 -1.02171e-7 -0.2470279 -0.8391858 -0.4845043 -0.247028 -0.4845043 -0.8391858 -0.2470283 5.10854e-8 -0.9690083 -0.2470284</float_array>
          <technique_common>
            <accessor source="#geom-Pianta-normals-array" count="1178" stride="3">
              <param name="X" type="float"/>
              <param name="Y" type="float"/>
              <param name="Z" type="float"/>
            </accessor>
          </technique_common>
        </source>
        <source id="geom-Pianta-map1">
          <float_array id="geom-Pianta-map1-array" count="1824">0.391602 0.697021 0 0.490479 0.697021 0 0.438721 0.730957 0 0.003334 0.922546 0 0.003334 0.894775 0 0.013191 0.918152 0 0.014275 0.894104 0 0.023331 0.924133 0 0.024155 0.893188 0 0.033813 0.891541 0 0.034668 0.926514 0 0.034454 0.958008 0 0.040405 0.928772 0 0.041565 0.974945 0 0.035431 0.980362 0 0.046997 0.996395 0 0.049957 0.968872 0 0.055267 0.988701 0 0.057434 0.963379 0 0.062195 0.982208 0 0.069214 0.974014 0 0.065247 0.95752 0 0.075317 0.963501 0 0.072998 0.950317 0 0.080078 0.948425 0 0.073059 0.925659 0 0.081543 0.925232 0 0.078369 0.903442 0 0.07251 0.903015 0 0.072693 0.88739 0 0.064575 0.897644 0 0.066345 0.875671 0 0.056702 0.894531 0 0.058105 0.874512 0 0.057648 0.848389 0 0.064087 0.844482 0 0.07019 0.851196 0 0.068848 0.832764 0 0.073181 0.838379 0 0.070007 0.818359 0 0.074219 0.817749 0 0.072876 0.796509 0 0.068909 0.797363 0 0.070435 0.782715 0 0.062805 0.789307 0 0.064392 0.775513 0 0.056793 0.786743 0 0.057098 0.770264 0 0.050415 0.783936 0 0.049744 0.767212 0 0.044617 0.782104 0 0.041718 0.764038 0 0.03949 0.781128 0 0.036163 0.762329 0 0.038116 0.75354 0 0.027206 0.759521 0 0.028717 0.738281 0 0.046082 0.749756 0 0.040497 0.734863 0 0.052734 0.737793 0 0.048889 0.727295 0 0.054047 0.716553 0 0.049622 0.717773 0 0.048584 0.708008 0 0.052734 0.697266 0 0.044006 0.689209 0 0.049805 0.674561 0 0.057343 0.688721 0 0.062012 0.699951 0 0.061279 0.678711 0 0.055267 0.663086 0 0.041168 0.665771 0 0.045746 0.651123 0 0.034607 0.653809 0 0.029709 0.666504 0 0.017395 0.657227 0 0.022278 0.678955 0 0.010422 0.669678 0 0.014015 0.683594 0 0.003334 0.682861 0 0.016891 0.705322 0 0.003334 0.710205 0 0.018005 0.721191 0 0.003334 0.753052 0 0.01741 0.741943 0 0.016663 0.757813 0 0.003334 0.780762 0 0.015625 0.781616 0 0.014488 0.816895 0 0.003334 0.815186 0 0.003334 0.845825 0 0.013969 0.850708 0 0.003233 0.87207 0 0.013573 0.875183 0 0.023697 0.875916 0 0.032654 0.873535 0 0.040863 0.891907 0 0.049194 0.892639 0 0.049255 0.927612 0 0.05719 0.927002 0 0.065308 0.927063 0 0.050415 0.873657 0 0.051453 0.852173 0 0.050293 0.839478 0 0.056976 0.837891 0 0.063782 0.83606 0 0.063599 0.818481 0 0.06366 0.797485 0 0.056824 0.796875 0 0.050232 0.796387 0 0.04425 0.795532 0 0.038788 0.794434 0 0.031342 0.791382 0 0.032166 0.778442 0 0.028946 0.720459 0 0.039398 0.720459 0 0.038391 0.706055 0 0.034393 0.684326 0 0.027054 0.706787 0 0.030411 0.818481 0 0.030411 0.842041 0 0.03064 0.854126 0 0.040192 0.85498 0 0.042023 0.872803 0 0.045532 0.854004 0 0.044464 0.840698 0 0.043823 0.818726 0 0.049561 0.81897 0 0.056122 0.819092 0 0.038544 0.818481 0 0.039124 0.841797 0 0.098511 0.508789 0 0.109802 0.508789 0 0.098511 0.572021 0 0.115234 0.572021 0 0.115295 0.587402 0 0.098511 0.587402 0 0.115295 0.601807 0 0.098511 0.601807 0 0.115295 0.655762 0 0.098511 0.64917 0 0.097412 0.655762 0 0.115112 0.661377 0 0.128174 0.660889 0 0.128174 0.682617 0 0.140625 0.675293 0 0.140625 0.686768 0 0.14978 0.673828 0 0.149658 0.685059 0 0.158813 0.68335 0 0.158813 0.672607 0 0.170776 0.673828 0 0.158813 0.661865 0 0.17041 0.657471 0 0.179688 0.654053 0 0.180176 0.64917 0 0.17041 0.601807 0 0.180176 0.601807 0 0.17041 0.587402 0 0.180176 0.587402 0 0.17041 0.572021 0 0.180176 0.572021 0 0.180176 0.508789 0 0.171265 0.508789 0 0.161865 0.508789 0 0.158936 0.572021 0 0.14978 0.572021 0 0.151245 0.508789 0 0.140747 0.572021 0 0.140747 0.508789 0 0.128174 0.572021 0 0.128296 0.508789 0 0.119324 0.508789 0 0.128174 0.587402 0 0.128174 0.601807 0 0.140747 0.601807 0 0.140747 0.663574 0 0.14978 0.662842 0 0.158936 0.601807 0 0.158936 0.587402 0 0.149902 0.587402 0 0.140747 0.587402 0 0.149902 0.601807 0 0.166016 0.770874 0 0.149414 0.792725 0 0.140747 0.719238 0 0.127441 0.740479 0 0.098328 0.681396 0 0.092651 0.710693 0 0.114075 0.762085 0 0.090088 0.740234 0 0.116821 0.815918 0 0.090088 0.836304 0 0.113159 0.837036 0 0.11676 0.857422 0 0.090088 0.931763 0 0.114929 0.912598 0 0.093079 0.959686 0 0.125366 0.940125 0 0.099182 0.98764 0 0.135742 0.967682 0 0.14624 0.886475 0 0.158936 0.91571 0 0.130127 0.862793 0 0.136963 0.851807 0 0.129028 0.809937 0 0.136841 0.819214 0 0.214966 0.64624 0 0.216431 0.638916 0 0.227295 0.655518 0 0.233154 0.641846 0 0.235352 0.672119 0 0.24292 0.660645 0 0.25 0.682861 0 0.243286 0.692871 0 0.249146 0.712158 0 0.244385 0.707031 0 0.258789 0.705322 0 0.253906 0.717285 0 0.265625 0.721436 0 0.27002 0.711182 0 0.280762 0.72998 0 0.279541 0.717041 0 0.289063 0.708008 0 0.296387 0.719482 0 0.302002 0.703613 0 0.30835 0.714355 0 0.310791 0.685303 0 0.319092 0.696533 0 0.318115 0.664795 0 0.328369 0.676025 0 0.325195 0.644287 0 0.337646 0.655273 0 0.332275 0.619141 0 0.346436 0.628174 0 0.35498 0.60083 0 0.339111 0.593994 0 0.365234 0.559326 0 0.346436 0.554443 0 0.346924 0.532715 0 0.367676 0.535156 0 0.358887 0.510742 0 0.312744 0.510742 0 0.326172 0.530273 0 0.301758 0.530029 0 0.265869 0.510742 0 0.277588 0.530029 0 0.254639 0.530762 0 0.231689 0.510742 0 0.231567 0.531738 0 0.210571 0.533936 0 0.198608 0.510742 0 0.189697 0.535889 0 0.211548 0.556885 0 0.191772 0.561035 0 0.219604 0.596191 0 0.202271 0.603271 0 0.210693 0.533936 0 0.232178 0.622314 0 0.21167 0.626953 0 0.241333 0.611816 0 0.245605 0.634521 0 0.251221 0.653809 0 0.256836 0.673096 0 0.263916 0.693604 0 0.272705 0.688721 0 0.27832 0.704102 0 0.28833 0.688477 0 0.29541 0.693115 0 0.30249 0.674072 0 0.307617 0.653809 0 0.312744 0.633301 0 0.318115 0.610107 0 0.323242 0.586914 0 0.327393 0.549561 0 0.302734 0.549316 0 0.277832 0.549316 0 0.254639 0.550781 0 0.231323 0.55249 0 0.236938 0.589355 0 0.254395 0.605713 0 0.263184 0.625732 0 0.262939 0.648193 0 0.268799 0.667725 0 0.280762 0.662598 0 0.28125 0.683838 0 0.291748 0.668213 0 0.294678 0.647705 0 0.295166 0.625488 0 0.300049 0.602539 0 0.305176 0.57959 0 0.278809 0.579346 0 0.254639 0.582275 0 0.261719 0.592041 0 0.266602 0.61084 0 0.273438 0.622314 0 0.280762 0.633789 0 0.280762 0.648193 0 0.2854 0.62085 0 0.291748 0.609375 0 0.297119 0.590088 0 0.286865 0.592041 0 0.27124 0.592529 0 0.279297 0.621582 0 0.004406 0.510254 0 0.018936 0.510254 0 0.004406 0.553955 0 0.019577 0.543945 0 0.019806 0.55542 0 0.01976 0.565674 0 0.004406 0.58667 0 0.02002 0.594482 0 0.036407 0.564941 0 0.037811 0.611328 0 0.05011 0.612793 0 0.04953 0.554443 0 0.061096 0.560791 0 0.062683 0.609619 0 0.077576 0.592285 0 0.07782 0.561035 0 0.091125 0.583496 0 0.091125 0.556396 0 0.078308 0.548584 0 0.091125 0.510254 0 0.079834 0.510254 0 0.070862 0.510254 0 0.061249 0.54834 0 0.062103 0.510254 0 0.052277 0.510254 0 0.037201 0.510254 0 0.036224 0.543945 0 0.036194 0.555176 0 0.028961 0.720459 0 0.499268 0.605225 0 0.508789 0.70166 0 0.616211 0.604736 0 0.608887 0.70166 0 0.490967 0.70166 0 0.391602 0.70166 0 0.384521 0.60498 0 0.493408 0.899658 0 0.461182 0.898865 0 0.494629 0.91449 0 0.458008 0.91449 0 0.494629 0.925964 0 0.458008 0.925964 0 0.473633 1.018906 0 0.42334 0.91449 0 0.423096 0.925964 0 0.439941 1.018906 0 0.387451 0.91449 0 0.387451 0.925964 0 0.406494 1.018906 0 0.348877 0.91449 0 0.348877 0.925964 0 0.367188 1.018906 0 0.311768 0.925964 0 0.330566 1.018906 0 0.311768 0.91449 0 0.293457 0.925964 0 0.29541 1.018906 0 0.275146 0.925964 0 0.293457 0.91449 0 0.275146 0.91449 0 0.2771 0.890808 0 0.3125 0.89978 0 0.348877 0.899963 0 0.387451 0.897888 0 0.423828 0.89978 0 0.323486 0.85437 0 0.323486 0.866943 0 0.352295 0.85437 0 0.352295 0.866943 0 0.381104 0.85437 0 0.381104 0.866943 0 0.410156 0.85437 0 0.410156 0.866943 0 0.439209 0.85437 0 0.439209 0.866943 0 0.468506 0.85437 0 0.468506 0.866943 0 0.498047 0.85437 0 0.498047 0.866943 0 0.468506 0.883484 0 0.498047 0.883484 0 0.439209 0.883484 0 0.409912 0.883484 0 0.381104 0.883484 0 0.352295 0.883484 0 0.323486 0.883484 0 0.451416 0.70166 0 0.457275 0.637207 0 0.385498 0.637207 0 0.461426 0.573975 0 0.381104 0.573975 0 0.469482 0.70166 0 0.4646 0.637207 0 0.533203 0.70166 0 0.536621 0.637207 0 0.539063 0.573975 0 0.548828 0.70166 0 0.542969 0.637207 0 0.606934 0.70166 0 0.613281 0.637207 0 0.618164 0.573975 0 0.379395 0.742676 0 0.373535 0.742676 0 0.376709 0.681641 0 0.372314 0.681641 0 0.371826 0.61792 0 0.36792 0.61792 0 0.36792 0.605713 0 0.364014 0.61792 0 0.36377 0.681641 0 0.359375 0.681641 0 0.362061 0.742676 0 0.356445 0.742676 0 0.36792 0.681641 0 0.36792 0.742676 0 0.359131 0.681641 0 0.363525 0.681641 0 0.36377 0.61792 0 0.37207 0.681641 0 0.376221 0.681641 0 0.496582 0.759644 0 0.483398 0.769653 0 0.491943 0.748291 0 0.47998 0.746582 0 0.46875 0.771362 0 0.468018 0.744873 0 0.449463 0.776855 0 0.456543 0.736816 0 0.440918 0.736328 0 0.429443 0.73999 0 0.428223 0.763184 0 0.393799 0.729248 0 0.411865 0.731201 0 0.422119 0.733398 0 0.427246 0.787476 0 0.439941 0.796509 0 0.456055 0.798218 0 0.470947 0.788086 0 0.329346 0.815674 0 0.341797 0.81604 0 0.325195 0.808472 0 0.344482 0.796875 0 0.356445 0.819946 0 0.36377 0.7854 0 0.371094 0.82959 0 0.388672 0.78418 0 0.38501 0.830444 0 0.397705 0.822632 0 0.408447 0.827393 0 0.419678 0.82605 0 0.436523 0.81604 0 0.508789 0.697021 0 0.608887 0.697021 0 0.490967 0.697021 0 0.451416 0.697021 0 0.469482 0.697021 0 0.533203 0.697021 0 0.548828 0.697021 0 0.606934 0.697021 0 0.508301 0.697021 0 0.559082 0.730957 0 0.187378 0.811157 0 0.194702 0.791992 0 0.196289 0.81543 0 0.206055 0.793701 0 0.205933 0.761597 0 0.217285 0.791626 0 0.215942 0.815063 0 0.224731 0.810425 0 0.228027 0.791138 0 0.218384 0.757568 0 0.226685 0.756836 0 0.226196 0.695801 0 0.205688 0.679932 0 0.220093 0.672363 0 0.205444 0.661377 0 0.190918 0.671631 0 0.184814 0.696533 0 0.194946 0.757935 0 0.185181 0.757446 0 0.183838 0.79187 0 0.193237 0.84375 0 0.182617 0.875732 0 0.176636 0.869263 0 0.171387 0.914978 0 0.178955 0.914795 0 0.182251 0.953125 0 0.17749 0.963287 0 0.196533 0.978867 0 0.193604 0.988724 0 0.229126 0.994041 0 0.227661 0.982407 0 0.250488 0.985931 0 0.244995 0.974152 0 0.26001 0.968384 0 0.254883 0.959229 0 0.265869 0.948242 0 0.258545 0.937012 0 0.259277 0.914673 0 0.268799 0.914612 0 0.265625 0.881104 0 0.258545 0.892395 0 0.254639 0.870239 0 0.259766 0.860962 0 0.244507 0.855225 0 0.250244 0.843628 0 0.227539 0.847046 0 0.229004 0.835571 0 0.196533 0.855347 0 0.189819 0.887512 0 0.187134 0.914795 0 0.188965 0.941864 0 0.201538 0.962341 0 0.228149 0.962585 0 0.240723 0.956848 0 0.249023 0.953491 0 0.250977 0.936157 0 0.252686 0.914734 0 0.250977 0.893372 0 0.249146 0.876465 0 0.240723 0.871948 0 0.228271 0.868042 0 0.202148 0.868774 0 0.198608 0.897766 0 0.196533 0.915344 0 0.197876 0.933167 0 0.203613 0.942505 0 0.213623 0.932129 0 0.231201 0.938843 0 0.241699 0.946716 0 0.242798 0.936584 0 0.244141 0.914795 0 0.242798 0.893005 0 0.241699 0.882446 0 0.231079 0.89093 0 0.214355 0.897705 0 0.204468 0.888245 0 0.234741 0.914795 0 0.259521 0.849731 0 0.268799 0.844238 0 0.267822 0.861694 0 0.277344 0.866821 0 0.276611 0.848267 0 0.285645 0.869141 0 0.28418 0.851074 0 0.292969 0.86377 0 0.288574 0.844482 0 0.298828 0.855713 0 0.293457 0.833862 0 0.300293 0.827759 0 0.305664 0.841064 0 0.312744 0.800903 0 0.306396 0.795532 0 0.309326 0.766479 0 0.314941 0.767578 0 0.31543 0.744873 0 0.30835 0.74292 0 0.303955 0.765381 0 0.298828 0.761475 0 0.296875 0.746582 0 0.293945 0.757568 0 0.290039 0.753906 0 0.285889 0.750366 0 0.280518 0.759399 0 0.274658 0.752319 0 0.272461 0.743652 0 0.267822 0.748779 0 0.265625 0.839722 0 0.251221 0.825439 0 0.26123 0.822144 0 0.251465 0.806641 0 0.260986 0.80603 0 0.261963 0.786621 0 0.253662 0.783569 0 0.263184 0.75415 0 0.269043 0.761597 0 0.273193 0.766724 0 0.279785 0.772827 0 0.285889 0.764282 0 0.287842 0.778809 0 0.293945 0.784424 0 0.300049 0.790161 0 0.295166 0.815918 0 0.287109 0.824829 0 0.285156 0.841675 0 0.278564 0.836792 0 0.271973 0.830811 0 0.267334 0.829224 0 0.268311 0.810791 0 0.268799 0.789917 0 0.275391 0.793823 0 0.283203 0.799194 0 0.289551 0.806885 0 0.280518 0.818604 0 0.27417 0.812988 0 0.226563 0.756836 0 0.623047 0.510254 0 0.561035 0.510254 0 0.499512 0.510254 0 0.438477 0.510254 0 0.376953 0.510254 0 0.460938 0.510254 0 0.539063 0.510254 0 0.619141 0.510254 0</float_array>
          <technique_common>
            <accessor source="#geom-Pianta-map1-array" count="608" stride="3">
              <param name="S" type="float"/>
              <param name="T" type="float"/>
              <param name="P" type="float"/>
            </accessor>
          </technique_common>
        </source>
        <vertices id="geom-Pianta-vertices">
          <input semantic="POSITION" source="#geom-Pianta-positions"/>
        </vertices>
        <triangles material="Pianta" count="2054">
          <input semantic="VERTEX" source="#geom-Pianta-vertices" offset="0"/>
          <input semantic="NORMAL" source="#geom-Pianta-normals" offset="1"/>
          <input semantic="TEXCOORD" source="#geom-Pianta-map1" offset="2" set="0"/>
          <p>0 0 0 1 1 1 2 2 2 3 3 1 0 0 0 2 2 2 4 4 3 5 5 4 6 6 5 5 5 4 7 7 6 6 6 5 6 6 5 7 7 6 8 8 7 7 7 6 9 9 8 8 8 7 9 9 8 10 10 9 8 8 7 10 10 9 11 11 10 8 8 7 8 8 7 11 11 10 12 12 11 11 11 10 13 13 12 12 12 11 13 13 12 14 14 13 12 12 11 12 12 11 14 14 13 15 15 14 15 15 14 14 14 13 16 16 15 14 14 13 17 17 16 16 16 15 16 16 15 17 17 16 18 18 17 17 17 16 19 19 18 18 18 17 18 18 17 19 19 18 20 20 19 20 20 19 19 19 18 21 21 20 19 19 18 22 22 21 21 21 20 21 21 20 22 22 21 23 23 22 22 22 21 24 24 23 23 23 22 23 23 22 24 24 23 25 25 24 24 24 23 26 26 25 25 25 24 25 25 24 26 26 25 27 27 26 27 27 26 26 26 25 28 28 27 26 26 25 29 29 28 28 28 27 28 28 27 29 29 28 30 30 29 29 29 28 31 31 30 30 30 29 30 30 29 31 31 30 32 32 31 31 31 30 33 33 32 32 32 31 33 33 32 34 34 33 32 32 31 34 34 33 35 35 34 32 32 31 35 35 34 36 36 35 32 32 31 32 32 31 36 36 35 30 30 36 36 36 35 37 37 37 30 30 36 30 30 36 37 37 37 28 28 38 37 37 37 38 38 39 28 28 38 28 28 38 38 38 39 27 27 40 27 27 40 38 38 39 25 25 41 38 38 39 39 39 42 25 25 41 25 25 41 39 39 42 23 23 43 39 39 42 40 40 44 23 23 43 23 23 43 40 40 44 21 21 45 40 40 44 41 41 46 21 21 45 21 21 45 41 41 46 20 20 47 41 41 46 42 42 48 20 20 47 20 20 47 42 42 48 18 18 49 42 42 48 43 43 50 18 18 49 18 18 49 43 43 50 16 16 51 43 43 50 44 44 52 16 16 51 44 44 52 45 45 53 16 16 51 16 16 51 45 45 53 15 15 54 45 45 53 46 46 55 15 15 54 46 46 55 47 47 56 15 15 54 15 15 54 47 47 56 48 48 57 47 47 56 49 49 58 48 48 57 48 48 57 49 49 58 50 50 59 49 49 58 51 51 60 50 50 59 50 50 59 51 51 60 52 52 61 51 51 60 53 53 62 52 52 61 53 53 62 54 54 63 52 52 61 52 52 61 54 54 63 55 55 64 54 54 63 56 56 65 55 55 64 56 56 65 57 57 66 55 55 64 57 57 66 58 58 67 55 55 64 55 55 64 58 58 67 52 52 68 52 52 68 58 58 67 50 50 69 50 50 69 58 58 67 48 48 70 58 58 67 57 57 66 48 48 70 57 57 66 59 59 71 48 48 70 48 48 70 59 59 71 15 15 72 15 15 72 59 59 71 12 12 73 59 59 71 60 60 74 12 12 73 12 12 73 60 60 74 8 8 75 60 60 74 61 61 76 8 8 75 8 8 75 61 61 76 6 6 77 61 61 76 62 62 78 6 6 77 6 6 77 62 62 78 4 4 79 62 62 78 63 63 80 4 4 79 4 4 79 63 63 80 64 64 81 63 63 80 65 65 82 64 64 81 64 64 81 65 65 82 66 66 83 65 65 82 67 67 84 66 66 83 67 67 84 68 68 85 66 66 83 66 66 83 68 68 85 69 69 86 68 68 85 70 70 87 69 69 86 70 70 87 71 71 88 69 69 86 69 69 86 71 71 88 72 72 89 72 72 89 71 71 88 73 73 90 71 71 88 74 74 91 73 73 90 73 73 90 74 74 91 75 75 92 74 74 91 76 76 93 75 75 92 76 76 93 7 7 6 75 75 92 75 75 92 7 7 6 5 5 4 7 7 6 76 76 93 9 9 8 76 76 93 77 77 94 9 9 8 9 9 8 77 77 94 10 10 9 77 77 94 78 78 95 10 10 9 78 78 95 79 79 96 10 10 9 10 10 9 79 79 96 11 11 10 11 11 10 79 79 96 13 13 12 79 79 96 80 80 97 13 13 12 80 80 97 81 81 98 13 13 12 81 81 98 17 17 16 13 13 12 13 13 12 17 17 16 14 14 13 17 17 16 81 81 98 19 19 18 81 81 98 82 82 99 19 19 18 19 19 18 82 82 99 22 22 21 82 82 99 83 83 100 22 22 21 22 22 21 83 83 100 24 24 23 24 24 23 83 83 100 26 26 25 26 26 25 83 83 100 29 29 28 29 29 28 83 83 100 31 31 30 83 83 100 82 82 99 31 31 30 31 31 30 82 82 99 33 33 32 82 82 99 81 81 98 33 33 32 81 81 98 80 80 97 33 33 32 33 33 32 80 80 97 34 34 33 80 80 97 84 84 101 34 34 33 84 84 101 85 85 102 34 34 33 34 34 33 85 85 102 35 35 34 85 85 102 86 86 103 35 35 34 86 86 103 87 87 104 35 35 34 35 35 34 87 87 104 36 36 35 87 87 104 88 88 105 36 36 35 36 36 35 88 88 105 37 37 37 88 88 105 89 89 106 37 37 37 37 37 37 89 89 106 38 38 39 38 38 39 89 89 106 39 39 42 89 89 106 90 90 107 39 39 42 39 39 42 90 90 107 40 40 44 90 90 107 91 91 108 40 40 44 40 40 44 91 91 108 41 41 46 91 91 108 92 92 109 41 41 46 41 41 46 92 92 109 42 42 48 92 92 109 93 93 110 42 42 48 42 42 48 93 93 110 43 43 50 93 93 110 94 94 111 43 43 50 43 43 50 94 94 111 44 44 52 94 94 111 95 95 112 44 44 52 95 95 112 96 96 113 44 44 52 44 44 52 96 96 113 45 45 53 45 45 53 96 96 113 46 46 55 96 96 113 70 70 87 46 46 55 70 70 87 68 68 85 46 46 55 68 68 85 67 67 84 46 46 55 46 46 55 67 67 84 47 47 56 67 67 84 65 65 82 47 47 56 65 65 82 97 97 114 47 47 56 47 47 56 97 97 114 49 49 58 97 97 114 98 98 115 49 49 58 49 49 58 98 98 115 51 51 60 51 51 60 98 98 115 53 53 62 53 53 62 98 98 115 54 54 63 98 98 115 99 99 116 54 54 63 54 54 63 99 99 116 56 56 65 99 99 116 100 100 117 56 56 65 100 100 117 59 59 71 56 56 65 56 56 65 59 59 71 57 57 66 59 59 71 100 100 117 60 60 74 60 60 74 100 100 117 61 61 76 100 100 117 101 101 118 61 61 76 101 101 118 63 63 80 61 61 76 61 61 76 63 63 80 62 62 78 63 63 80 101 101 118 65 65 82 65 65 82 101 101 118 97 97 114 101 101 118 99 99 116 97 97 114 97 97 114 99 99 116 98 98 115 101 101 118 100 100 117 99 99 116 96 96 113 95 95 112 70 70 87 70 70 87 95 95 112 71 71 88 95 95 112 102 102 119 71 71 88 102 102 119 103 103 120 71 71 88 71 71 88 103 103 120 74 74 91 103 103 120 104 104 121 74 74 91 104 104 121 77 77 94 74 74 91 74 74 91 77 77 94 76 76 93 77 77 94 104 104 121 78 78 95 104 104 121 105 105 122 78 78 95 105 105 122 106 106 123 78 78 95 78 78 95 106 106 123 79 79 96 79 79 96 106 106 123 80 80 97 80 80 97 106 106 123 84 84 101 106 106 123 107 107 124 84 84 101 84 84 101 107 107 124 85 85 102 107 107 124 108 108 125 85 85 102 85 85 102 108 108 125 86 86 103 108 108 125 109 109 126 86 86 103 109 109 126 110 110 127 86 86 103 86 86 103 110 110 127 87 87 104 110 110 127 111 111 128 87 87 104 87 87 104 111 111 128 88 88 105 88 88 105 111 111 128 89 89 106 89 89 106 111 111 128 90 90 107 90 90 107 111 111 128 91 91 108 111 111 128 110 110 127 91 91 108 91 91 108 110 110 127 92 92 109 110 110 127 109 109 126 92 92 109 92 92 109 109 109 126 93 93 110 109 109 126 112 112 129 93 93 110 93 93 110 112 112 129 94 94 111 112 112 129 102 102 119 94 94 111 94 94 111 102 102 119 95 95 112 112 112 129 113 113 130 102 102 119 102 102 119 113 113 130 103 103 120 103 103 120 113 113 130 104 104 121 104 104 121 113 113 130 105 105 122 113 113 130 107 107 124 105 105 122 105 105 122 107 107 124 106 106 123 107 107 124 113 113 130 108 108 125 113 113 130 112 112 129 108 108 125 108 108 125 112 112 129 109 109 126 5 5 131 4 4 132 114 114 133 4 4 132 115 115 134 114 114 133 115 115 134 116 116 135 114 114 133 114 114 133 116 116 135 117 117 136 116 116 135 118 118 137 117 117 136 117 117 136 118 118 137 119 119 138 118 118 137 120 120 139 119 119 138 119 119 138 120 120 139 121 121 140 121 121 140 120 120 139 122 122 141 122 122 141 120 120 139 123 123 142 120 120 139 124 124 143 123 123 142 123 123 142 124 124 143 125 125 144 124 124 143 126 126 145 125 125 144 125 125 144 126 126 145 127 127 146 126 126 145 128 128 147 127 127 146 127 127 146 128 128 147 129 129 148 129 129 148 128 128 147 130 130 149 128 128 147 131 131 150 130 130 149 130 130 149 131 131 150 132 132 151 131 131 150 133 133 152 132 132 151 133 133 152 134 134 153 132 132 151 132 132 151 134 134 153 122 122 154 122 122 154 134 134 153 121 121 155 134 134 153 135 135 156 121 121 155 121 121 155 135 135 156 119 119 157 135 135 156 136 136 158 119 119 157 119 119 157 136 136 158 117 117 159 136 136 158 137 137 160 117 117 159 117 117 159 137 137 160 114 114 161 114 114 161 137 137 160 5 5 162 5 5 162 137 137 160 75 75 163 75 75 163 137 137 160 73 73 164 137 137 160 138 138 165 73 73 164 138 138 165 139 139 166 73 73 164 73 73 164 139 139 166 72 72 167 139 139 166 140 140 168 72 72 167 72 72 167 140 140 168 69 69 169 140 140 168 141 141 170 69 69 169 69 69 169 141 141 170 66 66 171 66 66 171 141 141 170 64 64 172 141 141 170 115 115 134 64 64 172 64 64 172 115 115 134 4 4 132 141 141 170 142 142 173 115 115 134 115 115 134 142 142 173 116 116 135 142 142 173 143 143 174 116 116 135 116 116 135 143 143 174 118 118 137 118 118 137 143 143 174 120 120 139 120 120 139 143 143 174 124 124 143 143 143 174 144 144 175 124 124 143 144 144 175 145 145 176 124 124 143 124 124 143 145 145 176 126 126 145 145 145 176 146 146 177 126 126 145 126 126 145 146 146 177 128 128 147 128 128 147 146 146 177 131 131 150 131 131 150 146 146 177 133 133 152 146 146 177 147 147 178 133 133 152 133 133 152 147 147 178 134 134 153 134 134 153 147 147 178 135 135 156 135 135 156 147 147 178 136 136 158 147 147 178 148 148 179 136 136 158 136 136 158 148 148 179 137 137 160 137 137 160 148 148 179 138 138 165 138 138 165 148 148 179 139 139 166 148 148 179 149 149 180 139 139 166 149 149 180 150 150 181 139 139 166 139 139 166 150 150 181 140 140 168 150 150 181 142 142 173 140 140 168 140 140 168 142 142 173 141 141 170 142 142 173 150 150 181 143 143 174 143 143 174 150 150 181 144 144 175 150 150 181 149 149 180 144 144 175 149 149 180 151 151 182 144 144 175 144 144 175 151 151 182 145 145 176 145 145 176 151 151 182 146 146 177 146 146 177 151 151 182 147 147 178 147 147 178 151 151 182 148 148 179 151 151 182 149 149 180 148 148 179 152 152 183 153 153 184 154 154 185 153 153 184 155 155 186 154 154 185 154 154 185 155 155 186 156 156 187 156 156 187 155 155 186 157 157 188 155 155 186 158 158 189 157 157 188 157 157 188 158 158 189 159 159 190 158 158 189 160 160 191 159 159 190 159 159 190 160 160 191 161 161 192 160 160 191 162 162 193 161 161 192 162 162 193 163 163 194 161 161 192 161 161 192 163 163 194 164 164 195 163 163 194 165 165 196 164 164 195 164 164 195 165 165 196 166 166 197 165 165 196 167 167 198 166 166 197 166 166 197 167 167 198 168 168 199 168 168 199 167 167 198 169 169 200 167 167 198 153 153 201 169 169 200 169 169 200 153 153 201 152 152 202 167 167 198 170 170 203 153 153 201 153 153 201 170 170 203 171 171 204 167 167 198 165 165 196 170 170 203 170 170 203 165 165 196 163 163 194 160 160 191 158 158 189 172 172 205 158 158 189 155 155 186 172 172 205 155 155 186 153 153 184 172 172 205 172 172 205 153 153 184 171 171 206 173 173 207 174 174 208 175 175 209 174 174 208 176 176 210 175 175 209 175 175 209 176 176 210 177 177 211 176 176 210 178 178 212 177 177 211 178 178 212 179 179 213 177 177 211 177 177 211 179 179 213 180 180 214 179 179 213 181 181 215 180 180 214 180 180 214 181 181 215 182 182 216 179 179 213 183 183 217 181 181 215 181 181 215 183 183 217 184 184 218 184 184 218 183 183 217 185 185 219 183 183 217 186 186 220 185 185 219 185 185 219 186 186 220 187 187 221 186 186 220 188 188 222 187 187 221 188 188 222 189 189 223 187 187 221 187 187 221 189 189 223 190 190 224 189 189 223 191 191 225 190 190 224 190 190 224 191 191 225 192 192 226 191 191 225 193 193 227 192 192 226 192 192 226 193 193 227 194 194 228 193 193 227 195 195 229 194 194 228 194 194 228 195 195 229 196 196 230 195 195 229 197 197 231 196 196 230 196 196 230 197 197 231 198 198 232 197 197 231 199 199 233 198 198 232 198 198 232 199 199 233 200 200 234 200 200 234 199 199 233 201 201 235 199 199 233 202 202 236 201 201 235 201 201 235 202 202 236 203 203 237 202 202 236 204 204 238 203 203 237 204 204 238 205 205 239 203 203 237 203 203 237 205 205 239 206 206 240 206 206 240 205 205 239 156 156 241 156 156 241 205 205 239 154 154 242 205 205 239 207 207 243 154 154 242 207 207 243 208 208 244 154 154 242 154 154 242 208 208 244 152 152 245 208 208 244 209 209 246 152 152 245 209 209 246 210 210 247 152 152 245 152 152 245 210 210 247 169 169 248 210 210 247 211 211 249 169 169 248 211 211 249 212 212 250 169 169 248 169 169 248 212 212 250 168 168 251 168 168 251 212 212 250 213 213 252 212 212 250 214 214 253 213 213 252 213 213 252 214 214 253 215 215 254 214 214 253 216 216 255 215 215 254 216 216 255 217 217 256 215 215 254 217 217 256 218 218 255 215 215 254 218 218 255 219 219 253 215 215 254 215 215 254 219 219 253 213 213 252 219 219 253 220 220 257 213 213 252 213 213 252 220 220 257 168 168 251 168 168 251 220 220 257 221 221 248 220 220 257 222 222 249 221 221 248 222 222 249 223 223 247 221 221 248 221 221 248 223 223 247 224 224 245 223 223 247 225 225 246 224 224 245 225 225 246 226 226 244 224 224 245 224 224 245 226 226 244 227 227 242 226 226 244 228 228 243 227 227 242 228 228 243 229 229 239 227 227 242 227 227 242 229 229 239 156 156 241 156 156 241 229 229 239 206 206 240 206 206 240 229 229 239 203 203 237 229 229 239 230 230 238 203 203 237 230 230 238 231 231 236 203 203 237 203 203 237 231 231 236 201 201 235 231 231 236 232 232 233 201 201 235 201 201 235 232 232 233 200 200 234 200 200 234 232 232 233 198 198 232 232 232 233 233 233 231 198 198 232 198 198 232 233 233 231 196 196 230 233 233 231 234 234 229 196 196 230 196 196 230 234 234 229 194 194 228 234 234 229 235 235 227 194 194 228 194 194 228 235 235 227 192 192 226 235 235 227 236 236 225 192 192 226 192 192 226 236 236 225 190 190 224 236 236 225 237 237 223 190 190 224 190 190 224 237 237 223 187 187 221 237 237 223 238 238 222 187 187 221 238 238 222 239 239 220 187 187 221 187 187 221 239 239 220 185 185 219 239 239 220 240 240 217 185 185 219 185 185 219 240 240 217 184 184 218 184 184 218 240 240 217 181 181 215 240 240 217 241 241 213 181 181 215 241 241 213 242 242 214 181 181 215 181 181 215 242 242 214 182 182 216 242 242 214 241 241 213 243 243 211 241 241 213 244 244 212 243 243 211 244 244 212 245 245 210 243 243 211 243 243 211 245 245 210 246 246 209 245 245 210 174 174 208 246 246 209 246 246 209 174 174 208 173 173 207 245 245 210 247 247 258 174 174 208 174 174 208 247 247 258 248 248 259 247 247 258 217 217 256 248 248 259 217 217 256 249 249 258 248 248 259 248 248 259 249 249 258 174 174 208 174 174 208 249 249 258 176 176 210 249 249 258 250 250 260 176 176 210 250 250 260 251 251 261 176 176 210 176 176 210 251 251 261 178 178 212 251 251 261 252 252 262 178 178 212 178 178 212 252 252 262 179 179 213 252 252 262 253 253 263 179 179 213 179 179 213 253 253 263 183 183 217 253 253 263 254 254 264 183 183 217 183 183 217 254 254 264 186 186 220 254 254 264 255 255 265 186 186 220 255 255 265 256 256 266 186 186 220 186 186 220 256 256 266 188 188 222 188 188 222 256 256 266 189 189 223 256 256 266 257 257 267 189 189 223 257 257 267 258 258 268 189 189 223 189 189 223 258 258 268 191 191 225 258 258 268 259 259 269 191 191 225 191 191 225 259 259 269 193 193 227 259 259 269 260 260 270 193 193 227 193 193 227 260 260 270 195 195 229 260 260 270 261 261 271 195 195 229 195 195 229 261 261 271 197 197 231 261 261 271 262 262 272 197 197 231 197 197 231 262 262 272 199 199 233 199 199 233 262 262 272 202 202 236 262 262 272 263 263 273 202 202 236 202 202 236 263 263 273 204 204 238 263 263 273 264 264 274 204 204 238 204 204 238 264 264 274 205 205 239 205 205 239 264 264 274 207 207 243 264 264 274 265 265 275 207 207 243 207 207 243 265 265 275 208 208 244 265 265 275 266 266 276 208 208 244 208 208 244 266 266 276 209 209 246 266 266 276 267 267 277 209 209 246 209 209 246 267 267 277 210 210 247 210 210 247 267 267 277 211 211 249 267 267 277 268 268 278 211 211 249 211 211 249 268 268 278 212 212 250 212 212 250 268 268 278 214 214 253 268 268 278 269 269 279 214 214 253 214 214 253 269 269 279 216 216 255 269 269 279 249 249 258 216 216 255 216 216 255 249 249 258 217 217 256 249 249 258 269 269 279 250 250 260 269 269 279 270 270 280 250 250 260 250 250 260 270 270 280 251 251 261 270 270 280 271 271 281 251 251 261 251 251 261 271 271 281 252 252 262 271 271 281 272 272 282 252 252 262 252 252 262 272 272 282 253 253 263 272 272 282 273 273 283 253 253 263 253 253 263 273 273 283 254 254 264 254 254 264 273 273 283 255 255 265 273 273 283 274 274 284 255 255 265 274 274 284 275 275 285 255 255 265 255 255 265 275 275 285 256 256 266 256 256 266 275 275 285 257 257 267 275 275 285 274 274 284 257 257 267 274 274 284 276 276 286 257 257 267 257 257 267 276 276 286 258 258 268 258 258 268 276 276 286 259 259 269 276 276 286 277 277 287 259 259 269 259 259 269 277 277 287 260 260 270 277 277 287 278 278 288 260 260 270 260 260 270 278 278 288 261 261 271 261 261 271 278 278 288 262 262 272 278 278 288 279 279 289 262 262 272 262 262 272 279 279 289 263 263 273 279 279 289 280 280 290 263 263 273 263 263 273 280 280 290 264 264 274 264 264 274 280 280 290 265 265 275 265 265 275 280 280 290 266 266 276 280 280 290 281 281 291 266 266 276 281 281 291 282 282 292 266 266 276 266 266 276 282 282 292 267 267 277 267 267 277 282 282 292 268 268 278 268 268 278 282 282 292 269 269 279 269 269 279 282 282 292 270 270 280 282 282 292 283 283 293 270 270 280 283 283 293 125 125 294 270 270 280 270 270 280 125 125 294 271 271 281 125 125 294 127 127 295 271 271 281 127 127 295 284 284 296 271 271 281 271 271 281 284 284 296 272 272 282 284 284 296 285 285 297 272 272 282 272 272 282 285 285 297 273 273 283 273 273 283 285 285 297 274 274 284 274 274 284 285 285 297 276 276 286 276 276 286 285 285 297 277 277 287 285 285 297 284 284 296 277 277 287 277 277 287 284 284 296 278 278 288 284 284 296 130 130 298 278 278 288 130 130 298 132 132 299 278 278 288 278 278 288 132 132 299 279 279 289 132 132 299 286 286 300 279 279 289 279 279 289 286 286 300 280 280 290 280 280 290 286 286 300 281 281 291 286 286 300 122 122 301 281 281 291 122 122 301 123 123 302 281 281 291 281 281 291 123 123 302 282 282 292 282 282 292 123 123 302 283 283 293 123 123 302 125 125 294 283 283 293 132 132 299 122 122 301 286 286 300 130 130 298 284 284 296 129 129 303 129 129 303 284 284 296 127 127 295 287 287 304 288 288 305 289 289 306 288 288 305 290 290 307 289 289 306 290 290 307 291 291 308 289 289 306 291 291 308 292 292 309 289 289 306 289 289 306 292 292 309 162 162 310 162 162 310 292 292 309 163 163 311 292 292 309 293 293 312 163 163 311 163 163 311 293 293 312 170 170 313 170 170 313 293 293 312 171 171 314 293 293 312 294 294 315 171 171 314 294 294 315 295 295 316 171 171 314 171 171 314 295 295 316 172 172 317 172 172 317 295 295 316 160 160 318 295 295 316 296 296 319 160 160 318 160 160 318 296 296 319 162 162 320 162 162 320 296 296 319 289 289 321 296 296 319 297 297 322 289 289 321 289 289 321 297 297 322 287 287 323 287 287 323 297 297 322 298 298 324 298 298 324 297 297 322 299 299 325 297 297 322 300 300 326 299 299 325 299 299 325 300 300 326 301 301 327 301 301 327 300 300 326 302 302 328 300 300 326 294 294 315 302 302 328 302 302 328 294 294 315 303 303 329 294 294 315 304 304 330 303 303 329 304 304 330 290 290 307 303 303 329 303 303 329 290 290 307 288 288 305 304 304 330 305 305 331 290 290 307 290 290 307 305 305 331 291 291 308 291 291 308 305 305 331 292 292 309 292 292 309 305 305 331 293 293 312 293 293 312 305 305 331 294 294 315 305 305 331 304 304 330 294 294 315 297 297 322 296 296 319 300 300 326 296 296 319 295 295 316 300 300 326 300 300 326 295 295 316 294 294 315 306 306 3 307 307 5 308 308 4 307 307 5 309 309 6 308 308 4 308 308 4 309 309 6 310 310 92 309 309 6 311 311 93 310 310 92 311 311 93 312 312 91 310 310 92 310 310 92 312 312 91 313 313 90 312 312 91 314 314 88 313 313 90 313 313 90 314 314 88 315 315 89 315 315 89 314 314 88 316 316 86 314 314 88 317 317 87 316 316 86 317 317 87 318 318 85 316 316 86 316 316 86 318 318 85 319 319 83 318 318 85 320 320 84 319 319 83 320 320 84 321 321 82 319 319 83 319 319 83 321 321 82 322 322 81 321 321 82 323 323 80 322 322 81 322 322 81 323 323 80 306 306 79 323 323 80 324 324 78 306 306 79 306 306 79 324 324 78 307 307 77 324 324 78 325 325 76 307 307 77 307 307 77 325 325 76 326 326 75 325 325 76 327 327 74 326 326 75 326 326 75 327 327 74 328 328 73 327 327 74 329 329 71 328 328 73 328 328 73 329 329 71 330 330 72 330 330 72 329 329 71 331 331 70 329 329 71 332 332 66 331 331 70 332 332 66 333 333 67 331 331 70 331 331 70 333 333 67 334 334 69 334 334 69 333 333 67 335 335 68 335 335 68 333 333 67 336 336 64 333 333 67 332 332 66 336 336 64 332 332 66 337 337 65 336 336 64 337 337 65 338 338 63 336 336 64 336 336 64 338 338 63 335 335 61 338 338 63 339 339 62 335 335 61 339 339 62 340 340 60 335 335 61 335 335 61 340 340 60 334 334 59 340 340 60 341 341 58 334 334 59 334 334 59 341 341 58 331 331 57 341 341 58 342 342 56 331 331 57 331 331 57 342 342 56 330 330 54 342 342 56 343 343 55 330 330 54 343 343 55 344 344 53 330 330 54 330 330 54 344 344 53 345 345 51 344 344 53 346 346 52 345 345 51 346 346 52 347 347 50 345 345 51 345 345 51 347 347 50 348 348 49 347 347 50 349 349 48 348 348 49 348 348 49 349 349 48 350 350 47 349 349 48 351 351 46 350 350 47 350 350 47 351 351 46 352 352 45 351 351 46 353 353 44 352 352 45 352 352 45 353 353 44 354 354 43 353 353 44 355 355 42 354 354 43 354 354 43 355 355 42 356 356 41 355 355 42 357 357 39 356 356 41 356 356 41 357 357 39 358 358 40 358 358 40 357 357 39 359 359 38 357 357 39 360 360 37 359 359 38 359 359 38 360 360 37 361 361 36 360 360 37 362 362 35 361 361 36 361 361 36 362 362 35 363 363 31 362 362 35 364 364 34 363 363 31 364 364 34 365 365 33 363 363 31 365 365 33 366 366 32 363 363 31 366 366 32 367 367 30 363 363 31 363 363 31 367 367 30 361 361 29 367 367 30 368 368 28 361 361 29 361 361 29 368 368 28 359 359 27 368 368 28 369 369 25 359 359 27 359 359 27 369 369 25 358 358 26 358 358 26 369 369 25 356 356 24 369 369 25 370 370 23 356 356 24 356 356 24 370 370 23 354 354 22 370 370 23 371 371 21 354 354 22 354 354 22 371 371 21 352 352 20 371 371 21 372 372 18 352 352 20 352 352 20 372 372 18 350 350 19 350 350 19 372 372 18 348 348 17 372 372 18 373 373 16 348 348 17 348 348 17 373 373 16 345 345 15 373 373 16 374 374 13 345 345 15 345 345 15 374 374 13 330 330 14 330 330 14 374 374 13 328 328 11 374 374 13 375 375 12 328 328 11 375 375 12 376 376 10 328 328 11 328 328 11 376 376 10 326 326 7 376 376 10 377 377 9 326 326 7 377 377 9 378 378 8 326 326 7 378 378 8 309 309 6 326 326 7 326 326 7 309 309 6 307 307 5 309 309 6 378 378 8 311 311 93 378 378 8 379 379 94 311 311 93 311 311 93 379 379 94 312 312 91 379 379 94 380 380 121 312 312 91 380 380 121 381 381 120 312 312 91 312 312 91 381 381 120 314 314 88 381 381 120 382 382 119 314 314 88 382 382 119 383 383 112 314 314 88 314 314 88 383 383 112 317 317 87 383 383 112 384 384 113 317 317 87 384 384 113 343 343 55 317 317 87 317 317 87 343 343 55 318 318 85 318 318 85 343 343 55 320 320 84 343 343 55 342 342 56 320 320 84 320 320 84 342 342 56 321 321 82 342 342 56 385 385 332 321 321 82 385 385 332 386 386 118 321 321 82 321 321 82 386 386 118 323 323 80 386 386 118 325 325 76 323 323 80 323 323 80 325 325 76 324 324 78 386 386 118 387 387 117 325 325 76 325 325 76 387 387 117 327 327 74 327 327 74 387 387 117 329 329 71 387 387 117 337 337 65 329 329 71 329 329 71 337 337 65 332 332 66 387 387 117 388 388 116 337 337 65 337 337 65 388 388 116 338 338 63 388 388 116 389 389 115 338 338 63 338 338 63 389 389 115 339 339 62 339 339 62 389 389 115 340 340 60 340 340 60 389 389 115 341 341 58 389 389 115 385 385 332 341 341 58 341 341 58 385 385 332 342 342 56 389 389 115 388 388 116 385 385 332 385 385 332 388 388 116 386 386 118 388 388 116 387 387 117 386 386 118 378 378 8 377 377 9 379 379 94 377 377 9 390 390 95 379 379 94 379 379 94 390 390 95 380 380 121 390 390 95 391 391 122 380 380 121 391 391 122 392 392 130 380 380 121 380 380 121 392 392 130 381 381 120 381 381 120 392 392 130 382 382 119 392 392 130 393 393 129 382 382 119 393 393 129 394 394 111 382 382 119 382 382 119 394 394 111 383 383 112 394 394 111 346 346 52 383 383 112 383 383 112 346 346 52 384 384 113 346 346 52 344 344 53 384 384 113 384 384 113 344 344 53 343 343 55 346 346 52 394 394 111 347 347 50 394 394 111 395 395 110 347 347 50 347 347 50 395 395 110 349 349 48 395 395 110 396 396 109 349 349 48 349 349 48 396 396 109 351 351 46 396 396 109 397 397 108 351 351 46 351 351 46 397 397 108 353 353 44 397 397 108 398 398 107 353 353 44 353 353 44 398 398 107 355 355 42 398 398 107 399 399 106 355 355 42 355 355 42 399 399 106 357 357 39 357 357 39 399 399 106 360 360 37 399 399 106 400 400 105 360 360 37 360 360 37 400 400 105 362 362 35 400 400 105 401 401 104 362 362 35 362 362 35 401 401 104 364 364 34 401 401 104 402 402 103 364 364 34 402 402 103 403 403 102 364 364 34 364 364 34 403 403 102 365 365 33 403 403 102 404 404 101 365 365 33 404 404 101 405 405 97 365 365 33 365 365 33 405 405 97 366 366 32 405 405 97 406 406 98 366 366 32 406 406 98 407 407 99 366 366 32 366 366 32 407 407 99 367 367 30 407 407 99 408 408 100 367 367 30 367 367 30 408 408 100 368 368 28 368 368 28 408 408 100 369 369 25 369 369 25 408 408 100 370 370 23 370 370 23 408 408 100 371 371 21 408 408 100 407 407 99 371 371 21 371 371 21 407 407 99 372 372 18 407 407 99 406 406 98 372 372 18 372 372 18 406 406 98 373 373 16 406 406 98 375 375 12 373 373 16 373 373 16 375 375 12 374 374 13 406 406 98 405 405 97 375 375 12 405 405 97 409 409 96 375 375 12 375 375 12 409 409 96 376 376 10 376 376 10 409 409 96 377 377 9 377 377 9 409 409 96 390 390 95 409 409 96 410 410 123 390 390 95 390 390 95 410 410 123 391 391 122 410 410 123 411 411 124 391 391 122 391 391 122 411 411 124 392 392 130 411 411 124 412 412 125 392 392 130 392 392 130 412 412 125 393 393 129 412 412 125 413 413 126 393 393 129 413 413 126 395 395 110 393 393 129 393 393 129 395 395 110 394 394 111 395 395 110 413 413 126 396 396 109 413 413 126 414 414 127 396 396 109 396 396 109 414 414 127 397 397 108 414 414 127 415 415 128 397 397 108 397 397 108 415 415 128 398 398 107 398 398 107 415 415 128 399 399 106 399 399 106 415 415 128 400 400 105 400 400 105 415 415 128 401 401 104 415 415 128 414 414 127 401 401 104 401 401 104 414 414 127 402 402 103 414 414 127 413 413 126 402 402 103 413 413 126 412 412 125 402 402 103 402 402 103 412 412 125 403 403 102 412 412 125 411 411 124 403 403 102 403 403 102 411 411 124 404 404 101 411 411 124 410 410 123 404 404 101 404 404 101 410 410 123 405 405 97 410 410 123 409 409 96 405 405 97 308 308 131 416 416 133 306 306 132 416 416 133 417 417 134 306 306 132 306 306 132 417 417 134 322 322 172 417 417 134 418 418 170 322 322 172 322 322 172 418 418 170 319 319 171 319 319 171 418 418 170 316 316 169 418 418 170 419 419 168 316 316 169 316 316 169 419 419 168 315 315 167 419 419 168 420 420 166 315 315 167 315 315 167 420 420 166 313 313 164 420 420 166 421 421 165 313 313 164 421 421 165 422 422 160 313 313 164 313 313 164 422 422 160 310 310 163 310 310 163 422 422 160 308 308 162 308 308 162 422 422 160 416 416 161 416 416 161 422 422 160 423 423 159 422 422 160 424 424 158 423 423 159 423 423 159 424 424 158 425 425 157 424 424 158 426 426 156 425 425 157 425 425 157 426 426 156 427 427 155 426 426 156 428 428 153 427 427 155 427 427 155 428 428 153 429 429 154 429 429 154 428 428 153 430 430 151 428 428 153 431 431 152 430 430 151 431 431 152 432 432 150 430 430 151 430 430 151 432 432 150 433 433 149 432 432 150 434 434 147 433 433 149 433 433 149 434 434 147 435 435 148 435 435 148 434 434 147 436 436 146 434 434 147 437 437 145 436 436 146 436 436 146 437 437 145 438 438 144 437 437 145 439 439 143 438 438 144 438 438 144 439 439 143 440 440 142 439 439 143 441 441 139 440 440 142 440 440 142 441 441 139 429 429 141 429 429 141 441 441 139 427 427 140 427 427 140 441 441 139 425 425 138 441 441 139 442 442 137 425 425 138 425 425 138 442 442 137 423 423 136 442 442 137 443 443 135 423 423 136 423 423 136 443 443 135 416 416 133 416 416 133 443 443 135 417 417 134 443 443 135 444 444 173 417 417 134 417 417 134 444 444 173 418 418 170 418 418 170 444 444 173 419 419 168 444 444 173 445 445 181 419 419 168 419 419 168 445 445 181 420 420 166 445 445 181 446 446 180 420 420 166 446 446 180 447 447 179 420 420 166 420 420 166 447 447 179 421 421 165 421 421 165 447 447 179 422 422 160 422 422 160 447 447 179 424 424 158 447 447 179 448 448 178 424 424 158 424 424 158 448 448 178 426 426 156 426 426 156 448 448 178 428 428 153 428 428 153 448 448 178 431 431 152 448 448 178 449 449 177 431 431 152 431 431 152 449 449 177 432 432 150 432 432 150 449 449 177 434 434 147 434 434 147 449 449 177 437 437 145 449 449 177 450 450 176 437 437 145 437 437 145 450 450 176 439 439 143 450 450 176 451 451 175 439 439 143 451 451 175 452 452 174 439 439 143 439 439 143 452 452 174 441 441 139 441 441 139 452 452 174 442 442 137 442 442 137 452 452 174 443 443 135 443 443 135 452 452 174 444 444 173 444 444 173 452 452 174 445 445 181 452 452 174 451 451 175 445 445 181 445 445 181 451 451 175 446 446 180 451 451 175 453 453 182 446 446 180 446 446 180 453 453 182 447 447 179 447 447 179 453 453 182 448 448 178 448 448 178 453 453 182 449 449 177 449 449 177 453 453 182 450 450 176 453 453 182 451 451 175 450 450 176 224 224 183 227 227 185 454 454 184 227 227 185 455 455 186 454 454 184 455 455 186 456 456 205 454 454 184 454 454 184 456 456 205 457 457 206 455 455 186 458 458 189 456 456 205 456 456 205 458 458 189 459 459 191 458 458 189 159 159 190 459 459 191 159 159 190 161 161 192 459 459 191 459 459 191 161 161 192 460 460 193 460 460 193 161 161 192 461 461 194 161 161 192 164 164 195 461 461 194 164 164 195 462 462 196 461 461 194 461 461 194 462 462 196 463 463 203 462 462 196 464 464 198 463 463 203 464 464 198 454 454 201 463 463 203 463 463 203 454 454 201 457 457 204 464 464 198 221 221 200 454 454 201 454 454 201 221 221 200 224 224 202 221 221 200 464 464 198 168 168 199 168 168 199 464 464 198 166 166 197 464 464 198 462 462 196 166 166 197 166 166 197 462 462 196 164 164 195 227 227 185 156 156 187 455 455 186 156 156 187 157 157 188 455 455 186 455 455 186 157 157 188 458 458 189 157 157 188 159 159 190 458 458 189 217 217 256 247 247 258 218 218 255 247 247 258 465 465 279 218 218 255 218 218 255 465 465 279 219 219 253 465 465 279 466 466 278 219 219 253 219 219 253 466 466 278 220 220 257 220 220 257 466 466 278 222 222 249 466 466 278 467 467 277 222 222 249 222 222 249 467 467 277 223 223 247 223 223 247 467 467 277 225 225 246 467 467 277 468 468 276 225 225 246 225 225 246 468 468 276 226 226 244 468 468 276 469 469 275 226 226 244 226 226 244 469 469 275 228 228 243 469 469 275 470 470 274 228 228 243 228 228 243 470 470 274 229 229 239 229 229 239 470 470 274 230 230 238 470 470 274 471 471 273 230 230 238 230 230 238 471 471 273 231 231 236 471 471 273 472 472 272 231 231 236 231 231 236 472 472 272 232 232 233 232 232 233 472 472 272 233 233 231 472 472 272 473 473 271 233 233 231 233 233 231 473 473 271 234 234 229 473 473 271 474 474 270 234 234 229 234 234 229 474 474 270 235 235 227 474 474 270 475 475 269 235 235 227 235 235 227 475 475 269 236 236 225 475 475 269 476 476 268 236 236 225 236 236 225 476 476 268 237 237 223 476 476 268 477 477 267 237 237 223 477 477 267 478 478 266 237 237 223 237 237 223 478 478 266 238 238 222 238 238 222 478 478 266 239 239 220 478 478 266 479 479 265 239 239 220 479 479 265 480 480 264 239 239 220 239 239 220 480 480 264 240 240 217 480 480 264 481 481 263 240 240 217 240 240 217 481 481 263 241 241 213 481 481 263 482 482 262 241 241 213 241 241 213 482 482 262 244 244 212 482 482 262 483 483 261 244 244 212 244 244 212 483 483 261 245 245 210 483 483 261 484 484 260 245 245 210 245 245 210 484 484 260 247 247 258 247 247 258 484 484 260 465 465 279 484 484 260 485 485 280 465 465 279 485 485 280 486 486 292 465 465 279 465 465 279 486 486 292 466 466 278 466 466 278 486 486 292 467 467 277 467 467 277 486 486 292 468 468 276 486 486 292 487 487 291 468 468 276 487 487 291 488 488 290 468 468 276 468 468 276 488 488 290 469 469 275 469 469 275 488 488 290 470 470 274 470 470 274 488 488 290 471 471 273 488 488 290 489 489 289 471 471 273 471 471 273 489 489 289 472 472 272 489 489 289 490 490 288 472 472 272 472 472 272 490 490 288 473 473 271 473 473 271 490 490 288 474 474 270 490 490 288 491 491 287 474 474 270 474 474 270 491 491 287 475 475 269 491 491 287 492 492 286 475 475 269 475 475 269 492 492 286 476 476 268 476 476 268 492 492 286 477 477 267 492 492 286 493 493 284 477 477 267 493 493 284 494 494 285 477 477 267 477 477 267 494 494 285 478 478 266 478 478 266 494 494 285 479 479 265 494 494 285 493 493 284 479 479 265 493 493 284 495 495 283 479 479 265 479 479 265 495 495 283 480 480 264 480 480 264 495 495 283 481 481 263 495 495 283 496 496 282 481 481 263 481 481 263 496 496 282 482 482 262 496 496 282 497 497 281 482 482 262 482 482 262 497 497 281 483 483 261 497 497 281 485 485 280 483 483 261 483 483 261 485 485 280 484 484 260 497 497 281 438 438 294 485 485 280 438 438 294 498 498 293 485 485 280 485 485 280 498 498 293 486 486 292 498 498 293 440 440 302 486 486 292 486 486 292 440 440 302 487 487 291 440 440 302 429 429 301 487 487 291 429 429 301 499 499 300 487 487 291 487 487 291 499 499 300 488 488 290 488 488 290 499 499 300 489 489 289 499 499 300 430 430 299 489 489 289 489 489 289 430 430 299 490 490 288 430 430 299 433 433 298 490 490 288 433 433 298 500 500 296 490 490 288 490 490 288 500 500 296 491 491 287 500 500 296 501 501 297 491 491 287 491 491 287 501 501 297 492 492 286 492 492 286 501 501 297 493 493 284 493 493 284 501 501 297 495 495 283 495 495 283 501 501 297 496 496 282 501 501 297 500 500 296 496 496 282 496 496 282 500 500 296 497 497 281 500 500 296 436 436 295 497 497 281 497 497 281 436 436 295 438 438 294 436 436 295 500 500 296 435 435 303 435 435 303 500 500 296 433 433 298 430 430 299 499 499 300 429 429 301 438 438 294 440 440 302 498 498 293 502 502 304 503 503 306 504 504 305 503 503 306 505 505 307 504 504 305 504 504 305 505 505 307 506 506 329 505 505 307 507 507 330 506 506 329 507 507 330 508 508 315 506 506 329 506 506 329 508 508 315 509 509 328 508 508 315 510 510 326 509 509 328 509 509 328 510 510 326 511 511 327 511 511 327 510 510 326 512 512 325 510 510 326 513 513 322 512 512 325 512 512 325 513 513 322 514 514 324 514 514 324 513 513 322 502 502 323 502 502 323 513 513 322 503 503 321 513 513 322 515 515 319 503 503 321 503 503 321 515 515 319 460 460 320 460 460 320 515 515 319 459 459 318 515 515 319 516 516 316 459 459 318 459 459 318 516 516 316 456 456 317 456 456 317 516 516 316 457 457 314 516 516 316 508 508 315 457 457 314 508 508 315 517 517 312 457 457 314 457 457 314 517 517 312 463 463 313 463 463 313 517 517 312 461 461 311 517 517 312 518 518 309 461 461 311 461 461 311 518 518 309 460 460 310 460 460 310 518 518 309 503 503 306 518 518 309 519 519 308 503 503 306 503 503 306 519 519 308 505 505 307 519 519 308 520 520 331 505 505 307 505 505 307 520 520 331 507 507 330 507 507 330 520 520 331 508 508 315 508 508 315 520 520 331 517 517 312 517 517 312 520 520 331 518 518 309 520 520 331 519 519 308 518 518 309 508 508 315 516 516 316 510 510 326 516 516 316 515 515 319 510 510 326 510 510 326 515 515 319 513 513 322 521 521 333 522 522 334 523 523 335 523 523 335 522 522 334 524 524 336 522 522 337 521 521 333 525 525 338 521 521 333 526 526 339 525 525 338 526 526 339 527 527 333 525 525 338 525 525 338 527 527 333 528 528 337 529 529 337 530 530 338 531 531 333 531 531 333 530 530 338 532 532 339 532 532 339 530 530 338 533 533 333 530 530 338 534 534 337 533 533 333 531 531 333 523 523 335 529 529 334 529 529 334 523 523 335 524 524 336 527 527 333 535 535 335 528 528 334 528 528 334 535 535 335 536 536 336 533 533 333 534 534 334 535 535 335 535 535 335 534 534 334 536 536 336 537 537 340 538 538 341 539 539 342 538 538 341 540 540 343 539 539 342 539 539 342 540 540 343 541 541 344 540 540 343 542 542 345 541 541 344 541 541 344 542 542 345 543 543 346 540 540 343 544 544 347 542 542 345 544 544 347 545 545 348 542 542 345 542 542 345 545 545 348 543 543 349 544 544 347 546 546 350 545 545 348 546 546 350 547 547 351 545 545 348 545 545 348 547 547 351 543 543 352 546 546 350 548 548 353 547 547 351 548 548 353 549 549 354 547 547 351 547 547 351 549 549 354 543 543 355 548 548 353 550 550 356 549 549 354 549 549 354 550 550 356 543 543 357 548 548 353 551 551 358 550 550 356 551 551 358 552 552 359 550 550 356 550 550 356 552 552 359 543 543 360 543 543 360 552 552 359 553 553 361 552 552 359 554 554 362 553 553 361 553 553 361 554 554 362 555 555 363 555 555 363 554 554 362 556 556 364 556 556 364 554 554 362 557 557 365 554 554 362 551 551 358 557 557 365 551 551 358 548 548 353 557 557 365 557 557 365 548 548 353 558 558 366 548 548 353 546 546 350 558 558 366 558 558 366 546 546 350 559 559 367 546 546 350 544 544 347 559 559 367 559 559 367 544 544 347 560 560 368 544 544 347 540 540 343 560 560 368 560 560 368 540 540 343 538 538 341 554 554 362 552 552 359 551 551 358 561 561 369 562 562 370 563 563 371 562 562 370 564 564 372 563 563 371 563 563 371 564 564 372 565 565 373 564 564 372 566 566 374 565 565 373 565 565 373 566 566 374 567 567 375 566 566 374 568 568 376 567 567 375 567 567 375 568 568 376 569 569 377 568 568 376 570 570 378 569 569 377 569 569 377 570 570 378 571 571 379 570 570 378 572 572 380 571 571 379 571 571 379 572 572 380 573 573 381 573 573 381 572 572 380 574 574 382 572 572 380 538 575 383 574 574 382 574 574 382 538 575 383 537 576 384 538 575 383 572 572 380 560 577 385 572 572 380 570 570 378 560 577 385 560 577 385 570 570 378 559 578 386 570 570 378 568 568 376 559 578 386 559 578 386 568 568 376 558 579 387 568 568 376 566 566 374 558 579 387 558 579 387 566 566 374 557 580 388 566 566 374 564 564 372 557 580 388 557 580 388 564 564 372 556 581 389 564 564 372 562 562 370 556 581 389 563 582 390 575 583 391 561 584 338 561 584 338 575 583 391 576 585 392 575 583 391 577 586 393 576 585 392 576 585 392 577 586 393 578 587 394 573 588 338 579 589 392 571 590 390 571 590 390 579 589 392 580 591 391 579 589 392 581 592 394 580 591 391 580 591 391 581 592 394 582 593 393 571 590 395 580 591 396 569 594 397 569 594 397 580 591 396 583 595 398 580 591 396 582 593 393 583 595 398 583 595 398 582 593 393 584 596 399 569 594 400 583 595 401 567 597 402 583 595 401 585 598 403 567 597 402 567 597 402 585 598 403 565 599 400 565 599 400 585 598 403 586 600 401 585 598 403 587 601 404 586 600 401 586 600 401 587 601 404 588 602 399 587 601 404 585 598 403 584 596 399 584 596 399 585 598 403 583 595 401 565 599 397 586 600 398 563 582 395 563 582 395 586 600 398 575 583 396 586 600 398 588 602 399 575 583 396 575 583 396 588 602 399 577 586 393 537 537 340 539 539 342 589 603 341 539 539 342 590 604 343 589 603 341 589 603 341 590 604 343 591 605 368 590 604 343 592 606 347 591 605 368 591 605 368 592 606 347 593 607 367 592 606 347 594 608 350 593 607 367 593 607 367 594 608 350 595 609 366 594 608 350 596 610 353 595 609 366 595 609 366 596 610 353 597 611 365 596 610 353 598 612 358 597 611 365 598 612 358 599 613 362 597 611 365 597 611 365 599 613 362 556 556 364 556 556 364 599 613 362 555 555 363 555 555 363 599 613 362 553 553 361 599 613 362 600 614 359 553 553 361 553 553 361 600 614 359 543 543 360 543 543 360 600 614 359 601 615 356 600 614 359 598 612 358 601 615 356 598 612 358 596 610 353 601 615 356 596 610 353 602 616 354 601 615 356 601 615 356 602 616 354 543 543 357 596 610 353 603 617 351 602 616 354 602 616 354 603 617 351 543 543 355 596 610 353 594 608 350 603 617 351 594 608 350 604 618 348 603 617 351 603 617 351 604 618 348 543 543 352 594 608 350 592 606 347 604 618 348 592 606 347 605 619 345 604 618 348 604 618 348 605 619 345 543 543 349 592 606 347 590 604 343 605 619 345 590 604 343 541 541 344 605 619 345 605 619 345 541 541 344 543 543 346 539 539 342 541 541 344 590 604 343 599 613 362 598 612 358 600 614 359 561 561 369 606 620 371 562 562 370 606 620 371 607 621 372 562 562 370 562 562 370 607 621 372 556 581 389 556 581 389 607 621 372 597 622 388 607 621 372 608 623 374 597 622 388 597 622 388 608 623 374 595 624 387 608 623 374 609 625 376 595 624 387 595 624 387 609 625 376 593 626 386 609 625 376 610 627 378 593 626 386 593 626 386 610 627 378 591 628 385 610 627 378 611 629 380 591 628 385 591 628 385 611 629 380 589 630 383 611 629 380 574 574 382 589 630 383 589 630 383 574 574 382 537 576 384 574 574 382 611 629 380 573 573 381 573 573 381 611 629 380 612 631 379 611 629 380 610 627 378 612 631 379 612 631 379 610 627 378 613 632 377 610 627 378 609 625 376 613 632 377 613 632 377 609 625 376 614 633 375 609 625 376 608 623 374 614 633 375 614 633 375 608 623 374 615 634 373 608 623 374 607 621 372 615 634 373 615 634 373 607 621 372 606 620 371 606 635 390 561 584 338 616 636 391 561 584 338 576 585 392 616 636 391 616 636 391 576 585 392 617 637 393 576 585 392 578 587 394 617 637 393 573 588 338 612 638 390 579 589 392 612 638 390 618 639 391 579 589 392 579 589 392 618 639 391 581 592 394 618 639 391 619 640 393 581 592 394 612 638 395 613 641 397 618 639 396 613 641 397 620 642 398 618 639 396 618 639 396 620 642 398 619 640 393 620 642 398 621 643 399 619 640 393 613 641 400 614 644 402 620 642 401 614 644 402 622 645 403 620 642 401 620 642 401 622 645 403 621 643 399 621 643 399 622 645 403 623 646 404 622 645 403 624 647 401 623 646 404 623 646 404 624 647 401 625 648 399 624 647 401 622 645 403 615 649 400 615 649 400 622 645 403 614 644 402 615 649 397 606 635 395 624 647 398 606 635 395 616 636 396 624 647 398 624 647 398 616 636 396 625 648 399 616 636 396 617 637 393 625 648 399 626 650 405 627 651 406 628 652 407 627 651 406 629 653 408 628 652 407 628 652 407 629 653 408 630 654 409 629 653 408 631 655 410 630 654 409 630 654 409 631 655 410 632 656 411 632 656 411 631 655 410 633 657 412 631 655 410 634 658 413 633 657 412 633 657 412 634 658 413 635 659 414 634 658 413 636 660 415 635 659 414 635 659 414 636 660 415 637 661 416 634 658 413 638 662 417 636 660 415 636 660 415 638 662 417 639 663 418 638 662 417 629 653 408 639 663 418 639 663 418 629 653 408 627 651 406 629 653 408 638 662 417 631 655 410 631 655 410 638 662 417 634 658 413 637 661 416 640 664 415 635 659 419 640 664 415 641 665 420 635 659 419 635 659 419 641 665 420 633 657 421 641 665 420 642 666 410 633 657 421 633 657 421 642 666 410 632 656 411 632 656 411 642 666 410 630 654 409 642 666 410 643 667 422 630 654 409 630 654 409 643 667 422 628 652 423 643 667 422 644 668 406 628 652 423 628 652 423 644 668 406 626 650 405 644 668 406 643 667 422 645 669 418 643 667 422 646 670 417 645 669 418 645 669 418 646 670 417 640 664 415 640 664 415 646 670 417 641 665 420 641 665 420 646 670 417 642 666 410 646 670 417 643 667 422 642 666 410 647 671 424 648 672 425 649 673 426 649 673 426 648 672 425 650 674 427 648 672 425 651 675 428 650 674 427 650 674 427 651 675 428 652 676 429 651 675 428 653 677 430 652 676 429 652 676 429 653 677 430 654 678 431 654 678 431 653 677 430 655 679 432 655 679 432 653 677 430 656 680 433 653 677 430 657 681 434 656 680 433 657 681 434 658 682 435 656 680 433 658 682 435 659 683 436 656 680 433 656 680 433 659 683 436 660 684 437 658 682 435 657 681 434 661 685 438 657 681 434 653 677 430 661 685 438 661 685 438 653 677 430 662 686 439 662 686 439 653 677 430 663 687 440 653 677 430 651 675 428 663 687 440 663 687 440 651 675 428 664 688 441 651 675 428 648 672 425 664 688 441 647 671 424 665 689 426 648 672 425 665 689 426 666 690 427 648 672 425 666 690 427 667 691 428 648 672 425 648 672 425 667 691 428 664 688 441 664 688 441 667 691 428 663 687 440 667 691 428 668 692 430 663 687 440 663 687 440 668 692 430 662 686 439 662 686 439 668 692 430 661 685 438 668 692 430 669 693 434 661 685 438 661 685 438 669 693 434 658 682 435 669 693 434 670 694 433 658 682 435 658 682 435 670 694 433 671 695 436 670 694 433 672 696 437 671 695 436 669 693 434 668 692 430 670 694 433 670 694 433 668 692 430 673 697 432 673 697 432 668 692 430 674 698 431 674 698 431 668 692 430 675 699 429 668 692 430 667 691 428 675 699 429 675 699 429 667 691 428 666 690 427 649 700 442 650 701 443 676 702 444 676 702 444 650 701 443 677 703 445 650 701 443 652 704 446 677 703 445 677 703 445 652 704 446 678 705 447 652 704 446 654 706 448 678 705 447 678 705 447 654 706 448 679 707 449 654 706 448 655 708 450 679 707 449 655 708 450 656 709 451 679 707 449 656 709 451 660 710 452 679 707 449 660 710 452 659 711 453 679 707 449 679 707 449 659 711 453 658 712 454 658 712 454 671 713 453 679 707 449 671 713 453 672 714 452 679 707 449 672 714 452 670 715 451 679 707 449 670 715 451 673 716 450 679 707 449 673 716 450 674 717 448 679 707 449 679 707 449 674 717 448 678 705 447 674 717 448 675 718 446 678 705 447 678 705 447 675 718 446 677 703 445 675 718 446 666 719 443 677 703 445 677 703 445 666 719 443 676 702 444 666 719 443 665 720 442 676 702 444 680 721 442 681 722 443 682 723 444 681 722 443 683 724 445 682 723 444 683 724 445 684 725 443 682 723 444 682 723 444 684 725 443 685 726 442 684 725 443 683 724 445 686 727 446 683 724 445 687 728 447 686 727 446 686 727 446 687 728 447 688 729 448 687 728 447 689 730 449 688 729 448 688 729 448 689 730 449 690 731 450 690 731 450 689 730 449 691 732 451 691 732 451 689 730 449 692 733 452 692 733 452 689 730 449 693 734 453 689 730 449 694 735 454 693 734 453 683 724 445 695 736 446 687 728 447 695 736 446 696 737 448 687 728 447 687 728 447 696 737 448 689 730 449 696 737 448 697 738 450 689 730 449 697 738 450 698 739 451 689 730 449 698 739 451 699 740 452 689 730 449 699 740 452 700 741 453 689 730 449 689 730 449 700 741 453 694 735 454 695 736 446 683 724 445 681 722 443 692 742 437 693 743 436 691 744 433 693 743 436 694 745 435 691 744 433 694 745 435 701 746 434 691 744 433 701 746 434 702 747 430 691 744 433 691 744 433 702 747 430 690 748 432 690 748 432 702 747 430 688 749 431 688 749 431 702 747 430 686 750 429 702 747 430 703 751 428 686 750 429 686 750 429 703 751 428 684 752 427 703 751 428 704 753 425 684 752 427 684 752 427 704 753 425 685 754 426 685 754 426 704 753 425 705 755 424 705 755 424 704 753 425 680 756 426 680 756 426 704 753 425 681 757 427 704 753 425 706 758 428 681 757 427 681 757 427 706 758 428 695 759 429 706 758 428 707 760 430 695 759 429 695 759 429 707 760 430 696 761 431 696 761 431 707 760 430 697 762 432 697 762 432 707 760 430 698 763 433 707 760 430 708 764 434 698 763 433 708 764 434 694 745 435 698 763 433 694 745 435 700 765 436 698 763 433 698 763 433 700 765 436 699 766 437 708 764 434 709 767 438 694 745 435 694 745 435 709 767 438 701 746 434 701 746 434 709 767 438 702 747 430 709 767 438 710 768 439 702 747 430 710 768 439 711 769 440 702 747 430 702 747 430 711 769 440 703 751 428 711 769 440 712 770 441 703 751 428 703 751 428 712 770 441 704 753 425 710 768 439 707 760 430 711 769 440 707 760 430 706 758 428 711 769 440 711 769 440 706 758 428 712 770 441 706 758 428 704 753 425 712 770 441 710 768 439 709 767 438 707 760 430 707 760 430 709 767 438 708 764 434 713 771 442 714 772 443 715 773 444 714 772 443 716 774 445 715 773 444 716 774 445 717 775 443 715 773 444 715 773 444 717 775 443 718 776 442 717 775 443 716 774 445 719 777 446 716 774 445 720 778 447 719 777 446 719 777 446 720 778 447 721 779 448 720 778 447 722 780 449 721 779 448 721 779 448 722 780 449 723 781 450 723 781 450 722 780 449 724 782 451 724 782 451 722 780 449 725 783 452 725 783 452 722 780 449 726 784 453 722 780 449 727 785 454 726 784 453 716 774 445 728 786 446 720 778 447 728 786 446 729 787 448 720 778 447 720 778 447 729 787 448 722 780 449 729 787 448 730 788 450 722 780 449 730 788 450 731 789 451 722 780 449 731 789 451 732 790 452 722 780 449 732 790 452 733 791 453 722 780 449 722 780 449 733 791 453 727 785 454 728 786 446 716 774 445 714 772 443 725 792 437 726 793 436 724 794 433 726 793 436 727 795 435 724 794 433 727 795 435 734 796 434 724 794 433 734 796 434 735 797 430 724 794 433 724 794 433 735 797 430 723 798 432 723 798 432 735 797 430 721 799 431 721 799 431 735 797 430 719 800 429 735 797 430 736 801 428 719 800 429 719 800 429 736 801 428 717 802 427 736 801 428 737 803 425 717 802 427 717 802 427 737 803 425 718 804 426 718 804 426 737 803 425 738 805 424 738 805 424 737 803 425 713 806 426 713 806 426 737 803 425 714 807 427 737 803 425 739 808 428 714 807 427 714 807 427 739 808 428 728 809 429 739 808 428 740 810 430 728 809 429 728 809 429 740 810 430 729 811 431 729 811 431 740 810 430 730 812 432 730 812 432 740 810 430 731 813 433 740 810 430 741 814 434 731 813 433 741 814 434 727 795 435 731 813 433 727 795 435 733 815 436 731 813 433 731 813 433 733 815 436 732 816 437 741 814 434 742 817 438 727 795 435 727 795 435 742 817 438 734 796 434 734 796 434 742 817 438 735 797 430 742 817 438 743 818 439 735 797 430 743 818 439 744 819 440 735 797 430 735 797 430 744 819 440 736 801 428 744 819 440 745 820 441 736 801 428 736 801 428 745 820 441 737 803 425 743 818 439 740 810 430 744 819 440 740 810 430 739 808 428 744 819 440 744 819 440 739 808 428 745 820 441 739 808 428 737 803 425 745 820 441 743 818 439 742 817 438 740 810 430 740 810 430 742 817 438 741 814 434 746 821 442 747 822 443 748 823 444 747 822 443 749 824 445 748 823 444 749 824 445 750 825 443 748 823 444 748 823 444 750 825 443 751 826 442 750 825 443 749 824 445 752 827 446 749 824 445 753 828 447 752 827 446 752 827 446 753 828 447 754 829 448 753 828 447 755 830 449 754 829 448 754 829 448 755 830 449 756 831 450 756 831 450 755 830 449 757 832 451 757 832 451 755 830 449 758 833 452 758 833 452 755 830 449 759 834 453 755 830 449 760 835 454 759 834 453 749 824 445 761 836 446 753 828 447 761 836 446 762 837 448 753 828 447 753 828 447 762 837 448 755 830 449 762 837 448 763 838 450 755 830 449 763 838 450 764 839 451 755 830 449 764 839 451 765 840 452 755 830 449 765 840 452 766 841 453 755 830 449 755 830 449 766 841 453 760 835 454 761 836 446 749 824 445 747 822 443 758 842 437 759 843 436 757 844 433 759 843 436 760 845 435 757 844 433 760 845 435 767 846 434 757 844 433 767 846 434 768 847 430 757 844 433 757 844 433 768 847 430 756 848 432 756 848 432 768 847 430 754 849 431 754 849 431 768 847 430 752 850 429 768 847 430 769 851 428 752 850 429 752 850 429 769 851 428 750 852 427 769 851 428 770 853 425 750 852 427 750 852 427 770 853 425 751 854 426 751 854 426 770 853 425 771 855 424 771 855 424 770 853 425 746 856 426 746 856 426 770 853 425 747 857 427 770 853 425 772 858 428 747 857 427 747 857 427 772 858 428 761 859 429 772 858 428 773 860 430 761 859 429 761 859 429 773 860 430 762 861 431 762 861 431 773 860 430 763 862 432 763 862 432 773 860 430 764 863 433 773 860 430 774 864 434 764 863 433 774 864 434 760 845 435 764 863 433 760 845 435 766 865 436 764 863 433 764 863 433 766 865 436 765 866 437 774 864 434 775 867 438 760 845 435 760 845 435 775 867 438 767 846 434 767 846 434 775 867 438 768 847 430 775 867 438 776 868 439 768 847 430 776 868 439 777 869 440 768 847 430 768 847 430 777 869 440 769 851 428 777 869 440 778 870 441 769 851 428 769 851 428 778 870 441 770 853 425 776 868 439 773 860 430 777 869 440 773 860 430 772 858 428 777 869 440 777 869 440 772 858 428 778 870 441 772 858 428 770 853 425 778 870 441 776 868 439 775 867 438 773 860 430 773 860 430 775 867 438 774 864 434 779 871 333 523 872 335 1 1 455 1 1 455 523 872 335 780 873 456 779 871 333 1 1 457 781 874 339 1 1 457 0 0 0 781 874 339 0 0 0 3 3 457 781 874 339 781 874 339 3 3 457 527 875 333 531 876 333 782 877 339 783 878 457 783 878 457 782 877 339 784 879 0 784 879 0 782 877 339 785 880 457 782 877 339 786 881 333 785 880 457 531 876 333 783 878 455 523 872 335 523 872 335 783 878 455 780 873 456 527 875 333 3 3 455 535 882 335 535 882 335 3 3 455 787 883 456 786 881 333 535 882 335 785 880 455 785 880 455 535 882 335 787 883 456 788 884 458 789 885 0 575 886 391 789 885 0 576 887 392 575 886 391 575 886 391 576 887 392 577 888 393 577 888 393 576 887 392 578 889 394 578 889 394 576 887 392 790 890 393 790 890 393 576 887 392 791 891 391 576 887 392 789 885 0 791 891 391 791 891 391 789 885 0 792 892 458 793 893 459 794 894 460 795 895 396 794 894 460 796 896 398 795 895 396 795 895 396 796 896 398 797 897 393 796 896 398 584 898 399 797 897 393 794 894 461 798 899 462 796 896 401 798 899 462 799 900 403 796 896 401 796 896 401 799 900 403 584 898 399 584 898 399 799 900 403 587 901 404 799 900 403 800 902 401 587 901 404 587 901 404 800 902 401 801 903 399 800 902 401 799 900 403 802 904 461 802 904 461 799 900 403 798 899 462 802 904 460 788 884 459 800 902 398 788 884 459 575 886 396 800 902 398 800 902 398 575 886 396 801 903 399 575 886 396 577 888 393 801 903 399 797 897 393 803 905 394 795 895 391 803 905 394 804 906 392 795 895 391 795 895 391 804 906 392 793 893 458 793 893 458 804 906 392 805 907 0 805 907 0 804 906 392 806 908 458 806 908 458 804 906 392 618 909 391 804 906 392 803 905 394 618 909 391 618 909 391 803 905 394 807 910 393 806 908 459 618 909 396 808 911 460 808 911 460 618 909 396 809 912 398 618 909 396 807 910 393 809 912 398 809 912 398 807 910 393 810 913 399 808 911 461 809 912 401 811 914 462 809 912 401 812 915 403 811 914 462 811 914 462 812 915 403 813 916 461 813 916 461 812 915 403 624 917 401 812 915 403 623 918 404 624 917 401 624 917 401 623 918 404 814 919 399 623 918 404 812 915 403 810 913 399 810 913 399 812 915 403 809 912 401 813 916 460 624 917 398 792 892 459 792 892 459 624 917 398 791 891 396 624 917 398 814 919 399 791 891 396 791 891 396 814 919 399 790 890 393 1 1 463 780 873 462 2 2 464 2 2 464 780 873 462 783 878 463 783 878 1 784 879 0 2 2 2 2 2 2 784 879 0 785 880 1 3 3 463 2 2 464 787 883 462 787 883 462 2 2 464 785 880 463 815 920 465 816 921 466 817 922 467 817 922 467 816 921 466 818 923 468 816 921 466 819 924 469 818 923 468 819 924 469 820 925 470 818 923 468 818 923 468 820 925 470 821 926 471 821 926 471 820 925 470 822 927 472 822 927 472 820 925 470 823 928 473 820 925 470 824 929 474 823 928 473 823 928 473 824 929 474 825 930 475 825 930 475 824 929 474 826 931 476 824 929 474 827 932 477 826 931 476 826 931 476 827 932 477 828 933 478 828 933 478 827 932 477 829 934 479 829 934 479 827 932 477 830 935 480 830 935 480 827 932 477 831 936 481 827 932 477 832 937 482 831 936 481 831 936 481 832 937 482 833 938 483 832 937 482 816 921 466 833 938 483 833 938 483 816 921 466 834 939 484 816 921 466 815 920 465 834 939 484 816 921 466 832 937 482 819 924 469 832 937 482 827 932 477 819 924 469 827 932 477 824 929 474 819 924 469 819 924 469 824 929 474 820 925 470 831 936 485 835 940 486 830 935 487 830 935 487 835 940 486 829 934 488 835 940 486 836 941 489 829 934 488 836 941 489 837 942 490 829 934 488 829 934 488 837 942 490 828 933 491 837 942 490 838 943 492 828 933 491 828 933 491 838 943 492 826 931 493 826 931 493 838 943 492 825 930 494 838 943 492 839 944 495 825 930 494 825 930 494 839 944 495 823 928 496 839 944 495 840 945 497 823 928 496 823 928 496 840 945 497 822 927 498 840 945 497 841 946 499 822 927 498 822 927 498 841 946 499 821 926 500 841 946 499 842 947 501 821 926 500 842 947 501 843 948 502 821 926 500 821 926 500 843 948 502 818 923 503 818 923 503 843 948 502 817 922 504 843 948 502 844 949 505 817 922 504 844 949 505 845 950 506 817 922 504 817 922 504 845 950 506 815 920 507 845 950 506 846 951 508 815 920 507 815 920 507 846 951 508 834 939 509 846 951 508 847 952 510 834 939 509 834 939 509 847 952 510 833 938 511 847 952 510 848 953 512 833 938 511 833 938 511 848 953 512 831 936 485 831 936 485 848 953 512 835 940 486 848 953 512 849 954 513 835 940 486 835 940 486 849 954 513 836 941 489 849 954 513 850 955 514 836 941 489 850 955 514 851 956 515 836 941 489 836 941 489 851 956 515 837 942 490 837 942 490 851 956 515 838 943 492 851 956 515 852 957 516 838 943 492 838 943 492 852 957 516 839 944 495 852 957 516 853 958 517 839 944 495 839 944 495 853 958 517 840 945 497 853 958 517 854 959 518 840 945 497 854 959 518 855 960 519 840 945 497 840 945 497 855 960 519 841 946 499 841 946 499 855 960 519 842 947 501 855 960 519 856 961 520 842 947 501 856 961 520 857 962 521 842 947 501 842 947 501 857 962 521 843 948 502 843 948 502 857 962 521 844 949 505 857 962 521 858 963 522 844 949 505 858 963 522 859 964 523 844 949 505 844 949 505 859 964 523 845 950 506 845 950 506 859 964 523 846 951 508 859 964 523 860 965 524 846 951 508 860 965 524 861 966 525 846 951 508 846 951 508 861 966 525 847 952 510 861 966 525 862 967 526 847 952 510 847 952 510 862 967 526 848 953 512 848 953 512 862 967 526 849 954 513 862 967 526 298 298 527 849 954 513 298 298 527 299 299 528 849 954 513 849 954 513 299 299 528 850 955 514 850 955 514 299 299 528 851 956 515 299 299 528 301 301 529 851 956 515 851 956 515 301 301 529 852 957 516 301 301 529 302 302 530 852 957 516 852 957 516 302 302 530 853 958 517 302 302 530 303 303 531 853 958 517 303 303 531 863 968 532 853 958 517 863 968 532 864 969 533 853 958 517 853 958 517 864 969 533 854 959 518 854 959 518 864 969 533 855 960 519 855 960 519 864 969 533 856 961 520 864 969 533 865 970 534 856 961 520 856 961 520 865 970 534 857 962 521 865 970 534 866 971 535 857 962 521 866 971 535 867 972 536 857 962 521 857 962 521 867 972 536 858 963 522 867 972 536 868 973 537 858 963 522 858 963 522 868 973 537 859 964 523 859 964 523 868 973 537 860 965 524 860 965 524 868 973 537 861 966 525 868 973 537 869 974 538 861 966 525 869 974 538 288 288 539 861 966 525 288 288 539 287 287 540 861 966 525 861 966 525 287 287 540 862 967 526 287 287 540 298 298 527 862 967 526 869 974 538 870 975 541 288 288 539 288 288 539 870 975 541 303 303 531 303 303 531 870 975 541 863 968 532 870 975 541 865 970 534 863 968 532 863 968 532 865 970 534 864 969 533 865 970 534 870 975 541 866 971 535 866 971 535 870 975 541 867 972 536 870 975 541 869 974 538 867 972 536 867 972 536 869 974 538 868 973 537 871 976 542 872 977 543 873 978 544 873 978 544 872 977 543 874 979 545 872 977 543 875 980 546 874 979 545 874 979 545 875 980 546 876 981 547 875 980 546 877 982 548 876 981 547 876 981 547 877 982 548 878 983 549 877 982 548 879 984 550 878 983 549 878 983 549 879 984 550 880 985 551 879 984 550 881 986 552 880 985 551 881 986 552 882 987 553 880 985 551 880 985 551 882 987 553 883 988 554 883 988 554 882 987 553 884 989 555 882 987 553 885 990 556 884 989 555 885 990 556 886 991 557 884 989 555 884 989 555 886 991 557 887 992 558 887 992 558 886 991 557 182 182 559 182 182 559 886 991 557 180 180 560 886 991 557 888 993 561 180 180 560 888 993 561 889 994 562 180 180 560 180 180 560 889 994 562 177 177 563 889 994 562 890 995 564 177 177 563 890 995 564 891 996 565 177 177 563 177 177 563 891 996 565 175 175 566 891 996 565 892 997 567 175 175 566 892 997 567 893 998 568 175 175 566 175 175 566 893 998 568 173 173 569 893 998 568 894 999 570 173 173 569 894 999 570 895 1000 568 173 173 569 173 173 569 895 1000 568 246 246 566 895 1000 568 896 1001 567 246 246 566 896 1001 567 897 1002 565 246 246 566 246 246 566 897 1002 565 243 243 563 897 1002 565 898 1003 564 243 243 563 898 1003 564 899 1004 562 243 243 563 243 243 563 899 1004 562 242 242 560 899 1004 562 900 1005 561 242 242 560 900 1005 561 901 1006 557 242 242 560 242 242 560 901 1006 557 182 182 559 182 182 559 901 1006 557 887 992 558 887 992 558 901 1006 557 884 989 555 901 1006 557 902 1007 556 884 989 555 902 1007 556 903 1008 553 884 989 555 884 989 555 903 1008 553 883 988 554 883 988 554 903 1008 553 880 985 551 903 1008 553 904 1009 552 880 985 551 904 1009 552 905 1010 550 880 985 551 880 985 551 905 1010 550 878 983 549 905 1010 550 906 1011 548 878 983 549 878 983 549 906 1011 548 876 981 547 906 1011 548 907 1012 546 876 981 547 876 981 547 907 1012 546 874 979 545 907 1012 546 908 1013 543 874 979 545 874 979 545 908 1013 543 873 978 544 873 978 544 908 1013 543 871 976 542 908 1013 543 909 1014 571 871 976 542 871 976 542 909 1014 571 910 1015 572 909 1014 571 911 1016 573 910 1015 572 910 1015 572 911 1016 573 912 1017 574 911 1016 573 913 1018 575 912 1017 574 913 1018 575 914 1019 576 912 1017 574 912 1017 574 914 1019 576 915 1020 577 915 1020 577 914 1019 576 916 1021 578 914 1019 576 917 1022 579 916 1021 578 917 1022 579 895 1000 568 916 1021 578 916 1021 578 895 1000 568 894 999 570 917 1022 579 918 1023 580 895 1000 568 895 1000 568 918 1023 580 896 1001 567 918 1023 580 919 1024 581 896 1001 567 919 1024 581 920 1025 582 896 1001 567 896 1001 567 920 1025 582 897 1002 565 897 1002 565 920 1025 582 898 1003 564 920 1025 582 921 1026 583 898 1003 564 921 1026 583 922 1027 584 898 1003 564 898 1003 564 922 1027 584 899 1004 562 922 1027 584 923 1028 585 899 1004 562 899 1004 562 923 1028 585 900 1005 561 923 1028 585 902 1007 556 900 1005 561 900 1005 561 902 1007 556 901 1006 557 902 1007 556 923 1028 585 903 1008 553 923 1028 585 924 1029 586 903 1008 553 903 1008 553 924 1029 586 904 1009 552 924 1029 586 925 1030 587 904 1009 552 925 1030 587 926 1031 588 904 1009 552 904 1009 552 926 1031 588 905 1010 550 905 1010 550 926 1031 588 906 1011 548 906 1011 548 926 1031 588 907 1012 546 926 1031 588 927 1032 589 907 1012 546 907 1012 546 927 1032 589 908 1013 543 927 1032 589 928 1033 590 908 1013 543 928 1033 590 929 1034 591 908 1013 543 908 1013 543 929 1034 591 909 1014 571 909 1014 571 929 1034 591 911 1016 573 929 1034 591 930 1035 592 911 1016 573 911 1016 573 930 1035 592 913 1018 575 930 1035 592 931 1036 593 913 1018 575 913 1018 575 931 1036 593 914 1019 576 931 1036 593 918 1023 580 914 1019 576 914 1019 576 918 1023 580 917 1022 579 918 1023 580 931 1036 593 919 1024 581 931 1036 593 932 1037 594 919 1024 581 932 1037 594 921 1026 583 919 1024 581 919 1024 581 921 1026 583 920 1025 582 932 1037 594 933 1038 595 921 1026 583 933 1038 595 934 1039 596 921 1026 583 921 1026 583 934 1039 596 922 1027 584 922 1027 584 934 1039 596 923 1028 585 923 1028 585 934 1039 596 924 1029 586 924 1029 586 934 1039 596 925 1030 587 934 1039 596 935 1040 597 925 1030 587 935 1040 597 927 1032 589 925 1030 587 925 1030 587 927 1032 589 926 1031 588 927 1032 589 935 1040 597 928 1033 590 935 1040 597 936 1041 598 928 1033 590 928 1033 590 936 1041 598 929 1034 591 929 1034 591 936 1041 598 930 1035 592 936 1041 598 932 1037 594 930 1035 592 930 1035 592 932 1037 594 931 1036 593 932 1037 594 936 1041 598 933 1038 595 936 1041 598 935 1040 597 933 1038 595 933 1038 595 935 1040 597 934 1039 596 886 991 557 885 990 556 888 993 561 885 990 556 937 1042 585 888 993 561 888 993 561 937 1042 585 889 994 562 937 1042 585 938 1043 584 889 994 562 889 994 562 938 1043 584 890 995 564 938 1043 584 939 1044 583 890 995 564 939 1044 583 940 1045 582 890 995 564 890 995 564 940 1045 582 891 996 565 891 996 565 940 1045 582 892 997 567 940 1045 582 941 1046 581 892 997 567 941 1046 581 942 1047 580 892 997 567 892 997 567 942 1047 580 893 998 568 942 1047 580 943 1048 579 893 998 568 943 1048 579 916 1021 578 893 998 568 893 998 568 916 1021 578 894 999 570 943 1048 579 944 1049 576 916 1021 578 916 1021 578 944 1049 576 915 1020 577 915 1020 577 944 1049 576 912 1017 574 944 1049 576 945 1050 575 912 1017 574 945 1050 575 946 1051 573 912 1017 574 912 1017 574 946 1051 573 910 1015 572 946 1051 573 947 1052 571 910 1015 572 910 1015 572 947 1052 571 871 976 542 871 976 542 947 1052 571 872 977 543 947 1052 571 948 1053 591 872 977 543 948 1053 591 949 1054 590 872 977 543 949 1054 590 950 1055 589 872 977 543 872 977 543 950 1055 589 875 980 546 950 1055 589 951 1056 588 875 980 546 875 980 546 951 1056 588 877 982 548 877 982 548 951 1056 588 879 984 550 879 984 550 951 1056 588 881 986 552 951 1056 588 952 1057 587 881 986 552 952 1057 587 953 1058 586 881 986 552 881 986 552 953 1058 586 882 987 553 953 1058 586 937 1042 585 882 987 553 882 987 553 937 1042 585 885 990 556 953 1058 586 954 1059 596 937 1042 585 937 1042 585 954 1059 596 938 1043 584 938 1043 584 954 1059 596 939 1044 583 954 1059 596 955 1060 595 939 1044 583 955 1060 595 956 1061 594 939 1044 583 956 1061 594 941 1046 581 939 1044 583 939 1044 583 941 1046 581 940 1045 582 956 1061 594 957 1062 593 941 1046 581 941 1046 581 957 1062 593 942 1047 580 957 1062 593 944 1049 576 942 1047 580 942 1047 580 944 1049 576 943 1048 579 944 1049 576 957 1062 593 945 1050 575 957 1062 593 958 1063 592 945 1050 575 945 1050 575 958 1063 592 946 1051 573 958 1063 592 948 1053 591 946 1051 573 946 1051 573 948 1053 591 947 1052 571 958 1063 592 959 1064 598 948 1053 591 948 1053 591 959 1064 598 949 1054 590 959 1064 598 960 1065 597 949 1054 590 949 1054 590 960 1065 597 950 1055 589 960 1065 597 952 1057 587 950 1055 589 950 1055 589 952 1057 587 951 1056 588 960 1065 597 954 1059 596 952 1057 587 952 1057 587 954 1059 596 953 1058 586 954 1059 596 960 1065 597 955 1060 595 960 1065 597 959 1064 598 955 1060 595 955 1060 595 959 1064 598 956 1061 594 959 1064 598 958 1063 592 956 1061 594 956 1061 594 958 1063 592 957 1062 593 961 1066 467 962 1067 466 963 1068 465 963 1068 465 962 1067 466 964 1069 484 964 1069 484 962 1067 466 965 1070 483 962 1067 466 966 1071 482 965 1070 483 965 1070 483 966 1071 482 967 1072 481 966 1071 482 968 1073 477 967 1072 481 967 1072 481 968 1073 477 969 1074 480 969 1074 480 968 1073 477 970 1075 479 970 1075 479 968 1073 477 971 1076 478 971 1076 478 968 1073 477 972 1077 476 968 1073 477 973 1078 474 972 1077 476 972 1077 476 973 1078 474 974 1079 599 974 1079 599 973 1078 474 975 1080 473 973 1078 474 976 1081 470 975 1080 473 975 1080 473 976 1081 470 977 1082 472 977 1082 472 976 1081 470 978 1083 471 978 1083 471 976 1081 470 979 1084 468 976 1081 470 980 1085 469 979 1084 468 980 1085 469 962 1067 466 979 1084 468 979 1084 468 962 1067 466 961 1066 467 962 1067 466 980 1085 469 966 1071 482 966 1071 482 980 1085 469 968 1073 477 968 1073 477 980 1085 469 973 1078 474 980 1085 469 976 1081 470 973 1078 474 969 1074 487 981 1086 486 967 1072 485 981 1086 486 982 1087 512 967 1072 485 967 1072 485 982 1087 512 965 1070 511 982 1087 512 983 1088 510 965 1070 511 965 1070 511 983 1088 510 964 1069 509 983 1088 510 984 1089 508 964 1069 509 964 1069 509 984 1089 508 963 1068 507 984 1089 508 985 1090 506 963 1068 507 963 1068 507 985 1090 506 961 1066 504 985 1090 506 986 1091 505 961 1066 504 986 1091 505 987 1092 502 961 1066 504 961 1066 504 987 1092 502 979 1084 503 979 1084 503 987 1092 502 978 1083 500 987 1092 502 988 1093 501 978 1083 500 988 1093 501 989 1094 499 978 1083 500 978 1083 500 989 1094 499 977 1082 498 989 1094 499 990 1095 497 977 1082 498 977 1082 498 990 1095 497 975 1080 496 990 1095 497 991 1096 495 975 1080 496 975 1080 496 991 1096 495 974 1079 494 991 1096 495 992 1097 492 974 1079 494 974 1079 494 992 1097 492 972 1077 493 972 1077 493 992 1097 492 971 1076 491 992 1097 492 993 1098 490 971 1076 491 971 1076 491 993 1098 490 970 1075 488 993 1098 490 994 1099 489 970 1075 488 994 1099 489 981 1086 486 970 1075 488 970 1075 488 981 1086 486 969 1074 487 994 1099 489 995 1100 513 981 1086 486 981 1086 486 995 1100 513 982 1087 512 995 1100 513 996 1101 526 982 1087 512 982 1087 512 996 1101 526 983 1088 510 996 1101 526 997 1102 525 983 1088 510 983 1088 510 997 1102 525 984 1089 508 997 1102 525 998 1103 524 984 1089 508 998 1103 524 999 1104 523 984 1089 508 984 1089 508 999 1104 523 985 1090 506 985 1090 506 999 1104 523 986 1091 505 999 1104 523 1000 1105 522 986 1091 505 1000 1105 522 1001 1106 521 986 1091 505 986 1091 505 1001 1106 521 987 1092 502 987 1092 502 1001 1106 521 988 1093 501 1001 1106 521 1002 1107 520 988 1093 501 1002 1107 520 1003 1108 519 988 1093 501 988 1093 501 1003 1108 519 989 1094 499 989 1094 499 1003 1108 519 990 1095 497 1003 1108 519 1004 1109 518 990 1095 497 1004 1109 518 1005 1110 517 990 1095 497 990 1095 497 1005 1110 517 991 1096 495 1005 1110 517 1006 1111 516 991 1096 495 991 1096 495 1006 1111 516 992 1097 492 1006 1111 516 1007 1112 515 992 1097 492 992 1097 492 1007 1112 515 993 1098 490 993 1098 490 1007 1112 515 994 1099 489 1007 1112 515 1008 1113 514 994 1099 489 994 1099 489 1008 1113 514 995 1100 513 1008 1113 514 512 512 528 995 1100 513 512 512 528 514 514 527 995 1100 513 995 1100 513 514 514 527 996 1101 526 514 514 527 502 502 540 996 1101 526 996 1101 526 502 502 540 997 1102 525 502 502 540 504 504 539 997 1102 525 504 504 539 1009 1114 538 997 1102 525 1009 1114 538 1010 1115 537 997 1102 525 997 1102 525 1010 1115 537 998 1103 524 998 1103 524 1010 1115 537 999 1104 523 999 1104 523 1010 1115 537 1000 1105 522 1010 1115 537 1011 1116 536 1000 1105 522 1000 1105 522 1011 1116 536 1001 1106 521 1011 1116 536 1012 1117 535 1001 1106 521 1012 1117 535 1013 1118 534 1001 1106 521 1001 1106 521 1013 1118 534 1002 1107 520 1013 1118 534 1014 1119 533 1002 1107 520 1002 1107 520 1014 1119 533 1003 1108 519 1003 1108 519 1014 1119 533 1004 1109 518 1004 1109 518 1014 1119 533 1005 1110 517 1014 1119 533 1015 1120 532 1005 1110 517 1015 1120 532 506 506 531 1005 1110 517 506 506 531 509 509 530 1005 1110 517 1005 1110 517 509 509 530 1006 1111 516 509 509 530 511 511 529 1006 1111 516 1006 1111 516 511 511 529 1007 1112 515 511 511 529 512 512 528 1007 1112 515 1007 1112 515 512 512 528 1008 1113 514 1015 1120 532 1016 1121 541 506 506 531 506 506 531 1016 1121 541 504 504 539 504 504 539 1016 1121 541 1009 1114 538 1016 1121 541 1011 1116 536 1009 1114 538 1009 1114 538 1011 1116 536 1010 1115 537 1011 1116 536 1016 1121 541 1012 1117 535 1012 1117 535 1016 1121 541 1013 1118 534 1016 1121 541 1015 1120 532 1013 1118 534 1013 1118 534 1015 1120 532 1014 1119 533 1017 1122 600 523 523 335 1018 1123 601 523 523 335 531 531 333 1018 1123 601 1018 1123 601 531 531 333 1019 1124 602 1019 1124 602 531 531 333 1020 1125 603 531 531 333 532 532 339 1020 1125 603 1020 1125 603 532 532 339 1021 1126 604 1021 1126 604 532 532 339 1022 1127 603 532 532 339 533 533 333 1022 1127 603 1022 1127 603 533 533 333 1023 1128 602 1023 1128 602 533 533 333 1024 1129 601 533 533 333 535 535 335 1024 1129 601 1024 1129 601 535 535 335 1025 1130 600 1017 1122 600 1026 1131 601 523 523 335 523 523 335 1026 1131 601 521 521 333 1026 1131 601 1027 1132 602 521 521 333 1027 1132 602 1028 1133 603 521 521 333 521 521 333 1028 1133 603 526 526 339 1028 1133 603 1029 1134 604 526 526 339 1029 1134 604 1030 1135 603 526 526 339 526 526 339 1030 1135 603 527 527 333 1030 1135 603 1031 1136 602 527 527 333 1031 1136 602 1032 1137 601 527 527 333 527 527 333 1032 1137 601 535 535 335 1032 1137 601 1025 1130 600 535 535 335 581 592 394 1033 1138 604 582 593 393 1033 1138 604 1034 1139 605 582 593 393 582 593 393 1034 1139 605 584 596 399 1034 1139 605 1035 1140 606 584 596 399 584 596 399 1035 1140 606 587 601 404 1035 1140 606 1036 1141 607 587 601 404 587 601 404 1036 1141 607 588 602 399 1036 1141 607 1037 1142 606 588 602 399 588 602 399 1037 1142 606 577 586 393 1037 1142 606 1038 1143 605 577 586 393 577 586 393 1038 1143 605 578 587 394 1038 1143 605 1039 1144 604 578 587 394 581 592 394 619 640 393 1033 1138 604 1033 1138 604 619 640 393 1040 1145 605 619 640 393 621 643 399 1040 1145 605 1040 1145 605 621 643 399 1041 1146 606 621 643 399 623 646 404 1041 1146 606 1041 1146 606 623 646 404 1042 1147 607 623 646 404 625 648 399 1042 1147 607 1042 1147 607 625 648 399 1043 1148 606 625 648 399 617 637 393 1043 1148 606 1043 1148 606 617 637 393 1044 1149 605 617 637 393 578 587 394 1044 1149 605 1044 1149 605 578 587 394 1039 1144 604 1017 1150 600 1018 1151 601 523 872 335 523 872 335 1018 1151 601 531 876 333 1018 1151 601 1019 1152 602 531 876 333 1019 1152 602 1045 1153 603 531 876 333 531 876 333 1045 1153 603 782 877 339 1045 1153 603 1046 1154 604 782 877 339 1046 1154 604 1022 1155 603 782 877 339 782 877 339 1022 1155 603 786 881 333 1022 1155 603 1047 1156 602 786 881 333 1047 1156 602 1024 1157 601 786 881 333 786 881 333 1024 1157 601 535 882 335 1024 1157 601 1025 1158 600 535 882 335 1017 1150 600 523 872 335 1048 1159 601 523 872 335 779 871 333 1048 1159 601 1048 1159 601 779 871 333 1049 1160 602 1049 1160 602 779 871 333 1050 1161 603 779 871 333 781 874 339 1050 1161 603 1050 1161 603 781 874 339 1051 1162 604 1051 1162 604 781 874 339 1052 1163 603 781 874 339 527 875 333 1052 1163 603 1052 1163 603 527 875 333 1031 1164 602 1031 1164 602 527 875 333 1032 1165 601 527 875 333 535 882 335 1032 1165 601 1032 1165 601 535 882 335 1025 1158 600 1053 1166 605 584 898 399 1054 1167 606 584 898 399 587 901 404 1054 1167 606 1054 1167 606 587 901 404 1055 1168 607 587 901 404 801 903 399 1055 1168 607 1055 1168 607 801 903 399 1056 1169 606 801 903 399 577 888 393 1056 1169 606 1056 1169 606 577 888 393 1057 1170 605 577 888 393 578 889 394 1057 1170 605 1057 1170 605 578 889 394 1058 1171 604 1058 1171 604 578 889 394 1059 1172 605 578 889 394 790 890 393 1059 1172 605 1059 1172 605 790 890 393 1060 1173 606 790 890 393 814 919 399 1060 1173 606 1060 1173 606 814 919 399 1061 1174 607 814 919 399 623 918 404 1061 1174 607 1061 1174 607 623 918 404 1062 1175 606 623 918 404 810 913 399 1062 1175 606 1062 1175 606 810 913 399 1063 1176 605 810 913 399 807 910 393 1063 1176 605 1063 1176 605 807 910 393 1064 1177 604 807 910 393 803 905 394 1064 1177 604 803 905 394 797 897 393 1064 1177 604 1064 1177 604 797 897 393 1053 1166 605 797 897 393 584 898 399 1053 1166 605</p>
        </triangles>
      </mesh>
    </geometry>
    <geometry id="geom-Pianta_Eye" name="Pianta_Eye">
      <mesh>
        <source id="geom-Pianta_Eye-positions">
          <float_array id="geom-Pianta_Eye-positions-array" count="186">1.953133 -2.071699 18.33928 2.142012 -2.228577 18.1232 2.204912 -2.061808 18.14659 2.255059 -2.303866 17.92788 2.355641 -2.162193 17.88616 2.262028 -2.44169 17.73409 2.364932 -2.345958 17.62778 2.161051 -2.605118 17.59376 2.230297 -2.563864 17.44066 1.979186 -2.750361 17.54449 1.987809 -2.75752 17.37497 1.765162 -2.8385 17.59948 1.702445 -2.875039 17.44829 1.576328 -2.845919 17.74399 1.450665 -2.88493 17.64097 1.463281 -2.770629 17.93931 1.299936 -2.784544 17.9014 1.456312 -2.632806 18.1331 1.290645 -2.600779 18.15979 1.557289 -2.469377 18.27344 1.42528 -2.382874 18.3469 1.739154 -2.324134 18.32271 1.667768 -2.189218 18.4126 1.953178 -2.235995 18.26772 2.010059 -2.380775 18.13335 2.150691 -2.474437 17.89037 2.025074 -2.677744 17.71579 1.758826 -2.787391 17.7842 1.618193 -2.693729 18.02718 1.74381 -2.490421 18.20176 1.906122 -2.607825 17.98359 -2.204912 -2.061808 18.14659 -2.142012 -2.228577 18.1232 -1.953133 -2.071699 18.33928 -1.953178 -2.235995 18.26772 -1.667768 -2.189218 18.4126 -1.739154 -2.324134 18.32271 -1.42528 -2.382874 18.3469 -1.557289 -2.469377 18.27344 -1.290645 -2.600779 18.15979 -1.456312 -2.632806 18.1331 -1.299936 -2.784544 17.9014 -1.463281 -2.770629 17.93931 -1.450665 -2.88493 17.64097 -1.576328 -2.845919 17.74399 -1.702445 -2.875039 17.44829 -1.765162 -2.8385 17.59948 -1.987809 -2.75752 17.37497 -1.979186 -2.750361 17.54449 -2.230297 -2.563864 17.44066 -2.161051 -2.605118 17.59376 -2.364932 -2.345958 17.62778 -2.262028 -2.44169 17.73409 -2.355641 -2.162193 17.88616 -2.255059 -2.303866 17.92788 -2.150691 -2.474437 17.89037 -2.010059 -2.380775 18.13335 -1.74381 -2.490421 18.20176 -1.618193 -2.693729 18.02718 -1.758826 -2.787391 17.7842 -2.025074 -2.677744 17.71579 -1.906122 -2.607825 17.98359</float_array>
          <technique_common>
            <accessor source="#geom-Pianta_Eye-positions-array" count="62" stride="3">
              <param name="X" type="float"/>
              <param name="Y" type="float"/>
              <param name="Z" type="float"/>
            </accessor>
          </technique_common>
        </source>
        <source id="geom-Pianta_Eye-normals">
          <float_array id="geom-Pianta_Eye-normals-array" count="186">0.4819949 -0.3497561 0.8033377 0.6457298 -0.406963 0.646076 0.666629 -0.3441493 0.6611861 0.7378784 -0.464743 0.4894379 0.7793506 -0.415074 0.4693893 0.7486524 -0.5875112 0.3071645 0.791315 -0.5468016 0.2735483 0.6688142 -0.7195119 0.1870567 0.6948292 -0.7085172 0.1233524 0.4965865 -0.857639 0.1336307 0.5094664 -0.8582425 0.06215952 0.315991 -0.9321461 0.1767859 0.2831197 -0.9524359 0.1127346 0.1341312 -0.9388712 0.3170642 0.08141939 -0.9609248 0.2645646 0.0420098 -0.8748658 0.4825402 -0.03485513 -0.8802413 0.4732445 0.04274359 -0.7443269 0.6664461 -0.03333708 -0.7358955 0.6762739 0.1311737 -0.6121109 0.7798164 0.0801742 -0.5713124 0.8168073 0.3020474 -0.4825041 0.8221661 0.2691152 -0.431322 0.8611262 0.4742414 -0.4143839 0.7767761 0.5240317 -0.5443989 0.6549966 0.6395799 -0.6170886 0.4584095 0.5382112 -0.7827613 0.3124315 0.3184201 -0.8730555 0.3693004 0.2068394 -0.7954189 0.569672 0.3108636 -0.632585 0.7093659 0.4380198 -0.7231962 0.5339717 -0.666629 -0.3441493 0.661186 -0.6457298 -0.4069629 0.646076 -0.4819949 -0.3497561 0.8033377 -0.4742414 -0.4143839 0.7767761 -0.2691152 -0.431322 0.8611262 -0.3020474 -0.4825042 0.8221661 -0.0801742 -0.5713124 0.8168073 -0.1311737 -0.6121109 0.7798164 0.03333708 -0.7358955 0.6762739 -0.04274359 -0.7443269 0.6664461 0.03485513 -0.8802413 0.4732444 -0.0420098 -0.8748658 0.4825402 -0.08141939 -0.9609248 0.2645646 -0.1341312 -0.9388712 0.3170643 -0.2831197 -0.9524359 0.1127346 -0.315991 -0.9321461 0.1767859 -0.5094665 -0.8582425 0.06215953 -0.4965865 -0.857639 0.1336307 -0.6948292 -0.7085172 0.1233524 -0.6688142 -0.7195119 0.1870567 -0.791315 -0.5468016 0.2735483 -0.7486525 -0.5875112 0.3071645 -0.7793506 -0.415074 0.4693893 -0.7378784 -0.464743 0.4894379 -0.6395799 -0.6170886 0.4584095 -0.5240318 -0.5443989 0.6549966 -0.3108636 -0.632585 0.709366 -0.2068394 -0.7954189 0.5696721 -0.3184201 -0.8730554 0.3693004 -0.5382112 -0.7827613 0.3124315 -0.4380198 -0.7231963 0.5339717</float_array>
          <technique_common>
            <accessor source="#geom-Pianta_Eye-normals-array" count="62" stride="3">
              <param name="X" type="float"/>
              <param name="Y" type="float"/>
              <param name="Z" type="float"/>
            </accessor>
          </technique_common>
        </source>
        <source id="geom-Pianta_Eye-map1">
          <float_array id="geom-Pianta_Eye-map1-array" count="168">0.171753 0.856079 0 0.173706 0.843262 0 0.176514 0.846558 0 0.175049 0.833496 0 0.178345 0.833496 0 0.173828 0.82373 0 0.176636 0.820557 0 0.170166 0.816528 0 0.171875 0.810913 0 0.165283 0.813965 0 0.165405 0.807495 0 0.1604 0.816528 0 0.158813 0.810913 0 0.15686 0.823608 0 0.154053 0.820435 0 0.155518 0.833374 0 0.152344 0.833374 0 0.15686 0.84314 0 0.154053 0.846436 0 0.1604 0.850342 0 0.158813 0.855957 0 0.165283 0.853027 0 0.165283 0.859497 0 0.170166 0.850464 0 0.1698 0.842407 0 0.171387 0.8302 0 0.166992 0.821289 0 0.160889 0.824585 0 0.15918 0.83667 0 0.163696 0.845581 0 0.165283 0.833496 0 0.154053 0.846558 0 0.15686 0.843262 0 0.158813 0.856079 0 0.1604 0.850464 0 0.165405 0.859497 0 0.171875 0.855957 0 0.170166 0.850342 0 0.176636 0.846436 0 0.173828 0.84314 0 0.178345 0.833374 0 0.175049 0.833374 0 0.176514 0.820435 0 0.173706 0.823608 0 0.171753 0.810913 0 0.165283 0.807495 0 0.154053 0.820557 0 0.15686 0.82373 0 0.152344 0.833496 0 0.155518 0.833496 0 0.15918 0.8302 0 0.160889 0.842407 0 0.166992 0.845581 0 0.171387 0.83667 0 0.1698 0.824585 0 0.163696 0.821289 0</float_array>
          <technique_common>
            <accessor source="#geom-Pianta_Eye-map1-array" count="56" stride="3">
              <param name="S" type="float"/>
              <param name="T" type="float"/>
              <param name="P" type="float"/>
            </accessor>
          </technique_common>
        </source>
        <vertices id="geom-Pianta_Eye-vertices">
          <input semantic="POSITION" source="#geom-Pianta_Eye-positions"/>
        </vertices>
        <triangles material="Pianta" count="96">
          <input semantic="VERTEX" source="#geom-Pianta_Eye-vertices" offset="0"/>
          <input semantic="NORMAL" source="#geom-Pianta_Eye-normals" offset="1"/>
          <input semantic="TEXCOORD" source="#geom-Pianta_Eye-map1" offset="2" set="0"/>
          <p>0 0 0 1 1 1 2 2 2 1 1 1 3 3 3 2 2 2 2 2 2 3 3 3 4 4 4 3 3 3 5 5 5 4 4 4 4 4 4 5 5 5 6 6 6 5 5 5 7 7 7 6 6 6 6 6 6 7 7 7 8 8 8 7 7 7 9 9 9 8 8 8 8 8 8 9 9 9 10 10 10 9 9 9 11 11 11 10 10 10 10 10 10 11 11 11 12 12 12 11 11 11 13 13 13 12 12 12 12 12 12 13 13 13 14 14 14 13 13 13 15 15 15 14 14 14 14 14 14 15 15 15 16 16 16 15 15 15 17 17 17 16 16 16 16 16 16 17 17 17 18 18 18 17 17 17 19 19 19 18 18 18 18 18 18 19 19 19 20 20 20 19 19 19 21 21 21 20 20 20 20 20 20 21 21 21 22 22 22 21 21 21 23 23 23 22 22 22 22 22 22 23 23 23 0 0 0 0 0 0 23 23 23 1 1 1 23 23 23 24 24 24 1 1 1 24 24 24 25 25 25 1 1 1 1 1 1 25 25 25 3 3 3 3 3 3 25 25 25 5 5 5 25 25 25 26 26 26 5 5 5 5 5 5 26 26 26 7 7 7 7 7 7 26 26 26 9 9 9 26 26 26 27 27 27 9 9 9 9 9 9 27 27 27 11 11 11 11 11 11 27 27 27 13 13 13 27 27 27 28 28 28 13 13 13 13 13 13 28 28 28 15 15 15 15 15 15 28 28 28 17 17 17 28 28 28 29 29 29 17 17 17 17 17 17 29 29 29 19 19 19 19 19 19 29 29 29 21 21 21 29 29 29 24 24 24 21 21 21 21 21 21 24 24 24 23 23 23 29 29 29 30 30 30 24 24 24 24 24 24 30 30 30 25 25 25 25 25 25 30 30 30 26 26 26 26 26 26 30 30 30 27 27 27 27 27 27 30 30 30 28 28 28 30 30 30 29 29 29 28 28 28 31 31 31 32 32 32 33 33 33 32 32 32 34 34 34 33 33 33 33 33 33 34 34 34 35 35 35 34 34 34 36 36 21 35 35 35 35 35 35 36 36 21 37 37 36 36 36 21 38 38 37 37 37 36 37 37 36 38 38 37 39 39 38 38 38 37 40 40 39 39 39 38 39 39 38 40 40 39 41 41 40 40 40 39 42 42 41 41 41 40 41 41 40 42 42 41 43 43 42 42 42 41 44 44 43 43 43 42 43 43 42 44 44 43 45 45 44 44 44 43 46 46 7 45 45 44 45 45 44 46 46 7 47 47 45 46 46 7 48 48 9 47 47 45 47 47 45 48 48 9 49 49 12 48 48 9 50 50 11 49 49 12 49 49 12 50 50 11 51 51 46 50 50 11 52 52 47 51 51 46 51 51 46 52 52 47 53 53 48 52 52 47 54 54 49 53 53 48 53 53 48 54 54 49 31 31 31 31 31 31 54 54 49 32 32 32 54 54 49 55 55 50 32 32 32 55 55 50 56 56 51 32 32 32 32 32 32 56 56 51 34 34 34 34 34 34 56 56 51 36 36 21 56 56 51 57 57 52 36 36 21 36 36 21 57 57 52 38 38 37 38 38 37 57 57 52 40 40 39 57 57 52 58 58 53 40 40 39 40 40 39 58 58 53 42 42 41 42 42 41 58 58 53 44 44 43 58 58 53 59 59 54 44 44 43 44 44 43 59 59 54 46 46 7 46 46 7 59 59 54 48 48 9 59 59 54 60 60 55 48 48 9 48 48 9 60 60 55 50 50 11 50 50 11 60 60 55 52 52 47 60 60 55 55 55 50 52 52 47 52 52 47 55 55 50 54 54 49 60 60 55 61 61 30 55 55 50 55 55 50 61 61 30 56 56 51 56 56 51 61 61 30 57 57 52 57 57 52 61 61 30 58 58 53 58 58 53 61 61 30 59 59 54 61 61 30 60 60 55 59 59 54</p>
        </triangles>
      </mesh>
    </geometry>
    <geometry id="geom-Pianta_Eye_Close01" name="Pianta_Eye_Close01">
      <mesh>
        <source id="geom-Pianta_Eye_Close01-positions">
          <float_array id="geom-Pianta_Eye_Close01-positions-array" count="186">2.030919 -2.20153 18.09183 2.191803 -2.261026 17.98156 2.251423 -2.155231 17.97436 2.276873 -2.291993 17.87099 2.358415 -2.194178 17.8353 2.248893 -2.382441 17.77288 2.323225 -2.307933 17.71191 2.115362 -2.508134 17.71352 2.155284 -2.466017 17.63725 1.912058 -2.635394 17.70881 1.89959 -2.62607 17.63133 1.693458 -2.730121 17.76002 1.624658 -2.745209 17.69573 1.518133 -2.766933 17.85342 1.404153 -2.791507 17.8132 1.433064 -2.735966 17.96399 1.297162 -2.75256 17.95226 1.461043 -2.645519 18.0621 1.332352 -2.638805 18.07565 1.594574 -2.519825 18.12146 1.500293 -2.48072 18.15031 1.797878 -2.392565 18.12617 1.755987 -2.320667 18.15623 2.016479 -2.297839 18.07496 2.053121 -2.399231 18.0078 2.161273 -2.438599 17.86723 1.99151 -2.598398 17.79176 1.713595 -2.718828 17.85686 1.605443 -2.679459 17.99743 1.775206 -2.51966 18.0729 1.909015 -2.581596 17.949 -2.251423 -2.155231 17.97436 -2.191803 -2.261026 17.98156 -2.030919 -2.20153 18.09183 -2.016479 -2.297839 18.07496 -1.755987 -2.320667 18.15623 -1.797878 -2.392565 18.12617 -1.500293 -2.48072 18.15031 -1.594574 -2.519825 18.12146 -1.332352 -2.638805 18.07565 -1.461043 -2.645519 18.0621 -1.297162 -2.75256 17.95226 -1.433064 -2.735966 17.96399 -1.404153 -2.791507 17.8132 -1.518133 -2.766933 17.85342 -1.624658 -2.745209 17.69573 -1.693458 -2.730121 17.76002 -1.89959 -2.62607 17.63133 -1.912058 -2.635394 17.70881 -2.155284 -2.466017 17.63725 -2.115362 -2.508134 17.71352 -2.323225 -2.307933 17.71191 -2.248893 -2.382441 17.77288 -2.358415 -2.194178 17.8353 -2.276873 -2.291993 17.87099 -2.161273 -2.438599 17.86723 -2.053121 -2.399231 18.0078 -1.775206 -2.51966 18.0729 -1.605443 -2.679459 17.99743 -1.713595 -2.718828 17.85686 -1.99151 -2.598398 17.79176 -1.909015 -2.581596 17.949</float_array>
          <technique_common>
            <accessor source="#geom-Pianta_Eye_Close01-positions-array" count="62" stride="3">
              <param name="X" type="float"/>
              <param name="Y" type="float"/>
              <param name="Z" type="float"/>
            </accessor>
          </technique_common>
        </source>
        <source id="geom-Pianta_Eye_Close01-normals">
          <float_array id="geom-Pianta_Eye_Close01-normals-array" count="186">0.4266216 -0.2177355 0.8778298 0.5861114 -0.3554564 0.7280962 0.6315595 -0.3074798 0.7117506 0.7253233 -0.4892623 0.4842814 0.7552432 -0.458789 0.468103 0.7274731 -0.6677741 0.1576718 0.7668439 -0.6151425 0.1831672 0.6107884 -0.7913614 -0.02616574 0.6410876 -0.7626796 -0.08559507 0.4412772 -0.8914894 -0.102573 0.444066 -0.8783072 -0.1771491 0.3172138 -0.9475757 -0.03841296 0.260504 -0.9640425 -0.05253381 0.1897024 -0.9569834 0.2195354 0.125613 -0.9642812 0.233202 0.1009073 -0.8521721 0.5134398 0.05848362 -0.8494855 0.5243607 0.09831139 -0.6286942 0.7714133 0.04490414 -0.6576094 0.7520196 0.1697115 -0.4552338 0.8740482 0.1010552 -0.4213285 0.9012603 0.2844463 -0.3290392 0.9004574 0.233452 -0.2562256 0.9380025 0.4053391 -0.2945611 0.8654097 0.4967703 -0.488839 0.7171163 0.6383354 -0.6565784 0.4017868 0.5271185 -0.840076 0.1281343 0.3299886 -0.9091939 0.2539173 0.2337224 -0.7582872 0.6085838 0.3082892 -0.5316231 0.788882 0.4424299 -0.7192146 0.5357109 -0.6315595 -0.3074798 0.7117505 -0.5861114 -0.3554564 0.7280962 -0.4266216 -0.2177356 0.8778298 -0.4053391 -0.2945611 0.8654097 -0.233452 -0.2562256 0.9380025 -0.2844463 -0.3290392 0.9004574 -0.1010551 -0.4213285 0.9012603 -0.1697115 -0.4552338 0.8740482 -0.04490415 -0.6576094 0.7520196 -0.09831139 -0.6286942 0.7714133 -0.05848363 -0.8494855 0.5243607 -0.1009074 -0.8521721 0.5134398 -0.125613 -0.9642812 0.233202 -0.1897024 -0.9569834 0.2195354 -0.2605039 -0.9640425 -0.05253382 -0.3172138 -0.9475757 -0.03841297 -0.444066 -0.8783072 -0.1771491 -0.4412772 -0.8914893 -0.102573 -0.6410877 -0.7626796 -0.08559506 -0.6107884 -0.7913615 -0.02616571 -0.7668439 -0.6151425 0.1831672 -0.7274731 -0.6677741 0.1576718 -0.7552432 -0.4587889 0.468103 -0.7253233 -0.4892623 0.4842814 -0.6383355 -0.6565784 0.4017868 -0.4967703 -0.488839 0.7171162 -0.3082892 -0.5316231 0.788882 -0.2337225 -0.7582873 0.6085839 -0.3299886 -0.9091939 0.2539173 -0.5271184 -0.840076 0.1281343 -0.4424299 -0.7192146 0.535711</float_array>
          <technique_common>
            <accessor source="#geom-Pianta_Eye_Close01-normals-array" count="62" stride="3">
              <param name="X" type="float"/>
              <param name="Y" type="float"/>
              <param name="Z" type="float"/>
            </accessor>
          </technique_common>
        </source>
        <source id="geom-Pianta_Eye_Close01-map1">
          <float_array id="geom-Pianta_Eye_Close01-map1-array" count="168">0.171753 0.856079 0 0.173706 0.843262 0 0.176514 0.846558 0 0.175049 0.833496 0 0.178345 0.833496 0 0.173828 0.82373 0 0.176636 0.820557 0 0.170166 0.816528 0 0.171875 0.810913 0 0.165283 0.813965 0 0.165405 0.807495 0 0.1604 0.816528 0 0.158813 0.810913 0 0.15686 0.823608 0 0.154053 0.820435 0 0.155518 0.833374 0 0.152344 0.833374 0 0.15686 0.84314 0 0.154053 0.846436 0 0.1604 0.850342 0 0.158813 0.855957 0 0.165283 0.853027 0 0.165283 0.859497 0 0.170166 0.850464 0 0.1698 0.842407 0 0.171387 0.8302 0 0.166992 0.821289 0 0.160889 0.824585 0 0.15918 0.83667 0 0.163696 0.845581 0 0.165283 0.833496 0 0.154053 0.846558 0 0.15686 0.843262 0 0.158813 0.856079 0 0.1604 0.850464 0 0.165405 0.859497 0 0.171875 0.855957 0 0.170166 0.850342 0 0.176636 0.846436 0 0.173828 0.84314 0 0.178345 0.833374 0 0.175049 0.833374 0 0.176514 0.820435 0 0.173706 0.823608 0 0.171753 0.810913 0 0.165283 0.807495 0 0.154053 0.820557 0 0.15686 0.82373 0 0.152344 0.833496 0 0.155518 0.833496 0 0.15918 0.8302 0 0.160889 0.842407 0 0.166992 0.845581 0 0.171387 0.83667 0 0.1698 0.824585 0 0.163696 0.821289 0</float_array>
          <technique_common>
            <accessor source="#geom-Pianta_Eye_Close01-map1-array" count="56" stride="3">
              <param name="S" type="float"/>
              <param name="T" type="float"/>
              <param name="P" type="float"/>
            </accessor>
          </technique_common>
        </source>
        <vertices id="geom-Pianta_Eye_Close01-vertices">
          <input semantic="POSITION" source="#geom-Pianta_Eye_Close01-positions"/>
        </vertices>
        <triangles material="Pianta" count="96">
          <input semantic="VERTEX" source="#geom-Pianta_Eye_Close01-vertices" offset="0"/>
          <input semantic="NORMAL" source="#geom-Pianta_Eye_Close01-normals" offset="1"/>
          <input semantic="TEXCOORD" source="#geom-Pianta_Eye_Close01-map1" offset="2" set="0"/>
          <p>0 0 0 1 1 1 2 2 2 1 1 1 3 3 3 2 2 2 2 2 2 3 3 3 4 4 4 3 3 3 5 5 5 4 4 4 4 4 4 5 5 5 6 6 6 5 5 5 7 7 7 6 6 6 6 6 6 7 7 7 8 8 8 7 7 7 9 9 9 8 8 8 8 8 8 9 9 9 10 10 10 9 9 9 11 11 11 10 10 10 10 10 10 11 11 11 12 12 12 11 11 11 13 13 13 12 12 12 12 12 12 13 13 13 14 14 14 13 13 13 15 15 15 14 14 14 14 14 14 15 15 15 16 16 16 15 15 15 17 17 17 16 16 16 16 16 16 17 17 17 18 18 18 17 17 17 19 19 19 18 18 18 18 18 18 19 19 19 20 20 20 19 19 19 21 21 21 20 20 20 20 20 20 21 21 21 22 22 22 21 21 21 23 23 23 22 22 22 22 22 22 23 23 23 0 0 0 0 0 0 23 23 23 1 1 1 23 23 23 24 24 24 1 1 1 24 24 24 25 25 25 1 1 1 1 1 1 25 25 25 3 3 3 3 3 3 25 25 25 5 5 5 25 25 25 26 26 26 5 5 5 5 5 5 26 26 26 7 7 7 7 7 7 26 26 26 9 9 9 26 26 26 27 27 27 9 9 9 9 9 9 27 27 27 11 11 11 11 11 11 27 27 27 13 13 13 27 27 27 28 28 28 13 13 13 13 13 13 28 28 28 15 15 15 15 15 15 28 28 28 17 17 17 28 28 28 29 29 29 17 17 17 17 17 17 29 29 29 19 19 19 19 19 19 29 29 29 21 21 21 29 29 29 24 24 24 21 21 21 21 21 21 24 24 24 23 23 23 29 29 29 30 30 30 24 24 24 24 24 24 30 30 30 25 25 25 25 25 25 30 30 30 26 26 26 26 26 26 30 30 30 27 27 27 27 27 27 30 30 30 28 28 28 30 30 30 29 29 29 28 28 28 31 31 31 32 32 32 33 33 33 32 32 32 34 34 34 33 33 33 33 33 33 34 34 34 35 35 35 34 34 34 36 36 21 35 35 35 35 35 35 36 36 21 37 37 36 36 36 21 38 38 37 37 37 36 37 37 36 38 38 37 39 39 38 38 38 37 40 40 39 39 39 38 39 39 38 40 40 39 41 41 40 40 40 39 42 42 41 41 41 40 41 41 40 42 42 41 43 43 42 42 42 41 44 44 43 43 43 42 43 43 42 44 44 43 45 45 44 44 44 43 46 46 7 45 45 44 45 45 44 46 46 7 47 47 45 46 46 7 48 48 9 47 47 45 47 47 45 48 48 9 49 49 12 48 48 9 50 50 11 49 49 12 49 49 12 50 50 11 51 51 46 50 50 11 52 52 47 51 51 46 51 51 46 52 52 47 53 53 48 52 52 47 54 54 49 53 53 48 53 53 48 54 54 49 31 31 31 31 31 31 54 54 49 32 32 32 54 54 49 55 55 50 32 32 32 55 55 50 56 56 51 32 32 32 32 32 32 56 56 51 34 34 34 34 34 34 56 56 51 36 36 21 56 56 51 57 57 52 36 36 21 36 36 21 57 57 52 38 38 37 38 38 37 57 57 52 40 40 39 57 57 52 58 58 53 40 40 39 40 40 39 58 58 53 42 42 41 42 42 41 58 58 53 44 44 43 58 58 53 59 59 54 44 44 43 44 44 43 59 59 54 46 46 7 46 46 7 59 59 54 48 48 9 59 59 54 60 60 55 48 48 9 48 48 9 60 60 55 50 50 11 50 50 11 60 60 55 52 52 47 60 60 55 55 55 50 52 52 47 52 52 47 55 55 50 54 54 49 60 60 55 61 61 30 55 55 50 55 55 50 61 61 30 56 56 51 56 56 51 61 61 30 57 57 52 57 57 52 61 61 30 58 58 53 58 58 53 61 61 30 59 59 54 61 61 30 60 60 55 59 59 54</p>
        </triangles>
      </mesh>
    </geometry>
    <geometry id="geom-Pianta_Eye_Close02" name="Pianta_Eye_Close02">
      <mesh>
        <source id="geom-Pianta_Eye_Close02-positions">
          <float_array id="geom-Pianta_Eye_Close02-positions-array" count="222">2.077296 -2.277727 17.95229 2.189817 -2.277162 17.93097 2.26568 -2.178654 17.93146 2.254192 -2.276006 17.88016 2.348067 -2.177176 17.86643 2.209638 -2.336864 17.83507 2.291046 -2.255062 17.80873 2.075222 -2.454999 17.80205 2.119021 -2.406251 17.76647 1.877311 -2.58312 17.8016 1.865734 -2.57022 17.7659 1.668691 -2.686436 17.82342 1.598742 -2.702444 17.79382 1.505506 -2.737724 17.87208 1.389897 -2.768083 17.8561 1.44113 -2.738879 17.9229 1.307509 -2.769561 17.92113 1.485685 -2.678022 17.96798 1.364531 -2.691676 17.97883 1.636088 -2.58601 17.96861 1.557017 -2.57392 17.97964 1.839639 -2.467123 17.96192 1.817521 -2.421766 17.97108 2.042619 -2.354574 17.94724 2.093039 -2.383723 17.92207 2.136098 -2.382951 17.88808 2.106297 -2.423657 17.85793 2.016387 -2.502677 17.83584 1.884007 -2.588375 17.83554 1.744463 -2.657482 17.85013 1.635311 -2.691788 17.88269 1.592251 -2.692561 17.91667 1.622053 -2.651854 17.94683 1.722656 -2.590309 17.94725 1.858809 -2.510786 17.94278 1.99458 -2.435503 17.93296 1.878312 -2.556377 17.8919 -2.26568 -2.178654 17.93146 -2.189817 -2.277162 17.93097 -2.077296 -2.277727 17.95229 -2.042619 -2.354574 17.94724 -1.817521 -2.421766 17.97108 -1.839639 -2.467123 17.96192 -1.557017 -2.57392 17.97964 -1.636088 -2.58601 17.96861 -1.364531 -2.691676 17.97883 -1.485685 -2.678022 17.96798 -1.307509 -2.769561 17.92113 -1.44113 -2.738879 17.9229 -1.389897 -2.768083 17.8561 -1.505506 -2.737724 17.87208 -1.598742 -2.702444 17.79382 -1.668691 -2.686436 17.82342 -1.865734 -2.57022 17.7659 -1.877311 -2.58312 17.8016 -2.119021 -2.406251 17.76647 -2.075222 -2.454999 17.80205 -2.291046 -2.255062 17.80873 -2.209638 -2.336864 17.83507 -2.348067 -2.177176 17.86643 -2.254192 -2.276006 17.88016 -2.136098 -2.382951 17.88808 -2.093039 -2.383723 17.92207 -1.99458 -2.435503 17.93296 -1.858809 -2.510786 17.94278 -1.722656 -2.590309 17.94725 -1.622053 -2.651854 17.94683 -1.592251 -2.692561 17.91667 -1.635311 -2.691788 17.88269 -1.744463 -2.657482 17.85013 -1.884007 -2.588375 17.83554 -2.016387 -2.502677 17.83584 -2.106297 -2.423657 17.85793 -1.878312 -2.556377 17.8919</float_array>
          <technique_common>
            <accessor source="#geom-Pianta_Eye_Close02-positions-array" count="74" stride="3">
              <param name="X" type="float"/>
              <param name="Y" type="float"/>
              <param name="Z" type="float"/>
            </accessor>
          </technique_common>
        </source>
        <source id="geom-Pianta_Eye_Close02-normals">
          <float_array id="geom-Pianta_Eye_Close02-normals-array" count="222">0.1759807 -0.1433738 0.9738966 0.3859641 -0.3521563 0.8526533 0.5072094 -0.3944637 0.7662486 0.6581016 -0.5915255 0.4658325 0.658924 -0.5554513 0.5072406 0.6860781 -0.7239634 0.07192902 0.7234256 -0.6780078 0.1302334 0.5956648 -0.7798516 -0.1923926 0.6448897 -0.7342437 -0.2121399 0.4539256 -0.8278301 -0.3296192 0.4280931 -0.7966695 -0.4266779 0.3531868 -0.9205205 -0.1670366 0.287429 -0.9426994 -0.1694178 0.2775738 -0.9530599 0.1209534 0.2236437 -0.9547805 0.1959022 0.2060192 -0.8290879 0.5197781 0.1811302 -0.8200573 0.5428607 0.1711828 -0.4604039 0.8710481 0.13746 -0.5840426 0.7999993 0.1620871 -0.2464807 0.9554973 0.1097817 -0.1744423 0.9785284 0.1767554 -0.2216832 0.9589652 0.1293215 -0.135184 0.9823447 0.2077218 -0.2251813 0.9519165 0.3978625 -0.5081809 0.763844 0.5769778 -0.6513891 0.4927361 0.5953751 -0.7512355 0.2849099 0.5581271 -0.8144261 0.1587583 0.4957605 -0.8599741 0.1211039 0.4284117 -0.8867765 0.1734669 0.3630179 -0.8785932 0.3103095 0.3013954 -0.794255 0.5275602 0.2946829 -0.5614654 0.773252 0.301421 -0.480038 0.8238379 0.3091641 -0.4669599 0.8284721 0.3252643 -0.4682418 0.8215551 0.4260876 -0.6917732 0.5830088 -0.5072094 -0.3944637 0.7662486 -0.3859641 -0.3521563 0.8526533 -0.1759807 -0.1433738 0.9738966 -0.2077218 -0.2251813 0.9519165 -0.1293215 -0.135184 0.9823447 -0.1767554 -0.2216832 0.9589652 -0.1097817 -0.1744423 0.9785284 -0.1620872 -0.2464807 0.9554973 -0.13746 -0.5840426 0.7999993 -0.1711828 -0.4604038 0.8710481 -0.1811302 -0.8200574 0.5428607 -0.2060192 -0.829088 0.5197781 -0.2236437 -0.9547805 0.1959022 -0.2775738 -0.9530599 0.1209534 -0.287429 -0.9426994 -0.1694177 -0.3531867 -0.9205205 -0.1670366 -0.4280931 -0.7966695 -0.4266779 -0.4539256 -0.8278301 -0.3296192 -0.6448898 -0.7342437 -0.21214 -0.5956648 -0.7798516 -0.1923926 -0.7234256 -0.6780078 0.1302334 -0.6860781 -0.7239635 0.07192897 -0.658924 -0.5554513 0.5072405 -0.6581016 -0.5915255 0.4658325 -0.5769778 -0.6513891 0.4927361 -0.3978625 -0.5081809 0.763844 -0.3252643 -0.4682418 0.8215551 -0.3091641 -0.4669599 0.8284722 -0.301421 -0.480038 0.8238379 -0.2946829 -0.5614654 0.773252 -0.3013954 -0.794255 0.5275603 -0.3630179 -0.8785932 0.3103095 -0.4284117 -0.8867765 0.173467 -0.4957605 -0.8599741 0.1211039 -0.5581272 -0.8144261 0.1587583 -0.5953751 -0.7512356 0.2849099 -0.4260875 -0.6917733 0.5830087</float_array>
          <technique_common>
            <accessor source="#geom-Pianta_Eye_Close02-normals-array" count="74" stride="3">
              <param name="X" type="float"/>
              <param name="Y" type="float"/>
              <param name="Z" type="float"/>
            </accessor>
          </technique_common>
        </source>
        <source id="geom-Pianta_Eye_Close02-map1">
          <float_array id="geom-Pianta_Eye_Close02-map1-array" count="189">0.171753 0.856079 0 0.173706 0.843262 0 0.176514 0.846558 0 0.175049 0.833496 0 0.178345 0.833496 0 0.173828 0.82373 0 0.176636 0.820557 0 0.170166 0.816528 0 0.171875 0.810913 0 0.165283 0.813965 0 0.165405 0.807495 0 0.1604 0.816528 0 0.158813 0.810913 0 0.15686 0.823608 0 0.154053 0.820435 0 0.155518 0.833374 0 0.152344 0.833374 0 0.15686 0.84314 0 0.154053 0.846436 0 0.1604 0.850342 0 0.158813 0.855957 0 0.165283 0.853027 0 0.165283 0.859497 0 0.170166 0.850464 0 0.170898 0.839966 0 0.171875 0.833496 0 0.170898 0.827026 0 0.168579 0.822266 0 0.165283 0.820435 0 0.162109 0.822144 0 0.159668 0.826904 0 0.158813 0.833374 0 0.159668 0.839966 0 0.161987 0.844727 0 0.165283 0.846436 0 0.168579 0.844727 0 0.165283 0.833496 0 0.154053 0.846558 0 0.15686 0.843262 0 0.158813 0.856079 0 0.1604 0.850464 0 0.165405 0.859497 0 0.171875 0.855957 0 0.170166 0.850342 0 0.176636 0.846436 0 0.173828 0.84314 0 0.178345 0.833374 0 0.175049 0.833374 0 0.176514 0.820435 0 0.173706 0.823608 0 0.171753 0.810913 0 0.165283 0.807495 0 0.154053 0.820557 0 0.15686 0.82373 0 0.152344 0.833496 0 0.155518 0.833496 0 0.158813 0.833496 0 0.162109 0.844727 0 0.171875 0.833374 0 0.170898 0.826904 0 0.168579 0.822144 0 0.161987 0.822266 0 0.159668 0.827026 0</float_array>
          <technique_common>
            <accessor source="#geom-Pianta_Eye_Close02-map1-array" count="63" stride="3">
              <param name="S" type="float"/>
              <param name="T" type="float"/>
              <param name="P" type="float"/>
            </accessor>
          </technique_common>
        </source>
        <vertices id="geom-Pianta_Eye_Close02-vertices">
          <input semantic="POSITION" source="#geom-Pianta_Eye_Close02-positions"/>
        </vertices>
        <triangles material="Pianta" count="120">
          <input semantic="VERTEX" source="#geom-Pianta_Eye_Close02-vertices" offset="0"/>
          <input semantic="NORMAL" source="#geom-Pianta_Eye_Close02-normals" offset="1"/>
          <input semantic="TEXCOORD" source="#geom-Pianta_Eye_Close02-map1" offset="2" set="0"/>
          <p>0 0 0 1 1 1 2 2 2 1 1 1 3 3 3 2 2 2 2 2 2 3 3 3 4 4 4 3 3 3 5 5 5 4 4 4 4 4 4 5 5 5 6 6 6 5 5 5 7 7 7 6 6 6 6 6 6 7 7 7 8 8 8 7 7 7 9 9 9 8 8 8 8 8 8 9 9 9 10 10 10 9 9 9 11 11 11 10 10 10 10 10 10 11 11 11 12 12 12 11 11 11 13 13 13 12 12 12 12 12 12 13 13 13 14 14 14 13 13 13 15 15 15 14 14 14 14 14 14 15 15 15 16 16 16 15 15 15 17 17 17 16 16 16 16 16 16 17 17 17 18 18 18 17 17 17 19 19 19 18 18 18 18 18 18 19 19 19 20 20 20 19 19 19 21 21 21 20 20 20 20 20 20 21 21 21 22 22 22 21 21 21 23 23 23 22 22 22 22 22 22 23 23 23 0 0 0 0 0 0 23 23 23 1 1 1 23 23 23 24 24 24 1 1 1 24 24 24 25 25 25 1 1 1 1 1 1 25 25 25 3 3 3 25 25 25 26 26 26 3 3 3 3 3 3 26 26 26 5 5 5 26 26 26 27 27 27 5 5 5 5 5 5 27 27 27 7 7 7 27 27 27 28 28 28 7 7 7 7 7 7 28 28 28 9 9 9 28 28 28 29 29 29 9 9 9 9 9 9 29 29 29 11 11 11 29 29 29 30 30 30 11 11 11 11 11 11 30 30 30 13 13 13 30 30 30 31 31 31 13 13 13 13 13 13 31 31 31 15 15 15 31 31 31 32 32 32 15 15 15 15 15 15 32 32 32 17 17 17 32 32 32 33 33 33 17 17 17 17 17 17 33 33 33 19 19 19 33 33 33 34 34 34 19 19 19 19 19 19 34 34 34 21 21 21 34 34 34 35 35 35 21 21 21 21 21 21 35 35 35 23 23 23 23 23 23 35 35 35 24 24 24 35 35 35 36 36 36 24 24 24 24 24 24 36 36 36 25 25 25 25 25 25 36 36 36 26 26 26 26 26 26 36 36 36 27 27 27 27 27 27 36 36 36 28 28 28 28 28 28 36 36 36 29 29 29 29 29 29 36 36 36 30 30 30 30 30 30 36 36 36 31 31 31 31 31 31 36 36 36 32 32 32 32 32 32 36 36 36 33 33 33 33 33 33 36 36 36 34 34 34 36 36 36 35 35 35 34 34 34 37 37 37 38 38 38 39 39 39 38 38 38 40 40 40 39 39 39 39 39 39 40 40 40 41 41 41 40 40 40 42 42 21 41 41 41 41 41 41 42 42 21 43 43 42 42 42 21 44 44 43 43 43 42 43 43 42 44 44 43 45 45 44 44 44 43 46 46 45 45 45 44 45 45 44 46 46 45 47 47 46 46 46 45 48 48 47 47 47 46 47 47 46 48 48 47 49 49 48 48 48 47 50 50 49 49 49 48 49 49 48 50 50 49 51 51 50 50 50 49 52 52 7 51 51 50 51 51 50 52 52 7 53 53 51 52 52 7 54 54 9 53 53 51 53 53 51 54 54 9 55 55 12 54 54 9 56 56 11 55 55 12 55 55 12 56 56 11 57 57 52 56 56 11 58 58 53 57 57 52 57 57 52 58 58 53 59 59 54 58 58 53 60 60 55 59 59 54 59 59 54 60 60 55 37 37 37 37 37 37 60 60 55 38 38 38 60 60 55 61 61 56 38 38 38 61 61 56 62 62 32 38 38 38 38 38 38 62 62 32 40 40 40 62 62 32 63 63 57 40 40 40 40 40 40 63 63 57 42 42 21 63 63 57 64 64 34 42 42 21 42 42 21 64 64 34 44 44 43 64 64 34 65 65 35 44 44 43 44 44 43 65 65 35 46 46 45 65 65 35 66 66 24 46 46 45 46 46 45 66 66 24 48 48 47 66 66 24 67 67 58 48 48 47 48 48 47 67 67 58 50 50 49 67 67 58 68 68 59 50 50 49 50 50 49 68 68 59 52 52 7 68 68 59 69 69 60 52 52 7 52 52 7 69 69 60 54 54 9 69 69 60 70 70 28 54 54 9 54 54 9 70 70 28 56 56 11 70 70 28 71 71 61 56 56 11 56 56 11 71 71 61 58 58 53 71 71 61 72 72 62 58 58 53 58 58 53 72 72 62 60 60 55 60 60 55 72 72 62 61 61 56 72 72 62 73 73 36 61 61 56 61 61 56 73 73 36 62 62 32 62 62 32 73 73 36 63 63 57 63 63 57 73 73 36 64 64 34 64 64 34 73 73 36 65 65 35 65 65 35 73 73 36 66 66 24 66 66 24 73 73 36 67 67 58 67 67 58 73 73 36 68 68 59 68 68 59 73 73 36 69 69 60 69 69 60 73 73 36 70 70 28 70 70 28 73 73 36 71 71 61 73 73 36 72 72 62 71 71 61</p>
        </triangles>
      </mesh>
    </geometry>
  </library_geometries>
  <library_controllers>
    <controller id="geom-Pianta-skin1">
      <skin source="#geom-Pianta">
        <bind_shape_matrix>1 0 0 0 0 1 0 0 0 0 1 0 0 0 0 1</bind_shape_matrix>
        <source id="geom-Pianta-skin1-joints">
          <Name_array id="geom-Pianta-skin1-joints-array" count="41">joint0 joint1 joint2 joint3 joint4 joint5 joint6 joint7 joint8 joint9 joint10 joint11 joint12 joint13 joint14 joint15 joint16 joint17 joint18 joint19 joint20 joint21 joint22 joint23 joint24 joint25 joint26 joint27 joint28 joint29 joint30 joint31 joint32 joint33 joint34 joint35 joint36 joint37 joint38 joint39 joint40</Name_array>
          <technique_common>
            <accessor source="#geom-Pianta-skin1-joints-array" count="41" stride="1">
              <param name="JOINT" type="name"/>
            </accessor>
          </technique_common>
        </source>
        <source id="geom-Pianta-skin1-bind_poses">
          <float_array id="geom-Pianta-skin1-bind_poses-array" count="656">1 0 0 0 0 1 9.48906e-5 -7.5878e-4 0 -9.48906e-5 1 -7.97 0 0 0 1 1 0 0 0 0 1 9.48906e-5 -7.5878e-4 0 -9.48906e-5 1 -12.18 0 0 0 1 1 0 0 0 0 1 9.48906e-5 -7.5878e-4 0 -9.48906e-5 1 -16.46 0 0 0 1 1 0 0 0 0 -0.08722952 0.9961882 -17.6863 0 -0.9961882 -0.08722952 -1.825087 0 0 0 1 1 0 0 0 0 1 9.48906e-5 -7.5878e-4 0 -9.48906e-5 1 -20.16 0 0 0 1 1 0 0 0 0 1 9.48906e-5 -7.5878e-4 0 -9.48906e-5 1 -24.56 0 0 0 1 3.45306e-4 9.48906e-5 -0.9999999 15.77952 0 1 9.48906e-5 -7.5878e-4 0.9999999 -3.27663e-8 3.45306e-4 -1.405449 0 0 0 1 3.45306e-4 9.48906e-5 -0.9999999 15.77952 0 1 9.48906e-5 -7.5778e-4 0.9999999 -3.27663e-8 3.45306e-4 -4.245448 0 0 0 1 3.45306e-4 9.48906e-5 -0.9999999 15.77952 0 1 9.48906e-5 -7.5678e-4 0.9999999 -3.27663e-8 3.45306e-4 -7.545448 0 0 0 1 3.29158e-8 1 -4.33116e-7 7.48383e-4 -3.45306e-4 4.3313e-7 0.9999999 -15.77952 0.9999999 -3.27663e-8 3.45306e-4 -11.67545 0 0 0 1 0.5732501 7.84695e-5 0.8193805 -19.39318 -0.4815817 -0.8090185 0.3369987 0.01629734 0.6629205 -0.5877831 -0.4637322 -1.727589 0 0 0 1 0.5732502 7.84546e-5 0.8193805 -19.39318 -0.4815816 -0.8090183 0.3369986 0.01629925 0.6629207 -0.5877832 -0.4637322 -3.807592 0 0 0 1 0.5732502 7.84844e-5 0.8193806 -19.39318 -0.4815816 -0.8090183 0.3369986 0.01629829 0.6629207 -0.5877833 -0.4637323 -4.887591 0 0 0 1 3.29158e-8 1 -4.33116e-7 7.48383e-4 -3.45306e-4 4.3313e-7 0.9999999 -16.32952 0.9999999 -3.27663e-8 3.45306e-4 -14.87545 0 0 0 1 3.29158e-8 1 -4.33116e-7 7.48383e-4 -3.45306e-4 4.3313e-7 0.9999999 -16.32952 0.9999999 -3.27663e-8 3.45306e-4 -15.95545 0 0 0 1 3.29158e-8 1 -4.33116e-7 7.48383e-4 -3.45306e-4 4.3313e-7 0.9999999 -16.32952 0.9999999 -3.27663e-8 3.45306e-4 -17.03545 0 0 0 1 3.45067e-4 -9.48906e-5 0.9999999 -15.77952 0 1 9.48906e-5 -7.5878e-4 -0.9999999 -3.27436e-8 3.45067e-4 -1.405445 0 0 0 1 3.45067e-4 -9.48906e-5 0.9999999 -15.77952 0 1 9.48906e-5 -7.5778e-4 -0.9999999 -3.27436e-8 3.45067e-4 -4.245444 0 0 0 1 3.45067e-4 -9.48906e-5 0.9999999 -15.77952 0 1 9.48906e-5 -7.5678e-4 -0.9999999 -3.27436e-8 3.45067e-4 -7.545445 0 0 0 1 3.2852e-8 -1 3.13907e-7 -7.46501e-4 3.45067e-4 3.13921e-7 0.9999999 -15.77952 -0.9999999 -3.27436e-8 3.45067e-4 -11.67545 0 0 0 1 0.5732502 -7.82609e-5 -0.8193806 19.39318 0.4815818 -0.8090187 0.3369987 0.01630163 -0.6629205 -0.5877832 -0.4637324 -1.72759 0 0 0 1 0.5732501 -7.8246e-5 -0.8193804 19.39317 0.4815817 -0.8090185 0.3369986 0.01630306 -0.6629204 -0.5877831 -0.4637324 -3.807588 0 0 0 1 0.5732501 -7.8246e-5 -0.8193806 19.39317 0.4815817 -0.8090186 0.3369986 0.01630402 -0.6629205 -0.5877832 -0.4637325 -4.887589 0 0 0 1 3.2852e-8 -1 3.13907e-7 -7.46501e-4 3.45067e-4 3.13921e-7 0.9999999 -16.32952 -0.9999999 -3.27436e-8 3.45067e-4 -14.87545 0 0 0 1 3.2852e-8 -1 3.13907e-7 -7.46501e-4 3.45067e-4 3.13921e-7 0.9999999 -16.32951 -0.9999999 -3.27436e-8 3.45067e-4 -15.95545 0 0 0 1 3.2852e-8 -1 3.13907e-7 -7.46501e-4 3.45067e-4 3.13921e-7 0.9999999 -16.32951 -0.9999999 -3.27436e-8 3.45067e-4 -17.03544 0 0 0 1 1 0 0 0 0 -1 8.66254e-7 -4.40213e-6 0 -8.66254e-7 -1 7.97 0 0 0 1 1 0 0 -3.37 0 -1 8.66254e-7 -4.40213e-6 0 -8.66254e-7 -1 6.9 0 0 0 1 1 0 0 -3.37 0 -1 8.66254e-7 -4.40213e-6 0 -8.66254e-7 -1 4.92 0 0 0 1 1 0 0 -3.37 0 -1 8.66254e-7 -4.40213e-6 0 -8.66254e-7 -1 3.070001 0 0 0 1 1 0 0 -3.37 0 -9.43383e-5 1 -0.6702768 0 -1 -9.43383e-5 -2.899941 0 0 0 1 1 0 0 3.37 0 -1 8.66254e-7 -4.40213e-6 0 -8.66254e-7 -1 6.9 0 0 0 1 1 0 0 3.37 0 -1 8.66254e-7 -4.40213e-6 0 -8.66254e-7 -1 4.92 0 0 0 1 1 0 0 3.37 0 -1 8.66254e-7 -4.40213e-6 0 -8.66254e-7 -1 3.070001 0 0 0 1 1 0 0 3.37 0 -9.43383e-5 1 -0.6702768 0 -1 -9.43383e-5 -2.899941 0 0 0 1 -0.8659934 -0.5000554 4.33175e-7 3.73141e-4 -0.4699129 0.8137925 -0.3419411 9.162536 0.1709892 -0.296119 -0.9397214 7.754384 0 0 0 1 5.52694e-5 -1 7.88738e-5 -0.001146647 -0.9397879 -7.88973e-5 -0.3417581 9.162255 0.3417581 -5.52359e-5 -0.9397879 7.755711 0 0 0 1 0.8660414 -0.4999725 4.61936e-7 -9.49189e-4 -0.469835 -0.8138379 -0.3419396 9.162522 0.1709607 0.2961336 -0.9397218 7.754382 0 0 0 1 -0.8659934 0.5000554 -4.18274e-7 -3.73297e-4 0.4699129 0.8137925 -0.3419411 9.162536 -0.1709892 -0.296119 -0.9397214 7.754384 0 0 0 1 5.51502e-5 1 -7.90675e-5 0.001147955 0.9397879 -7.88515e-5 -0.3417581 9.162255 -0.3417581 -5.54587e-5 -0.9397879 7.755711 0 0 0 1 0.8660412 0.4999726 -4.61936e-7 9.47997e-4 0.4698352 -0.8138379 -0.3419397 9.162523 -0.1709608 0.2961336 -0.9397218 7.754382 0 0 0 1</float_array>
          <technique_common>
            <accessor source="#geom-Pianta-skin1-bind_poses-array" count="41" stride="16">
              <param name="TRANSFORM" type="float4x4"/>
            </accessor>
          </technique_common>
        </source>
        <source id="geom-Pianta-skin1-weights">
          <float_array id="geom-Pianta-skin1-weights-array" count="1879">1 0.2 0.4 0.4 0.2007872 0.08661408 0.7125987 0.299213 0.700787 0.2 0.2 0.6 0.700787 0.299213 0.700787 0.299213 0.098425 0.901575 0.098425 0.901575 0.901575 0.098425 0.901575 0.098425 0.541502 0.359684 0.098814 0.602362 0.307087 0.090551 0.602362 0.307087 0.090551 0.401575 0.098425 0.5 0.350394 0.5 0.149606 0.249012 0.300395 0.450593 0.047244 0.350394 0.602362 0.200787 0.5 0.299213 0.200787 0.5 0.299213 0.299213 0.700787 0.299213 0.700787 0.098425 0.901575 0.098425 0.901575 0.098425 0.901575 0.098425 0.901575 0.098425 0.901575 0.299213 0.700787 0.299213 0.700787 0.200787 0.5 0.299213 0.200787 0.5 0.299213 0.200787 0.5 0.299213 0.299213 0.700787 0.098425 0.901575 0.098425 0.901575 0.098425 0.901575 0.299213 0.700787 0.200787 0.5 0.299213 0.047244 0.350394 0.602362 0.229249 0.482213 0.288538 0.551181 0.350394 0.098425 0.8 0.2 0.6 0.4 0.6 0.4 0.700787 0.299213 0.700787 0.299213 0.700787 0.299213 0.700787 0.299213 0.200787 0.299213 0.5 0.4 0.6 0.6 0.4 0.098425 0.5 0.401575 0.2 0.6 0.2 0.700787 0.299213 0.2 0.6 0.2 0.700787 0.299213 0.2 0.6 0.2 0.5 0.5 0.700787 0.299213 0.098425 0.901575 0.098425 0.901575 0.700787 0.299213 0.700787 0.299213 0.098425 0.901575 0.700787 0.299213 0.098425 0.901575 0.901575 0.098425 0.602362 0.307087 0.090551 0.249012 0.300395 0.450593 0.249012 0.300395 0.450593 0.200787 0.5 0.299213 0.299213 0.700787 0.047244 0.350394 0.602362 0.047244 0.350394 0.602362 0.047244 0.350394 0.602362 0.200787 0.5 0.299213 0.299213 0.700787 0.299213 0.700787 0.299213 0.700787 0.200787 0.5 0.299213 0.047244 0.350394 0.602362 0.229249 0.482213 0.288538 0.551181 0.350394 0.098425 0.649606 0.350394 0.649606 0.350394 0.098425 0.401575 0.5 0.700787 0.299213 0.700787 0.299213 0.200787 0.299213 0.5 0.098425 0.401575 0.5 0.649606 0.350394 0.649606 0.350394 0.649606 0.350394 0.551181 0.350394 0.098425 0.350394 0.5 0.149606 0.229249 0.482213 0.288538 0.229249 0.482213 0.288538 0.229249 0.482213 0.288538 0.047244 0.350394 0.602362 0.200787 0.5 0.299213 0.551181 0.350394 0.098425 0.551181 0.350394 0.098425 0.098425 0.901575 0.2 0.8 0.551181 0.448819 0.5 0.5 0.901575 0.098425 0.901575 0.098425 0.2 0.8 0.7007877 0.2007872 0.0984251 0.7007877 0.2007872 0.0984251 0.2 0.8 0.403162 0.007905 0.300395 0.288538 0.098814 0.047431 0.403162 0.450593 0.2007872 0.09842511 0.6023626 0.09842511 0.098814 0.047431 0.403162 0.450593 0.2007872 0.09842511 0.6023626 0.09842511 0.2007872 0.09842511 0.6023626 0.09842511 0.098814 0.047431 0.403162 0.450593 0.4015746 0.2992127 0.2992127 0.2 0.8 0.2 0.8 0.901575 0.098425 0.5 0.5 0.098425 0.901575 0.098425 0.901575 0.098425 0.901575 0.2 0.8 0.149606 0.850394 0.448819 0.551181 0.8 0.2 0.901575 0.098425 0.2 0.8 0.007874 0.200787 0.791339 0.901575 0.098425 0.5 0.5 0.488189 0.511811 0.551181 0.448819 0.889764 0.110236 0.401575 0.098425 0.5 0.2401572 0.05905506 0.7007877 0.401575 0.098425 0.5 0.2401572 0.05905506 0.7007877 0.401575 0.098425 0.5 0.2401572 0.05905506 0.7007877 0.551181 0.448819 0.5 0.5 0.570866 0.429134 0.2401572 0.05905506 0.7007877 0.2401572 0.05905506 0.7007877 0.401575 0.098425 0.5 0.401575 0.098425 0.5 0.007905 0.561265 0.43083 0.5 0.5 0.007905 0.541502 0.450593 0.007905 0.541502 0.450593 0.015748 0.531496 0.452756 0.047244 0.952756 0.279528 0.720472 0.279528 0.720472 0.007874 0.511811 0.480315 0.007874 0.511811 0.480315 0.16996 0.581028 0.249012 0.16996 0.581028 0.249012 0.350394 0.649606 0.350394 0.649606 0.450593 0.43083 0.118577 0.450593 0.43083 0.118577 0.4803146 0.2598428 0.2598428 0.4803146 0.2598428 0.2598428 0.4803146 0.2598428 0.2598428 0.4803146 0.2598428 0.2598428 0.4803146 0.2598428 0.2598428 0.4803146 0.2598428 0.2598428 0.4803146 0.2598428 0.2598428 0.4803146 0.2598428 0.2598428 0.4803146 0.2598428 0.2598428 0.450593 0.43083 0.118577 0.450593 0.43083 0.118577 0.350394 0.649606 0.350394 0.649606 0.350394 0.649606 0.450593 0.43083 0.118577 0.4803146 0.2598428 0.2598428 0.401575 0.098425 0.5 0.4803146 0.2598428 0.2598428 0.4803146 0.2598428 0.2598428 0.401575 0.098425 0.5 0.4803146 0.2598428 0.2598428 0.4803146 0.2598428 0.2598428 0.401575 0.098425 0.5 0.4803146 0.2598428 0.2598428 0.4803146 0.2598428 0.2598428 0.450593 0.43083 0.118577 0.350394 0.649606 0.16996 0.581028 0.249012 0.007874 0.511811 0.480315 0.279528 0.720472 0.047244 0.952756 0.015748 0.531496 0.452756 0.110672 0.664032 0.225296 0.110672 0.664032 0.225296 0.110672 0.664032 0.225296 0.110672 0.664032 0.225296 0.003952996 0.5810274 0.4150196 0.248031 0.751969 0.972441 0.027559 0.268775 0.683794 0.047431 0.007905007 0.4743085 0.4387354 0.07905108 0.16996 0.581028 0.249012 0.350394 0.649606 0.450593 0.43083 0.118577 0.450593 0.43083 0.118577 0.450593 0.43083 0.118577 0.450593 0.43083 0.118577 0.450593 0.43083 0.118577 0.350394 0.649606 0.07905108 0.5928856 0.1581032 0.1699602 0.007905007 0.5019765 0.3201583 0.1699602 0.280632 0.624506 0.094862 0.972441 0.027559 0.972441 0.027559 0.2608698 0.5731224 0.1660078 0.011905 0.392857 0.222222 0.373016 0.16996 0.581028 0.249012 0.350394 0.649606 0.350394 0.649606 0.350394 0.649606 0.047431 0.853755 0.098814 0.229249 0.391304 0.379447 0.259843 0.551181 0.188976 0.1181101 0.6771657 0.2047242 0.5 0.5 0.42126 0.551181 0.027559 0.5 0.5 0.208661 0.791339 0.5 0.5 0.759843 0.240157 0.751969 0.248031 0.5 0.5 0.712598 0.287402 0.759843 0.240157 0.189723 0.782609 0.027668 0.46063 0.53937 0.448819 0.551181 0.189723 0.782609 0.027668 0.448819 0.551181 0.5 0.5 0.42126 0.551181 0.027559 0.2 0.8 0.5 0.5 0.700787 0.299213 0.098425 0.901575 0.700787 0.299213 0.098425 0.901575 0.700787 0.299213 0.098425 0.901575 0.098425 0.901575 0.700787 0.299213 0.098425 0.901575 0.700787 0.299213 0.700787 0.299213 0.098425 0.901575 0.5 0.5 0.700787 0.299213 0.2 0.6 0.2 0.2 0.6 0.2 0.700787 0.299213 0.2 0.6 0.2 0.098425 0.5 0.401575 0.6 0.4 0.4 0.6 0.541502 0.359684 0.098814 0.200787 0.299213 0.5 0.401575 0.098425 0.5 0.700787 0.299213 0.700787 0.299213 0.700787 0.299213 0.700787 0.299213 0.6 0.4 0.6 0.4 0.8 0.2 0.350394 0.5 0.149606 0.551181 0.350394 0.098425 0.229249 0.482213 0.288538 0.047244 0.350394 0.602362 0.047244 0.350394 0.602362 0.200787 0.5 0.299213 0.200787 0.5 0.299213 0.299213 0.700787 0.299213 0.700787 0.098425 0.901575 0.098425 0.901575 0.098425 0.901575 0.098425 0.901575 0.098425 0.901575 0.299213 0.700787 0.299213 0.700787 0.200787 0.5 0.299213 0.200787 0.5 0.299213 0.200787 0.5 0.299213 0.299213 0.700787 0.098425 0.901575 0.098425 0.901575 0.098425 0.901575 0.299213 0.700787 0.200787 0.5 0.299213 0.249012 0.300395 0.450593 0.602362 0.307087 0.090551 0.602362 0.307087 0.090551 0.901575 0.098425 0.901575 0.098425 0.649606 0.350394 0.649606 0.350394 0.649606 0.350394 0.649606 0.350394 0.649606 0.350394 0.098425 0.401575 0.5 0.098425 0.401575 0.5 0.200787 0.299213 0.5 0.700787 0.299213 0.700787 0.299213 0.901575 0.098425 0.551181 0.350394 0.098425 0.551181 0.350394 0.098425 0.551181 0.350394 0.098425 0.551181 0.350394 0.098425 0.229249 0.482213 0.288538 0.047244 0.350394 0.602362 0.200787 0.5 0.299213 0.299213 0.700787 0.299213 0.700787 0.299213 0.700787 0.200787 0.5 0.299213 0.047244 0.350394 0.602362 0.047244 0.350394 0.602362 0.047244 0.350394 0.602362 0.249012 0.300395 0.450593 0.249012 0.300395 0.450593 0.200787 0.5 0.299213 0.299213 0.700787 0.602362 0.307087 0.090551 0.350394 0.5 0.149606 0.229249 0.482213 0.288538 0.229249 0.482213 0.288538 0.229249 0.482213 0.288538 0.047244 0.350394 0.602362 0.200787 0.5 0.299213 0.098425 0.901575 0.2 0.8 0.149606 0.850394 0.2 0.8 0.098425 0.901575 0.098425 0.901575 0.098425 0.901575 0.5 0.5 0.5 0.5 0.901575 0.098425 0.901575 0.098425 0.2 0.8 0.2 0.8 0.7007877 0.2007872 0.0984251 0.4015746 0.2992127 0.2992127 0.2 0.8 0.098814 0.047431 0.403162 0.450593 0.2007872 0.09842511 0.6023626 0.09842511 0.098814 0.047431 0.403162 0.450593 0.2007872 0.09842511 0.6023626 0.09842511 0.2007872 0.09842511 0.6023626 0.09842511 0.098814 0.047431 0.403162 0.450593 0.403162 0.007905 0.300395 0.288538 0.2 0.8 0.7007877 0.2007872 0.0984251 0.901575 0.098425 0.551181 0.448819 0.448819 0.551181 0.551181 0.448819 0.488189 0.511811 0.5 0.5 0.901575 0.098425 0.007874 0.200787 0.791339 0.2 0.8 0.901575 0.098425 0.8 0.2 0.889764 0.110236 0.2401572 0.05905506 0.7007877 0.2401572 0.05905506 0.7007877 0.007905 0.541502 0.450593 0.5 0.5 0.551181 0.448819 0.5 0.5 0.570866 0.429134 0.007905 0.561265 0.43083 0.2401572 0.05905506 0.7007877 0.350394 0.649606 0.450593 0.43083 0.118577 0.450593 0.43083 0.118577 0.450593 0.43083 0.118577 0.450593 0.43083 0.118577 0.450593 0.43083 0.118577 0.350394 0.649606 0.16996 0.581028 0.249012 0.007905007 0.4743085 0.4387354 0.07905108 0.268775 0.683794 0.047431 0.972441 0.027559 0.248031 0.751969 0.003952996 0.5810274 0.4150196 0.110672 0.664032 0.225296 0.07905108 0.5928856 0.1581032 0.1699602 0.350394 0.649606 0.350394 0.649606 0.350394 0.649606 0.16996 0.581028 0.249012 0.011905 0.392857 0.222222 0.373016 0.2608698 0.5731224 0.1660078 0.972441 0.027559 0.972441 0.027559 0.280632 0.624506 0.094862 0.007905007 0.5019765 0.3201583 0.1699602 0.047431 0.853755 0.098814 0.1181101 0.6771657 0.2047242 0.229249 0.391304 0.379447 0.259843 0.551181 0.188976 0.5 0.5 0.5 0.5 0.42126 0.551181 0.027559 0.208661 0.791339 0.42126 0.551181 0.027559 0.2 0.8 0.5 0.5 0.5 0.5 0.189723 0.782609 0.027668 0.448819 0.551181 0.448819 0.551181 0.189723 0.782609 0.027668 0.46063 0.53937 0.759843 0.240157 0.712598 0.287402 0.751969 0.248031 0.759843 0.240157 0.5 0.5 0.5 0.5 0.047431 0.098814 0.853755 0.2007872 0.07874008 0.7204727 0.047244 0.952756 0.2 0.8 0.2 0.4 0.4 0.03937 0.480315 0.480315 0.047431 0.098814 0.853755 0.2007872 0.1889762 0.6102366 0.2007872 0.6496066 0.1496062 0.2 0.4 0.4 0.04743095 0.7747033 0.1778658 0.047431 0.482213 0.470356 0.04743095 0.7747033 0.1778658 0.2007872 0.6102366 0.1889762 0.047244 0.952756 0.2 0.8 0.2 0.8 0.2 0.8 0.299213 0.700787 0.299213 0.700787 0.299213 0.700787 0.299213 0.700787 0.299213 0.700787 0.299213 0.700787 0.299213 0.700787 0.299213 0.700787 0.299213 0.700787 0.299213 0.700787 0.299213 0.700787 0.299213 0.700787 0.299213 0.700787 0.299213 0.700787 0.299213 0.700787 0.299213 0.700787 0.287402 0.712598 0.2 0.8 0.2 0.8 0.2 0.8 0.2 0.8 0.2 0.8 0.2 0.8 0.2 0.8 0.2 0.8 0.2 0.8 0.2 0.8 0.2 0.8 0.2 0.8 0.2 0.8 0.2 0.8 0.2 0.8 0.2 0.8 0.2 0.8 0.2 0.8 0.2 0.8 0.2 0.8 0.2 0.4 0.4 0.098425 0.901575 0.098814 0.450593 0.450593 0.2 0.4 0.4 0.2 0.8 0.098814 0.450593 0.450593 0.098425 0.901575 0.2 0.4 0.4 0.098814 0.450593 0.450593 0.2 0.8 0.2 0.4 0.4 0.098425 0.901575 0.098814 0.450593 0.450593 0.2 0.8 0.299213 0.700787 0.2 0.8 0.299213 0.700787 0.2 0.8 0.299213 0.700787 0.2 0.8 0.299213 0.700787 0.2 0.8 0.299213 0.700787 0.299213 0.700787 0.299213 0.700787 0.299213 0.700787 0.299213 0.700787 0.299213 0.700787 0.299213 0.700787 0.299213 0.700787 0.2 0.8 0.2 0.8 0.2 0.8 0.2 0.8 0.2 0.8 0.2 0.8 0.2 0.8 0.2 0.8 0.2 0.8 0.2 0.8 0.2 0.8 0.098425 0.901575 0.2 0.8 0.098425 0.901575 0.2 0.4 0.4 0.098814 0.450593 0.450593 0.2 0.8 0.098425 0.901575 0.2 0.4 0.4 0.098814 0.450593 0.450593 0.8 0.2 0.8 0.2 0.098425 0.901575 0.098425 0.901575 0.027559 0.972441 0.027559 0.972441 0.027559 0.972441 0.098425 0.901575 0.098425 0.901575 0.8 0.2 0.8 0.2 0.098425 0.901575 0.8 0.2 0.8 0.2 0.098425 0.901575 0.027559 0.972441 0.098425 0.901575 0.8 0.2 0.8 0.2 0.098425 0.901575 0.047431 0.098814 0.853755 0.200787 0.007874 0.791339 0.03937 0.480315 0.480315 0.047431 0.482213 0.470356 0.2007872 0.6417326 0.1574802 0.2 0.4 0.4 0.2 0.6 0.2 0.04743095 0.7747033 0.1778658 0.200787 0.007874 0.791339 0.2 0.8 0.2 0.8 0.098425 0.901575 0.2 0.8 0.2 0.8 0.2 0.8 0.2 0.8 0.2 0.8 0.2 0.4 0.4 0.098425 0.901575 0.2 0.8 0.2 0.8 0.2 0.4 0.4 0.098814 0.450593 0.450593 0.2 0.8 0.098814 0.450593 0.450593 0.2 0.4 0.4 0.2 0.8 0.2 0.8 0.098425 0.901575 0.2 0.8 0.2 0.4 0.4 0.098814 0.450593 0.450593 0.2 0.8 0.2 0.8 0.2 0.8 0.098814 0.450593 0.450593 0.007874 0.992126 0.2 0.8 0.177165 0.822835 0.8 0.2 0.2 0.8 0.007874 0.992126 0.2 0.8 0.8 0.2 0.8 0.2 0.8 0.2 0.791339 0.208661 0.2 0.8 0.8 0.2 0.2 0.8 0.007874 0.992126 0.007874 0.992126 0.2 0.8 0.791339 0.208661 0.086614 0.913386 0.086614 0.913386 0.086614 0.913386 0.098425 0.901575 0.019685 0.791339 0.188976 0.2 0.8 0.007874 0.992126 0.007874 0.992126 0.2 0.8 0.007874 0.791339 0.200787 0.098425 0.901575 0.019685 0.791339 0.188976 0.220472 0.779528 0.2 0.8 0.2 0.8 0.2 0.8 0.220472 0.779528 0.019685 0.791339 0.188976 0.019685 0.791339 0.188976 0.007874 0.992126 0.007874 0.992126 0.019685 0.980315 0.019685 0.980315 0.047244 0.952756 0.047244 0.952756 0.098425 0.901575 0.098425 0.901575 0.299213 0.700787 0.299213 0.700787 0.299213 0.700787 0.299213 0.700787 0.299213 0.700787 0.700787 0.299213 0.551181 0.448819 0.551181 0.448819 0.551181 0.448819 0.551181 0.448819 0.551181 0.448819 0.700787 0.299213 0.299213 0.700787 0.299213 0.700787 0.299213 0.700787 0.299213 0.700787 0.098425 0.901575 0.047244 0.952756 0.019685 0.980315 0.007874 0.992126 0.007874 0.992126 0.007874 0.992126 0.019685 0.980315 0.019685 0.980315 0.047244 0.952756 0.047244 0.952756 0.2 0.8 0.2 0.8 0.2 0.8 0.2 0.8 0.5 0.5 0.098425 0.901575 0.098425 0.901575 0.098425 0.901575 0.047244 0.952756 0.019685 0.980315 0.007874 0.992126 0.007874 0.992126 0.007874 0.992126 0.019685 0.980315 0.047244 0.952756 0.047244 0.952756 0.047244 0.952756 0.047244 0.952756 0.019685 0.980315 0.019685 0.980315 0.098425 0.901575 0.098425 0.901575 0.098425 0.901575 0.5 0.5 0.2 0.8 0.2 0.8 0.2 0.8 0.047244 0.952756 0.019685 0.980315 0.007874 0.992126 0.007874 0.992126 0.007874 0.992126 0.007874 0.992126 0.019685 0.980315 0.047244 0.952756 0.047244 0.952756 0.047244 0.952756 0.047244 0.952756 0.047244 0.952756 0.019685 0.980315 0.019685 0.980315 0.019685 0.980315 0.2 0.8 0.007874 0.992126 0.2 0.8 0.791339 0.208661 0.8 0.2 0.8 0.2 0.8 0.2 0.2 0.8 0.2 0.8 0.007874 0.992126 0.177165 0.822835 0.8 0.2 0.791339 0.208661 0.2 0.8 0.007874 0.992126 0.007874 0.992126 0.2 0.8 0.8 0.2 0.086614 0.913386 0.098425 0.901575 0.007874 0.791339 0.200787 0.2 0.8 0.007874 0.992126 0.007874 0.992126 0.2 0.8 0.019685 0.791339 0.188976 0.098425 0.901575 0.086614 0.913386 0.086614 0.913386 0.019685 0.791339 0.188976 0.220472 0.779528 0.2 0.8 0.2 0.8 0.2 0.8 0.220472 0.779528 0.019685 0.791339 0.188976 0.019685 0.791339 0.188976 0.5 0.5 0.8 0.2 0.901575 0.098425 0.5 0.5 0.098425 0.901575 0.8 0.2 0.5 0.5 0.5 0.5 0.098425 0.901575 0.5 0.5 0.098425 0.901575 0.5 0.5 0.03937 0.480315 0.480315 0.5 0.5 0.5 0.5 0.03937 0.480315 0.480315 0.02766797 0.04743095 0.8656121 0.05928895 0.027668 0.379447 0.592885 0.027668 0.561265 0.411067 0.027778 0.7857141 0.08730201 0.09920602 0.901575 0.098425 0.5 0.5 0.8 0.2 0.5 0.5 0.098425 0.901575 0.5 0.5 0.5 0.5 0.5 0.5 0.03937 0.480315 0.480315 0.027778 0.7857141 0.08730201 0.09920602 0.027668 0.561265 0.411067 0.027668 0.379447 0.592885 0.02766797 0.04743095 0.8656121 0.05928895 0.03937 0.480315 0.480315</float_array>
          <technique_common>
            <accessor source="#geom-Pianta-skin1-weights-array" count="1879" stride="1">
              <param name="WEIGHT" type="float"/>
            </accessor>
          </technique_common>
        </source>
        <joints>
          <input semantic="JOINT" source="#geom-Pianta-skin1-joints"/>
          <input semantic="INV_BIND_MATRIX" source="#geom-Pianta-skin1-bind_poses"/>
        </joints>
        <vertex_weights count="1065">
          <input semantic="JOINT" source="#geom-Pianta-skin1-joints" offset="0"/>
          <input semantic="WEIGHT" source="#geom-Pianta-skin1-weights" offset="1"/>
          <vcount>3 3 2 3 2 2 2 2 1 1 2 2 3 3 3 3 3 3 3 3 3 2 2 2 2 1 2 1 1 2 2 2 2 3 3 3 2 2 2 2 2 3 3 3 3 2 2 2 2 2 1 1 1 1 1 1 2 2 1 3 2 2 3 3 2 3 2 3 2 2 2 2 2 2 2 2 2 1 2 3 3 3 3 2 3 3 3 3 2 2 2 3 3 3 3 2 2 3 2 2 3 3 2 2 2 3 3 3 3 3 3 3 3 3 2 2 2 2 2 2 1 2 3 3 2 4 4 4 4 4 4 4 3 2 2 2 2 2 2 2 2 2 2 2 2 2 3 2 2 2 2 2 3 3 3 3 3 3 1 1 2 1 2 2 1 1 3 3 3 3 3 2 3 1 3 1 3 1 2 1 1 1 1 1 1 1 1 1 1 1 1 1 1 1 1 2 2 3 3 3 3 2 2 3 3 3 3 3 3 3 3 3 3 3 3 3 2 2 2 3 3 3 3 3 3 3 3 3 3 3 3 2 3 3 2 1 1 1 1 1 1 1 1 1 2 3 1 3 3 3 3 3 2 1 1 1 1 1 1 2 3 4 3 2 3 3 3 3 3 2 4 4 3 1 2 1 2 3 4 3 2 2 2 3 3 3 3 2 3 2 2 2 2 2 2 2 2 3 2 2 3 2 2 3 2 2 2 2 2 2 2 2 2 2 2 2 2 2 2 2 3 3 2 3 3 2 1 2 3 3 3 2 2 1 1 1 1 2 1 1 1 2 2 2 2 3 3 3 3 3 3 3 2 2 2 2 1 2 1 1 2 2 2 2 3 3 3 2 2 2 2 2 3 3 3 3 2 2 1 1 2 2 2 2 2 3 3 3 2 2 2 3 3 3 3 3 3 3 2 2 2 3 3 3 3 3 3 3 2 3 3 3 3 3 3 3 2 2 2 2 2 2 2 2 2 2 2 2 2 3 3 2 4 4 4 4 4 4 4 2 3 1 2 2 2 2 2 2 2 3 2 2 2 2 3 3 3 2 1 2 2 2 1 3 3 2 3 3 3 3 3 2 3 4 3 2 1 1 1 1 1 1 2 3 3 4 2 2 2 3 4 3 2 2 1 1 3 4 3 3 3 3 2 2 3 2 3 2 2 2 3 2 2 3 2 2 2 2 2 2 2 3 3 2 2 3 3 3 3 3 3 3 3 3 3 2 2 2 2 2 2 2 2 2 2 2 2 2 2 2 2 2 2 2 2 2 2 2 2 2 2 2 2 2 2 2 2 2 2 2 2 2 2 2 2 2 3 2 3 3 2 3 2 3 3 2 3 2 3 2 2 2 2 2 2 2 2 2 2 2 2 2 2 2 2 2 2 2 2 2 2 2 2 2 2 2 2 2 2 2 3 3 2 2 3 3 2 2 2 2 2 2 1 2 2 2 2 2 2 2 2 2 2 2 2 2 2 1 1 1 1 1 1 1 1 1 1 1 1 1 1 1 1 1 1 1 1 1 1 1 1 1 1 1 1 1 1 1 1 1 1 1 1 1 1 1 1 1 1 1 1 1 1 1 1 1 1 1 1 1 1 1 1 1 1 1 1 1 1 1 1 1 1 1 1 1 1 1 1 1 1 1 1 1 1 1 1 1 1 1 1 1 1 1 1 1 1 1 1 1 1 1 1 1 1 1 1 1 1 1 1 1 1 1 1 1 1 1 1 1 1 1 1 1 1 1 1 1 1 1 1 1 1 1 1 1 1 1 1 3 3 3 3 3 3 3 3 3 2 2 2 2 2 2 2 2 3 2 2 2 3 3 2 3 3 2 2 2 2 3 3 2 2 2 3 2 2 1 2 2 2 1 2 2 2 2 1 1 1 1 1 1 2 2 2 1 1 1 1 2 2 2 1 1 1 2 2 2 1 2 2 2 2 3 2 2 1 1 1 2 2 3 2 3 2 2 2 2 2 3 3 1 1 1 1 1 1 1 2 2 2 2 2 2 2 2 2 2 2 2 2 2 2 2 2 2 2 2 2 2 2 2 2 2 2 2 1 1 1 1 2 2 2 2 2 2 2 2 2 2 2 2 2 2 2 2 1 2 2 2 2 2 2 2 2 2 2 2 2 2 2 2 2 2 2 2 2 1 2 2 2 1 2 2 2 2 2 2 2 2 2 1 2 2 2 2 2 1 1 1 1 1 1 2 2 2 2 2 1 2 2 1 1 2 2 2 1 1 1 2 2 2 1 1 1 2 2 3 2 2 1 1 1 2 2 3 2 2 2 3 2 2 2 2 2 3 3 1 2 2 2 2 2 2 2 1 2 2 1 2 1 2 2 3 1 2 1 2 1 3 4 3 1 3 4 2 2 2 2 2 1 2 1 1 2 1 2 1 3 4 3 1 3 4 3</vcount>
          <v>26 1 37 2 40 3 26 4 36 5 37 6 0 7 26 8 26 9 39 10 40 11 8 12 9 13 8 14 9 15 8 16 9 17 8 18 9 19 9 0 9 0 9 20 13 21 9 22 13 23 9 24 10 25 13 26 9 27 13 28 14 29 9 30 13 31 14 32 9 33 10 34 11 35 9 36 13 37 14 38 9 39 13 40 14 41 9 42 13 43 14 44 13 45 14 46 15 47 13 48 14 49 15 50 14 51 15 52 14 53 15 54 14 55 15 56 14 57 15 58 15 0 14 59 15 60 15 0 15 0 14 61 15 62 14 63 15 64 14 65 15 66 14 67 15 68 13 69 14 70 15 71 13 72 14 73 15 74 13 75 14 76 15 77 14 78 15 79 14 80 15 81 14 82 15 83 14 84 15 85 14 86 15 87 13 88 14 89 15 90 9 91 13 92 14 93 9 94 13 95 14 96 9 97 13 98 14 99 9 100 10 101 9 102 10 103 10 104 11 105 11 106 12 107 11 108 12 109 12 0 12 0 12 0 12 0 12 0 12 0 11 110 12 111 11 112 12 113 12 0 9 114 10 115 11 116 9 117 10 118 9 119 10 120 8 121 9 122 10 123 8 124 10 125 11 126 8 127 9 128 8 129 10 130 11 131 8 132 9 133 8 134 10 135 11 136 9 137 10 138 8 139 9 140 8 141 9 142 8 143 9 144 8 145 9 146 8 147 9 148 8 149 9 150 8 151 9 152 8 153 9 154 9 0 9 155 13 156 9 157 13 158 14 159 9 160 13 161 14 162 9 163 13 164 14 165 13 166 14 167 15 168 14 169 15 170 9 171 13 172 14 173 9 174 13 175 14 176 9 177 13 178 14 179 13 180 14 181 15 182 14 183 15 184 14 185 15 186 14 187 15 188 13 189 14 190 15 191 9 192 13 193 14 194 9 195 13 196 14 197 9 198 13 199 14 200 9 201 13 202 9 203 13 204 9 205 10 206 11 207 11 208 12 209 11 210 12 211 9 212 10 213 11 214 9 215 10 216 11 217 9 218 13 219 9 220 13 221 9 222 13 223 9 224 13 225 14 226 9 227 13 228 14 229 9 230 13 231 14 232 9 233 13 234 14 235 9 236 13 237 14 238 9 239 13 240 14 241 13 242 14 243 15 244 9 245 13 246 14 247 9 248 13 249 14 250 7 251 8 252 7 253 8 254 7 255 8 256 7 257 8 258 7 259 8 260 7 261 8 262 7 0 6 263 7 264 1 265 6 266 7 267 1 268 6 269 7 270 6 271 7 272 1 273 2 274 6 275 7 276 1 277 2 278 6 279 7 280 1 281 2 282 6 283 7 284 1 285 2 286 6 287 7 288 1 289 2 290 6 291 7 292 1 293 2 294 6 295 7 296 1 297 2 298 6 299 7 300 1 301 6 302 7 303 6 304 7 305 6 306 7 307 7 308 8 309 7 310 8 311 7 312 8 313 7 314 8 315 7 316 8 317 7 318 8 319 7 320 8 321 7 322 8 323 7 324 8 325 7 326 8 327 6 328 7 329 1 330 6 331 7 332 7 333 8 334 7 335 8 336 7 337 8 338 7 339 8 340 7 341 8 342 0 343 1 344 26 345 0 346 1 347 26 348 0 349 1 350 26 351 0 352 1 353 26 354 0 355 1 356 26 357 0 358 1 359 26 360 26 0 26 0 26 361 27 362 26 0 26 363 27 364 26 365 27 366 26 0 26 0 0 367 1 368 26 369 0 370 1 371 26 372 0 373 1 374 26 375 0 376 1 377 26 378 0 379 26 380 27 381 26 382 27 383 0 384 26 385 27 386 2 0 0 387 1 388 2 389 2 0 0 390 1 391 2 392 2 0 1 393 2 394 2 0 2 0 2 0 2 0 2 0 2 0 2 0 2 0 2 0 2 0 2 0 2 0 2 0 2 0 2 0 2 0 1 395 2 396 1 397 2 398 0 399 1 400 2 401 0 402 1 403 2 404 0 405 1 406 2 407 0 408 1 409 2 410 0 411 1 412 0 413 1 414 0 415 1 416 26 417 0 418 1 419 26 420 0 421 1 422 26 423 0 424 1 425 26 426 0 427 1 428 26 429 0 430 1 431 26 432 0 433 1 434 26 435 0 436 1 437 26 438 0 439 1 440 26 441 0 442 1 443 26 444 0 445 1 446 26 447 0 448 1 449 26 450 0 451 1 452 26 453 0 454 1 455 0 456 1 457 0 458 1 459 0 460 1 461 26 462 0 463 1 464 26 465 0 466 1 467 26 468 0 469 1 470 26 471 0 472 1 473 26 474 0 475 1 476 26 477 0 478 1 479 26 480 0 481 1 482 26 483 0 484 1 485 26 486 0 487 1 488 26 489 0 490 1 491 26 492 0 493 1 494 26 495 0 496 1 497 0 498 1 499 2 500 0 501 1 502 2 503 1 504 2 505 2 0 2 0 2 0 2 0 2 0 2 0 2 0 2 0 2 0 1 506 2 507 0 508 1 509 2 510 2 0 0 511 1 512 2 513 0 514 1 515 2 516 0 517 1 518 2 519 0 520 1 521 2 522 0 523 1 524 2 525 1 526 2 527 2 0 2 0 2 0 2 0 2 0 2 0 2 528 6 529 1 530 2 531 6 532 0 533 1 534 2 535 6 536 0 537 1 538 2 539 0 540 1 541 0 542 1 543 26 544 0 545 1 546 26 547 0 548 1 549 26 550 0 551 1 552 26 553 0 554 1 555 26 556 0 557 1 558 0 559 1 560 2 561 6 562 0 563 1 564 2 565 6 566 1 567 2 568 6 569 2 0 2 570 6 571 2 0 2 572 6 573 1 574 2 575 6 576 0 577 1 578 2 579 6 580 0 581 1 582 2 583 0 584 1 585 0 586 1 587 0 588 1 589 0 590 1 591 6 592 1 593 2 594 6 595 1 596 2 597 6 598 0 599 1 600 6 601 28 602 29 603 28 604 29 605 30 606 27 607 28 608 27 609 28 610 27 611 28 612 27 613 28 614 27 615 28 616 27 617 28 618 27 619 28 620 27 621 28 622 27 623 28 624 29 625 28 626 29 627 28 628 29 629 27 630 28 631 29 632 28 633 29 634 28 635 29 636 28 637 29 638 30 639 27 640 28 641 27 642 28 643 18 644 19 645 18 646 19 647 18 648 19 649 18 650 19 651 18 652 19 653 18 654 19 655 18 656 19 657 18 658 19 659 18 660 19 661 18 662 19 663 18 664 19 665 18 666 19 667 19 668 20 669 18 670 19 671 18 672 20 673 21 674 18 675 20 676 21 677 18 678 19 679 18 680 20 681 21 682 18 683 19 684 20 685 19 686 20 687 19 0 19 688 20 689 19 690 20 691 23 692 19 693 20 694 21 695 19 696 20 697 21 698 21 699 22 700 21 701 22 702 22 0 22 0 22 0 22 0 21 703 22 704 22 0 22 0 22 0 21 705 22 706 20 707 21 708 19 709 20 710 19 711 20 712 19 713 23 714 24 715 19 716 23 717 24 718 19 719 23 720 24 721 19 722 23 723 24 724 19 725 23 726 24 727 23 728 24 729 25 730 23 731 24 732 25 733 24 734 25 735 24 736 25 737 24 738 25 739 24 740 25 741 25 0 24 742 25 743 25 0 25 0 24 744 25 745 24 746 25 747 24 748 25 749 24 750 25 751 23 752 24 753 25 754 23 755 24 756 25 757 23 758 24 759 25 760 24 761 25 762 24 763 25 764 24 765 25 766 24 767 25 768 24 769 25 770 23 771 24 772 25 773 19 774 23 775 24 776 19 777 23 778 24 779 19 780 23 781 24 782 19 783 23 784 19 785 23 786 19 0 19 0 19 787 23 788 19 789 23 790 19 791 23 792 19 793 23 794 19 795 23 796 19 797 20 798 21 799 19 800 20 801 21 802 19 803 20 804 21 805 21 806 22 807 21 808 22 809 19 810 23 811 19 812 23 813 24 814 19 815 23 816 24 817 19 818 23 819 24 820 19 821 23 822 24 823 19 824 23 825 24 826 19 827 23 828 24 829 23 830 24 831 25 832 24 833 25 834 24 835 25 836 24 837 25 838 23 839 24 840 25 841 19 842 23 843 24 844 19 845 23 846 24 847 19 848 23 849 24 850 19 851 23 852 24 853 19 854 23 855 24 856 23 857 24 858 25 859 24 860 25 861 19 862 23 863 24 864 19 865 23 866 24 867 19 868 23 869 24 870 19 871 23 872 24 873 19 874 23 875 24 876 19 877 23 878 24 879 23 880 24 881 25 882 17 883 18 884 17 885 18 886 17 887 18 888 17 889 18 890 17 891 18 892 17 893 18 894 17 895 18 896 17 897 18 898 17 899 18 900 17 901 18 902 17 903 18 904 16 905 17 906 16 907 17 908 1 909 16 910 17 911 1 912 16 913 17 914 16 915 17 916 1 917 2 918 16 919 17 920 1 921 2 922 16 923 17 924 1 925 2 926 16 927 17 928 1 929 2 930 16 931 17 932 1 933 2 934 16 935 17 936 1 937 2 938 16 939 17 940 1 941 2 942 16 943 17 944 16 945 17 946 1 947 16 948 17 949 17 0 17 950 18 951 17 952 18 953 17 954 18 955 17 956 18 957 17 958 18 959 17 960 18 961 17 962 18 963 1 964 16 965 17 966 16 967 17 968 17 969 18 970 17 971 18 972 17 973 18 974 0 975 1 976 26 977 0 978 1 979 26 980 0 981 26 982 31 983 26 984 31 985 26 0 26 986 31 987 26 988 31 989 26 990 31 991 26 0 0 992 26 993 31 994 0 995 1 996 26 997 0 998 1 999 0 1000 1 1001 26 1002 0 1003 1 1004 26 1005 0 1006 1 1007 26 1008 0 1009 1 1010 26 1011 0 1012 1 1013 26 1014 0 1015 1 1016 0 1017 1 1018 2 1019 0 1020 1 1021 2 1022 16 1023 1 1024 2 1025 16 1026 2 1027 16 1028 2 0 2 0 2 0 2 0 2 0 2 0 1 1029 2 1030 0 1031 1 1032 2 1033 0 1034 1 1035 2 1036 0 1037 1 1038 2 1039 16 1040 0 1041 1 1042 0 1043 1 1044 0 1045 1 1046 0 1047 1 1048 2 1049 0 1050 1 1051 2 1052 16 1053 1 1054 2 1055 16 1056 2 1057 16 1058 2 1059 16 1060 2 0 2 0 1 1061 2 1062 16 1063 0 1064 1 1065 2 1066 16 1067 0 1068 1 1069 16 1070 0 1071 1 1072 16 1073 1 1074 2 1075 16 1076 1 1077 2 1078 16 1079 32 1080 33 1081 31 1082 32 1083 32 1084 33 1085 34 1086 31 1087 32 1088 32 1089 33 1090 34 1091 31 1092 32 1093 31 1094 32 1095 32 1096 33 1097 31 1098 32 1099 33 1100 32 1101 33 1102 32 1103 33 1104 31 1105 32 1106 33 1107 32 1108 33 1109 31 1110 32 1111 31 1112 32 1113 31 1114 32 1115 31 1116 32 1117 31 1118 32 1119 31 1120 32 1121 26 1122 36 1123 37 1124 26 1125 36 1126 37 1127 26 1128 36 1129 26 1130 36 1131 26 1132 37 1133 40 1134 26 1135 37 1136 40 1137 26 1138 39 1139 40 1140 26 1141 39 1142 40 1143 26 1144 35 1145 36 1146 26 1147 35 1148 38 1149 26 1150 35 1151 36 1152 26 1153 35 1154 38 1155 26 1156 38 1157 39 1158 26 1159 38 1160 39 1161 26 1162 39 1163 26 1164 39 1165 0 1166 26 1167 0 1168 26 1169 0 1170 26 1171 0 1172 26 1173 0 1174 26 1175 0 1176 26 1177 0 1178 26 1179 0 1180 26 1181 0 1182 26 1183 0 1184 26 1185 0 1186 26 1187 0 1188 26 1189 0 1190 26 1191 0 1192 26 1193 0 1194 26 1195 0 1196 26 1197 0 1198 26 1199 0 1200 26 1201 0 1202 26 1203 0 1204 26 1205 0 1206 26 1207 0 1208 26 1209 0 1210 26 1211 0 1212 26 1213 0 1214 26 1215 0 1216 26 1217 0 1218 26 1219 0 1220 26 1221 0 1222 26 1223 0 1224 26 1225 0 1226 26 1227 0 1228 26 1229 0 1230 26 1231 0 1232 26 1233 0 1234 26 1235 0 1236 26 1237 0 1238 26 1239 0 1240 26 1241 26 1242 38 1243 26 1244 35 1245 38 1246 26 1247 38 1248 26 1249 35 1250 38 1251 26 1252 37 1253 40 1254 26 1255 40 1256 26 1257 37 1258 40 1259 26 1260 40 1261 26 1262 39 1263 40 1264 26 1265 39 1266 40 1267 26 1268 39 1269 26 1270 38 1271 39 1272 26 1273 39 1274 26 1275 38 1276 39 1277 0 1278 26 1279 0 1280 26 1281 0 1282 26 1283 0 1284 26 1285 0 1286 26 1287 0 1288 26 1289 0 1290 26 1291 0 1292 26 1293 0 1294 26 1295 0 1296 26 1297 0 1298 26 1299 0 1300 26 1301 0 1302 26 1303 0 1304 26 1305 0 1306 26 1307 0 1308 26 1309 0 1310 26 1311 0 1312 26 1313 0 1314 26 1315 0 1316 26 1317 0 1318 26 1319 0 1320 26 1321 0 1322 26 1323 0 1324 26 1325 0 1326 26 1327 0 1328 26 1329 0 1330 26 1331 26 1332 35 1333 26 1334 35 1335 26 1336 37 1337 26 1338 37 1339 26 1340 36 1341 37 1342 26 1343 36 1344 37 1345 26 1346 36 1347 26 1348 36 1349 26 1350 35 1351 36 1352 26 1353 35 1354 36 1355 2 1356 4 1357 2 1358 4 1359 2 1360 4 1361 2 1362 4 1363 2 1364 4 1365 2 1366 4 1367 4 0 2 1368 4 1369 2 1370 4 1371 2 1372 4 1373 2 1374 4 1375 2 1376 4 1377 2 1378 4 1379 2 1380 4 1381 2 1382 4 1383 2 1384 4 1385 2 1386 4 1387 2 1388 4 1389 2 1390 4 1391 2 1392 4 1393 2 1394 4 1395 5 0 5 0 5 0 5 0 5 0 5 0 5 0 5 0 5 0 5 0 5 0 5 0 5 0 5 0 5 0 5 0 5 0 5 0 5 0 5 0 5 0 5 0 5 0 5 0 5 0 5 0 5 0 5 0 5 0 5 0 5 0 5 0 5 0 5 0 5 0 5 0 5 0 5 0 5 0 5 0 5 0 5 0 5 0 5 0 5 0 5 0 5 0 5 0 5 0 5 0 5 0 5 0 5 0 5 0 5 0 5 0 5 0 5 0 5 0 5 0 5 0 5 0 5 0 5 0 5 0 5 0 5 0 5 0 5 0 5 0 5 0 5 0 5 0 5 0 5 0 5 0 5 0 5 0 5 0 5 0 5 0 5 0 5 0 5 0 5 0 5 0 5 0 5 0 5 0 5 0 5 0 5 0 5 0 5 0 5 0 5 0 5 0 5 0 5 0 5 0 5 0 5 0 5 0 5 0 5 0 5 0 5 0 5 0 5 0 5 0 5 0 5 0 5 0 5 0 5 0 5 0 5 0 5 0 5 0 5 0 5 0 5 0 5 0 5 0 5 0 5 0 5 0 5 0 5 0 5 0 5 0 5 0 26 1396 36 1397 37 1398 26 1399 35 1400 36 1401 26 1402 37 1403 40 1404 26 1405 35 1406 38 1407 26 1408 35 1409 36 1410 26 1411 35 1412 38 1413 26 1414 38 1415 39 1416 26 1417 38 1418 39 1419 26 1420 38 1421 39 1422 0 1423 26 1424 0 1425 26 1426 26 1427 35 1428 26 1429 35 1430 0 1431 26 1432 0 1433 26 1434 0 1435 26 1436 26 1437 40 1438 26 1439 39 1440 40 1441 26 1442 40 1443 0 1444 26 1445 26 1446 39 1447 26 1448 38 1449 39 1450 26 1451 38 1452 39 1453 0 1454 26 1455 26 1456 37 1457 40 1458 26 1459 37 1460 40 1461 0 1462 26 1463 0 1464 26 1465 26 1466 37 1467 0 1468 26 1469 26 1470 36 1471 37 1472 26 1473 36 1474 37 1475 0 1476 26 1477 26 1478 36 1479 0 1480 26 1481 26 1482 35 1483 36 1484 29 1485 30 1486 29 1487 30 1488 30 0 29 1489 30 1490 29 1491 30 1492 29 1493 30 1494 30 0 29 1495 30 1496 29 1497 30 1498 29 1499 30 1500 29 1501 30 1502 29 0 29 0 29 0 29 0 29 0 29 0 29 1503 30 1504 29 1505 30 1506 29 1507 30 1508 29 0 29 0 29 0 29 0 29 1509 30 1510 29 1511 30 1512 29 1513 30 1514 30 0 30 0 30 0 29 1515 30 1516 29 1517 30 1518 29 1519 30 1520 29 0 28 1521 29 1522 28 1523 29 1524 28 1525 29 1526 28 1527 29 1528 28 1529 29 1530 30 1531 29 1532 30 1533 29 1534 30 1535 30 0 30 0 30 0 29 1536 30 1537 29 1538 30 1539 28 1540 29 1541 30 1542 28 1543 29 1544 28 1545 29 1546 30 1547 29 1548 30 1549 29 1550 30 1551 29 1552 30 1553 29 1554 30 1555 29 1556 30 1557 28 1558 29 1559 30 1560 28 1561 29 1562 30 1563 3 0 3 0 3 0 3 0 3 0 3 0 3 0 2 1564 3 1565 2 1566 3 1567 2 1568 3 1569 2 1570 3 1571 2 1572 3 1573 2 1574 3 1575 2 1576 3 1577 2 1578 3 1579 2 1580 3 1581 2 1582 3 1583 2 1584 3 1585 2 1586 3 1587 2 1588 3 1589 2 1590 3 1591 2 1592 3 1593 2 1594 3 1595 2 1596 3 1597 2 1598 3 1599 2 1600 3 1601 2 1602 3 1603 2 1604 3 1605 2 1606 3 1607 2 1608 3 1609 2 1610 3 1611 2 1612 3 1613 2 1614 3 1615 2 1616 3 1617 2 1618 3 1619 3 0 3 0 3 0 3 0 2 1620 3 1621 2 1622 3 1623 2 1624 3 1625 2 1626 3 1627 2 1628 3 1629 2 1630 3 1631 2 1632 3 1633 2 1634 3 1635 2 1636 3 1637 2 1638 3 1639 2 1640 3 1641 2 1642 3 1643 2 1644 3 1645 2 1646 3 1647 2 1648 3 1649 2 1650 3 1651 3 0 2 1652 3 1653 2 1654 3 1655 2 1656 3 1657 2 1658 3 1659 2 1660 3 1661 2 1662 3 1663 2 1664 3 1665 2 1666 3 1667 2 1668 3 1669 2 1670 3 1671 2 1672 3 1673 2 1674 3 1675 2 1676 3 1677 2 1678 3 1679 2 1680 3 1681 2 1682 3 1683 2 1684 3 1685 2 1686 3 1687 2 1688 3 1689 2 1690 3 1691 3 0 2 1692 3 1693 2 1694 3 1695 2 1696 3 1697 3 0 2 1698 3 1699 2 1700 3 1701 2 1702 3 1703 2 1704 3 1705 2 1706 3 1707 2 1708 3 1709 2 1710 3 1711 2 1712 3 1713 2 1714 3 1715 34 0 33 1716 34 1717 33 1718 34 1719 33 1720 34 1721 33 1722 34 1723 33 1724 34 1725 33 0 33 0 33 0 33 0 33 0 33 0 33 1726 34 1727 33 1728 34 1729 33 1730 34 1731 33 1732 34 1733 33 1734 34 1735 34 0 33 1736 34 1737 33 1738 34 1739 33 0 33 0 33 1740 34 1741 33 1742 34 1743 33 1744 34 1745 34 0 34 0 34 0 33 1746 34 1747 33 1748 34 1749 33 1750 34 1751 33 0 33 0 33 0 32 1752 33 1753 32 1754 33 1755 32 1756 33 1757 34 1758 33 1759 34 1760 33 1761 34 1762 34 0 34 0 34 0 33 1763 34 1764 33 1765 34 1766 32 1767 33 1768 34 1769 32 1770 33 1771 32 1772 33 1773 32 1774 33 1775 32 1776 33 1777 34 1778 33 1779 34 1780 33 1781 34 1782 33 1783 34 1784 33 1785 34 1786 33 1787 34 1788 32 1789 33 1790 34 1791 32 1792 33 1793 34 1794 36 0 35 1795 36 1796 35 1797 36 1798 35 1799 38 1800 35 1801 38 1802 35 1803 38 1804 38 1805 39 1806 38 1807 39 1808 39 0 36 1809 37 1810 36 1811 37 1812 37 0 37 1813 40 1814 40 0 39 1815 40 1816 39 1817 40 1818 26 1819 37 1820 40 1821 40 0 39 1822 40 1823 39 0 38 1824 39 1825 38 0 26 1826 35 1827 38 1828 26 1829 36 1830 37 1831 40 1832 26 1833 36 1834 37 1835 36 0 26 1836 35 1837 36 1838 26 1839 35 1840 36 1841 38 1842 35 1843 38 1844 35 1845 38 1846 38 1847 39 1848 36 1849 37 1850 36 1851 37 1852 37 0 37 1853 40 1854 40 0 40 0 39 1855 40 1856 39 0 38 1857 39 1858 38 0 26 1859 35 1860 38 1861 26 1862 35 1863 36 1864 38 1865 26 1866 35 1867 36 1868 36 0 26 1869 36 1870 37 1871 26 1872 36 1873 37 1874 40 1875 26 1876 37 1877 40 1878</v>
        </vertex_weights>
      </skin>
    </controller>
    <controller id="geom-Pianta_Eye-skin1">
      <skin source="#geom-Pianta_Eye">
        <bind_shape_matrix>1 0 0 0 0 1 0 0 0 0 1 0 0 0 0 1</bind_shape_matrix>
        <source id="geom-Pianta_Eye-skin1-joints">
          <Name_array id="geom-Pianta_Eye-skin1-joints-array" count="1">joint2</Name_array>
          <technique_common>
            <accessor source="#geom-Pianta_Eye-skin1-joints-array" count="1" stride="1">
              <param name="JOINT" type="name"/>
            </accessor>
          </technique_common>
        </source>
        <source id="geom-Pianta_Eye-skin1-bind_poses">
          <float_array id="geom-Pianta_Eye-skin1-bind_poses-array" count="16">1 0 0 0 0 1 9.48906e-5 -7.5878e-4 0 -9.48906e-5 1 -16.46 0 0 0 1</float_array>
          <technique_common>
            <accessor source="#geom-Pianta_Eye-skin1-bind_poses-array" count="1" stride="16">
              <param name="TRANSFORM" type="float4x4"/>
            </accessor>
          </technique_common>
        </source>
        <source id="geom-Pianta_Eye-skin1-weights">
          <float_array id="geom-Pianta_Eye-skin1-weights-array" count="1">1</float_array>
          <technique_common>
            <accessor source="#geom-Pianta_Eye-skin1-weights-array" count="1" stride="1">
              <param name="WEIGHT" type="float"/>
            </accessor>
          </technique_common>
        </source>
        <joints>
          <input semantic="JOINT" source="#geom-Pianta_Eye-skin1-joints"/>
          <input semantic="INV_BIND_MATRIX" source="#geom-Pianta_Eye-skin1-bind_poses"/>
        </joints>
        <vertex_weights count="62">
          <input semantic="JOINT" source="#geom-Pianta_Eye-skin1-joints" offset="0"/>
          <input semantic="WEIGHT" source="#geom-Pianta_Eye-skin1-weights" offset="1"/>
          <vcount>1 1 1 1 1 1 1 1 1 1 1 1 1 1 1 1 1 1 1 1 1 1 1 1 1 1 1 1 1 1 1 1 1 1 1 1 1 1 1 1 1 1 1 1 1 1 1 1 1 1 1 1 1 1 1 1 1 1 1 1 1 1</vcount>
          <v>0 0 0 0 0 0 0 0 0 0 0 0 0 0 0 0 0 0 0 0 0 0 0 0 0 0 0 0 0 0 0 0 0 0 0 0 0 0 0 0 0 0 0 0 0 0 0 0 0 0 0 0 0 0 0 0 0 0 0 0 0 0 0 0 0 0 0 0 0 0 0 0 0 0 0 0 0 0 0 0 0 0 0 0 0 0 0 0 0 0 0 0 0 0 0 0 0 0 0 0 0 0 0 0 0 0 0 0 0 0 0 0 0 0 0 0 0 0 0 0 0 0 0 0</v>
        </vertex_weights>
      </skin>
    </controller>
    <controller id="geom-Pianta_Eye_Close01-skin1">
      <skin source="#geom-Pianta_Eye_Close01">
        <bind_shape_matrix>1 0 0 0 0 1 0 0 0 0 1 0 0 0 0 1</bind_shape_matrix>
        <source id="geom-Pianta_Eye_Close01-skin1-joints">
          <Name_array id="geom-Pianta_Eye_Close01-skin1-joints-array" count="1">joint2</Name_array>
          <technique_common>
            <accessor source="#geom-Pianta_Eye_Close01-skin1-joints-array" count="1" stride="1">
              <param name="JOINT" type="name"/>
            </accessor>
          </technique_common>
        </source>
        <source id="geom-Pianta_Eye_Close01-skin1-bind_poses">
          <float_array id="geom-Pianta_Eye_Close01-skin1-bind_poses-array" count="16">1 0 0 0 0 1 9.48906e-5 -7.5878e-4 0 -9.48906e-5 1 -16.46 0 0 0 1</float_array>
          <technique_common>
            <accessor source="#geom-Pianta_Eye_Close01-skin1-bind_poses-array" count="1" stride="16">
              <param name="TRANSFORM" type="float4x4"/>
            </accessor>
          </technique_common>
        </source>
        <source id="geom-Pianta_Eye_Close01-skin1-weights">
          <float_array id="geom-Pianta_Eye_Close01-skin1-weights-array" count="1">1</float_array>
          <technique_common>
            <accessor source="#geom-Pianta_Eye_Close01-skin1-weights-array" count="1" stride="1">
              <param name="WEIGHT" type="float"/>
            </accessor>
          </technique_common>
        </source>
        <joints>
          <input semantic="JOINT" source="#geom-Pianta_Eye_Close01-skin1-joints"/>
          <input semantic="INV_BIND_MATRIX" source="#geom-Pianta_Eye_Close01-skin1-bind_poses"/>
        </joints>
        <vertex_weights count="62">
          <input semantic="JOINT" source="#geom-Pianta_Eye_Close01-skin1-joints" offset="0"/>
          <input semantic="WEIGHT" source="#geom-Pianta_Eye_Close01-skin1-weights" offset="1"/>
          <vcount>1 1 1 1 1 1 1 1 1 1 1 1 1 1 1 1 1 1 1 1 1 1 1 1 1 1 1 1 1 1 1 1 1 1 1 1 1 1 1 1 1 1 1 1 1 1 1 1 1 1 1 1 1 1 1 1 1 1 1 1 1 1</vcount>
          <v>0 0 0 0 0 0 0 0 0 0 0 0 0 0 0 0 0 0 0 0 0 0 0 0 0 0 0 0 0 0 0 0 0 0 0 0 0 0 0 0 0 0 0 0 0 0 0 0 0 0 0 0 0 0 0 0 0 0 0 0 0 0 0 0 0 0 0 0 0 0 0 0 0 0 0 0 0 0 0 0 0 0 0 0 0 0 0 0 0 0 0 0 0 0 0 0 0 0 0 0 0 0 0 0 0 0 0 0 0 0 0 0 0 0 0 0 0 0 0 0 0 0 0 0</v>
        </vertex_weights>
      </skin>
    </controller>
    <controller id="geom-Pianta_Eye_Close02-skin1">
      <skin source="#geom-Pianta_Eye_Close02">
        <bind_shape_matrix>1 0 0 0 0 1 0 0 0 0 1 0 0 0 0 1</bind_shape_matrix>
        <source id="geom-Pianta_Eye_Close02-skin1-joints">
          <Name_array id="geom-Pianta_Eye_Close02-skin1-joints-array" count="1">joint2</Name_array>
          <technique_common>
            <accessor source="#geom-Pianta_Eye_Close02-skin1-joints-array" count="1" stride="1">
              <param name="JOINT" type="name"/>
            </accessor>
          </technique_common>
        </source>
        <source id="geom-Pianta_Eye_Close02-skin1-bind_poses">
          <float_array id="geom-Pianta_Eye_Close02-skin1-bind_poses-array" count="16">1 0 0 0 0 1 9.48906e-5 -7.5878e-4 0 -9.48906e-5 1 -16.46 0 0 0 1</float_array>
          <technique_common>
            <accessor source="#geom-Pianta_Eye_Close02-skin1-bind_poses-array" count="1" stride="16">
              <param name="TRANSFORM" type="float4x4"/>
            </accessor>
          </technique_common>
        </source>
        <source id="geom-Pianta_Eye_Close02-skin1-weights">
          <float_array id="geom-Pianta_Eye_Close02-skin1-weights-array" count="1">1</float_array>
          <technique_common>
            <accessor source="#geom-Pianta_Eye_Close02-skin1-weights-array" count="1" stride="1">
              <param name="WEIGHT" type="float"/>
            </accessor>
          </technique_common>
        </source>
        <joints>
          <input semantic="JOINT" source="#geom-Pianta_Eye_Close02-skin1-joints"/>
          <input semantic="INV_BIND_MATRIX" source="#geom-Pianta_Eye_Close02-skin1-bind_poses"/>
        </joints>
        <vertex_weights count="74">
          <input semantic="JOINT" source="#geom-Pianta_Eye_Close02-skin1-joints" offset="0"/>
          <input semantic="WEIGHT" source="#geom-Pianta_Eye_Close02-skin1-weights" offset="1"/>
          <vcount>1 1 1 1 1 1 1 1 1 1 1 1 1 1 1 1 1 1 1 1 1 1 1 1 1 1 1 1 1 1 1 1 1 1 1 1 1 1 1 1 1 1 1 1 1 1 1 1 1 1 1 1 1 1 1 1 1 1 1 1 1 1 1 1 1 1 1 1 1 1 1 1 1 1</vcount>
          <v>0 0 0 0 0 0 0 0 0 0 0 0 0 0 0 0 0 0 0 0 0 0 0 0 0 0 0 0 0 0 0 0 0 0 0 0 0 0 0 0 0 0 0 0 0 0 0 0 0 0 0 0 0 0 0 0 0 0 0 0 0 0 0 0 0 0 0 0 0 0 0 0 0 0 0 0 0 0 0 0 0 0 0 0 0 0 0 0 0 0 0 0 0 0 0 0 0 0 0 0 0 0 0 0 0 0 0 0 0 0 0 0 0 0 0 0 0 0 0 0 0 0 0 0 0 0 0 0 0 0 0 0 0 0 0 0 0 0 0 0 0 0 0 0 0 0 0 0</v>
        </vertex_weights>
      </skin>
    </controller>
  </library_controllers>
  <library_lights>
    <light id="EnvironmentAmbientLight" name="EnvironmentAmbientLight">
      <technique_common>
        <ambient>
          <color>0 0 0</color>
        </ambient>
      </technique_common>
    </light>
  </library_lights>
  <library_images>
    <image id="mnt_body_m_png">
      <init_from>./images/mnt_body_m.png</init_from>
    </image>
  </library_images>
  <library_visual_scenes>
    <visual_scene id="MaxScene">
      <node name="EnvironmentAmbientLight">
        <instance_light url="#EnvironmentAmbientLight"/>
      </node>
      <node id="node-bone_root" name="bone_root">
        <rotate>-1 0 0 -89.99998</rotate>
        <node id="node-pos_center" name="pos_center"/>
        <node id="node-rot_center" name="rot_center">
          <translate>0 7.97 0</translate>
          <node id="node-Hips" name="Hips">
            <rotate>1 0 0 -89.99455</rotate>
            <node id="node-Spine" name="Spine" sid="joint0" type="JOINT">
              <node id="node-Spine1" name="Spine1" sid="joint1" type="JOINT">
                <translate>0 -5.82077e-11 4.210001</translate>
                <node id="node-Head" name="Head" sid="joint2" type="JOINT">
                  <translate>0 -5.82077e-11 4.280003</translate>
                  <node id="node-nose" name="nose" sid="joint3" type="JOINT">
                    <translate>0 -3.36 1</translate>
                    <rotate>-1 0 0 -94.99881</rotate>
                  </node>
                  <node id="node-Hair0" name="Hair0" sid="joint4" type="JOINT">
                    <translate>0 1.16415e-10 3.700001</translate>
                    <node id="node-Hair1" name="Hair1" sid="joint5" type="JOINT">
                      <translate>0 0 4.399998</translate>
                    </node>
                  </node>
                </node>
                <node id="node-LeftShoulder" name="LeftShoulder" sid="joint6" type="JOINT">
                  <translate>1.4 -5.82077e-11 3.600002</translate>
                  <rotate>0 -1 0 -89.98021</rotate>
                  <node id="node-LeftArm" name="LeftArm" sid="joint7" type="JOINT">
                    <translate>1.90735e-6 -9.99949e-7 2.839999</translate>
                    <node id="node-LeftForeArm" name="LeftForeArm" sid="joint8" type="JOINT">
                      <translate>0 -1.00001e-6 3.3</translate>
                      <node id="node-LeftHand" name="LeftHand" sid="joint9" type="JOINT">
                        <translate>-1.90735e-6 -1.00024e-6 4.130001</translate>
                        <rotate>-3.08781e-16 3.0881e-16 -1 -89.99453</rotate>
                        <node id="node-LeftHandItem" name="LeftHandItem">
                          <translate>0 -0.9000034 3.399998</translate>
                        </node>
                        <node id="node-LeftHandThumb1" name="LeftHandThumb1" sid="joint10" type="JOINT">
                          <translate>-1 -0.6999969 0.6000004</translate>
                          <rotate>0.008751958 0.5806579 -0.8141006 -89.99991</rotate>
                          <node id="node-LeftHandThumb2" name="LeftHandThumb2" sid="joint11" type="JOINT">
                            <translate>0 -4.76837e-7 2.080001</translate>
                            <node id="node-LeftHandThumb3" name="LeftHandThumb3" sid="joint12" type="JOINT">
                              <translate>0 9.53674e-7 1.079998</translate>
                            </node>
                          </node>
                        </node>
                        <node id="node-LeftHandMiddle1" name="LeftHandMiddle1" sid="joint13" type="JOINT">
                          <translate>0 0.5499973 3.2</translate>
                          <node id="node-LeftHandMiddle2" name="LeftHandMiddle2" sid="joint14" type="JOINT">
                            <translate>-1.16415e-10 0 1.080004</translate>
                            <node id="node-LeftHandMiddle3" name="LeftHandMiddle3" sid="joint15" type="JOINT">
                              <translate>0 0 1.079993</translate>
                            </node>
                          </node>
                        </node>
                      </node>
                    </node>
                  </node>
                </node>
                <node id="node-RightShoulder" name="RightShoulder" sid="joint16" type="JOINT">
                  <translate>-1.4 -5.82077e-11 3.600002</translate>
                  <rotate>0 1 0 -89.98023</rotate>
                  <node id="node-RightArm" name="RightArm" sid="joint17" type="JOINT">
                    <translate>-2.86102e-6 -9.99949e-7 2.839999</translate>
                    <node id="node-RightForeArm" name="RightForeArm" sid="joint18" type="JOINT">
                      <translate>1.90735e-6 -9.99891e-7 3.300001</translate>
                      <node id="node-RightHand" name="RightHand" sid="joint19" type="JOINT">
                        <translate>0 -1.00012e-6 4.13</translate>
                        <rotate>0 0 1 -89.99452</rotate>
                        <node id="node-RightHandItem" name="RightHandItem">
                          <translate>-2.32831e-10 -0.9000015 3.400001</translate>
                        </node>
                        <node id="node-RightHandThumb1" name="RightHandThumb1" sid="joint20" type="JOINT">
                          <translate>1 -0.6999989 0.6000013</translate>
                          <rotate>0.008752078 -0.5806579 0.8141006 -89.99991</rotate>
                          <node id="node-RightHandThumb2" name="RightHandThumb2" sid="joint21" type="JOINT">
                            <translate>3.8147e-6 -2.38419e-6 2.079999</translate>
                            <node id="node-RightHandThumb3" name="RightHandThumb3" sid="joint22" type="JOINT">
                              <translate>-1.90735e-6 -1.43051e-6 1.08</translate>
                            </node>
                          </node>
                        </node>
                        <node id="node-RightHandMiddle1" name="RightHandMiddle1" sid="joint23" type="JOINT">
                          <translate>0 0.5500002 3.200002</translate>
                          <node id="node-RightHandMiddle2" name="RightHandMiddle2" sid="joint24" type="JOINT">
                            <translate>0 -5.72205e-6 1.079999</translate>
                            <node id="node-RightHandMiddle3" name="RightHandMiddle3" sid="joint25" type="JOINT">
                              <translate>1.16415e-10 0 1.079994</translate>
                            </node>
                          </node>
                        </node>
                      </node>
                    </node>
                  </node>
                </node>
              </node>
            </node>
            <node id="node-Pelvis" name="Pelvis" sid="joint26" type="JOINT">
              <rotate>1 0 0 -180.0055</rotate>
              <node id="node-LeftUpLeg" name="LeftUpLeg" sid="joint27" type="JOINT">
                <translate>3.37 0 1.07</translate>
                <node id="node-LeftLeg" name="LeftLeg" sid="joint28" type="JOINT">
                  <translate>0 0 1.98</translate>
                  <node id="node-LeftFoot" name="LeftFoot" sid="joint29" type="JOINT">
                    <translate>0 0 1.849999</translate>
                    <node id="node-LeftToeBase" name="LeftToeBase" sid="joint30" type="JOINT">
                      <translate>0 2.9 2.4</translate>
                      <rotate>1 0 0 -89.99455</rotate>
                    </node>
                  </node>
                </node>
              </node>
              <node id="node-RightUpLeg" name="RightUpLeg" sid="joint31" type="JOINT">
                <translate>-3.37 0 1.07</translate>
                <node id="node-RightLeg" name="RightLeg" sid="joint32" type="JOINT">
                  <translate>0 0 1.98</translate>
                  <node id="node-RightFoot" name="RightFoot" sid="joint33" type="JOINT">
                    <translate>0 0 1.849999</translate>
                    <node id="node-RightToeBase" name="RightToeBase" sid="joint34" type="JOINT">
                      <translate>0 2.9 2.4</translate>
                      <rotate>1 0 0 -89.99455</rotate>
                    </node>
                  </node>
                </node>
              </node>
              <node id="node-LeftSkirtA" name="LeftSkirtA" sid="joint35" type="JOINT">
                <translate>2.980001 5.160001 -2.450003</translate>
                <rotate>0.04647338 0.1734189 0.9837511 -209.5376</rotate>
              </node>
              <node id="node-LeftSkirtB" name="LeftSkirtB" sid="joint36" type="JOINT">
                <translate>5.96 1.81899e-12 -2.449999</translate>
                <rotate>-0.170929 -0.1709953 -0.9703318 -91.72138</rotate>
              </node>
              <node id="node-LeftSkirtC" name="LeftSkirtC" sid="joint37" type="JOINT">
                <translate>2.98 -5.159997 -2.449998</translate>
                <rotate>-0.5437778 -0.1456956 -0.8264857 -35.92357</rotate>
              </node>
              <node id="node-RightSkirtA" name="RightSkirtA" sid="joint38" type="JOINT">
                <translate>-2.980001 5.160001 -2.450003</translate>
                <rotate>-0.04647339 0.1734189 0.9837511 -150.4624</rotate>
              </node>
              <node id="node-RightSkirtB" name="RightSkirtB" sid="joint39" type="JOINT">
                <translate>-5.96 1.81899e-12 -2.449999</translate>
                <rotate>-0.1709289 0.1709953 0.9703318 -91.72137</rotate>
              </node>
              <node id="node-RightSkirtC" name="RightSkirtC" sid="joint40" type="JOINT">
                <translate>-2.98 -5.159997 -2.449998</translate>
                <rotate>-0.5437776 0.1456956 0.8264857 -35.92357</rotate>
              </node>
            </node>
          </node>
        </node>
      </node>
      <node id="node-Pianta" name="Pianta">
        <instance_controller url="#geom-Pianta-skin1">
          <skeleton>#node-Spine</skeleton>
          <skeleton>#node-Pelvis</skeleton>
          <bind_material>
            <technique_common>
              <instance_material symbol="Pianta" target="#Pianta-material">
                <bind_vertex_input semantic="CHANNEL1" input_semantic="TEXCOORD" input_set="0"/>
                <bind_vertex_input semantic="CHANNEL1" input_semantic="TEXCOORD" input_set="0"/>
              </instance_material>
            </technique_common>
          </bind_material>
        </instance_controller>
      </node>
      <node id="node-Pianta_Eye" name="Pianta_Eye">
        <instance_controller url="#geom-Pianta_Eye-skin1">
          <skeleton>#node-Head</skeleton>
          <bind_material>
            <technique_common>
              <instance_material symbol="Pianta" target="#Pianta-material">
                <bind_vertex_input semantic="CHANNEL1" input_semantic="TEXCOORD" input_set="0"/>
                <bind_vertex_input semantic="CHANNEL1" input_semantic="TEXCOORD" input_set="0"/>
              </instance_material>
            </technique_common>
          </bind_material>
        </instance_controller>
      </node>
      <node id="node-Pianta_Eye_Close01" name="Pianta_Eye_Close01">
        <instance_controller url="#geom-Pianta_Eye_Close01-skin1">
          <skeleton>#node-Head</skeleton>
          <bind_material>
            <technique_common>
              <instance_material symbol="Pianta" target="#Pianta-material">
                <bind_vertex_input semantic="CHANNEL1" input_semantic="TEXCOORD" input_set="0"/>
                <bind_vertex_input semantic="CHANNEL1" input_semantic="TEXCOORD" input_set="0"/>
              </instance_material>
            </technique_common>
          </bind_material>
        </instance_controller>
      </node>
      <node id="node-Pianta_Eye_Close02" name="Pianta_Eye_Close02">
        <instance_controller url="#geom-Pianta_Eye_Close02-skin1">
          <skeleton>#node-Head</skeleton>
          <bind_material>
            <technique_common>
              <instance_material symbol="Pianta" target="#Pianta-material">
                <bind_vertex_input semantic="CHANNEL1" input_semantic="TEXCOORD" input_set="0"/>
                <bind_vertex_input semantic="CHANNEL1" input_semantic="TEXCOORD" input_set="0"/>
              </instance_material>
            </technique_common>
          </bind_material>
        </instance_controller>
      </node>
    </visual_scene>
  </library_visual_scenes>
  <scene>
    <instance_visual_scene url="#MaxScene"/>
  </scene>
</COLLADA>